match_id,player,team,runs,balls_faced,balls_bowled,runs_conceded,wickets
1136561,RG Sharma,Mumbai Indians,15.0,19.0,,,
1136561,DL Chahar,Chennai Super Kings,0.0,1.0,18.0,14.0,1.0
1136561,E Lewis,Mumbai Indians,0.0,2.0,,,
1136561,SR Watson,Chennai Super Kings,16.0,14.0,25.0,28.0,2.0
1136561,Ishan Kishan,Mumbai Indians,40.0,29.0,,,
1136561,SA Yadav,Mumbai Indians,43.0,29.0,,,
1136561,Harbhajan Singh,Chennai Super Kings,8.0,6.0,12.0,14.0,
1136561,RA Jadeja,Chennai Super Kings,12.0,13.0,6.0,9.0,
1136561,MA Wood,Chennai Super Kings,1.0,5.0,25.0,48.0,
1136561,Imran Tahir,Chennai Super Kings,2.0,2.0,12.0,23.0,1.0
1136561,DJ Bravo,Chennai Super Kings,68.0,30.0,24.0,25.0,
1136561,HH Pandya,Mumbai Indians,22.0,20.0,27.0,21.0,3.0
1136561,KH Pandya,Mumbai Indians,41.0,23.0,,,
1136561,MJ McClenaghan,Mumbai Indians,,,25.0,43.0,1.0
1136561,AT Rayudu,Chennai Super Kings,22.0,19.0,,,
1136561,Mustafizur Rahman,Mumbai Indians,,,23.0,39.0,1.0
1136561,JJ Bumrah,Mumbai Indians,,,25.0,36.0,1.0
1136561,SK Raina,Chennai Super Kings,4.0,6.0,,,
1136561,M Markande,Mumbai Indians,,,24.0,23.0,3.0
1136561,MS Dhoni,Chennai Super Kings,5.0,5.0,,,
1136561,KM Jadhav,Chennai Super Kings,24.0,23.0,,,
1136562,C Munro,Delhi Capitals,4.0,6.0,,,
1136562,R Ashwin,Punjab Kings,,,25.0,22.0,1.0
1136562,G Gambhir,Delhi Capitals,55.0,42.0,,,
1136562,MM Sharma,Punjab Kings,,,24.0,33.0,2.0
1136562,Mujeeb Ur Rahman,Punjab Kings,,,25.0,27.0,2.0
1136562,SS Iyer,Delhi Capitals,11.0,13.0,,,
1136562,AR Patel,Punjab Kings,,,18.0,35.0,1.0
1136562,AJ Tye,Punjab Kings,,,26.0,36.0,
1136562,V Shankar,Delhi Capitals,13.0,14.0,,,
1136562,MP Stoinis,Punjab Kings,22.0,15.0,6.0,7.0,
1136562,RR Pant,Delhi Capitals,28.0,13.0,,,
1136562,R Tewatia,Delhi Capitals,9.0,7.0,24.0,24.0,1.0
1136562,CH Morris,Delhi Capitals,27.0,16.0,18.0,25.0,1.0
1136562,DT Christian,Delhi Capitals,13.0,13.0,12.0,12.0,1.0
1136562,KL Rahul,Punjab Kings,51.0,16.0,,,
1136562,TA Boult,Delhi Capitals,,,24.0,33.0,1.0
1136562,MA Agarwal,Punjab Kings,7.0,5.0,,,
1136562,Mohammed Shami,Delhi Capitals,,,12.0,26.0,
1136562,A Mishra,Delhi Capitals,,,24.0,46.0,
1136562,Yuvraj Singh,Punjab Kings,12.0,22.0,,,
1136562,KK Nair,Punjab Kings,50.0,33.0,,,
1136562,DA Miller,Punjab Kings,24.0,23.0,,,
1136563,BB McCullum,Royal Challengers Bengaluru,43.0,28.0,,,
1136563,R Vinay Kumar,Kolkata Knight Riders,6.0,4.0,12.0,30.0,2.0
1136563,Q de Kock,Royal Challengers Bengaluru,4.0,4.0,,,
1136563,PP Chawla,Kolkata Knight Riders,,,24.0,31.0,1.0
1136563,V Kohli,Royal Challengers Bengaluru,31.0,33.0,,,
1136563,Kuldeep Yadav,Kolkata Knight Riders,,,19.0,28.0,
1136563,SP Narine,Kolkata Knight Riders,50.0,20.0,24.0,30.0,1.0
1136563,MG Johnson,Kolkata Knight Riders,,,24.0,30.0,1.0
1136563,AB de Villiers,Royal Challengers Bengaluru,44.0,23.0,,,
1136563,AD Russell,Kolkata Knight Riders,15.0,13.0,12.0,10.0,
1136563,N Rana,Kolkata Knight Riders,34.0,27.0,6.0,11.0,2.0
1136563,Mandeep Singh,Royal Challengers Bengaluru,37.0,18.0,,,
1136563,SN Khan,Royal Challengers Bengaluru,6.0,10.0,,,
1136563,CR Woakes,Royal Challengers Bengaluru,5.0,5.0,26.0,34.0,3.0
1136563,YS Chahal,Royal Challengers Bengaluru,,,19.0,28.0,
1136563,CA Lynn,Kolkata Knight Riders,5.0,8.0,,,
1136563,RV Uthappa,Kolkata Knight Riders,13.0,12.0,,,
1136563,Washington Sundar,Royal Challengers Bengaluru,,,25.0,47.0,1.0
1136563,UT Yadav,Royal Challengers Bengaluru,,,26.0,25.0,2.0
1136563,K Khejroliya,Royal Challengers Bengaluru,,,27.0,30.0,
1136563,KD Karthik,Kolkata Knight Riders,35.0,32.0,,,
1136563,RK Singh,Kolkata Knight Riders,6.0,7.0,,,
1136564,AM Rahane,Rajasthan Royals,13.0,14.0,,,
1136564,B Kumar,Sunrisers Hyderabad,,,27.0,27.0,1.0
1136564,DJM Short,Rajasthan Royals,4.0,5.0,12.0,9.0,
1136564,SV Samson,Rajasthan Royals,49.0,43.0,,,
1136564,B Stanlake,Sunrisers Hyderabad,,,25.0,28.0,1.0
1136564,Shakib Al Hasan,Sunrisers Hyderabad,,,24.0,23.0,2.0
1136564,S Kaul,Sunrisers Hyderabad,,,25.0,16.0,2.0
1136564,BA Stokes,Rajasthan Royals,5.0,8.0,13.0,20.0,
1136564,Rashid Khan,Sunrisers Hyderabad,,,24.0,23.0,1.0
1136564,RA Tripathi,Rajasthan Royals,17.0,15.0,,,
1136564,JC Buttler,Rajasthan Royals,6.0,9.0,,,
1136564,K Gowtham,Rajasthan Royals,0.0,2.0,6.0,9.0,
1136564,S Gopal,Rajasthan Royals,18.0,20.0,18.0,18.0,
1136564,DS Kulkarni,Rajasthan Royals,3.0,4.0,18.0,17.0,
1136564,JD Unadkat,Rajasthan Royals,1.0,2.0,19.0,27.0,1.0
1136564,B Laughlin,Rajasthan Royals,1.0,3.0,14.0,19.0,
1136564,WP Saha,Sunrisers Hyderabad,5.0,6.0,,,
1136564,S Dhawan,Sunrisers Hyderabad,78.0,59.0,,,
1136564,KS Williamson,Sunrisers Hyderabad,36.0,35.0,,,
1136565,CA Lynn,Kolkata Knight Riders,22.0,16.0,,,
1136565,DL Chahar,Chennai Super Kings,,,7.0,17.0,
1136565,SP Narine,Kolkata Knight Riders,12.0,5.0,24.0,17.0,1.0
1136565,Harbhajan Singh,Chennai Super Kings,,,12.0,11.0,1.0
1136565,RV Uthappa,Kolkata Knight Riders,29.0,17.0,,,
1136565,SR Watson,Chennai Super Kings,42.0,19.0,26.0,37.0,2.0
1136565,RA Jadeja,Chennai Super Kings,11.0,8.0,12.0,19.0,1.0
1136565,Imran Tahir,Chennai Super Kings,,,24.0,26.0,
1136565,N Rana,Kolkata Knight Riders,16.0,14.0,,,
1136565,SN Thakur,Chennai Super Kings,,,24.0,37.0,1.0
1136565,KD Karthik,Kolkata Knight Riders,26.0,26.0,,,
1136565,RK Singh,Kolkata Knight Riders,2.0,4.0,,,
1136565,AD Russell,Kolkata Knight Riders,88.0,36.0,24.0,35.0,
1136565,DJ Bravo,Chennai Super Kings,11.0,5.0,18.0,50.0,
1136565,TK Curran,Kolkata Knight Riders,2.0,5.0,18.0,39.0,2.0
1136565,R Vinay Kumar,Kolkata Knight Riders,,,13.0,33.0,
1136565,AT Rayudu,Chennai Super Kings,39.0,26.0,,,
1136565,PP Chawla,Kolkata Knight Riders,,,25.0,48.0,1.0
1136565,SK Raina,Chennai Super Kings,14.0,12.0,,,
1136565,Kuldeep Yadav,Kolkata Knight Riders,,,19.0,26.0,1.0
1136565,MS Dhoni,Chennai Super Kings,25.0,30.0,,,
1136565,SW Billings,Chennai Super Kings,56.0,23.0,,,
1136566,AM Rahane,Rajasthan Royals,45.0,40.0,,,
1136566,TA Boult,Delhi Capitals,,,18.0,26.0,1.0
1136566,DJM Short,Rajasthan Royals,6.0,3.0,,,
1136566,S Nadeem,Delhi Capitals,,,24.0,34.0,2.0
1136566,BA Stokes,Rajasthan Royals,16.0,12.0,,,
1136566,CH Morris,Delhi Capitals,17.0,7.0,18.0,34.0,
1136566,SV Samson,Rajasthan Royals,37.0,22.0,,,
1136566,Mohammed Shami,Delhi Capitals,,,24.0,28.0,1.0
1136566,R Tewatia,Delhi Capitals,,,25.0,28.0,
1136566,JC Buttler,Rajasthan Royals,29.0,19.0,,,
1136566,RA Tripathi,Rajasthan Royals,15.0,11.0,,,
1136566,K Gowtham,Rajasthan Royals,2.0,2.0,6.0,10.0,
1136566,GJ Maxwell,Delhi Capitals,17.0,12.0,,,
1136566,RR Pant,Delhi Capitals,20.0,15.0,,,
1136566,DS Kulkarni,Rajasthan Royals,,,7.0,3.0,
1136566,JD Unadkat,Rajasthan Royals,,,12.0,24.0,1.0
1136566,B Laughlin,Rajasthan Royals,,,12.0,20.0,2.0
1136566,V Shankar,Delhi Capitals,3.0,3.0,,,
1136567,RG Sharma,Mumbai Indians,11.0,10.0,,,
1136567,Sandeep Sharma,Sunrisers Hyderabad,0.0,2.0,24.0,25.0,2.0
1136567,E Lewis,Mumbai Indians,29.0,18.0,,,
1136567,B Stanlake,Sunrisers Hyderabad,5.0,2.0,25.0,41.0,2.0
1136567,Ishan Kishan,Mumbai Indians,9.0,9.0,,,
1136567,Rashid Khan,Sunrisers Hyderabad,0.0,1.0,25.0,12.0,1.0
1136567,S Kaul,Sunrisers Hyderabad,0.0,4.0,25.0,28.0,2.0
1136567,SA Yadav,Mumbai Indians,28.0,31.0,,,
1136567,Shakib Al Hasan,Sunrisers Hyderabad,12.0,12.0,25.0,33.0,1.0
1136567,KH Pandya,Mumbai Indians,15.0,11.0,12.0,10.0,
1136567,KA Pollard,Mumbai Indians,28.0,23.0,,,
1136567,BCJ Cutting,Mumbai Indians,9.0,9.0,25.0,39.0,
1136567,PJ Sangwan,Mumbai Indians,0.0,5.0,12.0,19.0,
1136567,JJ Bumrah,Mumbai Indians,4.0,5.0,24.0,32.0,2.0
1136567,M Markande,Mumbai Indians,6.0,3.0,24.0,23.0,4.0
1136567,WP Saha,Sunrisers Hyderabad,22.0,20.0,,,
1136567,S Dhawan,Sunrisers Hyderabad,45.0,28.0,,,
1136567,KS Williamson,Sunrisers Hyderabad,6.0,4.0,,,
1136567,Mustafizur Rahman,Mumbai Indians,,,24.0,24.0,3.0
1136567,MK Pandey,Sunrisers Hyderabad,11.0,8.0,,,
1136567,DJ Hooda,Sunrisers Hyderabad,32.0,26.0,,,
1136567,YK Pathan,Sunrisers Hyderabad,14.0,14.0,,,
1136568,KL Rahul,Punjab Kings,47.0,30.0,,,
1136568,CR Woakes,Royal Challengers Bengaluru,1.0,2.0,23.0,33.0,2.0
1136568,MA Agarwal,Punjab Kings,15.0,11.0,,,
1136568,UT Yadav,Royal Challengers Bengaluru,,,24.0,23.0,3.0
1136568,K Khejroliya,Royal Challengers Bengaluru,,,24.0,33.0,2.0
1136568,AJ Finch,Punjab Kings,0.0,1.0,,,
1136568,Yuvraj Singh,Punjab Kings,4.0,4.0,,,
1136568,KK Nair,Punjab Kings,29.0,27.0,,,
1136568,YS Chahal,Royal Challengers Bengaluru,,,24.0,38.0,1.0
1136568,Washington Sundar,Royal Challengers Bengaluru,9.0,4.0,24.0,22.0,2.0
1136568,MP Stoinis,Punjab Kings,11.0,9.0,,,
1136568,AR Patel,Punjab Kings,2.0,3.0,24.0,25.0,1.0
1136568,R Ashwin,Punjab Kings,33.0,21.0,24.0,30.0,2.0
1136568,AJ Tye,Punjab Kings,7.0,8.0,25.0,26.0,1.0
1136568,MM Sharma,Punjab Kings,1.0,3.0,21.0,45.0,
1136568,Mujeeb Ur Rahman,Punjab Kings,0.0,2.0,24.0,29.0,1.0
1136568,Q de Kock,Royal Challengers Bengaluru,45.0,34.0,,,
1136568,BB McCullum,Royal Challengers Bengaluru,0.0,1.0,,,
1136568,V Kohli,Royal Challengers Bengaluru,21.0,16.0,,,
1136568,AB de Villiers,Royal Challengers Bengaluru,57.0,40.0,,,
1136568,SN Khan,Royal Challengers Bengaluru,0.0,1.0,,,
1136568,Mandeep Singh,Royal Challengers Bengaluru,22.0,20.0,,,
1136569,SA Yadav,Mumbai Indians,53.0,32.0,,,
1136569,TA Boult,Delhi Capitals,,,25.0,38.0,2.0
1136569,E Lewis,Mumbai Indians,48.0,31.0,,,
1136569,S Nadeem,Delhi Capitals,,,14.0,20.0,
1136569,Mohammed Shami,Delhi Capitals,,,24.0,36.0,1.0
1136569,DT Christian,Delhi Capitals,,,18.0,35.0,2.0
1136569,R Tewatia,Delhi Capitals,,,25.0,35.0,2.0
1136569,GJ Maxwell,Delhi Capitals,13.0,6.0,19.0,20.0,
1136569,Ishan Kishan,Mumbai Indians,44.0,23.0,,,
1136569,RG Sharma,Mumbai Indians,18.0,16.0,,,
1136569,KA Pollard,Mumbai Indians,0.0,1.0,,,
1136569,KH Pandya,Mumbai Indians,11.0,11.0,18.0,21.0,2.0
1136569,HH Pandya,Mumbai Indians,2.0,3.0,12.0,32.0,
1136569,A Dananjaya,Mumbai Indians,4.0,5.0,25.0,46.0,
1136569,M Markande,Mumbai Indians,4.0,3.0,18.0,42.0,
1136569,JJ Roy,Delhi Capitals,91.0,54.0,,,
1136569,G Gambhir,Delhi Capitals,15.0,16.0,,,
1136569,JJ Bumrah,Mumbai Indians,,,24.0,27.0,
1136569,Mustafizur Rahman,Mumbai Indians,,,24.0,25.0,1.0
1136569,RR Pant,Delhi Capitals,47.0,25.0,,,
1136569,SS Iyer,Delhi Capitals,27.0,20.0,,,
1136570,RV Uthappa,Kolkata Knight Riders,3.0,8.0,,,
1136570,B Kumar,Sunrisers Hyderabad,,,26.0,24.0,3.0
1136570,CA Lynn,Kolkata Knight Riders,49.0,34.0,,,
1136570,B Stanlake,Sunrisers Hyderabad,,,24.0,21.0,2.0
1136570,N Rana,Kolkata Knight Riders,18.0,16.0,,,
1136570,S Kaul,Sunrisers Hyderabad,,,24.0,37.0,1.0
1136570,Rashid Khan,Sunrisers Hyderabad,,,24.0,31.0,
1136570,Shakib Al Hasan,Sunrisers Hyderabad,27.0,21.0,25.0,18.0,2.0
1136570,SP Narine,Kolkata Knight Riders,9.0,11.0,25.0,16.0,2.0
1136570,KD Karthik,Kolkata Knight Riders,29.0,27.0,,,
1136570,AD Russell,Kolkata Knight Riders,9.0,5.0,18.0,39.0,
1136570,Shubman Gill,Kolkata Knight Riders,3.0,9.0,,,
1136570,Shivam Mavi,Kolkata Knight Riders,7.0,8.0,6.0,10.0,
1136570,MG Johnson,Kolkata Knight Riders,4.0,5.0,22.0,26.0,1.0
1136570,WP Saha,Sunrisers Hyderabad,24.0,18.0,,,
1136570,S Dhawan,Sunrisers Hyderabad,7.0,8.0,,,
1136570,KS Williamson,Sunrisers Hyderabad,50.0,44.0,,,
1136570,PP Chawla,Kolkata Knight Riders,,,24.0,20.0,1.0
1136570,MK Pandey,Sunrisers Hyderabad,4.0,11.0,,,
1136570,Kuldeep Yadav,Kolkata Knight Riders,,,24.0,23.0,1.0
1136570,DJ Hooda,Sunrisers Hyderabad,5.0,9.0,,,
1136570,YK Pathan,Sunrisers Hyderabad,17.0,8.0,,,
1136571,AM Rahane,Rajasthan Royals,36.0,22.0,,,
1136571,Washington Sundar,Royal Challengers Bengaluru,35.0,21.0,24.0,30.0,
1136571,DJM Short,Rajasthan Royals,11.0,18.0,6.0,10.0,1.0
1136571,CR Woakes,Royal Challengers Bengaluru,0.0,1.0,26.0,45.0,2.0
1136571,UT Yadav,Royal Challengers Bengaluru,,,28.0,55.0,
1136571,YS Chahal,Royal Challengers Bengaluru,,,25.0,21.0,2.0
1136571,SV Samson,Rajasthan Royals,92.0,46.0,,,
1136571,BA Stokes,Rajasthan Royals,27.0,22.0,20.0,30.0,1.0
1136571,K Khejroliya,Royal Challengers Bengaluru,,,19.0,39.0,
1136571,JC Buttler,Rajasthan Royals,23.0,15.0,,,
1136571,P Negi,Royal Challengers Bengaluru,3.0,4.0,6.0,13.0,
1136571,RA Tripathi,Rajasthan Royals,14.0,5.0,,,
1136571,BB McCullum,Royal Challengers Bengaluru,4.0,4.0,,,
1136571,K Gowtham,Rajasthan Royals,,,24.0,36.0,1.0
1136571,V Kohli,Royal Challengers Bengaluru,57.0,31.0,,,
1136571,DS Kulkarni,Rajasthan Royals,,,6.0,14.0,
1136571,Q de Kock,Royal Challengers Bengaluru,26.0,19.0,,,
1136571,JD Unadkat,Rajasthan Royals,,,18.0,35.0,
1136571,S Gopal,Rajasthan Royals,,,24.0,22.0,2.0
1136571,AB de Villiers,Royal Challengers Bengaluru,20.0,18.0,,,
1136571,B Laughlin,Rajasthan Royals,,,25.0,45.0,1.0
1136571,Mandeep Singh,Royal Challengers Bengaluru,47.0,25.0,,,
1136572,KL Rahul,Punjab Kings,37.0,22.0,,,
1136572,DL Chahar,Chennai Super Kings,,,19.0,36.0,
1136572,CH Gayle,Punjab Kings,63.0,34.0,,,
1136572,Harbhajan Singh,Chennai Super Kings,,,24.0,41.0,1.0
1136572,SN Thakur,Chennai Super Kings,,,18.0,33.0,2.0
1136572,Imran Tahir,Chennai Super Kings,,,24.0,34.0,2.0
1136572,SR Watson,Chennai Super Kings,11.0,10.0,12.0,15.0,1.0
1136572,MA Agarwal,Punjab Kings,30.0,19.0,,,
1136572,DJ Bravo,Chennai Super Kings,1.0,1.0,24.0,37.0,1.0
1136572,Yuvraj Singh,Punjab Kings,20.0,13.0,7.0,9.0,
1136572,AJ Finch,Punjab Kings,0.0,1.0,,,
1136572,KK Nair,Punjab Kings,29.0,17.0,,,
1136572,R Ashwin,Punjab Kings,14.0,11.0,26.0,30.0,1.0
1136572,AJ Tye,Punjab Kings,3.0,4.0,25.0,46.0,2.0
1136572,BB Sran,Punjab Kings,,,28.0,31.0,
1136572,M Vijay,Chennai Super Kings,12.0,11.0,,,
1136572,MM Sharma,Punjab Kings,,,25.0,46.0,1.0
1136572,AT Rayudu,Chennai Super Kings,49.0,37.0,,,
1136572,SW Billings,Chennai Super Kings,9.0,8.0,,,
1136572,Mujeeb Ur Rahman,Punjab Kings,,,18.0,18.0,
1136572,MS Dhoni,Chennai Super Kings,79.0,47.0,,,
1136572,RA Jadeja,Chennai Super Kings,19.0,15.0,,,
1136573,CA Lynn,Kolkata Knight Riders,31.0,29.0,,,
1136573,TA Boult,Delhi Capitals,0.0,2.0,24.0,29.0,2.0
1136573,SP Narine,Kolkata Knight Riders,1.0,4.0,18.0,18.0,3.0
1136573,CH Morris,Delhi Capitals,2.0,3.0,25.0,40.0,2.0
1136573,RV Uthappa,Kolkata Knight Riders,35.0,19.0,,,
1136573,S Nadeem,Delhi Capitals,6.0,8.0,24.0,43.0,1.0
1136573,R Tewatia,Delhi Capitals,1.0,2.0,18.0,18.0,3.0
1136573,N Rana,Kolkata Knight Riders,59.0,36.0,,,
1136573,Mohammed Shami,Delhi Capitals,7.0,6.0,25.0,52.0,1.0
1136573,KD Karthik,Kolkata Knight Riders,19.0,11.0,,,
1136573,V Shankar,Delhi Capitals,2.0,4.0,6.0,12.0,
1136573,AD Russell,Kolkata Knight Riders,41.0,12.0,15.0,22.0,1.0
1136573,Shubman Gill,Kolkata Knight Riders,6.0,5.0,,,
1136573,TK Curran,Kolkata Knight Riders,2.0,3.0,12.0,21.0,1.0
1136573,PP Chawla,Kolkata Knight Riders,0.0,3.0,13.0,15.0,1.0
1136573,G Gambhir,Delhi Capitals,8.0,7.0,,,
1136573,JJ Roy,Delhi Capitals,1.0,4.0,,,
1136573,SS Iyer,Delhi Capitals,4.0,3.0,,,
1136573,RR Pant,Delhi Capitals,43.0,30.0,,,
1136573,Shivam Mavi,Kolkata Knight Riders,,,13.0,13.0,1.0
1136573,GJ Maxwell,Delhi Capitals,47.0,22.0,,,
1136573,Kuldeep Yadav,Kolkata Knight Riders,,,20.0,32.0,3.0
1136574,SA Yadav,Mumbai Indians,0.0,1.0,,,
1136574,UT Yadav,Royal Challengers Bengaluru,1.0,2.0,25.0,35.0,2.0
1136574,Ishan Kishan,Mumbai Indians,0.0,1.0,,,
1136574,RG Sharma,Mumbai Indians,94.0,54.0,,,
1136574,E Lewis,Mumbai Indians,65.0,44.0,,,
1136574,CR Woakes,Royal Challengers Bengaluru,11.0,11.0,19.0,30.0,1.0
1136574,Washington Sundar,Royal Challengers Bengaluru,7.0,8.0,13.0,27.0,
1136574,Mohammed Siraj,Royal Challengers Bengaluru,8.0,3.0,26.0,28.0,
1136574,YS Chahal,Royal Challengers Bengaluru,,,18.0,32.0,
1136574,CJ Anderson,Royal Challengers Bengaluru,0.0,1.0,26.0,44.0,2.0
1136574,KH Pandya,Mumbai Indians,15.0,13.0,25.0,27.0,3.0
1136574,KA Pollard,Mumbai Indians,5.0,8.0,,,
1136574,HH Pandya,Mumbai Indians,17.0,5.0,6.0,4.0,
1136574,MJ McClenaghan,Mumbai Indians,0.0,1.0,18.0,24.0,2.0
1136574,V Kohli,Royal Challengers Bengaluru,92.0,62.0,,,
1136574,JJ Bumrah,Mumbai Indians,,,25.0,27.0,2.0
1136574,Q de Kock,Royal Challengers Bengaluru,19.0,13.0,,,
1136574,Mustafizur Rahman,Mumbai Indians,,,25.0,54.0,
1136574,AB de Villiers,Royal Challengers Bengaluru,1.0,2.0,,,
1136574,Mandeep Singh,Royal Challengers Bengaluru,16.0,16.0,,,
1136574,M Markande,Mumbai Indians,,,25.0,24.0,1.0
1136574,SN Khan,Royal Challengers Bengaluru,5.0,6.0,,,
1136575,AM Rahane,Rajasthan Royals,36.0,19.0,,,
1136575,PP Chawla,Kolkata Knight Riders,,,24.0,18.0,1.0
1136575,DJM Short,Rajasthan Royals,44.0,43.0,,,
1136575,Kuldeep Yadav,Kolkata Knight Riders,,,24.0,23.0,1.0
1136575,SP Narine,Kolkata Knight Riders,35.0,25.0,24.0,48.0,
1136575,Shivam Mavi,Kolkata Knight Riders,,,27.0,37.0,1.0
1136575,N Rana,Kolkata Knight Riders,35.0,28.0,12.0,11.0,2.0
1136575,SV Samson,Rajasthan Royals,7.0,8.0,,,
1136575,RA Tripathi,Rajasthan Royals,15.0,11.0,,,
1136575,TK Curran,Kolkata Knight Riders,,,13.0,18.0,2.0
1136575,BA Stokes,Rajasthan Royals,14.0,11.0,19.0,24.0,
1136575,JC Buttler,Rajasthan Royals,24.0,21.0,,,
1136575,K Gowtham,Rajasthan Royals,12.0,7.0,24.0,23.0,2.0
1136575,S Gopal,Rajasthan Royals,0.0,1.0,18.0,23.0,
1136575,DS Kulkarni,Rajasthan Royals,3.0,3.0,12.0,20.0,
1136575,CA Lynn,Kolkata Knight Riders,0.0,2.0,,,
1136575,RV Uthappa,Kolkata Knight Riders,48.0,37.0,,,
1136575,JD Unadkat,Rajasthan Royals,,,18.0,34.0,
1136575,B Laughlin,Rajasthan Royals,,,24.0,36.0,
1136575,KD Karthik,Kolkata Knight Riders,42.0,23.0,,,
1136576,KL Rahul,Punjab Kings,18.0,21.0,,,
1136576,B Kumar,Sunrisers Hyderabad,,,25.0,24.0,1.0
1136576,CH Gayle,Punjab Kings,104.0,65.0,,,
1136576,CJ Jordan,Sunrisers Hyderabad,,,25.0,30.0,
1136576,Rashid Khan,Sunrisers Hyderabad,,,24.0,55.0,1.0
1136576,S Kaul,Sunrisers Hyderabad,,,24.0,33.0,1.0
1136576,DJ Hooda,Sunrisers Hyderabad,5.0,5.0,13.0,15.0,
1136576,MA Agarwal,Punjab Kings,18.0,9.0,,,
1136576,Shakib Al Hasan,Sunrisers Hyderabad,24.0,15.0,12.0,28.0,
1136576,KK Nair,Punjab Kings,31.0,22.0,,,
1136576,AJ Finch,Punjab Kings,14.0,6.0,,,
1136576,WP Saha,Sunrisers Hyderabad,6.0,8.0,,,
1136576,BB Sran,Punjab Kings,,,28.0,18.0,
1136576,S Dhawan,Sunrisers Hyderabad,0.0,1.0,,,
1136576,KS Williamson,Sunrisers Hyderabad,54.0,41.0,,,
1136576,MM Sharma,Punjab Kings,,,25.0,50.0,2.0
1136576,YK Pathan,Sunrisers Hyderabad,19.0,13.0,,,
1136576,AJ Tye,Punjab Kings,,,24.0,23.0,2.0
1136576,MK Pandey,Sunrisers Hyderabad,57.0,47.0,,,
1136576,R Ashwin,Punjab Kings,,,28.0,48.0,
1136576,Mujeeb Ur Rahman,Punjab Kings,,,25.0,26.0,
1136577,SR Watson,Chennai Super Kings,106.0,58.0,19.0,12.0,1.0
1136577,STR Binny,Rajasthan Royals,10.0,8.0,14.0,31.0,
1136577,AT Rayudu,Chennai Super Kings,12.0,8.0,,,
1136577,K Gowtham,Rajasthan Royals,1.0,2.0,18.0,35.0,
1136577,JD Unadkat,Rajasthan Royals,16.0,10.0,24.0,39.0,
1136577,BA Stokes,Rajasthan Royals,45.0,38.0,18.0,39.0,
1136577,B Laughlin,Rajasthan Royals,0.0,1.0,27.0,35.0,2.0
1136577,SK Raina,Chennai Super Kings,46.0,31.0,,,
1136577,S Gopal,Rajasthan Royals,8.0,10.0,25.0,19.0,3.0
1136577,MS Dhoni,Chennai Super Kings,5.0,3.0,,,
1136577,SW Billings,Chennai Super Kings,3.0,7.0,,,
1136577,DJ Bravo,Chennai Super Kings,24.0,18.0,14.0,14.0,2.0
1136577,RA Jadeja,Chennai Super Kings,2.0,1.0,6.0,6.0,
1136577,AM Rahane,Rajasthan Royals,16.0,13.0,,,
1136577,DL Chahar,Chennai Super Kings,,,28.0,26.0,2.0
1136577,H Klaasen,Rajasthan Royals,7.0,7.0,,,
1136577,SN Thakur,Chennai Super Kings,,,18.0,18.0,2.0
1136577,SV Samson,Rajasthan Royals,2.0,3.0,,,
1136577,JC Buttler,Rajasthan Royals,22.0,20.0,,,
1136577,Imran Tahir,Chennai Super Kings,,,25.0,43.0,1.0
1136577,RA Tripathi,Rajasthan Royals,5.0,7.0,,,
1136577,KV Sharma,Chennai Super Kings,,,9.0,13.0,2.0
1136578,CA Lynn,Kolkata Knight Riders,74.0,41.0,,,
1136578,AS Rajpoot,Punjab Kings,,,20.0,30.0,
1136578,SP Narine,Kolkata Knight Riders,1.0,4.0,18.0,23.0,1.0
1136578,Mujeeb Ur Rahman,Punjab Kings,,,25.0,31.0,1.0
1136578,RV Uthappa,Kolkata Knight Riders,34.0,24.0,,,
1136578,BB Sran,Punjab Kings,,,26.0,48.0,2.0
1136578,AJ Tye,Punjab Kings,,,26.0,28.0,2.0
1136578,R Ashwin,Punjab Kings,,,25.0,32.0,1.0
1136578,N Rana,Kolkata Knight Riders,3.0,5.0,1.0,0.0,
1136578,KD Karthik,Kolkata Knight Riders,43.0,30.0,,,
1136578,Yuvraj Singh,Punjab Kings,,,6.0,13.0,
1136578,AD Russell,Kolkata Knight Riders,10.0,8.0,11.0,31.0,
1136578,Shubman Gill,Kolkata Knight Riders,14.0,10.0,,,
1136578,TK Curran,Kolkata Knight Riders,1.0,3.0,1.0,6.0,
1136578,PP Chawla,Kolkata Knight Riders,2.0,3.0,12.0,24.0,
1136578,KL Rahul,Punjab Kings,60.0,28.0,,,
1136578,Shivam Mavi,Kolkata Knight Riders,,,20.0,27.0,
1136578,CH Gayle,Punjab Kings,62.0,39.0,,,
1136578,Kuldeep Yadav,Kolkata Knight Riders,,,6.0,13.0,
1136578,MA Agarwal,Punjab Kings,2.0,2.0,,,
1136579,JJ Roy,Delhi Capitals,5.0,17.0,,,
1136579,UT Yadav,Royal Challengers Bengaluru,,,24.0,27.0,1.0
1136579,G Gambhir,Delhi Capitals,3.0,10.0,,,
1136579,CR Woakes,Royal Challengers Bengaluru,,,24.0,40.0,
1136579,YS Chahal,Royal Challengers Bengaluru,,,19.0,21.0,2.0
1136579,SS Iyer,Delhi Capitals,52.0,31.0,,,
1136579,RR Pant,Delhi Capitals,85.0,50.0,,,
1136579,Mohammed Siraj,Royal Challengers Bengaluru,,,26.0,33.0,
1136579,Washington Sundar,Royal Challengers Bengaluru,,,24.0,31.0,1.0
1136579,GJ Maxwell,Delhi Capitals,4.0,6.0,13.0,12.0,1.0
1136579,R Tewatia,Delhi Capitals,13.0,9.0,18.0,26.0,
1136579,CJ Anderson,Royal Challengers Bengaluru,15.0,13.0,6.0,10.0,1.0
1136579,Q de Kock,Royal Challengers Bengaluru,18.0,16.0,,,
1136579,TA Boult,Delhi Capitals,,,24.0,33.0,1.0
1136579,M Vohra,Royal Challengers Bengaluru,2.0,6.0,,,
1136579,V Kohli,Royal Challengers Bengaluru,30.0,26.0,,,
1136579,S Nadeem,Delhi Capitals,,,12.0,27.0,
1136579,AB de Villiers,Royal Challengers Bengaluru,90.0,40.0,,,
1136579,CH Morris,Delhi Capitals,,,26.0,41.0,
1136579,HV Patel,Delhi Capitals,,,18.0,33.0,1.0
1136579,Mandeep Singh,Royal Challengers Bengaluru,17.0,10.0,,,
1136580,SR Watson,Chennai Super Kings,9.0,16.0,12.0,23.0,
1136580,B Kumar,Sunrisers Hyderabad,,,18.0,22.0,1.0
1136580,F du Plessis,Chennai Super Kings,11.0,13.0,,,
1136580,B Stanlake,Sunrisers Hyderabad,,,26.0,36.0,
1136580,Shakib Al Hasan,Sunrisers Hyderabad,24.0,19.0,25.0,31.0,
1136580,SK Raina,Chennai Super Kings,54.0,44.0,,,
1136580,S Kaul,Sunrisers Hyderabad,,,25.0,32.0,
1136580,Rashid Khan,Sunrisers Hyderabad,17.0,4.0,24.0,49.0,1.0
1136580,AT Rayudu,Chennai Super Kings,79.0,39.0,,,
1136580,DJ Hooda,Sunrisers Hyderabad,1.0,7.0,6.0,8.0,
1136580,MS Dhoni,Chennai Super Kings,25.0,12.0,,,
1136580,RK Bhui,Sunrisers Hyderabad,0.0,5.0,,,
1136580,DL Chahar,Chennai Super Kings,,,24.0,15.0,3.0
1136580,MK Pandey,Sunrisers Hyderabad,0.0,2.0,,,
1136580,KS Williamson,Sunrisers Hyderabad,84.0,52.0,,,
1136580,SN Thakur,Chennai Super Kings,,,25.0,44.0,1.0
1136580,RA Jadeja,Chennai Super Kings,,,25.0,27.0,
1136580,KV Sharma,Chennai Super Kings,,,18.0,30.0,1.0
1136580,YK Pathan,Sunrisers Hyderabad,45.0,28.0,,,
1136580,DJ Bravo,Chennai Super Kings,,,18.0,37.0,1.0
1136580,WP Saha,Sunrisers Hyderabad,5.0,5.0,,,
1136581,SA Yadav,Mumbai Indians,72.0,50.0,,,
1136581,DS Kulkarni,Rajasthan Royals,,,26.0,30.0,2.0
1136581,E Lewis,Mumbai Indians,0.0,1.0,,,
1136581,Ishan Kishan,Mumbai Indians,58.0,42.0,,,
1136581,K Gowtham,Rajasthan Royals,33.0,11.0,18.0,20.0,
1136581,JC Archer,Rajasthan Royals,8.0,9.0,24.0,22.0,3.0
1136581,JD Unadkat,Rajasthan Royals,,,24.0,31.0,1.0
1136581,S Gopal,Rajasthan Royals,,,13.0,29.0,
1136581,BA Stokes,Rajasthan Royals,40.0,29.0,19.0,30.0,
1136581,KA Pollard,Mumbai Indians,21.0,20.0,,,
1136581,RG Sharma,Mumbai Indians,0.0,1.0,,,
1136581,KH Pandya,Mumbai Indians,7.0,6.0,26.0,31.0,1.0
1136581,HH Pandya,Mumbai Indians,4.0,2.0,17.0,24.0,2.0
1136581,MJ McClenaghan,Mumbai Indians,0.0,1.0,19.0,31.0,1.0
1136581,M Markande,Mumbai Indians,0.0,1.0,12.0,15.0,
1136581,AM Rahane,Rajasthan Royals,14.0,17.0,,,
1136581,RA Tripathi,Rajasthan Royals,9.0,9.0,,,
1136581,JJ Bumrah,Mumbai Indians,,,25.0,27.0,2.0
1136581,SV Samson,Rajasthan Royals,52.0,40.0,,,
1136581,Mustafizur Rahman,Mumbai Indians,,,25.0,34.0,1.0
1136581,JC Buttler,Rajasthan Royals,6.0,8.0,,,
1136581,H Klaasen,Rajasthan Royals,0.0,1.0,,,
1136582,KL Rahul,Punjab Kings,23.0,15.0,,,
1136582,TA Boult,Delhi Capitals,,,19.0,20.0,2.0
1136582,AJ Finch,Punjab Kings,2.0,4.0,,,
1136582,Avesh Khan,Delhi Capitals,,,24.0,36.0,2.0
1136582,MA Agarwal,Punjab Kings,21.0,16.0,,,
1136582,LE Plunkett,Delhi Capitals,0.0,1.0,25.0,16.0,3.0
1136582,KK Nair,Punjab Kings,34.0,33.0,,,
1136582,DT Christian,Delhi Capitals,6.0,11.0,18.0,17.0,1.0
1136582,Yuvraj Singh,Punjab Kings,14.0,17.0,,,
1136582,A Mishra,Delhi Capitals,1.0,2.0,26.0,30.0,
1136582,GJ Maxwell,Delhi Capitals,12.0,10.0,6.0,4.0,
1136582,DA Miller,Punjab Kings,26.0,20.0,,,
1136582,R Tewatia,Delhi Capitals,24.0,24.0,6.0,6.0,
1136582,R Ashwin,Punjab Kings,6.0,9.0,24.0,19.0,
1136582,AJ Tye,Punjab Kings,3.0,9.0,26.0,23.0,2.0
1136582,BB Sran,Punjab Kings,0.0,1.0,27.0,42.0,1.0
1136582,PP Shaw,Delhi Capitals,22.0,10.0,,,
1136582,AS Rajpoot,Punjab Kings,,,26.0,21.0,2.0
1136582,G Gambhir,Delhi Capitals,4.0,16.0,,,
1136582,RR Pant,Delhi Capitals,4.0,7.0,,,
1136582,SS Iyer,Delhi Capitals,57.0,46.0,,,
1136582,Mujeeb Ur Rahman,Punjab Kings,,,24.0,25.0,2.0
1136583,S Dhawan,Sunrisers Hyderabad,5.0,7.0,,,
1136583,JJ Bumrah,Mumbai Indians,6.0,5.0,24.0,25.0,1.0
1136583,KS Williamson,Sunrisers Hyderabad,29.0,22.0,,,
1136583,MJ McClenaghan,Mumbai Indians,0.0,2.0,19.0,17.0,2.0
1136583,WP Saha,Sunrisers Hyderabad,0.0,2.0,,,
1136583,MK Pandey,Sunrisers Hyderabad,16.0,11.0,,,
1136583,HH Pandya,Mumbai Indians,3.0,19.0,20.0,18.0,2.0
1136583,Shakib Al Hasan,Sunrisers Hyderabad,2.0,4.0,18.0,16.0,1.0
1136583,YK Pathan,Sunrisers Hyderabad,29.0,35.0,,,
1136583,Mustafizur Rahman,Mumbai Indians,1.0,3.0,22.0,18.0,1.0
1136583,Mohammad Nabi,Sunrisers Hyderabad,14.0,10.0,18.0,23.0,1.0
1136583,M Markande,Mumbai Indians,1.0,2.0,18.0,15.0,2.0
1136583,KH Pandya,Mumbai Indians,24.0,20.0,13.0,13.0,
1136583,Rashid Khan,Sunrisers Hyderabad,6.0,9.0,24.0,11.0,2.0
1136583,Basil Thampi,Sunrisers Hyderabad,3.0,6.0,11.0,4.0,2.0
1136583,S Kaul,Sunrisers Hyderabad,2.0,9.0,24.0,23.0,3.0
1136583,Sandeep Sharma,Sunrisers Hyderabad,0.0,1.0,19.0,8.0,1.0
1136583,SA Yadav,Mumbai Indians,34.0,39.0,,,
1136583,E Lewis,Mumbai Indians,5.0,9.0,,,
1136583,Ishan Kishan,Mumbai Indians,0.0,3.0,,,
1136583,RG Sharma,Mumbai Indians,2.0,6.0,,,
1136583,KA Pollard,Mumbai Indians,9.0,6.0,,,
1136584,Q de Kock,Royal Challengers Bengaluru,53.0,37.0,,,
1136584,DL Chahar,Chennai Super Kings,,,12.0,20.0,
1136584,V Kohli,Royal Challengers Bengaluru,18.0,15.0,,,
1136584,SN Thakur,Chennai Super Kings,,,26.0,44.0,2.0
1136584,Harbhajan Singh,Chennai Super Kings,,,12.0,24.0,
1136584,AB de Villiers,Royal Challengers Bengaluru,68.0,31.0,,,
1136584,RA Jadeja,Chennai Super Kings,3.0,6.0,12.0,22.0,
1136584,SR Watson,Chennai Super Kings,7.0,4.0,13.0,20.0,
1136584,Imran Tahir,Chennai Super Kings,,,24.0,35.0,2.0
1136584,DJ Bravo,Chennai Super Kings,14.0,7.0,25.0,32.0,2.0
1136584,CJ Anderson,Royal Challengers Bengaluru,2.0,8.0,24.0,56.0,
1136584,Mandeep Singh,Royal Challengers Bengaluru,32.0,19.0,,,
1136584,C de Grandhomme,Royal Challengers Bengaluru,11.0,7.0,,,
1136584,P Negi,Royal Challengers Bengaluru,0.0,1.0,18.0,36.0,1.0
1136584,Washington Sundar,Royal Challengers Bengaluru,13.0,4.0,6.0,14.0,
1136584,UT Yadav,Royal Challengers Bengaluru,0.0,2.0,24.0,23.0,1.0
1136584,AT Rayudu,Chennai Super Kings,82.0,54.0,,,
1136584,SK Raina,Chennai Super Kings,11.0,10.0,,,
1136584,Mohammed Siraj,Royal Challengers Bengaluru,,,28.0,44.0,
1136584,SW Billings,Chennai Super Kings,9.0,7.0,,,
1136584,YS Chahal,Royal Challengers Bengaluru,,,27.0,23.0,2.0
1136584,MS Dhoni,Chennai Super Kings,70.0,39.0,,,
1136585,S Dhawan,Sunrisers Hyderabad,11.0,8.0,,,
1136585,AS Rajpoot,Punjab Kings,8.0,9.0,24.0,14.0,5.0
1136585,KS Williamson,Sunrisers Hyderabad,0.0,3.0,,,
1136585,WP Saha,Sunrisers Hyderabad,6.0,9.0,,,
1136585,BB Sran,Punjab Kings,2.0,5.0,19.0,26.0,
1136585,MK Pandey,Sunrisers Hyderabad,54.0,52.0,,,
1136585,Shakib Al Hasan,Sunrisers Hyderabad,28.0,30.0,18.0,18.0,2.0
1136585,R Ashwin,Punjab Kings,4.0,6.0,24.0,34.0,
1136585,MK Tiwary,Punjab Kings,1.0,5.0,7.0,7.0,
1136585,Mujeeb Ur Rahman,Punjab Kings,10.0,5.0,25.0,15.0,1.0
1136585,AJ Tye,Punjab Kings,4.0,2.0,24.0,28.0,
1136585,YK Pathan,Sunrisers Hyderabad,21.0,19.0,,,
1136585,Mohammad Nabi,Sunrisers Hyderabad,4.0,2.0,12.0,24.0,
1136585,KL Rahul,Punjab Kings,32.0,26.0,,,
1136585,Sandeep Sharma,Sunrisers Hyderabad,,,24.0,17.0,2.0
1136585,CH Gayle,Punjab Kings,23.0,22.0,,,
1136585,S Kaul,Sunrisers Hyderabad,,,24.0,25.0,
1136585,Basil Thampi,Sunrisers Hyderabad,,,14.0,14.0,2.0
1136585,Rashid Khan,Sunrisers Hyderabad,,,24.0,19.0,3.0
1136585,MA Agarwal,Punjab Kings,12.0,15.0,,,
1136585,KK Nair,Punjab Kings,13.0,17.0,,,
1136585,AJ Finch,Punjab Kings,8.0,4.0,,,
1136586,PP Shaw,Delhi Capitals,62.0,44.0,,,
1136586,PP Chawla,Kolkata Knight Riders,2.0,4.0,24.0,33.0,1.0
1136586,Kuldeep Yadav,Kolkata Knight Riders,7.0,7.0,12.0,22.0,
1136586,C Munro,Delhi Capitals,33.0,18.0,,,
1136586,Shivam Mavi,Kolkata Knight Riders,0.0,3.0,26.0,56.0,1.0
1136586,SP Narine,Kolkata Knight Riders,26.0,9.0,18.0,35.0,
1136586,MG Johnson,Kolkata Knight Riders,12.0,6.0,24.0,42.0,
1136586,AD Russell,Kolkata Knight Riders,44.0,32.0,19.0,27.0,1.0
1136586,SS Iyer,Delhi Capitals,93.0,42.0,,,
1136586,RR Pant,Delhi Capitals,0.0,1.0,,,
1136586,GJ Maxwell,Delhi Capitals,27.0,18.0,12.0,22.0,2.0
1136586,CA Lynn,Kolkata Knight Riders,5.0,6.0,,,
1136586,TA Boult,Delhi Capitals,,,26.0,42.0,2.0
1136586,RV Uthappa,Kolkata Knight Riders,1.0,2.0,,,
1136586,N Rana,Kolkata Knight Riders,8.0,7.0,,,
1136586,KD Karthik,Kolkata Knight Riders,18.0,18.0,,,
1136586,Avesh Khan,Delhi Capitals,,,25.0,28.0,2.0
1136586,LE Plunkett,Delhi Capitals,,,24.0,24.0,
1136586,Shubman Gill,Kolkata Knight Riders,37.0,29.0,,,
1136586,A Mishra,Delhi Capitals,,,24.0,23.0,2.0
1136586,V Shankar,Delhi Capitals,,,6.0,10.0,
1136586,R Tewatia,Delhi Capitals,,,6.0,11.0,
1136587,SR Watson,Chennai Super Kings,12.0,11.0,25.0,40.0,
1136587,MJ McClenaghan,Mumbai Indians,,,24.0,26.0,2.0
1136587,AT Rayudu,Chennai Super Kings,46.0,36.0,,,
1136587,JJ Bumrah,Mumbai Indians,,,25.0,24.0,
1136587,HH Pandya,Mumbai Indians,13.0,8.0,24.0,39.0,1.0
1136587,KH Pandya,Mumbai Indians,,,25.0,31.0,2.0
1136587,SK Raina,Chennai Super Kings,75.0,48.0,,,
1136587,M Markande,Mumbai Indians,,,19.0,29.0,
1136587,BCJ Cutting,Mumbai Indians,,,7.0,13.0,
1136587,MS Dhoni,Chennai Super Kings,26.0,23.0,,,
1136587,DJ Bravo,Chennai Super Kings,0.0,1.0,19.0,20.0,1.0
1136587,SW Billings,Chennai Super Kings,3.0,5.0,,,
1136587,SA Yadav,Mumbai Indians,44.0,35.0,,,
1136587,DL Chahar,Chennai Super Kings,,,14.0,18.0,
1136587,E Lewis,Mumbai Indians,47.0,45.0,,,
1136587,SN Thakur,Chennai Super Kings,,,25.0,37.0,
1136587,Harbhajan Singh,Chennai Super Kings,,,23.0,20.0,1.0
1136587,Imran Tahir,Chennai Super Kings,,,17.0,25.0,
1136587,RG Sharma,Mumbai Indians,56.0,35.0,,,
1136588,AD Hales,Sunrisers Hyderabad,45.0,39.0,,,
1136588,K Gowtham,Rajasthan Royals,8.0,5.0,24.0,18.0,2.0
1136588,S Dhawan,Sunrisers Hyderabad,6.0,4.0,,,
1136588,DS Kulkarni,Rajasthan Royals,,,12.0,20.0,
1136588,KS Williamson,Sunrisers Hyderabad,63.0,43.0,,,
1136588,JC Archer,Rajasthan Royals,1.0,1.0,24.0,26.0,3.0
1136588,JD Unadkat,Rajasthan Royals,,,18.0,33.0,1.0
1136588,IS Sodhi,Rajasthan Royals,,,18.0,25.0,1.0
1136588,BA Stokes,Rajasthan Royals,0.0,3.0,18.0,20.0,
1136588,MK Lomror,Rajasthan Royals,11.0,12.0,6.0,8.0,
1136588,MK Pandey,Sunrisers Hyderabad,16.0,15.0,,,
1136588,Shakib Al Hasan,Sunrisers Hyderabad,6.0,6.0,24.0,30.0,
1136588,YK Pathan,Sunrisers Hyderabad,2.0,3.0,12.0,14.0,1.0
1136588,WP Saha,Sunrisers Hyderabad,11.0,7.0,,,
1136588,Rashid Khan,Sunrisers Hyderabad,1.0,3.0,24.0,31.0,1.0
1136588,AM Rahane,Rajasthan Royals,65.0,53.0,,,
1136588,Sandeep Sharma,Sunrisers Hyderabad,,,24.0,15.0,1.0
1136588,RA Tripathi,Rajasthan Royals,4.0,5.0,,,
1136588,SV Samson,Rajasthan Royals,40.0,30.0,,,
1136588,Basil Thampi,Sunrisers Hyderabad,,,12.0,26.0,1.0
1136588,S Kaul,Sunrisers Hyderabad,,,24.0,23.0,2.0
1136588,JC Buttler,Rajasthan Royals,10.0,11.0,,,
1136589,Q de Kock,Royal Challengers Bengaluru,29.0,27.0,,,
1136589,PP Chawla,Kolkata Knight Riders,,,18.0,22.0,
1136589,BB McCullum,Royal Challengers Bengaluru,38.0,29.0,,,
1136589,SP Narine,Kolkata Knight Riders,27.0,22.0,24.0,38.0,
1136589,MG Johnson,Kolkata Knight Riders,,,19.0,37.0,
1136589,Shivam Mavi,Kolkata Knight Riders,,,19.0,19.0,
1136589,Kuldeep Yadav,Kolkata Knight Riders,,,24.0,20.0,1.0
1136589,V Kohli,Royal Challengers Bengaluru,68.0,44.0,,,
1136589,AD Russell,Kolkata Knight Riders,0.0,1.0,20.0,29.0,3.0
1136589,M Vohra,Royal Challengers Bengaluru,0.0,2.0,,,
1136589,Mandeep Singh,Royal Challengers Bengaluru,19.0,15.0,,,
1136589,C de Grandhomme,Royal Challengers Bengaluru,11.0,7.0,,,
1136589,CA Lynn,Kolkata Knight Riders,62.0,55.0,,,
1136589,TG Southee,Royal Challengers Bengaluru,,,26.0,32.0,
1136589,UT Yadav,Royal Challengers Bengaluru,,,19.0,36.0,
1136589,YS Chahal,Royal Challengers Bengaluru,,,24.0,29.0,
1136589,Mohammed Siraj,Royal Challengers Bengaluru,,,28.0,36.0,2.0
1136589,M Ashwin,Royal Challengers Bengaluru,,,25.0,35.0,2.0
1136589,RV Uthappa,Kolkata Knight Riders,36.0,22.0,,,
1136589,N Rana,Kolkata Knight Riders,15.0,10.0,,,
1136589,KD Karthik,Kolkata Knight Riders,23.0,10.0,,,
1136589,Shubman Gill,Kolkata Knight Riders,5.0,2.0,,,
1136590,SR Watson,Chennai Super Kings,78.0,41.0,12.0,27.0,
1136590,TA Boult,Delhi Capitals,,,24.0,48.0,
1136590,F du Plessis,Chennai Super Kings,33.0,33.0,,,
1136590,Avesh Khan,Delhi Capitals,,,25.0,27.0,
1136590,R Tewatia,Delhi Capitals,3.0,5.0,12.0,23.0,
1136590,LE Plunkett,Delhi Capitals,,,18.0,52.0,
1136590,A Mishra,Delhi Capitals,,,24.0,30.0,1.0
1136590,V Shankar,Delhi Capitals,54.0,33.0,15.0,19.0,1.0
1136590,SK Raina,Chennai Super Kings,1.0,2.0,,,
1136590,GJ Maxwell,Delhi Capitals,6.0,5.0,6.0,5.0,1.0
1136590,AT Rayudu,Chennai Super Kings,41.0,26.0,,,
1136590,MS Dhoni,Chennai Super Kings,51.0,22.0,,,
1136590,PP Shaw,Delhi Capitals,9.0,6.0,,,
1136590,L Ngidi,Chennai Super Kings,,,26.0,24.0,1.0
1136590,C Munro,Delhi Capitals,26.0,16.0,,,
1136590,KM Asif,Chennai Super Kings,,,19.0,42.0,2.0
1136590,SS Iyer,Delhi Capitals,13.0,14.0,,,
1136590,RR Pant,Delhi Capitals,79.0,47.0,,,
1136590,RA Jadeja,Chennai Super Kings,,,25.0,30.0,1.0
1136590,Harbhajan Singh,Chennai Super Kings,,,25.0,25.0,
1136590,DJ Bravo,Chennai Super Kings,,,19.0,42.0,
1136591,M Vohra,Royal Challengers Bengaluru,45.0,31.0,,,
1136591,JP Duminy,Mumbai Indians,23.0,34.0,12.0,28.0,
1136591,Q de Kock,Royal Challengers Bengaluru,7.0,14.0,,,
1136591,MJ McClenaghan,Mumbai Indians,,,26.0,32.0,1.0
1136591,JJ Bumrah,Mumbai Indians,,,24.0,22.0,1.0
1136591,KH Pandya,Mumbai Indians,23.0,19.0,24.0,24.0,
1136591,M Markande,Mumbai Indians,,,18.0,28.0,1.0
1136591,BB McCullum,Royal Challengers Bengaluru,37.0,25.0,,,
1136591,V Kohli,Royal Challengers Bengaluru,32.0,26.0,,,
1136591,HH Pandya,Mumbai Indians,50.0,45.0,19.0,27.0,3.0
1136591,Mandeep Singh,Royal Challengers Bengaluru,14.0,10.0,,,
1136591,Washington Sundar,Royal Challengers Bengaluru,1.0,3.0,6.0,15.0,
1136591,C de Grandhomme,Royal Challengers Bengaluru,23.0,10.0,19.0,23.0,
1136591,TG Southee,Royal Challengers Bengaluru,1.0,2.0,25.0,24.0,2.0
1136591,UT Yadav,Royal Challengers Bengaluru,1.0,2.0,26.0,27.0,2.0
1136591,SA Yadav,Mumbai Indians,9.0,9.0,,,
1136591,Ishan Kishan,Mumbai Indians,0.0,1.0,,,
1136591,RG Sharma,Mumbai Indians,0.0,1.0,,,
1136591,KA Pollard,Mumbai Indians,13.0,15.0,,,
1136591,Mohammed Siraj,Royal Challengers Bengaluru,,,27.0,25.0,2.0
1136591,YS Chahal,Royal Challengers Bengaluru,,,27.0,16.0,
1136591,BCJ Cutting,Mumbai Indians,12.0,6.0,,,
1136592,PP Shaw,Delhi Capitals,47.0,26.0,,,
1136592,DS Kulkarni,Rajasthan Royals,,,21.0,34.0,1.0
1136592,C Munro,Delhi Capitals,0.0,1.0,,,
1136592,SS Iyer,Delhi Capitals,50.0,35.0,,,
1136592,JC Archer,Rajasthan Royals,,,20.0,30.0,1.0
1136592,K Gowtham,Rajasthan Royals,18.0,6.0,12.0,27.0,
1136592,JD Unadkat,Rajasthan Royals,,,24.0,46.0,3.0
1136592,S Gopal,Rajasthan Royals,,,12.0,26.0,1.0
1136592,BA Stokes,Rajasthan Royals,1.0,3.0,20.0,26.0,
1136592,RR Pant,Delhi Capitals,69.0,33.0,,,
1136592,GJ Maxwell,Delhi Capitals,5.0,5.0,6.0,21.0,1.0
1136592,V Shankar,Delhi Capitals,17.0,7.0,,,
1136592,LE Plunkett,Delhi Capitals,1.0,2.0,18.0,37.0,
1136592,DJM Short,Rajasthan Royals,44.0,25.0,,,
1136592,S Nadeem,Delhi Capitals,,,6.0,13.0,
1136592,JC Buttler,Rajasthan Royals,67.0,27.0,,,
1136592,TA Boult,Delhi Capitals,,,21.0,23.0,2.0
1136592,Avesh Khan,Delhi Capitals,,,12.0,36.0,
1136592,A Mishra,Delhi Capitals,,,12.0,12.0,1.0
1136592,SV Samson,Rajasthan Royals,3.0,5.0,,,
1136592,RA Tripathi,Rajasthan Royals,9.0,9.0,,,
1136593,SR Watson,Chennai Super Kings,36.0,25.0,13.0,18.0,
1136593,MG Johnson,Kolkata Knight Riders,,,24.0,51.0,
1136593,F du Plessis,Chennai Super Kings,27.0,15.0,,,
1136593,PP Chawla,Kolkata Knight Riders,,,24.0,35.0,2.0
1136593,Shivam Mavi,Kolkata Knight Riders,,,19.0,20.0,
1136593,SP Narine,Kolkata Knight Riders,32.0,21.0,24.0,20.0,2.0
1136593,SK Raina,Chennai Super Kings,31.0,27.0,,,
1136593,AD Russell,Kolkata Knight Riders,,,7.0,11.0,
1136593,Kuldeep Yadav,Kolkata Knight Riders,,,25.0,33.0,1.0
1136593,AT Rayudu,Chennai Super Kings,21.0,17.0,,,
1136593,MS Dhoni,Chennai Super Kings,43.0,25.0,,,
1136593,RA Jadeja,Chennai Super Kings,12.0,14.0,26.0,33.0,1.0
1136593,CA Lynn,Kolkata Knight Riders,12.0,6.0,,,
1136593,L Ngidi,Chennai Super Kings,,,19.0,35.0,1.0
1136593,KM Asif,Chennai Super Kings,,,19.0,31.0,1.0
1136593,RV Uthappa,Kolkata Knight Riders,6.0,9.0,,,
1136593,Shubman Gill,Kolkata Knight Riders,57.0,37.0,,,
1136593,RK Singh,Kolkata Knight Riders,16.0,20.0,,,
1136593,Harbhajan Singh,Chennai Super Kings,,,18.0,20.0,1.0
1136593,KD Karthik,Kolkata Knight Riders,45.0,20.0,,,
1136593,DJ Bravo,Chennai Super Kings,,,12.0,20.0,
1136593,KV Sharma,Chennai Super Kings,,,6.0,11.0,
1136594,KL Rahul,Punjab Kings,24.0,20.0,,,
1136594,MJ McClenaghan,Mumbai Indians,,,25.0,30.0,1.0
1136594,CH Gayle,Punjab Kings,50.0,44.0,,,
1136594,JJ Bumrah,Mumbai Indians,,,24.0,19.0,1.0
1136594,HH Pandya,Mumbai Indians,23.0,13.0,27.0,41.0,1.0
1136594,M Markande,Mumbai Indians,,,19.0,28.0,1.0
1136594,Yuvraj Singh,Punjab Kings,14.0,14.0,,,
1136594,JP Duminy,Mumbai Indians,,,6.0,8.0,
1136594,BCJ Cutting,Mumbai Indians,,,18.0,28.0,1.0
1136594,KH Pandya,Mumbai Indians,31.0,13.0,6.0,10.0,
1136594,KK Nair,Punjab Kings,23.0,12.0,,,
1136594,AR Patel,Punjab Kings,13.0,12.0,6.0,9.0,
1136594,MP Stoinis,Punjab Kings,29.0,16.0,18.0,37.0,1.0
1136594,MA Agarwal,Punjab Kings,11.0,7.0,,,
1136594,SA Yadav,Mumbai Indians,57.0,42.0,,,
1136594,R Ashwin,Punjab Kings,,,24.0,23.0,
1136594,E Lewis,Mumbai Indians,10.0,13.0,,,
1136594,AS Rajpoot,Punjab Kings,,,18.0,31.0,
1136594,AJ Tye,Punjab Kings,,,25.0,34.0,1.0
1136594,Mujeeb Ur Rahman,Punjab Kings,,,25.0,36.0,2.0
1136594,Ishan Kishan,Mumbai Indians,25.0,20.0,,,
1136594,RG Sharma,Mumbai Indians,24.0,15.0,,,
1136595,PA Patel,Royal Challengers Bengaluru,53.0,41.0,,,
1136595,DJ Willey,Chennai Super Kings,,,24.0,24.0,1.0
1136595,BB McCullum,Royal Challengers Bengaluru,5.0,4.0,,,
1136595,L Ngidi,Chennai Super Kings,,,25.0,23.0,1.0
1136595,V Kohli,Royal Challengers Bengaluru,8.0,11.0,,,
1136595,SN Thakur,Chennai Super Kings,,,12.0,19.0,
1136595,RA Jadeja,Chennai Super Kings,,,24.0,18.0,3.0
1136595,AB de Villiers,Royal Challengers Bengaluru,1.0,4.0,,,
1136595,Harbhajan Singh,Chennai Super Kings,,,24.0,22.0,2.0
1136595,Mandeep Singh,Royal Challengers Bengaluru,7.0,13.0,,,
1136595,C de Grandhomme,Royal Challengers Bengaluru,8.0,8.0,24.0,16.0,1.0
1136595,M Ashwin,Royal Challengers Bengaluru,1.0,2.0,20.0,15.0,1.0
1136595,TG Southee,Royal Challengers Bengaluru,36.0,26.0,18.0,30.0,
1136595,UT Yadav,Royal Challengers Bengaluru,1.0,5.0,18.0,15.0,2.0
1136595,Mohammed Siraj,Royal Challengers Bengaluru,3.0,7.0,12.0,18.0,
1136595,DJ Bravo,Chennai Super Kings,14.0,17.0,12.0,17.0,
1136595,SR Watson,Chennai Super Kings,11.0,14.0,,,
1136595,AT Rayudu,Chennai Super Kings,32.0,25.0,,,
1136595,YS Chahal,Royal Challengers Bengaluru,,,20.0,27.0,
1136595,SK Raina,Chennai Super Kings,25.0,21.0,,,
1136595,DR Shorey,Chennai Super Kings,8.0,9.0,,,
1136595,MS Dhoni,Chennai Super Kings,31.0,26.0,,,
1136596,PP Shaw,Delhi Capitals,65.0,37.0,,,
1136596,B Kumar,Sunrisers Hyderabad,,,24.0,33.0,
1136596,GJ Maxwell,Delhi Capitals,2.0,3.0,6.0,4.0,
1136596,Sandeep Sharma,Sunrisers Hyderabad,,,25.0,34.0,
1136596,Shakib Al Hasan,Sunrisers Hyderabad,,,24.0,34.0,
1136596,SS Iyer,Delhi Capitals,44.0,36.0,,,
1136596,S Kaul,Sunrisers Hyderabad,,,25.0,36.0,1.0
1136596,Rashid Khan,Sunrisers Hyderabad,,,24.0,23.0,2.0
1136596,RR Pant,Delhi Capitals,18.0,20.0,,,
1136596,NV Ojha,Delhi Capitals,1.0,4.0,,,
1136596,V Shankar,Delhi Capitals,23.0,13.0,,,
1136596,DT Christian,Delhi Capitals,7.0,9.0,23.0,37.0,
1136596,AD Hales,Sunrisers Hyderabad,45.0,32.0,,,
1136596,TA Boult,Delhi Capitals,,,26.0,27.0,
1136596,S Dhawan,Sunrisers Hyderabad,33.0,31.0,,,
1136596,Avesh Khan,Delhi Capitals,,,19.0,46.0,
1136596,LE Plunkett,Delhi Capitals,,,25.0,26.0,1.0
1136596,A Mishra,Delhi Capitals,,,25.0,18.0,2.0
1136596,KS Williamson,Sunrisers Hyderabad,32.0,30.0,,,
1136596,MK Pandey,Sunrisers Hyderabad,21.0,18.0,,,
1136596,YK Pathan,Sunrisers Hyderabad,27.0,13.0,,,
1136597,SA Yadav,Mumbai Indians,59.0,40.0,,,
1136597,N Rana,Kolkata Knight Riders,31.0,27.0,13.0,16.0,
1136597,E Lewis,Mumbai Indians,43.0,29.0,,,
1136597,M Prasidh Krishna,Kolkata Knight Riders,,,25.0,38.0,
1136597,MG Johnson,Kolkata Knight Riders,,,20.0,23.0,
1136597,SP Narine,Kolkata Knight Riders,5.0,4.0,24.0,35.0,2.0
1136597,PP Chawla,Kolkata Knight Riders,,,18.0,35.0,
1136597,Kuldeep Yadav,Kolkata Knight Riders,,,12.0,17.0,
1136597,AD Russell,Kolkata Knight Riders,9.0,10.0,13.0,11.0,2.0
1136597,RG Sharma,Mumbai Indians,11.0,11.0,,,
1136597,HH Pandya,Mumbai Indians,35.0,22.0,25.0,18.0,2.0
1136597,KH Pandya,Mumbai Indians,14.0,11.0,18.0,29.0,1.0
1136597,JP Duminy,Mumbai Indians,13.0,12.0,,,
1136597,CA Lynn,Kolkata Knight Riders,17.0,13.0,,,
1136597,MJ McClenaghan,Mumbai Indians,,,24.0,30.0,1.0
1136597,Shubman Gill,Kolkata Knight Riders,7.0,5.0,,,
1136597,JJ Bumrah,Mumbai Indians,,,24.0,34.0,1.0
1136597,RV Uthappa,Kolkata Knight Riders,54.0,36.0,,,
1136597,M Markande,Mumbai Indians,,,18.0,25.0,1.0
1136597,BCJ Cutting,Mumbai Indians,,,12.0,23.0,
1136597,KD Karthik,Kolkata Knight Riders,36.0,26.0,,,
1136598,JC Buttler,Rajasthan Royals,51.0,39.0,,,
1136598,R Ashwin,Punjab Kings,,,24.0,30.0,1.0
1136598,DJM Short,Rajasthan Royals,2.0,2.0,,,
1136598,AM Rahane,Rajasthan Royals,5.0,7.0,,,
1136598,AS Rajpoot,Punjab Kings,,,18.0,37.0,1.0
1136598,Mujeeb Ur Rahman,Punjab Kings,,,25.0,26.0,3.0
1136598,AR Patel,Punjab Kings,4.0,5.0,24.0,21.0,1.0
1136598,SV Samson,Rajasthan Royals,28.0,23.0,,,
1136598,AJ Tye,Punjab Kings,,,24.0,24.0,2.0
1136598,MP Stoinis,Punjab Kings,23.0,17.0,6.0,6.0,
1136598,BA Stokes,Rajasthan Royals,12.0,9.0,18.0,22.0,1.0
1136598,RA Tripathi,Rajasthan Royals,11.0,13.0,,,
1136598,JC Archer,Rajasthan Royals,0.0,1.0,23.0,42.0,1.0
1136598,K Gowtham,Rajasthan Royals,5.0,4.0,19.0,17.0,1.0
1136598,S Gopal,Rajasthan Royals,24.0,16.0,18.0,26.0,
1136598,JD Unadkat,Rajasthan Royals,6.0,7.0,25.0,25.0,
1136598,KL Rahul,Punjab Kings,84.0,56.0,,,
1136598,CH Gayle,Punjab Kings,8.0,11.0,,,
1136598,MA Agarwal,Punjab Kings,2.0,3.0,,,
1136598,KK Nair,Punjab Kings,31.0,23.0,,,
1136598,Anureet Singh,Rajasthan Royals,,,12.0,20.0,1.0
1136599,AD Hales,Sunrisers Hyderabad,5.0,5.0,,,
1136599,MM Ali,Royal Challengers Bengaluru,10.0,7.0,18.0,19.0,
1136599,S Dhawan,Sunrisers Hyderabad,13.0,20.0,,,
1136599,UT Yadav,Royal Challengers Bengaluru,,,26.0,34.0,1.0
1136599,TG Southee,Royal Challengers Bengaluru,,,25.0,29.0,3.0
1136599,KS Williamson,Sunrisers Hyderabad,56.0,41.0,,,
1136599,Mohammed Siraj,Royal Challengers Bengaluru,,,25.0,24.0,3.0
1136599,MK Pandey,Sunrisers Hyderabad,5.0,7.0,,,
1136599,YS Chahal,Royal Challengers Bengaluru,,,25.0,24.0,1.0
1136599,Shakib Al Hasan,Sunrisers Hyderabad,35.0,34.0,24.0,36.0,2.0
1136599,C de Grandhomme,Royal Challengers Bengaluru,33.0,30.0,7.0,7.0,
1136599,YK Pathan,Sunrisers Hyderabad,12.0,7.0,,,
1136599,WP Saha,Sunrisers Hyderabad,8.0,5.0,,,
1136599,Rashid Khan,Sunrisers Hyderabad,1.0,3.0,26.0,29.0,1.0
1136599,S Kaul,Sunrisers Hyderabad,1.0,1.0,24.0,25.0,1.0
1136599,B Kumar,Sunrisers Hyderabad,1.0,2.0,24.0,27.0,1.0
1136599,Sandeep Sharma,Sunrisers Hyderabad,0.0,1.0,25.0,19.0,1.0
1136599,M Vohra,Royal Challengers Bengaluru,8.0,11.0,,,
1136599,PA Patel,Royal Challengers Bengaluru,20.0,13.0,,,
1136599,V Kohli,Royal Challengers Bengaluru,39.0,30.0,,,
1136599,AB de Villiers,Royal Challengers Bengaluru,5.0,9.0,,,
1136599,Mandeep Singh,Royal Challengers Bengaluru,21.0,23.0,,,
1136600,AM Rahane,Rajasthan Royals,9.0,10.0,,,
1136600,MP Stoinis,Punjab Kings,11.0,16.0,12.0,15.0,1.0
1136600,JC Buttler,Rajasthan Royals,82.0,59.0,,,
1136600,AR Patel,Punjab Kings,9.0,5.0,18.0,24.0,
1136600,MM Sharma,Punjab Kings,,,20.0,27.0,
1136600,AJ Tye,Punjab Kings,1.0,1.0,24.0,34.0,4.0
1136600,K Gowtham,Rajasthan Royals,8.0,6.0,19.0,11.0,2.0
1136600,SV Samson,Rajasthan Royals,22.0,18.0,,,
1136600,R Ashwin,Punjab Kings,0.0,2.0,24.0,34.0,
1136600,Mujeeb Ur Rahman,Punjab Kings,,,24.0,21.0,2.0
1136600,BA Stokes,Rajasthan Royals,14.0,11.0,12.0,13.0,1.0
1136600,STR Binny,Rajasthan Royals,11.0,7.0,,,
1136600,MK Lomror,Rajasthan Royals,9.0,9.0,12.0,19.0,
1136600,JC Archer,Rajasthan Royals,0.0,1.0,24.0,32.0,1.0
1136600,JD Unadkat,Rajasthan Royals,0.0,1.0,25.0,35.0,1.0
1136600,KL Rahul,Punjab Kings,95.0,70.0,,,
1136600,CH Gayle,Punjab Kings,1.0,2.0,,,
1136600,KK Nair,Punjab Kings,3.0,5.0,,,
1136600,AD Nath,Punjab Kings,9.0,13.0,,,
1136600,IS Sodhi,Rajasthan Royals,,,24.0,14.0,1.0
1136600,MK Tiwary,Punjab Kings,7.0,8.0,,,
1136600,Anureet Singh,Rajasthan Royals,,,6.0,12.0,
1136601,SA Yadav,Mumbai Indians,36.0,32.0,,,
1136601,AD Russell,Kolkata Knight Riders,2.0,4.0,14.0,14.0,
1136601,M Prasidh Krishna,Kolkata Knight Riders,1.0,5.0,25.0,40.0,1.0
1136601,E Lewis,Mumbai Indians,18.0,13.0,,,
1136601,TK Curran,Kolkata Knight Riders,18.0,17.0,20.0,31.0,1.0
1136601,SP Narine,Kolkata Knight Riders,4.0,2.0,24.0,27.0,1.0
1136601,PP Chawla,Kolkata Knight Riders,11.0,13.0,24.0,48.0,3.0
1136601,RG Sharma,Mumbai Indians,36.0,32.0,,,
1136601,Kuldeep Yadav,Kolkata Knight Riders,5.0,15.0,18.0,43.0,
1136601,Ishan Kishan,Mumbai Indians,62.0,22.0,,,
1136601,HH Pandya,Mumbai Indians,19.0,14.0,18.0,16.0,2.0
1136601,BCJ Cutting,Mumbai Indians,24.0,10.0,12.0,12.0,1.0
1136601,KH Pandya,Mumbai Indians,8.0,2.0,19.0,12.0,2.0
1136601,MJ McClenaghan,Mumbai Indians,,,18.0,24.0,1.0
1136601,CA Lynn,Kolkata Knight Riders,21.0,15.0,,,
1136601,RV Uthappa,Kolkata Knight Riders,14.0,13.0,,,
1136601,N Rana,Kolkata Knight Riders,21.0,19.0,,,
1136601,JJ Bumrah,Mumbai Indians,,,18.0,17.0,1.0
1136601,M Markande,Mumbai Indians,,,24.0,26.0,1.0
1136601,KD Karthik,Kolkata Knight Riders,5.0,3.0,,,
1136601,RK Singh,Kolkata Knight Riders,5.0,3.0,,,
1136602,PP Shaw,Delhi Capitals,9.0,11.0,,,
1136602,B Kumar,Sunrisers Hyderabad,,,25.0,50.0,1.0
1136602,JJ Roy,Delhi Capitals,11.0,13.0,,,
1136602,Sandeep Sharma,Sunrisers Hyderabad,,,24.0,24.0,
1136602,Shakib Al Hasan,Sunrisers Hyderabad,,,24.0,27.0,2.0
1136602,SS Iyer,Delhi Capitals,3.0,8.0,,,
1136602,RR Pant,Delhi Capitals,128.0,64.0,,,
1136602,S Kaul,Sunrisers Hyderabad,,,24.0,48.0,
1136602,HV Patel,Delhi Capitals,24.0,17.0,24.0,32.0,1.0
1136602,Rashid Khan,Sunrisers Hyderabad,,,24.0,35.0,
1136602,GJ Maxwell,Delhi Capitals,9.0,8.0,6.0,9.0,
1136602,AD Hales,Sunrisers Hyderabad,14.0,10.0,,,
1136602,TA Boult,Delhi Capitals,,,23.0,43.0,
1136602,S Dhawan,Sunrisers Hyderabad,92.0,51.0,,,
1136602,KS Williamson,Sunrisers Hyderabad,83.0,53.0,,,
1136602,S Nadeem,Delhi Capitals,,,12.0,22.0,
1136602,LE Plunkett,Delhi Capitals,,,24.0,41.0,
1136602,A Mishra,Delhi Capitals,,,18.0,29.0,
1136602,V Shankar,Delhi Capitals,,,7.0,13.0,
1136603,SR Watson,Chennai Super Kings,39.0,33.0,6.0,9.0,
1136603,K Gowtham,Rajasthan Royals,13.0,5.0,18.0,28.0,
1136603,AT Rayudu,Chennai Super Kings,12.0,9.0,,,
1136603,Ankit Sharma,Rajasthan Royals,,,6.0,11.0,
1136603,JC Archer,Rajasthan Royals,,,30.0,36.0,2.0
1136603,SK Raina,Chennai Super Kings,52.0,41.0,,,
1136603,BA Stokes,Rajasthan Royals,11.0,7.0,25.0,30.0,
1136603,JD Unadkat,Rajasthan Royals,,,28.0,30.0,
1136603,IS Sodhi,Rajasthan Royals,,,24.0,29.0,1.0
1136603,MS Dhoni,Chennai Super Kings,33.0,25.0,,,
1136603,SW Billings,Chennai Super Kings,27.0,22.0,,,
1136603,DJ Bravo,Chennai Super Kings,1.0,1.0,23.0,31.0,1.0
1136603,JC Buttler,Rajasthan Royals,95.0,60.0,,,
1136603,DJ Willey,Chennai Super Kings,,,25.0,46.0,1.0
1136603,Harbhajan Singh,Chennai Super Kings,,,12.0,29.0,1.0
1136603,RA Jadeja,Chennai Super Kings,,,24.0,28.0,1.0
1136603,AM Rahane,Rajasthan Royals,4.0,3.0,,,
1136603,SV Samson,Rajasthan Royals,21.0,23.0,,,
1136603,SN Thakur,Chennai Super Kings,,,25.0,21.0,1.0
1136603,KV Sharma,Chennai Super Kings,,,6.0,10.0,
1136603,P Chopra,Rajasthan Royals,8.0,6.0,,,
1136603,STR Binny,Rajasthan Royals,22.0,17.0,,,
1136604,CA Lynn,Kolkata Knight Riders,27.0,17.0,,,
1136604,MM Sharma,Punjab Kings,4.0,3.0,25.0,39.0,1.0
1136604,Mujeeb Ur Rahman,Punjab Kings,,,14.0,28.0,
1136604,SP Narine,Kolkata Knight Riders,75.0,37.0,24.0,44.0,1.0
1136604,R Ashwin,Punjab Kings,45.0,24.0,17.0,35.0,
1136604,BB Sran,Punjab Kings,1.0,1.0,18.0,48.0,1.0
1136604,AJ Tye,Punjab Kings,14.0,11.0,26.0,39.0,4.0
1136604,RV Uthappa,Kolkata Knight Riders,24.0,18.0,,,
1136604,AR Patel,Punjab Kings,19.0,12.0,25.0,51.0,
1136604,AD Russell,Kolkata Knight Riders,31.0,15.0,24.0,41.0,3.0
1136604,KD Karthik,Kolkata Knight Riders,50.0,24.0,,,
1136604,N Rana,Kolkata Knight Riders,11.0,5.0,,,
1136604,Shubman Gill,Kolkata Knight Riders,16.0,8.0,,,
1136604,JPR Scantlebury-Searles,Kolkata Knight Riders,6.0,1.0,27.0,49.0,1.0
1136604,KL Rahul,Punjab Kings,66.0,31.0,,,
1136604,CH Gayle,Punjab Kings,21.0,17.0,,,
1136604,M Prasidh Krishna,Kolkata Knight Riders,,,26.0,29.0,2.0
1136604,MA Agarwal,Punjab Kings,0.0,1.0,,,
1136604,KK Nair,Punjab Kings,3.0,6.0,,,
1136604,AJ Finch,Punjab Kings,34.0,20.0,,,
1136604,Kuldeep Yadav,Kolkata Knight Riders,,,13.0,28.0,1.0
1136604,PP Chawla,Kolkata Knight Riders,,,12.0,16.0,
1136605,PP Shaw,Delhi Capitals,2.0,4.0,,,
1136605,YS Chahal,Royal Challengers Bengaluru,,,24.0,28.0,2.0
1136605,JJ Roy,Delhi Capitals,12.0,10.0,,,
1136605,UT Yadav,Royal Challengers Bengaluru,,,19.0,27.0,
1136605,SS Iyer,Delhi Capitals,32.0,37.0,,,
1136605,RR Pant,Delhi Capitals,61.0,35.0,,,
1136605,TG Southee,Royal Challengers Bengaluru,,,27.0,38.0,
1136605,MM Ali,Royal Challengers Bengaluru,1.0,3.0,26.0,23.0,1.0
1136605,Mohammed Siraj,Royal Challengers Bengaluru,,,24.0,46.0,1.0
1136605,C de Grandhomme,Royal Challengers Bengaluru,3.0,5.0,6.0,12.0,
1136605,V Shankar,Delhi Capitals,21.0,20.0,,,
1136605,Abhishek Sharma,Delhi Capitals,46.0,20.0,,,
1136605,PA Patel,Royal Challengers Bengaluru,6.0,8.0,,,
1136605,S Lamichhane,Delhi Capitals,,,24.0,25.0,1.0
1136605,TA Boult,Delhi Capitals,,,24.0,40.0,2.0
1136605,V Kohli,Royal Challengers Bengaluru,70.0,42.0,,,
1136605,AB de Villiers,Royal Challengers Bengaluru,72.0,37.0,,,
1136605,CJ Dala,Delhi Capitals,,,19.0,33.0,
1136605,HV Patel,Delhi Capitals,,,27.0,46.0,1.0
1136605,A Mishra,Delhi Capitals,,,25.0,32.0,1.0
1136605,Mandeep Singh,Royal Challengers Bengaluru,13.0,14.0,,,
1136605,SN Khan,Royal Challengers Bengaluru,11.0,10.0,,,
1136606,S Dhawan,Sunrisers Hyderabad,79.0,55.0,,,
1136606,DL Chahar,Chennai Super Kings,,,27.0,13.0,1.0
1136606,AD Hales,Sunrisers Hyderabad,2.0,9.0,,,
1136606,SN Thakur,Chennai Super Kings,,,27.0,29.0,2.0
1136606,DJ Willey,Chennai Super Kings,,,12.0,24.0,
1136606,KS Williamson,Sunrisers Hyderabad,51.0,39.0,,,
1136606,Harbhajan Singh,Chennai Super Kings,,,13.0,25.0,
1136606,SR Watson,Chennai Super Kings,57.0,35.0,13.0,14.0,
1136606,DJ Bravo,Chennai Super Kings,,,26.0,37.0,1.0
1136606,RA Jadeja,Chennai Super Kings,,,12.0,24.0,
1136606,MK Pandey,Sunrisers Hyderabad,5.0,6.0,,,
1136606,DJ Hooda,Sunrisers Hyderabad,21.0,15.0,,,
1136606,Shakib Al Hasan,Sunrisers Hyderabad,8.0,6.0,24.0,41.0,
1136606,Sandeep Sharma,Sunrisers Hyderabad,,,25.0,35.0,1.0
1136606,B Kumar,Sunrisers Hyderabad,,,24.0,38.0,
1136606,AT Rayudu,Chennai Super Kings,100.0,62.0,,,
1136606,Rashid Khan,Sunrisers Hyderabad,,,24.0,25.0,
1136606,S Kaul,Sunrisers Hyderabad,,,18.0,40.0,
1136606,SK Raina,Chennai Super Kings,2.0,3.0,,,
1136606,MS Dhoni,Chennai Super Kings,20.0,15.0,,,
1136607,SA Yadav,Mumbai Indians,38.0,32.0,,,
1136607,K Gowtham,Rajasthan Royals,,,14.0,21.0,
1136607,E Lewis,Mumbai Indians,60.0,45.0,,,
1136607,DS Kulkarni,Rajasthan Royals,,,24.0,43.0,1.0
1136607,JC Archer,Rajasthan Royals,,,27.0,13.0,2.0
1136607,BA Stokes,Rajasthan Royals,,,25.0,25.0,2.0
1136607,S Gopal,Rajasthan Royals,,,12.0,21.0,
1136607,JD Unadkat,Rajasthan Royals,,,25.0,36.0,1.0
1136607,RG Sharma,Mumbai Indians,0.0,1.0,,,
1136607,Ishan Kishan,Mumbai Indians,12.0,11.0,,,
1136607,HH Pandya,Mumbai Indians,36.0,23.0,24.0,52.0,2.0
1136607,KH Pandya,Mumbai Indians,3.0,8.0,24.0,24.0,
1136607,BCJ Cutting,Mumbai Indians,10.0,7.0,,,
1136607,DJM Short,Rajasthan Royals,4.0,6.0,,,
1136607,JJ Bumrah,Mumbai Indians,,,19.0,29.0,1.0
1136607,AM Rahane,Rajasthan Royals,37.0,37.0,,,
1136607,JC Buttler,Rajasthan Royals,94.0,54.0,,,
1136607,MJ McClenaghan,Mumbai Indians,,,27.0,24.0,
1136607,M Markande,Mumbai Indians,,,18.0,32.0,
1136607,SV Samson,Rajasthan Royals,26.0,15.0,,,
1136608,KL Rahul,Punjab Kings,21.0,15.0,,,
1136608,UT Yadav,Royal Challengers Bengaluru,,,24.0,23.0,3.0
1136608,CH Gayle,Punjab Kings,18.0,14.0,,,
1136608,TG Southee,Royal Challengers Bengaluru,,,12.0,19.0,
1136608,KK Nair,Punjab Kings,1.0,3.0,,,
1136608,Mohammed Siraj,Royal Challengers Bengaluru,,,19.0,16.0,1.0
1136608,MP Stoinis,Punjab Kings,2.0,3.0,6.0,12.0,
1136608,AJ Finch,Punjab Kings,26.0,25.0,,,
1136608,YS Chahal,Royal Challengers Bengaluru,,,12.0,6.0,1.0
1136608,MA Agarwal,Punjab Kings,2.0,6.0,,,
1136608,C de Grandhomme,Royal Challengers Bengaluru,,,14.0,6.0,1.0
1136608,AR Patel,Punjab Kings,9.0,14.0,,,
1136608,MM Ali,Royal Challengers Bengaluru,,,13.0,13.0,1.0
1136608,R Ashwin,Punjab Kings,0.0,1.0,6.0,9.0,
1136608,AJ Tye,Punjab Kings,0.0,3.0,24.0,33.0,
1136608,MM Sharma,Punjab Kings,3.0,5.0,6.0,15.0,
1136608,AS Rajpoot,Punjab Kings,1.0,5.0,9.0,19.0,
1136608,V Kohli,Royal Challengers Bengaluru,48.0,29.0,,,
1136608,PA Patel,Royal Challengers Bengaluru,40.0,22.0,,,
1136609,RA Tripathi,Rajasthan Royals,27.0,15.0,,,
1136609,Shivam Mavi,Kolkata Knight Riders,,,24.0,44.0,1.0
1136609,JC Buttler,Rajasthan Royals,39.0,23.0,,,
1136609,M Prasidh Krishna,Kolkata Knight Riders,,,24.0,35.0,2.0
1136609,SP Narine,Kolkata Knight Riders,21.0,7.0,25.0,28.0,1.0
1136609,AD Russell,Kolkata Knight Riders,11.0,5.0,18.0,13.0,2.0
1136609,AM Rahane,Rajasthan Royals,11.0,12.0,,,
1136609,Kuldeep Yadav,Kolkata Knight Riders,,,24.0,20.0,4.0
1136609,SV Samson,Rajasthan Royals,12.0,10.0,,,
1136609,BA Stokes,Rajasthan Royals,11.0,13.0,25.0,14.0,3.0
1136609,STR Binny,Rajasthan Royals,1.0,4.0,,,
1136609,K Gowtham,Rajasthan Royals,3.0,5.0,12.0,32.0,
1136609,JD Unadkat,Rajasthan Royals,26.0,18.0,18.0,23.0,
1136609,IS Sodhi,Rajasthan Royals,1.0,6.0,24.0,21.0,1.0
1136609,JC Archer,Rajasthan Royals,6.0,5.0,24.0,43.0,
1136609,Anureet Singh,Rajasthan Royals,3.0,4.0,6.0,10.0,
1136609,CA Lynn,Kolkata Knight Riders,45.0,42.0,,,
1136609,RV Uthappa,Kolkata Knight Riders,4.0,6.0,,,
1136609,N Rana,Kolkata Knight Riders,21.0,18.0,,,
1136609,KD Karthik,Kolkata Knight Riders,41.0,31.0,,,
1136610,SA Yadav,Mumbai Indians,27.0,15.0,,,
1136610,AS Rajpoot,Punjab Kings,,,26.0,44.0,1.0
1136610,E Lewis,Mumbai Indians,9.0,8.0,,,
1136610,MM Sharma,Punjab Kings,,,20.0,32.0,
1136610,AJ Tye,Punjab Kings,,,25.0,15.0,4.0
1136610,Ishan Kishan,Mumbai Indians,20.0,12.0,,,
1136610,KH Pandya,Mumbai Indians,32.0,24.0,24.0,36.0,
1136610,RG Sharma,Mumbai Indians,6.0,10.0,,,
1136610,AR Patel,Punjab Kings,10.0,8.0,19.0,23.0,
1136610,R Ashwin,Punjab Kings,,,18.0,18.0,2.0
1136610,KA Pollard,Mumbai Indians,50.0,24.0,,,
1136610,MP Stoinis,Punjab Kings,1.0,2.0,18.0,43.0,1.0
1136610,HH Pandya,Mumbai Indians,9.0,13.0,26.0,40.0,
1136610,BCJ Cutting,Mumbai Indians,4.0,7.0,6.0,15.0,
1136610,MJ McClenaghan,Mumbai Indians,11.0,8.0,25.0,36.0,2.0
1136610,M Markande,Mumbai Indians,7.0,5.0,19.0,33.0,
1136610,KL Rahul,Punjab Kings,94.0,64.0,,,
1136610,CH Gayle,Punjab Kings,18.0,11.0,,,
1136610,JJ Bumrah,Mumbai Indians,,,25.0,14.0,3.0
1136610,AJ Finch,Punjab Kings,46.0,35.0,,,
1136610,Yuvraj Singh,Punjab Kings,1.0,4.0,,,
1136610,MK Tiwary,Punjab Kings,4.0,1.0,,,
1136611,PA Patel,Royal Challengers Bengaluru,1.0,4.0,,,
1136611,Sandeep Sharma,Sunrisers Hyderabad,,,25.0,39.0,1.0
1136611,V Kohli,Royal Challengers Bengaluru,12.0,11.0,,,
1136611,AB de Villiers,Royal Challengers Bengaluru,69.0,41.0,,,
1136611,Shakib Al Hasan,Sunrisers Hyderabad,,,24.0,35.0,
1136611,Rashid Khan,Sunrisers Hyderabad,,,24.0,27.0,3.0
1136611,MM Ali,Royal Challengers Bengaluru,65.0,34.0,12.0,21.0,1.0
1136611,S Kaul,Sunrisers Hyderabad,,,24.0,44.0,2.0
1136611,Basil Thampi,Sunrisers Hyderabad,,,25.0,69.0,
1136611,Mandeep Singh,Royal Challengers Bengaluru,4.0,6.0,,,
1136611,C de Grandhomme,Royal Challengers Bengaluru,40.0,17.0,12.0,34.0,
1136611,SN Khan,Royal Challengers Bengaluru,22.0,8.0,,,
1136611,TG Southee,Royal Challengers Bengaluru,1.0,1.0,25.0,44.0,
1136611,S Dhawan,Sunrisers Hyderabad,18.0,15.0,,,
1136611,UT Yadav,Royal Challengers Bengaluru,,,24.0,31.0,
1136611,AD Hales,Sunrisers Hyderabad,37.0,24.0,,,
1136611,YS Chahal,Royal Challengers Bengaluru,,,25.0,27.0,1.0
1136611,Mohammed Siraj,Royal Challengers Bengaluru,,,25.0,42.0,1.0
1136611,KS Williamson,Sunrisers Hyderabad,81.0,42.0,,,
1136611,MK Pandey,Sunrisers Hyderabad,62.0,41.0,,,
1136611,DJ Hooda,Sunrisers Hyderabad,1.0,1.0,,,
1136612,PP Shaw,Delhi Capitals,17.0,19.0,,,
1136612,DL Chahar,Chennai Super Kings,1.0,2.0,20.0,21.0,1.0
1136612,SS Iyer,Delhi Capitals,19.0,22.0,,,
1136612,L Ngidi,Chennai Super Kings,,,20.0,12.0,2.0
1136612,RA Jadeja,Chennai Super Kings,27.0,18.0,24.0,19.0,1.0
1136612,RR Pant,Delhi Capitals,38.0,27.0,,,
1136612,SN Thakur,Chennai Super Kings,,,24.0,27.0,1.0
1136612,Harbhajan Singh,Chennai Super Kings,,,12.0,24.0,
1136612,DJ Bravo,Chennai Super Kings,1.0,2.0,26.0,50.0,
1136612,GJ Maxwell,Delhi Capitals,5.0,8.0,12.0,14.0,
1136612,V Shankar,Delhi Capitals,36.0,30.0,,,
1136612,Abhishek Sharma,Delhi Capitals,2.0,4.0,,,
1136612,HV Patel,Delhi Capitals,36.0,16.0,24.0,23.0,1.0
1136612,SR Watson,Chennai Super Kings,14.0,23.0,,,
1136612,TA Boult,Delhi Capitals,,,24.0,20.0,2.0
1136612,S Lamichhane,Delhi Capitals,,,24.0,21.0,1.0
1136612,AT Rayudu,Chennai Super Kings,50.0,29.0,,,
1136612,Avesh Khan,Delhi Capitals,,,12.0,28.0,
1136612,A Mishra,Delhi Capitals,,,24.0,20.0,2.0
1136612,SK Raina,Chennai Super Kings,15.0,18.0,,,
1136612,MS Dhoni,Chennai Super Kings,17.0,23.0,,,
1136612,SW Billings,Chennai Super Kings,1.0,5.0,,,
1136613,RA Tripathi,Rajasthan Royals,80.0,60.0,,,
1136613,YS Chahal,Royal Challengers Bengaluru,0.0,4.0,24.0,26.0,
1136613,JC Archer,Rajasthan Royals,0.0,4.0,25.0,36.0,
1136613,UT Yadav,Royal Challengers Bengaluru,0.0,1.0,24.0,25.0,3.0
1136613,AM Rahane,Rajasthan Royals,33.0,32.0,,,
1136613,MM Ali,Royal Challengers Bengaluru,1.0,2.0,12.0,19.0,
1136613,TG Southee,Royal Challengers Bengaluru,14.0,17.0,25.0,36.0,
1136613,Mohammed Siraj,Royal Challengers Bengaluru,14.0,13.0,24.0,33.0,1.0
1136613,C de Grandhomme,Royal Challengers Bengaluru,2.0,3.0,15.0,20.0,
1136613,SV Samson,Rajasthan Royals,0.0,1.0,,,
1136613,H Klaasen,Rajasthan Royals,32.0,22.0,,,
1136613,K Gowtham,Rajasthan Royals,14.0,5.0,12.0,6.0,1.0
1136613,V Kohli,Royal Challengers Bengaluru,4.0,9.0,,,
1136613,PA Patel,Royal Challengers Bengaluru,33.0,21.0,,,
1136613,AB de Villiers,Royal Challengers Bengaluru,53.0,35.0,,,
1136613,B Laughlin,Rajasthan Royals,,,12.0,15.0,2.0
1136613,JD Unadkat,Rajasthan Royals,,,20.0,27.0,2.0
1136613,S Gopal,Rajasthan Royals,,,24.0,16.0,4.0
1136613,IS Sodhi,Rajasthan Royals,,,24.0,31.0,1.0
1136613,Mandeep Singh,Royal Challengers Bengaluru,3.0,4.0,,,
1136613,SN Khan,Royal Challengers Bengaluru,7.0,8.0,,,
1136614,S Dhawan,Sunrisers Hyderabad,50.0,40.0,,,
1136614,N Rana,Kolkata Knight Riders,7.0,5.0,6.0,5.0,
1136614,M Prasidh Krishna,Kolkata Knight Riders,,,26.0,28.0,4.0
1136614,SP Goswami,Sunrisers Hyderabad,35.0,28.0,,,
1136614,AD Russell,Kolkata Knight Riders,4.0,4.0,20.0,29.0,1.0
1136614,SP Narine,Kolkata Knight Riders,29.0,12.0,26.0,21.0,1.0
1136614,PP Chawla,Kolkata Knight Riders,,,12.0,19.0,
1136614,Kuldeep Yadav,Kolkata Knight Riders,,,24.0,35.0,1.0
1136614,JPR Scantlebury-Searles,Kolkata Knight Riders,,,12.0,24.0,1.0
1136614,KS Williamson,Sunrisers Hyderabad,36.0,17.0,,,
1136614,MK Pandey,Sunrisers Hyderabad,25.0,23.0,,,
1136614,YK Pathan,Sunrisers Hyderabad,2.0,5.0,,,
1136614,CR Brathwaite,Sunrisers Hyderabad,3.0,4.0,17.0,20.0,2.0
1136614,Shakib Al Hasan,Sunrisers Hyderabad,10.0,7.0,18.0,30.0,1.0
1136614,Rashid Khan,Sunrisers Hyderabad,0.0,1.0,24.0,31.0,
1136614,B Kumar,Sunrisers Hyderabad,0.0,1.0,25.0,32.0,
1136614,CA Lynn,Kolkata Knight Riders,55.0,44.0,,,
1136614,Sandeep Sharma,Sunrisers Hyderabad,,,14.0,28.0,
1136614,S Kaul,Sunrisers Hyderabad,,,25.0,25.0,2.0
1136614,RV Uthappa,Kolkata Knight Riders,45.0,34.0,,,
1136614,KD Karthik,Kolkata Knight Riders,26.0,24.0,,,
1136615,PP Shaw,Delhi Capitals,12.0,8.0,,,
1136615,KH Pandya,Mumbai Indians,4.0,3.0,12.0,11.0,1.0
1136615,GJ Maxwell,Delhi Capitals,22.0,19.0,12.0,19.0,
1136615,JJ Bumrah,Mumbai Indians,0.0,1.0,27.0,26.0,1.0
1136615,HH Pandya,Mumbai Indians,27.0,18.0,25.0,35.0,
1136615,Mustafizur Rahman,Mumbai Indians,,,24.0,34.0,
1136615,SS Iyer,Delhi Capitals,6.0,10.0,,,
1136615,RR Pant,Delhi Capitals,64.0,45.0,,,
1136615,M Markande,Mumbai Indians,3.0,11.0,12.0,21.0,1.0
1136615,BCJ Cutting,Mumbai Indians,37.0,20.0,25.0,35.0,
1136615,V Shankar,Delhi Capitals,43.0,32.0,,,
1136615,Abhishek Sharma,Delhi Capitals,15.0,11.0,,,
1136615,SA Yadav,Mumbai Indians,12.0,4.0,,,
1136615,S Lamichhane,Delhi Capitals,,,25.0,35.0,3.0
1136615,E Lewis,Mumbai Indians,48.0,32.0,,,
1136615,Ishan Kishan,Mumbai Indians,5.0,14.0,,,
1136615,TA Boult,Delhi Capitals,,,25.0,32.0,1.0
1136615,HV Patel,Delhi Capitals,,,16.0,26.0,3.0
1136615,LE Plunkett,Delhi Capitals,,,20.0,25.0,
1136615,A Mishra,Delhi Capitals,,,24.0,19.0,3.0
1136615,KA Pollard,Mumbai Indians,7.0,7.0,,,
1136615,RG Sharma,Mumbai Indians,13.0,12.0,,,
1136616,KL Rahul,Punjab Kings,7.0,12.0,,,
1136616,DL Chahar,Chennai Super Kings,39.0,21.0,27.0,27.0,1.0
1136616,CH Gayle,Punjab Kings,0.0,2.0,,,
1136616,L Ngidi,Chennai Super Kings,,,25.0,9.0,4.0
1136616,AJ Finch,Punjab Kings,4.0,6.0,,,
1136616,MK Tiwary,Punjab Kings,35.0,31.0,,,
1136616,DA Miller,Punjab Kings,24.0,23.0,,,
1136616,Harbhajan Singh,Chennai Super Kings,19.0,23.0,6.0,13.0,
1136616,SN Thakur,Chennai Super Kings,,,24.0,31.0,2.0
1136616,DJ Bravo,Chennai Super Kings,,,24.0,39.0,2.0
1136616,RA Jadeja,Chennai Super Kings,,,18.0,23.0,1.0
1136616,KK Nair,Punjab Kings,54.0,27.0,,,
1136616,AR Patel,Punjab Kings,14.0,12.0,24.0,28.0,
1136616,R Ashwin,Punjab Kings,0.0,2.0,25.0,35.0,2.0
1136616,AJ Tye,Punjab Kings,0.0,2.0,29.0,42.0,
1136616,MM Sharma,Punjab Kings,2.0,3.0,20.0,27.0,1.0
1136616,AS Rajpoot,Punjab Kings,2.0,4.0,25.0,18.0,2.0
1136616,AT Rayudu,Chennai Super Kings,1.0,3.0,,,
1136616,F du Plessis,Chennai Super Kings,14.0,15.0,,,
1136616,SK Raina,Chennai Super Kings,61.0,53.0,,,
1136616,SW Billings,Chennai Super Kings,0.0,1.0,,,
1136616,MS Dhoni,Chennai Super Kings,16.0,7.0,,,
1136617,S Dhawan,Sunrisers Hyderabad,0.0,1.0,,,
1136617,DL Chahar,Chennai Super Kings,10.0,6.0,26.0,29.0,1.0
1136617,KS Williamson,Sunrisers Hyderabad,24.0,15.0,,,
1136617,SP Goswami,Sunrisers Hyderabad,12.0,9.0,,,
1136617,L Ngidi,Chennai Super Kings,,,24.0,20.0,1.0
1136617,MK Pandey,Sunrisers Hyderabad,8.0,16.0,,,
1136617,SN Thakur,Chennai Super Kings,15.0,5.0,27.0,47.0,1.0
1136617,Shakib Al Hasan,Sunrisers Hyderabad,12.0,10.0,12.0,20.0,
1136617,DJ Bravo,Chennai Super Kings,7.0,11.0,28.0,21.0,2.0
1136617,YK Pathan,Sunrisers Hyderabad,24.0,32.0,,,
1136617,RA Jadeja,Chennai Super Kings,3.0,5.0,24.0,13.0,1.0
1136617,CR Brathwaite,Sunrisers Hyderabad,43.0,33.0,19.0,30.0,
1136617,B Kumar,Sunrisers Hyderabad,7.0,13.0,20.0,13.0,1.0
1136617,SR Watson,Chennai Super Kings,0.0,5.0,,,
1136617,SK Raina,Chennai Super Kings,22.0,14.0,,,
1136617,Sandeep Sharma,Sunrisers Hyderabad,,,18.0,30.0,2.0
1136617,F du Plessis,Chennai Super Kings,67.0,43.0,,,
1136617,S Kaul,Sunrisers Hyderabad,,,25.0,31.0,2.0
1136617,AT Rayudu,Chennai Super Kings,0.0,1.0,,,
1136617,MS Dhoni,Chennai Super Kings,9.0,19.0,,,
1136617,Rashid Khan,Sunrisers Hyderabad,,,24.0,11.0,2.0
1136617,Harbhajan Singh,Chennai Super Kings,2.0,9.0,,,
1136618,SP Narine,Kolkata Knight Riders,4.0,2.0,25.0,38.0,
1136618,K Gowtham,Rajasthan Royals,9.0,7.0,18.0,15.0,2.0
1136618,RV Uthappa,Kolkata Knight Riders,3.0,9.0,,,
1136618,CA Lynn,Kolkata Knight Riders,18.0,23.0,,,
1136618,JC Archer,Rajasthan Royals,,,28.0,29.0,2.0
1136618,N Rana,Kolkata Knight Riders,3.0,5.0,,,
1136618,KD Karthik,Kolkata Knight Riders,52.0,38.0,,,
1136618,JD Unadkat,Rajasthan Royals,,,12.0,33.0,
1136618,IS Sodhi,Rajasthan Royals,,,24.0,15.0,
1136618,S Gopal,Rajasthan Royals,,,24.0,34.0,1.0
1136618,Shubman Gill,Kolkata Knight Riders,28.0,17.0,,,
1136618,B Laughlin,Rajasthan Royals,,,20.0,33.0,2.0
1136618,AD Russell,Kolkata Knight Riders,49.0,27.0,18.0,22.0,
1136618,JPR Scantlebury-Searles,Kolkata Knight Riders,2.0,5.0,6.0,13.0,
1136618,AM Rahane,Rajasthan Royals,46.0,42.0,,,
1136618,RA Tripathi,Rajasthan Royals,20.0,13.0,,,
1136618,M Prasidh Krishna,Kolkata Knight Riders,,,24.0,28.0,1.0
1136618,PP Chawla,Kolkata Knight Riders,,,24.0,24.0,2.0
1136618,SV Samson,Rajasthan Royals,50.0,38.0,,,
1136618,Kuldeep Yadav,Kolkata Knight Riders,,,24.0,18.0,1.0
1136618,H Klaasen,Rajasthan Royals,18.0,18.0,,,
1136618,STR Binny,Rajasthan Royals,0.0,3.0,,,
1136619,WP Saha,Sunrisers Hyderabad,35.0,28.0,,,
1136619,Shivam Mavi,Kolkata Knight Riders,6.0,4.0,25.0,32.0,1.0
1136619,S Dhawan,Sunrisers Hyderabad,34.0,25.0,,,
1136619,M Prasidh Krishna,Kolkata Knight Riders,,,27.0,53.0,
1136619,AD Russell,Kolkata Knight Riders,3.0,7.0,6.0,9.0,
1136619,SP Narine,Kolkata Knight Riders,26.0,13.0,24.0,24.0,1.0
1136619,PP Chawla,Kolkata Knight Riders,12.0,13.0,18.0,22.0,1.0
1136619,Kuldeep Yadav,Kolkata Knight Riders,0.0,3.0,24.0,29.0,2.0
1136619,KS Williamson,Sunrisers Hyderabad,3.0,3.0,,,
1136619,Shakib Al Hasan,Sunrisers Hyderabad,28.0,24.0,18.0,16.0,1.0
1136619,DJ Hooda,Sunrisers Hyderabad,19.0,19.0,,,
1136619,YK Pathan,Sunrisers Hyderabad,3.0,7.0,,,
1136619,CR Brathwaite,Sunrisers Hyderabad,8.0,5.0,12.0,15.0,2.0
1136619,Rashid Khan,Sunrisers Hyderabad,34.0,11.0,24.0,19.0,3.0
1136619,B Kumar,Sunrisers Hyderabad,5.0,2.0,24.0,38.0,
1136619,CA Lynn,Kolkata Knight Riders,48.0,31.0,,,
1136619,KK Ahmed,Sunrisers Hyderabad,,,19.0,37.0,
1136619,S Kaul,Sunrisers Hyderabad,,,24.0,32.0,2.0
1136619,N Rana,Kolkata Knight Riders,22.0,16.0,,,
1136619,RV Uthappa,Kolkata Knight Riders,2.0,8.0,,,
1136619,KD Karthik,Kolkata Knight Riders,8.0,6.0,,,
1136619,Shubman Gill,Kolkata Knight Riders,30.0,20.0,,,
1136620,SP Goswami,Sunrisers Hyderabad,5.0,5.0,,,
1136620,DL Chahar,Chennai Super Kings,,,26.0,23.0,
1136620,S Dhawan,Sunrisers Hyderabad,26.0,26.0,,,
1136620,L Ngidi,Chennai Super Kings,,,24.0,26.0,1.0
1136620,KS Williamson,Sunrisers Hyderabad,47.0,38.0,,,
1136620,SN Thakur,Chennai Super Kings,,,20.0,29.0,1.0
1136620,KV Sharma,Chennai Super Kings,,,19.0,24.0,1.0
1136620,DJ Bravo,Chennai Super Kings,,,26.0,44.0,1.0
1136620,RA Jadeja,Chennai Super Kings,,,12.0,24.0,1.0
1136620,Shakib Al Hasan,Sunrisers Hyderabad,23.0,15.0,6.0,15.0,
1136620,YK Pathan,Sunrisers Hyderabad,45.0,27.0,,,
1136620,DJ Hooda,Sunrisers Hyderabad,3.0,4.0,,,
1136620,CR Brathwaite,Sunrisers Hyderabad,21.0,12.0,16.0,26.0,1.0
1136620,SR Watson,Chennai Super Kings,117.0,60.0,,,
1136620,B Kumar,Sunrisers Hyderabad,,,24.0,17.0,
1136620,F du Plessis,Chennai Super Kings,10.0,11.0,,,
1136620,Sandeep Sharma,Sunrisers Hyderabad,,,26.0,50.0,1.0
1136620,SK Raina,Chennai Super Kings,32.0,24.0,,,
1136620,S Kaul,Sunrisers Hyderabad,,,18.0,43.0,
1136620,Rashid Khan,Sunrisers Hyderabad,,,24.0,24.0,
1136620,AT Rayudu,Chennai Super Kings,16.0,19.0,,,
1175356,V Kohli,Royal Challengers Bengaluru,6.0,12.0,,,
1175356,DL Chahar,Chennai Super Kings,,,25.0,16.0,
1175356,PA Patel,Royal Challengers Bengaluru,29.0,35.0,,,
1175356,Harbhajan Singh,Chennai Super Kings,,,24.0,20.0,3.0
1175356,MM Ali,Royal Challengers Bengaluru,9.0,8.0,24.0,19.0,1.0
1175356,AB de Villiers,Royal Challengers Bengaluru,9.0,10.0,,,
1175356,SO Hetmyer,Royal Challengers Bengaluru,0.0,2.0,,,
1175356,SK Raina,Chennai Super Kings,19.0,21.0,6.0,6.0,
1175356,S Dube,Royal Challengers Bengaluru,2.0,5.0,5.0,2.0,
1175356,Imran Tahir,Chennai Super Kings,,,24.0,9.0,3.0
1175356,C de Grandhomme,Royal Challengers Bengaluru,4.0,6.0,,,
1175356,RA Jadeja,Chennai Super Kings,6.0,17.0,24.0,15.0,2.0
1175356,Navdeep Saini,Royal Challengers Bengaluru,2.0,3.0,26.0,22.0,
1175356,YS Chahal,Royal Challengers Bengaluru,4.0,12.0,24.0,6.0,1.0
1175356,UT Yadav,Royal Challengers Bengaluru,1.0,10.0,19.0,12.0,
1175356,Mohammed Siraj,Royal Challengers Bengaluru,0.0,1.0,12.0,5.0,1.0
1175356,DJ Bravo,Chennai Super Kings,,,1.0,0.0,1.0
1175356,SR Watson,Chennai Super Kings,0.0,10.0,,,
1175356,AT Rayudu,Chennai Super Kings,28.0,42.0,,,
1175356,KM Jadhav,Chennai Super Kings,13.0,20.0,,,
1175357,DA Warner,Sunrisers Hyderabad,85.0,55.0,,,
1175357,M Prasidh Krishna,Kolkata Knight Riders,,,27.0,28.0,
1175357,JM Bairstow,Sunrisers Hyderabad,39.0,35.0,,,
1175357,PP Chawla,Kolkata Knight Riders,,,18.0,23.0,1.0
1175357,LH Ferguson,Kolkata Knight Riders,,,24.0,34.0,
1175357,SP Narine,Kolkata Knight Riders,,,18.0,29.0,
1175357,Kuldeep Yadav,Kolkata Knight Riders,,,12.0,18.0,
1175357,AD Russell,Kolkata Knight Riders,49.0,20.0,18.0,32.0,2.0
1175357,N Rana,Kolkata Knight Riders,68.0,49.0,6.0,9.0,
1175357,V Shankar,Sunrisers Hyderabad,40.0,24.0,,,
1175357,YK Pathan,Sunrisers Hyderabad,1.0,4.0,,,
1175357,MK Pandey,Sunrisers Hyderabad,8.0,5.0,,,
1175357,CA Lynn,Kolkata Knight Riders,7.0,11.0,,,
1175357,B Kumar,Sunrisers Hyderabad,,,24.0,37.0,
1175357,Shakib Al Hasan,Sunrisers Hyderabad,,,23.0,41.0,1.0
1175357,RV Uthappa,Kolkata Knight Riders,35.0,27.0,,,
1175357,Sandeep Sharma,Sunrisers Hyderabad,,,26.0,40.0,1.0
1175357,S Kaul,Sunrisers Hyderabad,,,24.0,35.0,1.0
1175357,Rashid Khan,Sunrisers Hyderabad,,,24.0,26.0,1.0
1175357,KD Karthik,Kolkata Knight Riders,2.0,4.0,,,
1175357,Shubman Gill,Kolkata Knight Riders,18.0,10.0,,,
1175358,PP Shaw,Delhi Capitals,7.0,6.0,,,
1175358,Rasikh Salam,Mumbai Indians,5.0,4.0,27.0,39.0,
1175358,S Dhawan,Delhi Capitals,43.0,36.0,,,
1175358,MJ McClenaghan,Mumbai Indians,10.0,8.0,24.0,40.0,3.0
1175358,SS Iyer,Delhi Capitals,16.0,10.0,,,
1175358,CA Ingram,Delhi Capitals,47.0,32.0,,,
1175358,JJ Bumrah,Mumbai Indians,,,24.0,40.0,1.0
1175358,HH Pandya,Mumbai Indians,0.0,2.0,25.0,40.0,1.0
1175358,KH Pandya,Mumbai Indians,32.0,16.0,12.0,21.0,
1175358,BCJ Cutting,Mumbai Indians,3.0,4.0,12.0,27.0,1.0
1175358,RR Pant,Delhi Capitals,78.0,28.0,,,
1175358,KMA Paul,Delhi Capitals,3.0,6.0,20.0,19.0,1.0
1175358,AR Patel,Delhi Capitals,4.0,2.0,18.0,42.0,1.0
1175358,R Tewatia,Delhi Capitals,9.0,4.0,8.0,12.0,1.0
1175358,RG Sharma,Mumbai Indians,14.0,13.0,,,
1175358,TA Boult,Delhi Capitals,,,25.0,41.0,1.0
1175358,Q de Kock,Mumbai Indians,27.0,16.0,,,
1175358,I Sharma,Delhi Capitals,,,24.0,34.0,2.0
1175358,SA Yadav,Mumbai Indians,2.0,6.0,,,
1175358,K Rabada,Delhi Capitals,,,27.0,19.0,2.0
1175358,KA Pollard,Mumbai Indians,21.0,13.0,,,
1175358,Yuvraj Singh,Mumbai Indians,53.0,40.0,,,
1175359,KL Rahul,Punjab Kings,4.0,4.0,,,
1175359,DS Kulkarni,Rajasthan Royals,5.0,3.0,27.0,27.0,1.0
1175359,MA Agarwal,Punjab Kings,22.0,25.0,,,
1175359,CH Gayle,Punjab Kings,79.0,52.0,,,
1175359,K Gowtham,Rajasthan Royals,3.0,4.0,25.0,31.0,1.0
1175359,JC Archer,Rajasthan Royals,2.0,2.0,24.0,17.0,
1175359,BA Stokes,Rajasthan Royals,6.0,2.0,27.0,45.0,2.0
1175359,JD Unadkat,Rajasthan Royals,1.0,2.0,19.0,43.0,
1175359,SN Khan,Punjab Kings,46.0,30.0,,,
1175359,N Pooran,Punjab Kings,12.0,15.0,,,
1175359,S Gopal,Rajasthan Royals,1.0,1.0,6.0,5.0,
1175359,Mandeep Singh,Punjab Kings,5.0,2.0,,,
1175359,AM Rahane,Rajasthan Royals,27.0,20.0,,,
1175359,SM Curran,Punjab Kings,,,25.0,51.0,2.0
1175359,JC Buttler,Rajasthan Royals,69.0,43.0,,,
1175359,Mujeeb Ur Rahman,Punjab Kings,,,25.0,30.0,2.0
1175359,Mohammed Shami,Punjab Kings,,,24.0,33.0,
1175359,R Ashwin,Punjab Kings,,,24.0,20.0,1.0
1175359,AS Rajpoot,Punjab Kings,,,26.0,31.0,2.0
1175359,SV Samson,Rajasthan Royals,30.0,25.0,,,
1175359,SPD Smith,Rajasthan Royals,20.0,17.0,,,
1175359,RA Tripathi,Rajasthan Royals,1.0,5.0,,,
1175360,PP Shaw,Delhi Capitals,24.0,18.0,,,
1175360,DL Chahar,Chennai Super Kings,,,25.0,19.0,1.0
1175360,SN Thakur,Chennai Super Kings,,,12.0,19.0,
1175360,S Dhawan,Delhi Capitals,51.0,47.0,,,
1175360,Harbhajan Singh,Chennai Super Kings,,,26.0,28.0,
1175360,SS Iyer,Delhi Capitals,18.0,20.0,,,
1175360,RA Jadeja,Chennai Super Kings,,,24.0,23.0,1.0
1175360,Imran Tahir,Chennai Super Kings,,,12.0,20.0,1.0
1175360,RR Pant,Delhi Capitals,25.0,16.0,,,
1175360,DJ Bravo,Chennai Super Kings,4.0,3.0,26.0,31.0,3.0
1175360,CA Ingram,Delhi Capitals,2.0,2.0,,,
1175360,KMA Paul,Delhi Capitals,0.0,4.0,20.0,18.0,
1175360,AR Patel,Delhi Capitals,9.0,9.0,24.0,16.0,
1175360,R Tewatia,Delhi Capitals,11.0,9.0,12.0,20.0,
1175360,SR Watson,Chennai Super Kings,44.0,27.0,,,
1175360,I Sharma,Delhi Capitals,,,18.0,28.0,1.0
1175360,AT Rayudu,Chennai Super Kings,5.0,5.0,,,
1175360,SK Raina,Chennai Super Kings,30.0,16.0,,,
1175360,K Rabada,Delhi Capitals,,,22.0,26.0,1.0
1175360,A Mishra,Delhi Capitals,,,25.0,34.0,2.0
1175360,KM Jadhav,Chennai Super Kings,27.0,34.0,,,
1175360,MS Dhoni,Chennai Super Kings,32.0,36.0,,,
1175361,CA Lynn,Kolkata Knight Riders,10.0,10.0,,,
1175361,Mohammed Shami,Punjab Kings,,,25.0,43.0,1.0
1175361,SP Narine,Kolkata Knight Riders,24.0,10.0,12.0,26.0,
1175361,CV Varun,Punjab Kings,,,18.0,35.0,1.0
1175361,RV Uthappa,Kolkata Knight Riders,67.0,51.0,,,
1175361,GC Viljoen,Punjab Kings,,,26.0,34.0,1.0
1175361,N Rana,Kolkata Knight Riders,63.0,35.0,,,
1175361,AJ Tye,Punjab Kings,,,24.0,37.0,1.0
1175361,R Ashwin,Punjab Kings,,,25.0,46.0,
1175361,Mandeep Singh,Punjab Kings,33.0,15.0,6.0,18.0,
1175361,AD Russell,Kolkata Knight Riders,48.0,17.0,18.0,21.0,2.0
1175361,KD Karthik,Kolkata Knight Riders,1.0,1.0,,,
1175361,KL Rahul,Punjab Kings,1.0,5.0,,,
1175361,M Prasidh Krishna,Kolkata Knight Riders,,,25.0,41.0,
1175361,CH Gayle,Punjab Kings,20.0,14.0,,,
1175361,LH Ferguson,Kolkata Knight Riders,,,26.0,40.0,1.0
1175361,MA Agarwal,Punjab Kings,58.0,37.0,,,
1175361,SN Khan,Punjab Kings,13.0,13.0,,,
1175361,Kuldeep Yadav,Kolkata Knight Riders,,,26.0,30.0,
1175361,DA Miller,Punjab Kings,59.0,41.0,,,
1175361,PP Chawla,Kolkata Knight Riders,,,18.0,26.0,1.0
1175362,Q de Kock,Mumbai Indians,23.0,20.0,,,
1175362,UT Yadav,Royal Challengers Bengaluru,,,25.0,25.0,2.0
1175362,RG Sharma,Mumbai Indians,48.0,33.0,,,
1175362,Navdeep Saini,Royal Challengers Bengaluru,,,25.0,39.0,
1175362,Mohammed Siraj,Royal Challengers Bengaluru,,,25.0,37.0,2.0
1175362,YS Chahal,Royal Challengers Bengaluru,,,25.0,37.0,4.0
1175362,SA Yadav,Mumbai Indians,38.0,25.0,,,
1175362,C de Grandhomme,Royal Challengers Bengaluru,2.0,8.0,19.0,26.0,
1175362,Yuvraj Singh,Mumbai Indians,23.0,13.0,,,
1175362,MM Ali,Royal Challengers Bengaluru,13.0,7.0,6.0,13.0,
1175362,KA Pollard,Mumbai Indians,5.0,7.0,,,
1175362,KH Pandya,Mumbai Indians,1.0,2.0,24.0,28.0,
1175362,HH Pandya,Mumbai Indians,32.0,15.0,18.0,37.0,
1175362,MJ McClenaghan,Mumbai Indians,1.0,4.0,12.0,24.0,
1175362,M Markande,Mumbai Indians,6.0,5.0,18.0,23.0,1.0
1175362,JJ Bumrah,Mumbai Indians,0.0,1.0,25.0,19.0,3.0
1175362,PA Patel,Royal Challengers Bengaluru,31.0,22.0,,,
1175362,SL Malinga,Mumbai Indians,,,26.0,45.0,
1175362,V Kohli,Royal Challengers Bengaluru,46.0,33.0,,,
1175362,AB de Villiers,Royal Challengers Bengaluru,70.0,42.0,,,
1175362,SO Hetmyer,Royal Challengers Bengaluru,5.0,6.0,,,
1175362,S Dube,Royal Challengers Bengaluru,9.0,5.0,,,
1175363,AM Rahane,Rajasthan Royals,70.0,49.0,,,
1175363,B Kumar,Sunrisers Hyderabad,,,26.0,52.0,
1175363,JC Buttler,Rajasthan Royals,5.0,9.0,,,
1175363,Sandeep Sharma,Sunrisers Hyderabad,,,24.0,38.0,
1175363,Rashid Khan,Sunrisers Hyderabad,15.0,10.0,24.0,24.0,1.0
1175363,SV Samson,Rajasthan Royals,102.0,57.0,,,
1175363,S Kaul,Sunrisers Hyderabad,,,26.0,30.0,
1175363,S Nadeem,Sunrisers Hyderabad,,,18.0,36.0,1.0
1175363,V Shankar,Sunrisers Hyderabad,35.0,15.0,6.0,13.0,
1175363,BA Stokes,Rajasthan Royals,16.0,9.0,18.0,40.0,1.0
1175363,DA Warner,Sunrisers Hyderabad,69.0,38.0,,,
1175363,DS Kulkarni,Rajasthan Royals,,,19.0,39.0,
1175363,K Gowtham,Rajasthan Royals,,,12.0,25.0,
1175363,JM Bairstow,Sunrisers Hyderabad,45.0,28.0,,,
1175363,JC Archer,Rajasthan Royals,,,26.0,40.0,
1175363,S Gopal,Rajasthan Royals,,,24.0,27.0,3.0
1175363,KS Williamson,Sunrisers Hyderabad,14.0,10.0,,,
1175363,JD Unadkat,Rajasthan Royals,,,20.0,24.0,1.0
1175363,MK Pandey,Sunrisers Hyderabad,1.0,5.0,,,
1175363,YK Pathan,Sunrisers Hyderabad,16.0,13.0,,,
1175364,RG Sharma,Mumbai Indians,32.0,18.0,,,
1175364,R Ashwin,Punjab Kings,,,25.0,25.0,
1175364,Q de Kock,Mumbai Indians,60.0,39.0,,,
1175364,Mohammed Shami,Punjab Kings,,,25.0,41.0,2.0
1175364,GC Viljoen,Punjab Kings,,,24.0,40.0,2.0
1175364,AJ Tye,Punjab Kings,,,26.0,38.0,1.0
1175364,SA Yadav,Mumbai Indians,11.0,6.0,,,
1175364,M Ashwin,Punjab Kings,,,24.0,25.0,2.0
1175364,Yuvraj Singh,Mumbai Indians,18.0,24.0,,,
1175364,KA Pollard,Mumbai Indians,7.0,9.0,,,
1175364,HH Pandya,Mumbai Indians,31.0,20.0,21.0,36.0,
1175364,KH Pandya,Mumbai Indians,10.0,6.0,25.0,42.0,2.0
1175364,MJ McClenaghan,Mumbai Indians,0.0,2.0,25.0,34.0,
1175364,KL Rahul,Punjab Kings,71.0,58.0,,,
1175364,CH Gayle,Punjab Kings,40.0,25.0,,,
1175364,SL Malinga,Mumbai Indians,,,19.0,23.0,
1175364,JJ Bumrah,Mumbai Indians,,,22.0,23.0,
1175364,MA Agarwal,Punjab Kings,43.0,23.0,,,
1175364,M Markande,Mumbai Indians,,,7.0,11.0,
1175364,DA Miller,Punjab Kings,15.0,13.0,,,
1175365,NS Naik,Kolkata Knight Riders,7.0,17.0,,,
1175365,K Rabada,Delhi Capitals,,,31.0,47.0,2.0
1175365,CA Lynn,Kolkata Knight Riders,20.0,18.0,,,
1175365,S Lamichhane,Delhi Capitals,,,24.0,29.0,1.0
1175365,CH Morris,Delhi Capitals,,,24.0,35.0,1.0
1175365,RV Uthappa,Kolkata Knight Riders,13.0,8.0,,,
1175365,HV Patel,Delhi Capitals,,,26.0,38.0,2.0
1175365,N Rana,Kolkata Knight Riders,1.0,2.0,6.0,8.0,
1175365,KD Karthik,Kolkata Knight Riders,51.0,38.0,,,
1175365,Shubman Gill,Kolkata Knight Riders,4.0,5.0,,,
1175365,A Mishra,Delhi Capitals,,,25.0,35.0,1.0
1175365,AD Russell,Kolkata Knight Riders,66.0,32.0,18.0,28.0,1.0
1175365,PP Chawla,Kolkata Knight Riders,12.0,5.0,24.0,36.0,1.0
1175365,Kuldeep Yadav,Kolkata Knight Riders,10.0,5.0,24.0,41.0,2.0
1175365,PP Shaw,Delhi Capitals,99.0,56.0,,,
1175365,M Prasidh Krishna,Kolkata Knight Riders,,,31.0,42.0,1.0
1175365,S Dhawan,Delhi Capitals,16.0,8.0,,,
1175365,LH Ferguson,Kolkata Knight Riders,,,26.0,36.0,1.0
1175365,SS Iyer,Delhi Capitals,47.0,36.0,,,
1175365,RR Pant,Delhi Capitals,17.0,19.0,,,
1175365,CA Ingram,Delhi Capitals,10.0,7.0,,,
1175365,GH Vihari,Delhi Capitals,2.0,3.0,,,
1175366,JM Bairstow,Sunrisers Hyderabad,114.0,57.0,,,
1175366,MM Ali,Royal Challengers Bengaluru,2.0,8.0,18.0,29.0,
1175366,DA Warner,Sunrisers Hyderabad,100.0,55.0,,,
1175366,UT Yadav,Royal Challengers Bengaluru,14.0,10.0,24.0,47.0,
1175366,YS Chahal,Royal Challengers Bengaluru,1.0,3.0,25.0,43.0,1.0
1175366,Mohammed Siraj,Royal Challengers Bengaluru,3.0,9.0,24.0,38.0,
1175366,P Ray Barman,Royal Challengers Bengaluru,19.0,25.0,24.0,56.0,
1175366,C de Grandhomme,Royal Challengers Bengaluru,37.0,32.0,6.0,16.0,
1175366,V Shankar,Sunrisers Hyderabad,9.0,3.0,15.0,10.0,
1175366,YK Pathan,Sunrisers Hyderabad,6.0,6.0,,,
1175366,PA Patel,Royal Challengers Bengaluru,11.0,8.0,,,
1175366,B Kumar,Sunrisers Hyderabad,,,18.0,25.0,
1175366,SO Hetmyer,Royal Challengers Bengaluru,9.0,9.0,,,
1175366,Mohammad Nabi,Sunrisers Hyderabad,,,24.0,11.0,4.0
1175366,V Kohli,Royal Challengers Bengaluru,3.0,10.0,,,
1175366,AB de Villiers,Royal Challengers Bengaluru,1.0,2.0,,,
1175366,Sandeep Sharma,Sunrisers Hyderabad,,,23.0,19.0,3.0
1175366,S Dube,Royal Challengers Bengaluru,5.0,7.0,,,
1175366,S Kaul,Sunrisers Hyderabad,,,19.0,15.0,
1175366,Rashid Khan,Sunrisers Hyderabad,,,24.0,25.0,
1175367,AT Rayudu,Chennai Super Kings,1.0,8.0,,,
1175367,DS Kulkarni,Rajasthan Royals,,,26.0,35.0,1.0
1175367,SR Watson,Chennai Super Kings,13.0,13.0,,,
1175367,JC Archer,Rajasthan Royals,24.0,11.0,24.0,17.0,2.0
1175367,SK Raina,Chennai Super Kings,36.0,33.0,,,
1175367,BA Stokes,Rajasthan Royals,46.0,26.0,18.0,30.0,1.0
1175367,KM Jadhav,Chennai Super Kings,8.0,3.0,,,
1175367,MS Dhoni,Chennai Super Kings,75.0,49.0,,,
1175367,S Gopal,Rajasthan Royals,0.0,3.0,18.0,23.0,
1175367,K Gowtham,Rajasthan Royals,9.0,8.0,13.0,12.0,
1175367,JD Unadkat,Rajasthan Royals,,,27.0,51.0,1.0
1175367,DJ Bravo,Chennai Super Kings,27.0,17.0,26.0,30.0,2.0
1175367,RA Jadeja,Chennai Super Kings,8.0,3.0,12.0,23.0,
1175367,AM Rahane,Rajasthan Royals,0.0,2.0,,,
1175367,DL Chahar,Chennai Super Kings,,,25.0,18.0,2.0
1175367,SV Samson,Rajasthan Royals,8.0,10.0,,,
1175367,JC Buttler,Rajasthan Royals,6.0,7.0,,,
1175367,SN Thakur,Chennai Super Kings,,,25.0,41.0,2.0
1175367,RA Tripathi,Rajasthan Royals,39.0,25.0,,,
1175367,SPD Smith,Rajasthan Royals,28.0,33.0,,,
1175367,MJ Santner,Chennai Super Kings,,,13.0,25.0,
1175367,Imran Tahir,Chennai Super Kings,,,24.0,23.0,2.0
1175368,KL Rahul,Punjab Kings,15.0,11.0,,,
1175368,K Rabada,Delhi Capitals,0.0,1.0,24.0,32.0,2.0
1175368,CH Morris,Delhi Capitals,0.0,1.0,25.0,29.0,3.0
1175368,MA Agarwal,Punjab Kings,6.0,9.0,,,
1175368,SM Curran,Punjab Kings,20.0,10.0,15.0,10.0,4.0
1175368,Avesh Khan,Delhi Capitals,4.0,3.0,19.0,29.0,
1175368,S Lamichhane,Delhi Capitals,0.0,1.0,24.0,27.0,2.0
1175368,SN Khan,Punjab Kings,39.0,29.0,,,
1175368,HV Patel,Delhi Capitals,0.0,3.0,26.0,31.0,
1175368,DA Miller,Punjab Kings,43.0,33.0,,,
1175368,GH Vihari,Delhi Capitals,2.0,5.0,6.0,9.0,
1175368,Mandeep Singh,Punjab Kings,29.0,22.0,,,
1175368,GC Viljoen,Punjab Kings,1.0,3.0,18.0,22.0,1.0
1175368,R Ashwin,Punjab Kings,3.0,4.0,27.0,28.0,2.0
1175368,M Ashwin,Punjab Kings,1.0,2.0,12.0,19.0,
1175368,Mohammed Shami,Punjab Kings,0.0,1.0,24.0,27.0,2.0
1175368,PP Shaw,Delhi Capitals,0.0,1.0,,,
1175368,SS Iyer,Delhi Capitals,28.0,24.0,,,
1175368,S Dhawan,Delhi Capitals,30.0,27.0,,,
1175368,Mujeeb Ur Rahman,Punjab Kings,,,25.0,35.0,
1175368,RR Pant,Delhi Capitals,39.0,26.0,,,
1175368,CA Ingram,Delhi Capitals,38.0,29.0,,,
1175369,V Kohli,Royal Challengers Bengaluru,23.0,26.0,,,
1175369,K Gowtham,Rajasthan Royals,,,24.0,19.0,
1175369,PA Patel,Royal Challengers Bengaluru,67.0,41.0,,,
1175369,DS Kulkarni,Rajasthan Royals,,,19.0,25.0,
1175369,JC Archer,Rajasthan Royals,,,25.0,46.0,1.0
1175369,S Gopal,Rajasthan Royals,,,24.0,12.0,3.0
1175369,AB de Villiers,Royal Challengers Bengaluru,13.0,9.0,,,
1175369,VR Aaron,Rajasthan Royals,,,6.0,16.0,
1175369,SO Hetmyer,Royal Challengers Bengaluru,1.0,9.0,,,
1175369,MP Stoinis,Royal Challengers Bengaluru,31.0,28.0,18.0,28.0,
1175369,STR Binny,Rajasthan Royals,,,6.0,6.0,
1175369,BA Stokes,Rajasthan Royals,1.0,2.0,18.0,29.0,
1175369,MM Ali,Royal Challengers Bengaluru,18.0,9.0,6.0,14.0,
1175369,AM Rahane,Rajasthan Royals,22.0,21.0,,,
1175369,UT Yadav,Royal Challengers Bengaluru,,,24.0,39.0,
1175369,JC Buttler,Rajasthan Royals,59.0,45.0,,,
1175369,Navdeep Saini,Royal Challengers Bengaluru,,,25.0,34.0,
1175369,Mohammed Siraj,Royal Challengers Bengaluru,,,25.0,24.0,1.0
1175369,YS Chahal,Royal Challengers Bengaluru,,,26.0,15.0,2.0
1175369,SPD Smith,Rajasthan Royals,38.0,32.0,,,
1175369,RA Tripathi,Rajasthan Royals,34.0,24.0,,,
1175370,Q de Kock,Mumbai Indians,4.0,7.0,,,
1175370,DL Chahar,Chennai Super Kings,7.0,7.0,18.0,21.0,1.0
1175370,RG Sharma,Mumbai Indians,13.0,19.0,,,
1175370,SN Thakur,Chennai Super Kings,12.0,5.0,27.0,34.0,
1175370,SA Yadav,Mumbai Indians,59.0,43.0,,,
1175370,MM Sharma,Chennai Super Kings,0.0,2.0,18.0,27.0,1.0
1175370,Imran Tahir,Chennai Super Kings,,,24.0,25.0,1.0
1175370,RA Jadeja,Chennai Super Kings,1.0,2.0,12.0,10.0,1.0
1175370,Yuvraj Singh,Mumbai Indians,4.0,6.0,,,
1175370,KH Pandya,Mumbai Indians,42.0,32.0,14.0,10.0,
1175370,DJ Bravo,Chennai Super Kings,8.0,10.0,26.0,47.0,1.0
1175370,HH Pandya,Mumbai Indians,25.0,9.0,25.0,19.0,3.0
1175370,KA Pollard,Mumbai Indians,17.0,9.0,,,
1175370,SR Watson,Chennai Super Kings,5.0,6.0,,,
1175370,JP Behrendorff,Mumbai Indians,,,25.0,21.0,2.0
1175370,AT Rayudu,Chennai Super Kings,0.0,1.0,,,
1175370,SK Raina,Chennai Super Kings,16.0,16.0,,,
1175370,SL Malinga,Mumbai Indians,,,25.0,33.0,3.0
1175370,KM Jadhav,Chennai Super Kings,58.0,56.0,,,
1175370,MS Dhoni,Chennai Super Kings,12.0,22.0,,,
1175370,JJ Bumrah,Mumbai Indians,,,25.0,26.0,
1175370,RD Chahar,Mumbai Indians,,,13.0,10.0,
1175371,PP Shaw,Delhi Capitals,11.0,11.0,,,
1175371,B Kumar,Sunrisers Hyderabad,,,25.0,26.0,2.0
1175371,S Dhawan,Delhi Capitals,12.0,14.0,,,
1175371,Mohammad Nabi,Sunrisers Hyderabad,17.0,9.0,24.0,21.0,2.0
1175371,SS Iyer,Delhi Capitals,43.0,41.0,,,
1175371,S Kaul,Sunrisers Hyderabad,,,25.0,34.0,2.0
1175371,RR Pant,Delhi Capitals,5.0,7.0,,,
1175371,Rashid Khan,Sunrisers Hyderabad,,,24.0,18.0,1.0
1175371,Sandeep Sharma,Sunrisers Hyderabad,,,24.0,25.0,1.0
1175371,R Tewatia,Delhi Capitals,5.0,7.0,19.0,9.0,1.0
1175371,CA Ingram,Delhi Capitals,5.0,9.0,,,
1175371,CH Morris,Delhi Capitals,17.0,16.0,18.0,26.0,
1175371,AR Patel,Delhi Capitals,23.0,13.0,25.0,17.0,1.0
1175371,K Rabada,Delhi Capitals,3.0,4.0,21.0,32.0,1.0
1175371,DA Warner,Sunrisers Hyderabad,10.0,18.0,,,
1175371,S Lamichhane,Delhi Capitals,,,24.0,32.0,1.0
1175371,JM Bairstow,Sunrisers Hyderabad,48.0,29.0,,,
1175371,V Shankar,Sunrisers Hyderabad,16.0,23.0,,,
1175371,MK Pandey,Sunrisers Hyderabad,10.0,13.0,,,
1175371,I Sharma,Delhi Capitals,,,7.0,4.0,1.0
1175371,DJ Hooda,Sunrisers Hyderabad,10.0,11.0,,,
1175371,YK Pathan,Sunrisers Hyderabad,9.0,11.0,,,
1175372,PA Patel,Royal Challengers Bengaluru,25.0,25.0,,,
1175372,M Prasidh Krishna,Kolkata Knight Riders,,,19.0,40.0,
1175372,V Kohli,Royal Challengers Bengaluru,84.0,49.0,,,
1175372,PP Chawla,Kolkata Knight Riders,,,24.0,32.0,
1175372,SP Narine,Kolkata Knight Riders,10.0,8.0,25.0,29.0,1.0
1175372,LH Ferguson,Kolkata Knight Riders,,,12.0,32.0,
1175372,Kuldeep Yadav,Kolkata Knight Riders,,,24.0,31.0,1.0
1175372,N Rana,Kolkata Knight Riders,37.0,23.0,14.0,20.0,1.0
1175372,AB de Villiers,Royal Challengers Bengaluru,63.0,34.0,,,
1175372,AD Russell,Kolkata Knight Riders,48.0,16.0,6.0,16.0,
1175372,MP Stoinis,Royal Challengers Bengaluru,28.0,13.0,11.0,27.0,
1175372,MM Ali,Royal Challengers Bengaluru,0.0,3.0,,,
1175372,CA Lynn,Kolkata Knight Riders,43.0,32.0,,,
1175372,TG Southee,Royal Challengers Bengaluru,,,25.0,56.0,
1175372,Navdeep Saini,Royal Challengers Bengaluru,,,26.0,32.0,2.0
1175372,RV Uthappa,Kolkata Knight Riders,33.0,25.0,,,
1175372,YS Chahal,Royal Challengers Bengaluru,,,24.0,24.0,1.0
1175372,Mohammed Siraj,Royal Challengers Bengaluru,,,17.0,33.0,
1175372,P Negi,Royal Challengers Bengaluru,,,19.0,21.0,2.0
1175372,KD Karthik,Kolkata Knight Riders,19.0,15.0,,,
1175372,Shubman Gill,Kolkata Knight Riders,3.0,3.0,,,
1178393,SR Watson,Chennai Super Kings,26.0,25.0,,,
1178393,Mohammed Shami,Punjab Kings,,,25.0,40.0,
1178393,F du Plessis,Chennai Super Kings,54.0,39.0,,,
1178393,R Ashwin,Punjab Kings,,,25.0,22.0,3.0
1178393,SM Curran,Punjab Kings,0.0,1.0,25.0,34.0,
1178393,AJ Tye,Punjab Kings,,,25.0,37.0,
1178393,M Ashwin,Punjab Kings,,,25.0,22.0,
1178393,SK Raina,Chennai Super Kings,17.0,21.0,,,
1178393,AT Rayudu,Chennai Super Kings,21.0,15.0,,,
1178393,MS Dhoni,Chennai Super Kings,37.0,25.0,,,
1178393,KL Rahul,Punjab Kings,55.0,47.0,,,
1178393,DL Chahar,Chennai Super Kings,,,27.0,37.0,1.0
1178393,CH Gayle,Punjab Kings,5.0,8.0,,,
1178393,Harbhajan Singh,Chennai Super Kings,,,24.0,17.0,2.0
1178393,MA Agarwal,Punjab Kings,0.0,2.0,,,
1178393,SN Khan,Punjab Kings,67.0,60.0,,,
1178393,SC Kuggeleijn,Chennai Super Kings,,,25.0,36.0,2.0
1178393,RA Jadeja,Chennai Super Kings,,,24.0,24.0,
1178393,Imran Tahir,Chennai Super Kings,,,24.0,20.0,
1178393,DA Miller,Punjab Kings,6.0,5.0,,,
1178393,Mandeep Singh,Punjab Kings,1.0,1.0,,,
1178394,RG Sharma,Mumbai Indians,11.0,14.0,,,
1178394,B Kumar,Sunrisers Hyderabad,2.0,6.0,25.0,33.0,1.0
1178394,Sandeep Sharma,Sunrisers Hyderabad,5.0,2.0,19.0,19.0,1.0
1178394,Q de Kock,Mumbai Indians,19.0,18.0,,,
1178394,Mohammad Nabi,Sunrisers Hyderabad,11.0,14.0,24.0,13.0,1.0
1178394,SA Yadav,Mumbai Indians,7.0,8.0,,,
1178394,Ishan Kishan,Mumbai Indians,17.0,21.0,,,
1178394,YK Pathan,Sunrisers Hyderabad,0.0,4.0,6.0,8.0,
1178394,S Kaul,Sunrisers Hyderabad,0.0,1.0,25.0,33.0,2.0
1178394,KH Pandya,Mumbai Indians,6.0,14.0,12.0,9.0,
1178394,Rashid Khan,Sunrisers Hyderabad,0.0,1.0,25.0,24.0,1.0
1178394,KA Pollard,Mumbai Indians,46.0,28.0,,,
1178394,HH Pandya,Mumbai Indians,14.0,14.0,6.0,7.0,
1178394,RD Chahar,Mumbai Indians,10.0,7.0,25.0,20.0,2.0
1178394,DA Warner,Sunrisers Hyderabad,15.0,14.0,,,
1178394,JP Behrendorff,Mumbai Indians,,,24.0,28.0,1.0
1178394,JM Bairstow,Sunrisers Hyderabad,16.0,10.0,,,
1178394,JJ Bumrah,Mumbai Indians,,,18.0,16.0,1.0
1178394,V Shankar,Sunrisers Hyderabad,5.0,10.0,,,
1178394,AS Joseph,Mumbai Indians,,,24.0,10.0,6.0
1178394,MK Pandey,Sunrisers Hyderabad,16.0,21.0,,,
1178394,DJ Hooda,Sunrisers Hyderabad,20.0,26.0,,,
1178395,PA Patel,Royal Challengers Bengaluru,9.0,10.0,,,
1178395,I Sharma,Delhi Capitals,,,25.0,30.0,
1178395,V Kohli,Royal Challengers Bengaluru,41.0,33.0,,,
1178395,CH Morris,Delhi Capitals,0.0,3.0,26.0,26.0,2.0
1178395,AB de Villiers,Royal Challengers Bengaluru,17.0,17.0,,,
1178395,K Rabada,Delhi Capitals,,,25.0,20.0,4.0
1178395,MP Stoinis,Royal Challengers Bengaluru,15.0,17.0,,,
1178395,AR Patel,Delhi Capitals,4.0,1.0,24.0,22.0,1.0
1178395,S Lamichhane,Delhi Capitals,,,24.0,46.0,1.0
1178395,MM Ali,Royal Challengers Bengaluru,32.0,19.0,24.0,22.0,1.0
1178395,AD Nath,Royal Challengers Bengaluru,19.0,12.0,,,
1178395,TG Southee,Royal Challengers Bengaluru,9.0,9.0,14.0,22.0,1.0
1178395,P Negi,Royal Challengers Bengaluru,0.0,1.0,19.0,26.0,1.0
1178395,Mohammed Siraj,Royal Challengers Bengaluru,1.0,5.0,11.0,14.0,1.0
1178395,YS Chahal,Royal Challengers Bengaluru,1.0,1.0,26.0,34.0,
1178395,PP Shaw,Delhi Capitals,28.0,22.0,,,
1178395,S Dhawan,Delhi Capitals,0.0,1.0,,,
1178395,SS Iyer,Delhi Capitals,67.0,55.0,,,
1178395,Navdeep Saini,Royal Challengers Bengaluru,,,26.0,22.0,2.0
1178395,CA Ingram,Delhi Capitals,22.0,22.0,,,
1178395,RR Pant,Delhi Capitals,18.0,14.0,,,
1178395,R Tewatia,Delhi Capitals,1.0,2.0,,,
1178396,AM Rahane,Rajasthan Royals,5.0,7.0,,,
1178396,PP Chawla,Kolkata Knight Riders,,,24.0,19.0,
1178396,M Prasidh Krishna,Kolkata Knight Riders,,,27.0,31.0,1.0
1178396,SPD Smith,Rajasthan Royals,73.0,61.0,,,
1178396,JC Buttler,Rajasthan Royals,37.0,35.0,,,
1178396,SP Narine,Kolkata Knight Riders,47.0,27.0,25.0,21.0,
1178396,Kuldeep Yadav,Kolkata Knight Riders,,,24.0,33.0,
1178396,HF Gurney,Kolkata Knight Riders,,,25.0,24.0,2.0
1178396,RA Tripathi,Rajasthan Royals,6.0,8.0,,,
1178396,BA Stokes,Rajasthan Royals,7.0,14.0,6.0,2.0,
1178396,CA Lynn,Kolkata Knight Riders,50.0,32.0,,,
1178396,DS Kulkarni,Rajasthan Royals,,,19.0,30.0,
1178396,K Gowtham,Rajasthan Royals,,,6.0,22.0,
1178396,JC Archer,Rajasthan Royals,,,18.0,14.0,
1178396,S Gopal,Rajasthan Royals,,,24.0,35.0,2.0
1178396,S Midhun,Rajasthan Royals,,,13.0,26.0,
1178396,RV Uthappa,Kolkata Knight Riders,26.0,16.0,,,
1178396,Shubman Gill,Kolkata Knight Riders,6.0,11.0,,,
1178397,DA Warner,Sunrisers Hyderabad,70.0,63.0,,,
1178397,AS Rajpoot,Punjab Kings,,,25.0,20.0,
1178397,JM Bairstow,Sunrisers Hyderabad,1.0,8.0,,,
1178397,Mujeeb Ur Rahman,Punjab Kings,,,26.0,32.0,1.0
1178397,V Shankar,Sunrisers Hyderabad,26.0,27.0,,,
1178397,Mohammed Shami,Punjab Kings,,,24.0,30.0,1.0
1178397,R Ashwin,Punjab Kings,,,24.0,30.0,1.0
1178397,SM Curran,Punjab Kings,5.0,3.0,24.0,30.0,
1178397,Mohammad Nabi,Sunrisers Hyderabad,12.0,7.0,23.0,42.0,
1178397,MK Pandey,Sunrisers Hyderabad,19.0,15.0,,,
1178397,DJ Hooda,Sunrisers Hyderabad,14.0,3.0,,,
1178397,KL Rahul,Punjab Kings,71.0,53.0,,,
1178397,B Kumar,Sunrisers Hyderabad,,,24.0,25.0,
1178397,CH Gayle,Punjab Kings,16.0,14.0,,,
1178397,Sandeep Sharma,Sunrisers Hyderabad,,,24.0,21.0,2.0
1178397,Rashid Khan,Sunrisers Hyderabad,,,24.0,20.0,1.0
1178397,MA Agarwal,Punjab Kings,55.0,43.0,,,
1178397,S Kaul,Sunrisers Hyderabad,,,24.0,42.0,1.0
1178397,DA Miller,Punjab Kings,1.0,3.0,,,
1178397,Mandeep Singh,Punjab Kings,2.0,3.0,,,
1178398,CA Lynn,Kolkata Knight Riders,0.0,5.0,,,
1178398,DL Chahar,Chennai Super Kings,,,25.0,19.0,3.0
1178398,SP Narine,Kolkata Knight Riders,6.0,5.0,22.0,18.0,2.0
1178398,Harbhajan Singh,Chennai Super Kings,,,24.0,15.0,2.0
1178398,RV Uthappa,Kolkata Knight Riders,11.0,9.0,,,
1178398,N Rana,Kolkata Knight Riders,0.0,4.0,,,
1178398,KD Karthik,Kolkata Knight Riders,19.0,21.0,,,
1178398,RA Jadeja,Chennai Super Kings,,,25.0,16.0,1.0
1178398,Shubman Gill,Kolkata Knight Riders,9.0,12.0,,,
1178398,SC Kuggeleijn,Chennai Super Kings,,,25.0,33.0,
1178398,Imran Tahir,Chennai Super Kings,,,24.0,21.0,2.0
1178398,AD Russell,Kolkata Knight Riders,50.0,46.0,,,
1178398,PP Chawla,Kolkata Knight Riders,8.0,13.0,24.0,28.0,1.0
1178398,Kuldeep Yadav,Kolkata Knight Riders,0.0,1.0,24.0,16.0,
1178398,M Prasidh Krishna,Kolkata Knight Riders,0.0,2.0,25.0,22.0,
1178398,HF Gurney,Kolkata Knight Riders,1.0,5.0,13.0,19.0,
1178398,SR Watson,Chennai Super Kings,17.0,9.0,,,
1178398,F du Plessis,Chennai Super Kings,43.0,46.0,,,
1178398,SK Raina,Chennai Super Kings,14.0,14.0,,,
1178398,AT Rayudu,Chennai Super Kings,21.0,31.0,,,
1178398,KM Jadhav,Chennai Super Kings,8.0,8.0,,,
1178399,KL Rahul,Punjab Kings,100.0,66.0,,,
1178399,JP Behrendorff,Mumbai Indians,,,24.0,35.0,1.0
1178399,CH Gayle,Punjab Kings,63.0,38.0,,,
1178399,JJ Bumrah,Mumbai Indians,,,25.0,36.0,1.0
1178399,AS Joseph,Mumbai Indians,15.0,13.0,13.0,21.0,
1178399,RD Chahar,Mumbai Indians,1.0,1.0,24.0,27.0,
1178399,HH Pandya,Mumbai Indians,19.0,15.0,27.0,54.0,2.0
1178399,KH Pandya,Mumbai Indians,1.0,3.0,12.0,17.0,
1178399,DA Miller,Punjab Kings,7.0,9.0,,,
1178399,KK Nair,Punjab Kings,5.0,6.0,,,
1178399,SM Curran,Punjab Kings,8.0,3.0,25.0,53.0,1.0
1178399,Mandeep Singh,Punjab Kings,7.0,3.0,,,
1178399,Q de Kock,Mumbai Indians,24.0,23.0,,,
1178399,AS Rajpoot,Punjab Kings,,,25.0,51.0,1.0
1178399,SD Lad,Mumbai Indians,15.0,13.0,,,
1178399,Mohammed Shami,Punjab Kings,,,26.0,18.0,3.0
1178399,SA Yadav,Mumbai Indians,21.0,15.0,,,
1178399,GC Viljoen,Punjab Kings,,,27.0,27.0,
1178399,R Ashwin,Punjab Kings,,,24.0,37.0,1.0
1178399,KA Pollard,Mumbai Indians,83.0,33.0,,,
1178399,Ishan Kishan,Mumbai Indians,7.0,11.0,,,
1178400,AM Rahane,Rajasthan Royals,14.0,12.0,,,
1178400,DL Chahar,Chennai Super Kings,,,24.0,33.0,2.0
1178400,JC Buttler,Rajasthan Royals,23.0,10.0,,,
1178400,MJ Santner,Chennai Super Kings,10.0,4.0,25.0,20.0,1.0
1178400,SV Samson,Rajasthan Royals,6.0,6.0,,,
1178400,SN Thakur,Chennai Super Kings,,,25.0,43.0,2.0
1178400,SPD Smith,Rajasthan Royals,15.0,22.0,,,
1178400,RA Tripathi,Rajasthan Royals,10.0,12.0,,,
1178400,RA Jadeja,Chennai Super Kings,9.0,4.0,24.0,20.0,2.0
1178400,BA Stokes,Rajasthan Royals,28.0,27.0,22.0,35.0,2.0
1178400,Imran Tahir,Chennai Super Kings,,,24.0,28.0,
1178400,R Parag,Rajasthan Royals,16.0,14.0,18.0,24.0,
1178400,JC Archer,Rajasthan Royals,13.0,12.0,24.0,19.0,1.0
1178400,S Gopal,Rajasthan Royals,19.0,7.0,24.0,31.0,
1178400,SR Watson,Chennai Super Kings,0.0,4.0,,,
1178400,DS Kulkarni,Rajasthan Royals,,,18.0,14.0,1.0
1178400,SK Raina,Chennai Super Kings,4.0,4.0,,,
1178400,F du Plessis,Chennai Super Kings,7.0,10.0,,,
1178400,JD Unadkat,Rajasthan Royals,,,18.0,23.0,1.0
1178400,AT Rayudu,Chennai Super Kings,57.0,48.0,,,
1178400,KM Jadhav,Chennai Super Kings,1.0,6.0,,,
1178400,MS Dhoni,Chennai Super Kings,58.0,44.0,,,
1178401,JL Denly,Kolkata Knight Riders,0.0,1.0,,,
1178401,I Sharma,Delhi Capitals,,,26.0,19.0,1.0
1178401,RV Uthappa,Kolkata Knight Riders,28.0,30.0,,,
1178401,Shubman Gill,Kolkata Knight Riders,65.0,40.0,,,
1178401,CH Morris,Delhi Capitals,,,25.0,37.0,2.0
1178401,K Rabada,Delhi Capitals,,,24.0,42.0,2.0
1178401,AR Patel,Delhi Capitals,,,24.0,30.0,
1178401,KMA Paul,Delhi Capitals,,,25.0,45.0,2.0
1178401,N Rana,Kolkata Knight Riders,11.0,13.0,12.0,12.0,1.0
1178401,AD Russell,Kolkata Knight Riders,45.0,22.0,18.0,29.0,1.0
1178401,KD Karthik,Kolkata Knight Riders,2.0,3.0,,,
1178401,CR Brathwaite,Kolkata Knight Riders,6.0,7.0,6.0,13.0,
1178401,PP Chawla,Kolkata Knight Riders,14.0,6.0,17.0,35.0,
1178401,Kuldeep Yadav,Kolkata Knight Riders,2.0,2.0,25.0,27.0,
1178401,PP Shaw,Delhi Capitals,14.0,7.0,,,
1178401,M Prasidh Krishna,Kolkata Knight Riders,,,18.0,25.0,1.0
1178401,S Dhawan,Delhi Capitals,97.0,64.0,,,
1178401,LH Ferguson,Kolkata Knight Riders,,,19.0,36.0,
1178401,SS Iyer,Delhi Capitals,6.0,6.0,,,
1178401,RR Pant,Delhi Capitals,46.0,32.0,,,
1178401,CA Ingram,Delhi Capitals,14.0,6.0,,,
1178402,RG Sharma,Mumbai Indians,47.0,32.0,,,
1178402,K Gowtham,Rajasthan Royals,0.0,1.0,18.0,39.0,
1178402,Q de Kock,Mumbai Indians,81.0,53.0,,,
1178402,DS Kulkarni,Rajasthan Royals,,,24.0,38.0,1.0
1178402,JC Archer,Rajasthan Royals,,,25.0,38.0,3.0
1178402,JD Unadkat,Rajasthan Royals,,,26.0,34.0,1.0
1178402,S Gopal,Rajasthan Royals,13.0,7.0,24.0,21.0,
1178402,LS Livingstone,Rajasthan Royals,1.0,2.0,6.0,13.0,
1178402,SA Yadav,Mumbai Indians,16.0,10.0,,,
1178402,KA Pollard,Mumbai Indians,6.0,12.0,,,
1178402,HH Pandya,Mumbai Indians,28.0,13.0,9.0,11.0,
1178402,Ishan Kishan,Mumbai Indians,5.0,3.0,,,
1178402,AM Rahane,Rajasthan Royals,37.0,21.0,,,
1178402,JP Behrendorff,Mumbai Indians,,,19.0,30.0,
1178402,JC Buttler,Rajasthan Royals,89.0,44.0,,,
1178402,AS Joseph,Mumbai Indians,,,18.0,53.0,
1178402,RD Chahar,Mumbai Indians,,,24.0,34.0,1.0
1178402,JJ Bumrah,Mumbai Indians,,,24.0,23.0,2.0
1178402,KH Pandya,Mumbai Indians,,,25.0,33.0,3.0
1178402,SV Samson,Rajasthan Royals,31.0,27.0,,,
1178402,SPD Smith,Rajasthan Royals,12.0,15.0,,,
1178402,RA Tripathi,Rajasthan Royals,1.0,2.0,,,
1178403,KL Rahul,Punjab Kings,18.0,15.0,,,
1178403,UT Yadav,Royal Challengers Bengaluru,,,26.0,40.0,
1178403,CH Gayle,Punjab Kings,99.0,68.0,,,
1178403,Navdeep Saini,Royal Challengers Bengaluru,,,25.0,22.0,
1178403,Mohammed Siraj,Royal Challengers Bengaluru,,,24.0,54.0,1.0
1178403,YS Chahal,Royal Challengers Bengaluru,,,25.0,32.0,2.0
1178403,MA Agarwal,Punjab Kings,15.0,9.0,,,
1178403,MM Ali,Royal Challengers Bengaluru,,,25.0,18.0,1.0
1178403,SN Khan,Punjab Kings,15.0,13.0,2.0,6.0,
1178403,SM Curran,Punjab Kings,1.0,3.0,18.0,31.0,
1178403,Mandeep Singh,Punjab Kings,18.0,17.0,,,
1178403,PA Patel,Royal Challengers Bengaluru,19.0,9.0,,,
1178403,V Kohli,Royal Challengers Bengaluru,67.0,54.0,,,
1178403,Mohammed Shami,Punjab Kings,,,24.0,43.0,1.0
1178403,R Ashwin,Punjab Kings,,,25.0,29.0,1.0
1178403,AB de Villiers,Royal Challengers Bengaluru,59.0,38.0,,,
1178403,M Ashwin,Punjab Kings,,,24.0,24.0,
1178403,AJ Tye,Punjab Kings,,,24.0,40.0,
1178403,MP Stoinis,Royal Challengers Bengaluru,28.0,16.0,,,
1178404,CA Lynn,Kolkata Knight Riders,82.0,53.0,,,
1178404,DL Chahar,Chennai Super Kings,,,24.0,36.0,
1178404,SP Narine,Kolkata Knight Riders,2.0,8.0,25.0,18.0,2.0
1178404,SN Thakur,Chennai Super Kings,,,25.0,17.0,2.0
1178404,MJ Santner,Chennai Super Kings,,,26.0,25.0,1.0
1178404,N Rana,Kolkata Knight Riders,21.0,18.0,,,
1178404,RA Jadeja,Chennai Super Kings,31.0,18.0,25.0,48.0,
1178404,Imran Tahir,Chennai Super Kings,,,25.0,26.0,4.0
1178404,RV Uthappa,Kolkata Knight Riders,0.0,1.0,,,
1178404,KD Karthik,Kolkata Knight Riders,18.0,15.0,,,
1178404,AD Russell,Kolkata Knight Riders,10.0,4.0,6.0,16.0,
1178404,Shubman Gill,Kolkata Knight Riders,15.0,20.0,,,
1178404,PP Chawla,Kolkata Knight Riders,4.0,6.0,22.0,32.0,2.0
1178404,SR Watson,Chennai Super Kings,6.0,7.0,,,
1178404,M Prasidh Krishna,Kolkata Knight Riders,,,25.0,29.0,
1178404,F du Plessis,Chennai Super Kings,24.0,16.0,,,
1178404,HF Gurney,Kolkata Knight Riders,,,24.0,37.0,1.0
1178404,SK Raina,Chennai Super Kings,58.0,42.0,,,
1178404,AT Rayudu,Chennai Super Kings,5.0,12.0,,,
1178404,Kuldeep Yadav,Kolkata Knight Riders,,,18.0,28.0,
1178404,KM Jadhav,Chennai Super Kings,20.0,12.0,,,
1178404,MS Dhoni,Chennai Super Kings,16.0,13.0,,,
1178405,PP Shaw,Delhi Capitals,4.0,5.0,,,
1178405,B Kumar,Sunrisers Hyderabad,2.0,4.0,26.0,31.0,2.0
1178405,S Dhawan,Delhi Capitals,7.0,8.0,,,
1178405,KK Ahmed,Sunrisers Hyderabad,0.0,1.0,25.0,29.0,3.0
1178405,C Munro,Delhi Capitals,40.0,25.0,,,
1178405,Sandeep Sharma,Sunrisers Hyderabad,1.0,2.0,25.0,29.0,
1178405,SS Iyer,Delhi Capitals,45.0,41.0,,,
1178405,DJ Hooda,Sunrisers Hyderabad,3.0,4.0,6.0,8.0,
1178405,Abhishek Sharma,Sunrisers Hyderabad,2.0,3.0,6.0,10.0,1.0
1178405,V Shankar,Sunrisers Hyderabad,1.0,2.0,12.0,17.0,
1178405,RR Pant,Delhi Capitals,23.0,19.0,,,
1178405,Rashid Khan,Sunrisers Hyderabad,0.0,1.0,24.0,22.0,1.0
1178405,CH Morris,Delhi Capitals,4.0,8.0,18.0,22.0,3.0
1178405,AR Patel,Delhi Capitals,14.0,12.0,12.0,23.0,
1178405,KMA Paul,Delhi Capitals,7.0,4.0,26.0,15.0,3.0
1178405,K Rabada,Delhi Capitals,2.0,2.0,24.0,20.0,4.0
1178405,DA Warner,Sunrisers Hyderabad,51.0,47.0,,,
1178405,I Sharma,Delhi Capitals,,,19.0,18.0,
1178405,JM Bairstow,Sunrisers Hyderabad,41.0,32.0,,,
1178405,KS Williamson,Sunrisers Hyderabad,3.0,8.0,,,
1178405,A Mishra,Delhi Capitals,,,18.0,13.0,
1178405,RK Bhui,Sunrisers Hyderabad,7.0,13.0,,,
1178406,PA Patel,Royal Challengers Bengaluru,28.0,20.0,,,
1178406,JP Behrendorff,Mumbai Indians,,,25.0,48.0,1.0
1178406,V Kohli,Royal Challengers Bengaluru,8.0,10.0,,,
1178406,SL Malinga,Mumbai Indians,,,24.0,31.0,4.0
1178406,AB de Villiers,Royal Challengers Bengaluru,75.0,51.0,,,
1178406,JJ Bumrah,Mumbai Indians,,,24.0,22.0,
1178406,HH Pandya,Mumbai Indians,37.0,19.0,18.0,21.0,1.0
1178406,RD Chahar,Mumbai Indians,,,24.0,31.0,
1178406,MM Ali,Royal Challengers Bengaluru,50.0,32.0,24.0,18.0,2.0
1178406,KH Pandya,Mumbai Indians,11.0,22.0,6.0,10.0,
1178406,MP Stoinis,Royal Challengers Bengaluru,0.0,2.0,,,
1178406,AD Nath,Royal Challengers Bengaluru,2.0,3.0,,,
1178406,P Negi,Royal Challengers Bengaluru,0.0,2.0,26.0,45.0,
1178406,UT Yadav,Royal Challengers Bengaluru,0.0,1.0,13.0,24.0,
1178406,Q de Kock,Mumbai Indians,40.0,27.0,,,
1178406,RG Sharma,Mumbai Indians,28.0,20.0,,,
1178406,Navdeep Saini,Royal Challengers Bengaluru,,,19.0,33.0,
1178406,Mohammed Siraj,Royal Challengers Bengaluru,,,14.0,19.0,1.0
1178406,YS Chahal,Royal Challengers Bengaluru,,,24.0,27.0,2.0
1178406,SA Yadav,Mumbai Indians,29.0,23.0,,,
1178406,Ishan Kishan,Mumbai Indians,21.0,9.0,,,
1178407,KL Rahul,Punjab Kings,52.0,47.0,,,
1178407,DS Kulkarni,Rajasthan Royals,,,24.0,37.0,1.0
1178407,CH Gayle,Punjab Kings,30.0,22.0,,,
1178407,JD Unadkat,Rajasthan Royals,,,24.0,48.0,1.0
1178407,JC Archer,Rajasthan Royals,1.0,3.0,25.0,14.0,3.0
1178407,MA Agarwal,Punjab Kings,26.0,12.0,,,
1178407,IS Sodhi,Rajasthan Royals,,,25.0,40.0,1.0
1178407,S Gopal,Rajasthan Royals,0.0,1.0,24.0,31.0,
1178407,DA Miller,Punjab Kings,40.0,28.0,,,
1178407,N Pooran,Punjab Kings,5.0,6.0,,,
1178407,Mandeep Singh,Punjab Kings,0.0,2.0,6.0,8.0,
1178407,R Ashwin,Punjab Kings,17.0,4.0,25.0,23.0,2.0
1178407,Mujeeb Ur Rahman,Punjab Kings,0.0,1.0,20.0,19.0,
1178407,RA Tripathi,Rajasthan Royals,50.0,46.0,,,
1178407,Arshdeep Singh,Punjab Kings,,,26.0,41.0,2.0
1178407,JC Buttler,Rajasthan Royals,23.0,20.0,,,
1178407,SV Samson,Rajasthan Royals,27.0,22.0,,,
1178407,M Ashwin,Punjab Kings,,,25.0,23.0,1.0
1178407,Mohammed Shami,Punjab Kings,,,24.0,46.0,2.0
1178407,AM Rahane,Rajasthan Royals,26.0,21.0,,,
1178407,AJ Turner,Rajasthan Royals,0.0,2.0,,,
1178407,STR Binny,Rajasthan Royals,33.0,11.0,,,
1178408,SR Watson,Chennai Super Kings,31.0,29.0,,,
1178408,B Kumar,Sunrisers Hyderabad,,,24.0,21.0,
1178408,F du Plessis,Chennai Super Kings,45.0,31.0,,,
1178408,KK Ahmed,Sunrisers Hyderabad,,,25.0,21.0,1.0
1178408,Sandeep Sharma,Sunrisers Hyderabad,,,26.0,31.0,
1178408,S Nadeem,Sunrisers Hyderabad,,,12.0,24.0,1.0
1178408,Rashid Khan,Sunrisers Hyderabad,,,24.0,17.0,2.0
1178408,SK Raina,Chennai Super Kings,13.0,13.0,,,
1178408,V Shankar,Sunrisers Hyderabad,7.0,11.0,12.0,11.0,1.0
1178408,AT Rayudu,Chennai Super Kings,25.0,21.0,,,
1178408,KM Jadhav,Chennai Super Kings,1.0,2.0,,,
1178408,SW Billings,Chennai Super Kings,0.0,5.0,,,
1178408,RA Jadeja,Chennai Super Kings,10.0,22.0,24.0,22.0,
1178408,DA Warner,Sunrisers Hyderabad,50.0,26.0,,,
1178408,DL Chahar,Chennai Super Kings,,,18.0,31.0,1.0
1178408,JM Bairstow,Sunrisers Hyderabad,61.0,46.0,,,
1178408,SN Thakur,Chennai Super Kings,,,21.0,28.0,
1178408,Imran Tahir,Chennai Super Kings,,,24.0,20.0,2.0
1178408,KS Williamson,Sunrisers Hyderabad,3.0,5.0,,,
1178408,KV Sharma,Chennai Super Kings,,,17.0,33.0,1.0
1178408,DJ Hooda,Sunrisers Hyderabad,13.0,16.0,,,
1178409,RG Sharma,Mumbai Indians,30.0,22.0,,,
1178409,I Sharma,Delhi Capitals,,,18.0,17.0,
1178409,Q de Kock,Mumbai Indians,35.0,27.0,,,
1178409,K Rabada,Delhi Capitals,9.0,8.0,26.0,36.0,2.0
1178409,CH Morris,Delhi Capitals,11.0,9.0,19.0,38.0,
1178409,KMA Paul,Delhi Capitals,,,19.0,36.0,
1178409,A Mishra,Delhi Capitals,6.0,9.0,18.0,18.0,1.0
1178409,BCJ Cutting,Mumbai Indians,2.0,4.0,,,
1178409,AR Patel,Delhi Capitals,26.0,24.0,24.0,17.0,1.0
1178409,SA Yadav,Mumbai Indians,26.0,27.0,,,
1178409,KH Pandya,Mumbai Indians,37.0,29.0,12.0,7.0,1.0
1178409,HH Pandya,Mumbai Indians,32.0,15.0,12.0,17.0,1.0
1178409,PP Shaw,Delhi Capitals,20.0,24.0,,,
1178409,S Dhawan,Delhi Capitals,35.0,22.0,,,
1178409,RD Chahar,Mumbai Indians,,,26.0,17.0,3.0
1178409,SL Malinga,Mumbai Indians,,,25.0,36.0,1.0
1178409,J Yadav,Mumbai Indians,,,24.0,25.0,
1178409,JJ Bumrah,Mumbai Indians,,,24.0,18.0,2.0
1178409,C Munro,Delhi Capitals,3.0,10.0,,,
1178409,SS Iyer,Delhi Capitals,3.0,6.0,,,
1178409,RR Pant,Delhi Capitals,7.0,11.0,,,
1178410,PA Patel,Royal Challengers Bengaluru,11.0,12.0,,,
1178410,HF Gurney,Kolkata Knight Riders,,,27.0,39.0,1.0
1178410,V Kohli,Royal Challengers Bengaluru,100.0,58.0,,,
1178410,SP Narine,Kolkata Knight Riders,18.0,16.0,25.0,31.0,1.0
1178410,M Prasidh Krishna,Kolkata Knight Riders,,,24.0,52.0,
1178410,AD Nath,Royal Challengers Bengaluru,13.0,16.0,,,
1178410,AD Russell,Kolkata Knight Riders,65.0,30.0,18.0,17.0,1.0
1178410,Kuldeep Yadav,Kolkata Knight Riders,,,25.0,58.0,1.0
1178410,MM Ali,Royal Challengers Bengaluru,66.0,29.0,6.0,13.0,
1178410,PP Chawla,Kolkata Knight Riders,,,6.0,10.0,
1178410,MP Stoinis,Royal Challengers Bengaluru,17.0,10.0,25.0,31.0,1.0
1178410,CA Lynn,Kolkata Knight Riders,1.0,2.0,,,
1178410,DW Steyn,Royal Challengers Bengaluru,,,24.0,40.0,2.0
1178410,Navdeep Saini,Royal Challengers Bengaluru,,,24.0,31.0,1.0
1178410,Shubman Gill,Kolkata Knight Riders,9.0,11.0,,,
1178410,RV Uthappa,Kolkata Knight Riders,9.0,23.0,,,
1178410,N Rana,Kolkata Knight Riders,85.0,46.0,,,
1178410,Mohammed Siraj,Royal Challengers Bengaluru,,,27.0,31.0,
1178410,YS Chahal,Royal Challengers Bengaluru,,,22.0,41.0,
1178411,Q de Kock,Mumbai Indians,65.0,48.0,,,
1178411,STR Binny,Rajasthan Royals,7.0,4.0,18.0,19.0,1.0
1178411,RG Sharma,Mumbai Indians,5.0,7.0,,,
1178411,DS Kulkarni,Rajasthan Royals,,,19.0,30.0,
1178411,S Gopal,Rajasthan Royals,,,24.0,21.0,2.0
1178411,SA Yadav,Mumbai Indians,34.0,34.0,,,
1178411,JC Archer,Rajasthan Royals,,,24.0,22.0,1.0
1178411,JD Unadkat,Rajasthan Royals,,,27.0,43.0,1.0
1178411,R Parag,Rajasthan Royals,43.0,29.0,12.0,17.0,
1178411,HH Pandya,Mumbai Indians,23.0,17.0,24.0,31.0,
1178411,KA Pollard,Mumbai Indians,10.0,7.0,,,
1178411,BCJ Cutting,Mumbai Indians,13.0,9.0,,,
1178411,KH Pandya,Mumbai Indians,2.0,2.0,12.0,24.0,
1178411,AM Rahane,Rajasthan Royals,12.0,12.0,,,
1178411,SV Samson,Rajasthan Royals,35.0,19.0,,,
1178411,SL Malinga,Mumbai Indians,,,19.0,27.0,
1178411,RD Chahar,Mumbai Indians,,,24.0,29.0,3.0
1178411,SPD Smith,Rajasthan Royals,59.0,48.0,,,
1178411,JJ Bumrah,Mumbai Indians,,,24.0,21.0,1.0
1178411,M Markande,Mumbai Indians,,,12.0,24.0,
1178411,BA Stokes,Rajasthan Royals,0.0,2.0,,,
1178411,AJ Turner,Rajasthan Royals,0.0,1.0,,,
1178412,KL Rahul,Punjab Kings,12.0,9.0,,,
1178412,I Sharma,Delhi Capitals,,,26.0,27.0,
1178412,CH Gayle,Punjab Kings,69.0,37.0,,,
1178412,S Lamichhane,Delhi Capitals,,,24.0,40.0,3.0
1178412,MA Agarwal,Punjab Kings,2.0,9.0,,,
1178412,K Rabada,Delhi Capitals,,,24.0,23.0,2.0
1178412,DA Miller,Punjab Kings,7.0,5.0,,,
1178412,A Mishra,Delhi Capitals,,,24.0,41.0,
1178412,AR Patel,Delhi Capitals,1.0,1.0,18.0,22.0,2.0
1178412,Mandeep Singh,Punjab Kings,30.0,27.0,,,
1178412,SE Rutherford,Delhi Capitals,2.0,2.0,6.0,5.0,
1178412,SM Curran,Punjab Kings,0.0,4.0,24.0,32.0,
1178412,R Ashwin,Punjab Kings,16.0,14.0,20.0,24.0,
1178412,Harpreet Brar,Punjab Kings,20.0,14.0,12.0,24.0,
1178412,GC Viljoen,Punjab Kings,2.0,3.0,25.0,38.0,2.0
1178412,PP Shaw,Delhi Capitals,13.0,11.0,,,
1178412,Mohammed Shami,Punjab Kings,,,24.0,21.0,1.0
1178412,S Dhawan,Delhi Capitals,56.0,44.0,,,
1178412,SS Iyer,Delhi Capitals,58.0,50.0,,,
1178412,M Ashwin,Punjab Kings,,,21.0,16.0,
1178412,RR Pant,Delhi Capitals,6.0,8.0,,,
1178412,CA Ingram,Delhi Capitals,19.0,10.0,,,
1178413,CA Lynn,Kolkata Knight Riders,51.0,50.0,,,
1178413,B Kumar,Sunrisers Hyderabad,,,25.0,34.0,2.0
1178413,SP Narine,Kolkata Knight Riders,25.0,8.0,24.0,34.0,
1178413,S Nadeem,Sunrisers Hyderabad,,,24.0,30.0,
1178413,KK Ahmed,Sunrisers Hyderabad,,,27.0,30.0,3.0
1178413,Shubman Gill,Kolkata Knight Riders,3.0,4.0,,,
1178413,Sandeep Sharma,Sunrisers Hyderabad,,,24.0,37.0,1.0
1178413,N Rana,Kolkata Knight Riders,11.0,11.0,,,
1178413,KD Karthik,Kolkata Knight Riders,6.0,4.0,,,
1178413,RK Singh,Kolkata Knight Riders,30.0,25.0,,,
1178413,Rashid Khan,Sunrisers Hyderabad,,,24.0,23.0,1.0
1178413,AD Russell,Kolkata Knight Riders,15.0,10.0,6.0,8.0,
1178413,PP Chawla,Kolkata Knight Riders,4.0,8.0,18.0,38.0,
1178413,Y Prithvi Raj,Kolkata Knight Riders,0.0,1.0,20.0,27.0,1.0
1178413,KC Cariappa,Kolkata Knight Riders,9.0,3.0,13.0,33.0,
1178413,DA Warner,Sunrisers Hyderabad,67.0,39.0,,,
1178413,HF Gurney,Kolkata Knight Riders,,,13.0,15.0,
1178413,JM Bairstow,Sunrisers Hyderabad,80.0,45.0,,,
1178413,KS Williamson,Sunrisers Hyderabad,8.0,10.0,,,
1178414,PA Patel,Royal Challengers Bengaluru,53.0,37.0,,,
1178414,DL Chahar,Chennai Super Kings,,,25.0,24.0,2.0
1178414,V Kohli,Royal Challengers Bengaluru,9.0,8.0,,,
1178414,SN Thakur,Chennai Super Kings,,,25.0,39.0,
1178414,AB de Villiers,Royal Challengers Bengaluru,25.0,20.0,,,
1178414,RA Jadeja,Chennai Super Kings,11.0,13.0,24.0,29.0,2.0
1178414,AD Nath,Royal Challengers Bengaluru,24.0,20.0,,,
1178414,DJ Bravo,Chennai Super Kings,5.0,4.0,24.0,34.0,2.0
1178414,Imran Tahir,Chennai Super Kings,,,24.0,31.0,1.0
1178414,MP Stoinis,Royal Challengers Bengaluru,14.0,13.0,19.0,19.0,
1178414,MM Ali,Royal Challengers Bengaluru,26.0,17.0,,,
1178414,P Negi,Royal Challengers Bengaluru,5.0,6.0,6.0,7.0,
1178414,UT Yadav,Royal Challengers Bengaluru,1.0,1.0,25.0,46.0,2.0
1178414,SR Watson,Chennai Super Kings,5.0,3.0,,,
1178414,DW Steyn,Royal Challengers Bengaluru,,,24.0,29.0,2.0
1178414,F du Plessis,Chennai Super Kings,5.0,16.0,,,
1178414,SK Raina,Chennai Super Kings,0.0,1.0,,,
1178414,Navdeep Saini,Royal Challengers Bengaluru,,,25.0,23.0,1.0
1178414,AT Rayudu,Chennai Super Kings,29.0,29.0,,,
1178414,KM Jadhav,Chennai Super Kings,9.0,9.0,,,
1178414,MS Dhoni,Chennai Super Kings,84.0,48.0,,,
1178414,YS Chahal,Royal Challengers Bengaluru,,,24.0,24.0,1.0
1178415,AM Rahane,Rajasthan Royals,105.0,65.0,,,
1178415,I Sharma,Delhi Capitals,,,24.0,29.0,1.0
1178415,K Rabada,Delhi Capitals,,,25.0,36.0,2.0
1178415,AR Patel,Delhi Capitals,,,24.0,39.0,1.0
1178415,SPD Smith,Rajasthan Royals,50.0,33.0,,,
1178415,A Mishra,Delhi Capitals,,,18.0,28.0,
1178415,CH Morris,Delhi Capitals,,,25.0,40.0,1.0
1178415,SE Rutherford,Delhi Capitals,11.0,5.0,8.0,14.0,
1178415,BA Stokes,Rajasthan Royals,8.0,8.0,,,
1178415,AJ Turner,Rajasthan Royals,0.0,1.0,,,
1178415,STR Binny,Rajasthan Royals,19.0,14.0,6.0,3.0,
1178415,R Parag,Rajasthan Royals,4.0,3.0,18.0,25.0,1.0
1178415,PP Shaw,Delhi Capitals,42.0,39.0,,,
1178415,S Dhawan,Delhi Capitals,54.0,27.0,,,
1178415,DS Kulkarni,Rajasthan Royals,,,24.0,51.0,1.0
1178415,JD Unadkat,Rajasthan Royals,,,20.0,36.0,
1178415,S Gopal,Rajasthan Royals,,,25.0,46.0,2.0
1178415,JC Archer,Rajasthan Royals,,,24.0,31.0,
1178415,SS Iyer,Delhi Capitals,4.0,5.0,,,
1178415,RR Pant,Delhi Capitals,78.0,36.0,,,
1178415,CA Ingram,Delhi Capitals,3.0,5.0,,,
1178416,DA Warner,Sunrisers Hyderabad,57.0,47.0,,,
1178416,DL Chahar,Chennai Super Kings,,,26.0,28.0,1.0
1178416,Harbhajan Singh,Chennai Super Kings,,,24.0,39.0,2.0
1178416,JM Bairstow,Sunrisers Hyderabad,0.0,2.0,,,
1178416,MK Pandey,Sunrisers Hyderabad,83.0,50.0,,,
1178416,RA Jadeja,Chennai Super Kings,,,24.0,33.0,
1178416,DJ Bravo,Chennai Super Kings,,,25.0,33.0,
1178416,Imran Tahir,Chennai Super Kings,,,24.0,38.0,
1178416,V Shankar,Sunrisers Hyderabad,26.0,20.0,,,
1178416,YK Pathan,Sunrisers Hyderabad,5.0,4.0,,,
1178416,SR Watson,Chennai Super Kings,96.0,54.0,,,
1178416,B Kumar,Sunrisers Hyderabad,,,24.0,18.0,1.0
1178416,F du Plessis,Chennai Super Kings,1.0,7.0,,,
1178416,KK Ahmed,Sunrisers Hyderabad,,,24.0,26.0,
1178416,SK Raina,Chennai Super Kings,38.0,25.0,,,
1178416,Shakib Al Hasan,Sunrisers Hyderabad,,,24.0,27.0,
1178416,Sandeep Sharma,Sunrisers Hyderabad,,,24.0,53.0,1.0
1178416,Rashid Khan,Sunrisers Hyderabad,,,25.0,43.0,1.0
1178416,AT Rayudu,Chennai Super Kings,21.0,25.0,,,
1178416,KM Jadhav,Chennai Super Kings,11.0,10.0,,,
1178417,PA Patel,Royal Challengers Bengaluru,43.0,25.0,,,
1178417,AS Rajpoot,Punjab Kings,,,26.0,44.0,
1178417,V Kohli,Royal Challengers Bengaluru,13.0,8.0,,,
1178417,Mohammed Shami,Punjab Kings,,,25.0,52.0,1.0
1178417,AB de Villiers,Royal Challengers Bengaluru,82.0,46.0,,,
1178417,M Ashwin,Punjab Kings,1.0,2.0,24.0,31.0,1.0
1178417,MM Ali,Royal Challengers Bengaluru,4.0,5.0,18.0,22.0,1.0
1178417,R Ashwin,Punjab Kings,6.0,2.0,24.0,15.0,1.0
1178417,AD Nath,Royal Challengers Bengaluru,3.0,7.0,,,
1178417,GC Viljoen,Punjab Kings,0.0,1.0,26.0,49.0,1.0
1178417,MP Stoinis,Royal Challengers Bengaluru,46.0,34.0,12.0,13.0,1.0
1178417,KL Rahul,Punjab Kings,42.0,29.0,,,
1178417,TG Southee,Royal Challengers Bengaluru,,,19.0,32.0,
1178417,CH Gayle,Punjab Kings,23.0,11.0,,,
1178417,UT Yadav,Royal Challengers Bengaluru,,,27.0,33.0,3.0
1178417,Navdeep Saini,Royal Challengers Bengaluru,,,24.0,33.0,2.0
1178417,MA Agarwal,Punjab Kings,35.0,21.0,,,
1178417,YS Chahal,Royal Challengers Bengaluru,,,12.0,27.0,
1178417,DA Miller,Punjab Kings,24.0,26.0,,,
1178417,N Pooran,Punjab Kings,46.0,28.0,,,
1178417,Washington Sundar,Royal Challengers Bengaluru,,,12.0,21.0,
1178417,Mandeep Singh,Punjab Kings,4.0,4.0,,,
1178418,CA Lynn,Kolkata Knight Riders,0.0,3.0,,,
1178418,VR Aaron,Rajasthan Royals,,,24.0,20.0,2.0
1178418,N Rana,Kolkata Knight Riders,21.0,26.0,6.0,13.0,
1178418,Shubman Gill,Kolkata Knight Riders,14.0,14.0,,,
1178418,O Thomas,Rajasthan Royals,,,25.0,31.0,1.0
1178418,JC Archer,Rajasthan Royals,27.0,13.0,25.0,27.0,
1178418,KD Karthik,Kolkata Knight Riders,97.0,52.0,,,
1178418,S Gopal,Rajasthan Royals,18.0,9.0,18.0,31.0,1.0
1178418,R Parag,Rajasthan Royals,47.0,34.0,6.0,7.0,
1178418,SP Narine,Kolkata Knight Riders,11.0,8.0,24.0,25.0,2.0
1178418,JD Unadkat,Rajasthan Royals,0.0,1.0,25.0,49.0,1.0
1178418,AD Russell,Kolkata Knight Riders,14.0,14.0,18.0,32.0,1.0
1178418,CR Brathwaite,Kolkata Knight Riders,5.0,3.0,15.0,13.0,
1178418,RK Singh,Kolkata Knight Riders,3.0,3.0,,,
1178418,AM Rahane,Rajasthan Royals,34.0,21.0,,,
1178418,SV Samson,Rajasthan Royals,22.0,15.0,,,
1178418,M Prasidh Krishna,Kolkata Knight Riders,,,21.0,42.0,1.0
1178418,Y Prithvi Raj,Kolkata Knight Riders,,,13.0,27.0,
1178418,SPD Smith,Rajasthan Royals,2.0,6.0,,,
1178418,PP Chawla,Kolkata Knight Riders,,,24.0,20.0,3.0
1178418,BA Stokes,Rajasthan Royals,11.0,10.0,,,
1178418,STR Binny,Rajasthan Royals,11.0,12.0,,,
1178419,RG Sharma,Mumbai Indians,67.0,48.0,,,
1178419,DL Chahar,Chennai Super Kings,0.0,3.0,25.0,45.0,1.0
1178419,Q de Kock,Mumbai Indians,15.0,10.0,,,
1178419,Harbhajan Singh,Chennai Super Kings,1.0,3.0,24.0,23.0,
1178419,E Lewis,Mumbai Indians,32.0,31.0,,,
1178419,Imran Tahir,Chennai Super Kings,,,24.0,37.0,1.0
1178419,DJ Bravo,Chennai Super Kings,20.0,17.0,26.0,33.0,
1178419,MJ Santner,Chennai Super Kings,22.0,21.0,24.0,13.0,2.0
1178419,KH Pandya,Mumbai Indians,1.0,3.0,18.0,7.0,2.0
1178419,HH Pandya,Mumbai Indians,23.0,19.0,14.0,20.0,1.0
1178419,KA Pollard,Mumbai Indians,13.0,12.0,,,
1178419,M Vijay,Chennai Super Kings,38.0,35.0,,,
1178419,SL Malinga,Mumbai Indians,,,22.0,37.0,4.0
1178419,SR Watson,Chennai Super Kings,8.0,4.0,,,
1178419,SK Raina,Chennai Super Kings,2.0,4.0,,,
1178419,AT Rayudu,Chennai Super Kings,0.0,3.0,,,
1178419,KM Jadhav,Chennai Super Kings,6.0,11.0,,,
1178419,JJ Bumrah,Mumbai Indians,,,19.0,9.0,2.0
1178419,RD Chahar,Mumbai Indians,,,24.0,21.0,
1178419,DR Shorey,Chennai Super Kings,5.0,11.0,,,
1178419,AS Roy,Mumbai Indians,,,15.0,8.0,1.0
1178420,DA Warner,Sunrisers Hyderabad,37.0,33.0,,,
1178420,VR Aaron,Rajasthan Royals,,,25.0,35.0,2.0
1178420,KS Williamson,Sunrisers Hyderabad,13.0,14.0,,,
1178420,O Thomas,Rajasthan Royals,,,25.0,27.0,2.0
1178420,S Gopal,Rajasthan Royals,,,24.0,30.0,2.0
1178420,MK Pandey,Sunrisers Hyderabad,61.0,36.0,,,
1178420,JD Unadkat,Rajasthan Royals,,,24.0,26.0,2.0
1178420,R Parag,Rajasthan Royals,,,18.0,24.0,
1178420,STR Binny,Rajasthan Royals,,,7.0,9.0,
1178420,V Shankar,Sunrisers Hyderabad,8.0,10.0,,,
1178420,Shakib Al Hasan,Sunrisers Hyderabad,9.0,11.0,19.0,26.0,1.0
1178420,DJ Hooda,Sunrisers Hyderabad,0.0,1.0,,,
1178420,WP Saha,Sunrisers Hyderabad,5.0,5.0,,,
1178420,Rashid Khan,Sunrisers Hyderabad,17.0,9.0,24.0,30.0,1.0
1178420,B Kumar,Sunrisers Hyderabad,1.0,4.0,25.0,21.0,
1178420,AM Rahane,Rajasthan Royals,39.0,34.0,,,
1178420,LS Livingstone,Rajasthan Royals,44.0,26.0,,,
1178420,KK Ahmed,Sunrisers Hyderabad,,,24.0,33.0,1.0
1178420,S Kaul,Sunrisers Hyderabad,,,26.0,46.0,
1178420,SV Samson,Rajasthan Royals,48.0,35.0,,,
1178420,SPD Smith,Rajasthan Royals,22.0,16.0,,,
1178420,AJ Turner,Rajasthan Royals,3.0,7.0,,,
1178421,PP Shaw,Delhi Capitals,18.0,10.0,,,
1178421,UT Yadav,Royal Challengers Bengaluru,,,24.0,39.0,1.0
1178421,S Dhawan,Delhi Capitals,50.0,37.0,,,
1178421,Washington Sundar,Royal Challengers Bengaluru,1.0,2.0,24.0,29.0,1.0
1178421,YS Chahal,Royal Challengers Bengaluru,,,24.0,41.0,2.0
1178421,SS Iyer,Delhi Capitals,52.0,37.0,,,
1178421,Navdeep Saini,Royal Challengers Bengaluru,,,24.0,44.0,1.0
1178421,MP Stoinis,Royal Challengers Bengaluru,32.0,25.0,18.0,24.0,
1178421,S Dube,Royal Challengers Bengaluru,24.0,16.0,6.0,5.0,
1178421,RR Pant,Delhi Capitals,7.0,7.0,,,
1178421,CA Ingram,Delhi Capitals,11.0,7.0,,,
1178421,SE Rutherford,Delhi Capitals,28.0,13.0,6.0,6.0,1.0
1178421,AR Patel,Delhi Capitals,16.0,9.0,24.0,26.0,1.0
1178421,PA Patel,Royal Challengers Bengaluru,39.0,20.0,,,
1178421,I Sharma,Delhi Capitals,,,24.0,40.0,1.0
1178421,V Kohli,Royal Challengers Bengaluru,23.0,17.0,,,
1178421,S Lamichhane,Delhi Capitals,,,18.0,36.0,
1178421,K Rabada,Delhi Capitals,,,25.0,30.0,2.0
1178421,AB de Villiers,Royal Challengers Bengaluru,17.0,19.0,,,
1178421,A Mishra,Delhi Capitals,,,25.0,28.0,2.0
1178421,H Klaasen,Royal Challengers Bengaluru,3.0,3.0,,,
1178421,Gurkeerat Singh,Royal Challengers Bengaluru,27.0,20.0,,,
1178422,Shubman Gill,Kolkata Knight Riders,76.0,46.0,,,
1178422,BB Sran,Mumbai Indians,3.0,3.0,12.0,27.0,
1178422,CA Lynn,Kolkata Knight Riders,54.0,29.0,,,
1178422,KH Pandya,Mumbai Indians,24.0,18.0,18.0,27.0,
1178422,SL Malinga,Mumbai Indians,,,24.0,48.0,
1178422,JJ Bumrah,Mumbai Indians,,,26.0,42.0,
1178422,RD Chahar,Mumbai Indians,1.0,1.0,25.0,53.0,1.0
1178422,AD Russell,Kolkata Knight Riders,80.0,44.0,24.0,25.0,2.0
1178422,HH Pandya,Mumbai Indians,91.0,34.0,21.0,28.0,1.0
1178422,KD Karthik,Kolkata Knight Riders,15.0,7.0,,,
1178422,Q de Kock,Mumbai Indians,0.0,4.0,,,
1178422,S Sandeep Warrier,Kolkata Knight Riders,,,24.0,29.0,
1178422,RG Sharma,Mumbai Indians,12.0,9.0,,,
1178422,SP Narine,Kolkata Knight Riders,,,24.0,44.0,2.0
1178422,E Lewis,Mumbai Indians,15.0,16.0,,,
1178422,HF Gurney,Kolkata Knight Riders,,,24.0,37.0,2.0
1178422,SA Yadav,Mumbai Indians,26.0,14.0,,,
1178422,KA Pollard,Mumbai Indians,20.0,21.0,,,
1178422,PP Chawla,Kolkata Knight Riders,,,24.0,57.0,1.0
1178423,DA Warner,Sunrisers Hyderabad,81.0,61.0,,,
1178423,Arshdeep Singh,Punjab Kings,,,27.0,39.0,1.0
1178423,Mujeeb Ur Rahman,Punjab Kings,0.0,3.0,27.0,59.0,
1178423,WP Saha,Sunrisers Hyderabad,28.0,14.0,,,
1178423,Mohammed Shami,Punjab Kings,1.0,1.0,25.0,35.0,2.0
1178423,R Ashwin,Punjab Kings,0.0,1.0,25.0,29.0,2.0
1178423,M Ashwin,Punjab Kings,1.0,1.0,26.0,30.0,1.0
1178423,MK Pandey,Sunrisers Hyderabad,36.0,25.0,,,
1178423,Mohammad Nabi,Sunrisers Hyderabad,20.0,13.0,18.0,28.0,
1178423,KS Williamson,Sunrisers Hyderabad,14.0,7.0,,,
1178423,Rashid Khan,Sunrisers Hyderabad,1.0,2.0,24.0,21.0,3.0
1178423,V Shankar,Sunrisers Hyderabad,7.0,4.0,,,
1178423,Abhishek Sharma,Sunrisers Hyderabad,5.0,4.0,7.0,10.0,
1178423,KL Rahul,Punjab Kings,79.0,60.0,,,
1178423,KK Ahmed,Sunrisers Hyderabad,,,27.0,37.0,3.0
1178423,CH Gayle,Punjab Kings,4.0,3.0,,,
1178423,B Kumar,Sunrisers Hyderabad,,,25.0,33.0,
1178423,MA Agarwal,Punjab Kings,27.0,19.0,,,
1178423,Sandeep Sharma,Sunrisers Hyderabad,,,26.0,31.0,2.0
1178423,N Pooran,Punjab Kings,21.0,10.0,,,
1178423,DA Miller,Punjab Kings,11.0,11.0,,,
1178423,P Simran Singh,Punjab Kings,16.0,18.0,,,
1178424,V Kohli,Royal Challengers Bengaluru,25.0,7.0,,,
1178424,VR Aaron,Rajasthan Royals,,,6.0,23.0,
1178424,AB de Villiers,Royal Challengers Bengaluru,10.0,4.0,,,
1178424,S Gopal,Rajasthan Royals,,,6.0,12.0,3.0
1178424,MP Stoinis,Royal Challengers Bengaluru,0.0,1.0,,,
1178424,H Klaasen,Royal Challengers Bengaluru,6.0,7.0,,,
1178424,R Parag,Rajasthan Royals,,,6.0,10.0,1.0
1178424,Gurkeerat Singh,Royal Challengers Bengaluru,6.0,3.0,,,
1178424,JD Unadkat,Rajasthan Royals,,,6.0,9.0,1.0
1178424,PA Patel,Royal Challengers Bengaluru,8.0,5.0,,,
1178424,O Thomas,Rajasthan Royals,,,7.0,5.0,2.0
1178424,P Negi,Royal Challengers Bengaluru,4.0,3.0,,,
1178424,Navdeep Saini,Royal Challengers Bengaluru,0.0,1.0,6.0,12.0,
1178424,SV Samson,Rajasthan Royals,28.0,13.0,,,
1178424,UT Yadav,Royal Challengers Bengaluru,,,6.0,10.0,
1178424,LS Livingstone,Rajasthan Royals,11.0,7.0,,,
1178424,K Khejroliya,Royal Challengers Bengaluru,,,6.0,17.0,
1178424,YS Chahal,Royal Challengers Bengaluru,,,2.0,0.0,1.0
1178425,F du Plessis,Chennai Super Kings,39.0,43.0,,,
1178425,TA Boult,Delhi Capitals,1.0,1.0,25.0,35.0,
1178425,SR Watson,Chennai Super Kings,0.0,9.0,,,
1178425,J Suchith,Delhi Capitals,6.0,15.0,24.0,28.0,2.0
1178425,SK Raina,Chennai Super Kings,59.0,38.0,,,
1178425,CH Morris,Delhi Capitals,0.0,1.0,26.0,45.0,1.0
1178425,AR Patel,Delhi Capitals,9.0,9.0,18.0,31.0,1.0
1178425,A Mishra,Delhi Capitals,8.0,11.0,18.0,16.0,
1178425,SE Rutherford,Delhi Capitals,2.0,4.0,14.0,17.0,
1178425,MS Dhoni,Chennai Super Kings,44.0,22.0,,,
1178425,RA Jadeja,Chennai Super Kings,25.0,10.0,18.0,9.0,3.0
1178425,AT Rayudu,Chennai Super Kings,5.0,3.0,,,
1178425,PP Shaw,Delhi Capitals,4.0,5.0,,,
1178425,DL Chahar,Chennai Super Kings,,,18.0,32.0,1.0
1178425,SS Iyer,Delhi Capitals,44.0,31.0,,,
1178425,S Dhawan,Delhi Capitals,19.0,13.0,,,
1178425,Harbhajan Singh,Chennai Super Kings,,,24.0,28.0,1.0
1178425,RR Pant,Delhi Capitals,5.0,3.0,,,
1178425,Imran Tahir,Chennai Super Kings,,,20.0,12.0,4.0
1178425,CA Ingram,Delhi Capitals,1.0,5.0,,,
1178425,DJ Bravo,Chennai Super Kings,,,18.0,18.0,
1178426,RG Sharma,Mumbai Indians,24.0,19.0,,,
1178426,B Kumar,Sunrisers Hyderabad,,,25.0,28.0,1.0
1178426,Q de Kock,Mumbai Indians,69.0,58.0,,,
1178426,KK Ahmed,Sunrisers Hyderabad,,,24.0,42.0,3.0
1178426,Mohammad Nabi,Sunrisers Hyderabad,37.0,22.0,24.0,24.0,1.0
1178426,Rashid Khan,Sunrisers Hyderabad,,,27.0,30.0,
1178426,SA Yadav,Mumbai Indians,23.0,17.0,,,
1178426,Basil Thampi,Sunrisers Hyderabad,,,25.0,39.0,
1178426,E Lewis,Mumbai Indians,1.0,6.0,,,
1178426,HH Pandya,Mumbai Indians,25.0,12.0,12.0,20.0,2.0
1178426,KA Pollard,Mumbai Indians,12.0,10.0,,,
1178426,KH Pandya,Mumbai Indians,9.0,3.0,25.0,21.0,2.0
1178426,WP Saha,Sunrisers Hyderabad,25.0,16.0,,,
1178426,BB Sran,Mumbai Indians,,,13.0,23.0,
1178426,MJ Guptill,Sunrisers Hyderabad,16.0,12.0,,,
1178426,SL Malinga,Mumbai Indians,,,24.0,43.0,
1178426,JJ Bumrah,Mumbai Indians,,,28.0,39.0,3.0
1178426,MK Pandey,Sunrisers Hyderabad,72.0,48.0,,,
1178426,KS Williamson,Sunrisers Hyderabad,3.0,7.0,,,
1178426,RD Chahar,Mumbai Indians,,,24.0,21.0,
1178426,V Shankar,Sunrisers Hyderabad,12.0,18.0,,,
1178426,Abhishek Sharma,Sunrisers Hyderabad,2.0,3.0,,,
1178427,CH Gayle,Punjab Kings,14.0,14.0,,,
1178427,S Sandeep Warrier,Kolkata Knight Riders,,,24.0,31.0,2.0
1178427,KL Rahul,Punjab Kings,2.0,7.0,,,
1178427,HF Gurney,Kolkata Knight Riders,,,24.0,41.0,1.0
1178427,MA Agarwal,Punjab Kings,36.0,26.0,,,
1178427,SP Narine,Kolkata Knight Riders,,,24.0,29.0,
1178427,N Pooran,Punjab Kings,48.0,28.0,,,
1178427,AD Russell,Kolkata Knight Riders,24.0,17.0,19.0,28.0,1.0
1178427,PP Chawla,Kolkata Knight Riders,,,24.0,43.0,
1178427,N Rana,Kolkata Knight Riders,,,6.0,8.0,1.0
1178427,Mandeep Singh,Punjab Kings,25.0,17.0,,,
1178427,SM Curran,Punjab Kings,55.0,24.0,26.0,39.0,
1178427,R Ashwin,Punjab Kings,0.0,3.0,25.0,37.0,1.0
1178427,AJ Tye,Punjab Kings,0.0,2.0,20.0,39.0,1.0
1178427,Shubman Gill,Kolkata Knight Riders,65.0,50.0,,,
1178427,Mohammed Shami,Punjab Kings,,,18.0,15.0,1.0
1178427,CA Lynn,Kolkata Knight Riders,46.0,22.0,,,
1178427,Arshdeep Singh,Punjab Kings,,,12.0,24.0,
1178427,RV Uthappa,Kolkata Knight Riders,22.0,14.0,,,
1178427,M Ashwin,Punjab Kings,,,12.0,24.0,
1178427,KD Karthik,Kolkata Knight Riders,21.0,10.0,,,
1178428,AM Rahane,Rajasthan Royals,2.0,4.0,,,
1178428,TA Boult,Delhi Capitals,,,27.0,24.0,2.0
1178428,LS Livingstone,Rajasthan Royals,14.0,13.0,,,
1178428,I Sharma,Delhi Capitals,,,26.0,33.0,3.0
1178428,SV Samson,Rajasthan Royals,5.0,9.0,,,
1178428,MK Lomror,Rajasthan Royals,8.0,3.0,,,
1178428,AR Patel,Delhi Capitals,1.0,1.0,24.0,16.0,
1178428,S Gopal,Rajasthan Royals,12.0,18.0,24.0,21.0,2.0
1178428,R Parag,Rajasthan Royals,50.0,53.0,6.0,14.0,
1178428,A Mishra,Delhi Capitals,,,24.0,17.0,3.0
1178428,KMA Paul,Delhi Capitals,,,20.0,14.0,
1178428,STR Binny,Rajasthan Royals,0.0,1.0,6.0,6.0,
1178428,K Gowtham,Rajasthan Royals,6.0,6.0,24.0,16.0,
1178428,IS Sodhi,Rajasthan Royals,6.0,12.0,19.0,26.0,3.0
1178428,VR Aaron,Rajasthan Royals,3.0,7.0,13.0,20.0,
1178428,SE Rutherford,Delhi Capitals,11.0,7.0,5.0,2.0,
1178428,PP Shaw,Delhi Capitals,8.0,8.0,,,
1178428,S Dhawan,Delhi Capitals,16.0,12.0,,,
1178428,O Thomas,Rajasthan Royals,,,6.0,13.0,
1178428,RR Pant,Delhi Capitals,53.0,38.0,,,
1178428,SS Iyer,Delhi Capitals,15.0,9.0,,,
1178428,CA Ingram,Delhi Capitals,12.0,23.0,,,
1178429,WP Saha,Sunrisers Hyderabad,20.0,11.0,,,
1178429,UT Yadav,Royal Challengers Bengaluru,9.0,4.0,25.0,45.0,
1178429,MJ Guptill,Sunrisers Hyderabad,30.0,23.0,,,
1178429,Navdeep Saini,Royal Challengers Bengaluru,,,24.0,39.0,2.0
1178429,YS Chahal,Royal Challengers Bengaluru,,,25.0,23.0,1.0
1178429,MK Pandey,Sunrisers Hyderabad,9.0,12.0,,,
1178429,K Khejroliya,Royal Challengers Bengaluru,,,25.0,28.0,1.0
1178429,Washington Sundar,Royal Challengers Bengaluru,0.0,2.0,18.0,24.0,3.0
1178429,KS Williamson,Sunrisers Hyderabad,70.0,44.0,,,
1178429,V Shankar,Sunrisers Hyderabad,27.0,18.0,7.0,15.0,
1178429,C de Grandhomme,Royal Challengers Bengaluru,3.0,4.0,6.0,12.0,
1178429,YK Pathan,Sunrisers Hyderabad,3.0,5.0,,,
1178429,Mohammad Nabi,Sunrisers Hyderabad,4.0,3.0,14.0,26.0,
1178429,Rashid Khan,Sunrisers Hyderabad,1.0,2.0,25.0,43.0,1.0
1178429,B Kumar,Sunrisers Hyderabad,7.0,5.0,25.0,23.0,2.0
1178429,PA Patel,Royal Challengers Bengaluru,0.0,4.0,,,
1178429,V Kohli,Royal Challengers Bengaluru,16.0,7.0,,,
1178429,KK Ahmed,Sunrisers Hyderabad,,,28.0,33.0,3.0
1178429,AB de Villiers,Royal Challengers Bengaluru,1.0,2.0,,,
1178429,SO Hetmyer,Royal Challengers Bengaluru,75.0,50.0,,,
1178429,Gurkeerat Singh,Royal Challengers Bengaluru,65.0,50.0,,,
1178429,Basil Thampi,Sunrisers Hyderabad,,,24.0,29.0,
1178430,F du Plessis,Chennai Super Kings,96.0,55.0,,,
1178430,Harpreet Brar,Punjab Kings,,,18.0,24.0,
1178430,SR Watson,Chennai Super Kings,7.0,12.0,,,
1178430,Mohammed Shami,Punjab Kings,,,18.0,17.0,2.0
1178430,SM Curran,Punjab Kings,6.0,7.0,25.0,34.0,3.0
1178430,SK Raina,Chennai Super Kings,53.0,38.0,,,
1178430,R Ashwin,Punjab Kings,,,24.0,23.0,
1178430,AJ Tye,Punjab Kings,,,18.0,37.0,
1178430,M Ashwin,Punjab Kings,,,18.0,33.0,
1178430,MS Dhoni,Chennai Super Kings,10.0,12.0,,,
1178430,AT Rayudu,Chennai Super Kings,1.0,2.0,,,
1178430,KM Jadhav,Chennai Super Kings,0.0,1.0,,,
1178430,DJ Bravo,Chennai Super Kings,1.0,1.0,28.0,23.0,
1178430,KL Rahul,Punjab Kings,71.0,36.0,,,
1178430,DL Chahar,Chennai Super Kings,,,24.0,28.0,
1178430,CH Gayle,Punjab Kings,28.0,32.0,,,
1178430,Harbhajan Singh,Chennai Super Kings,,,25.0,56.0,3.0
1178430,Imran Tahir,Chennai Super Kings,,,24.0,36.0,
1178430,MA Agarwal,Punjab Kings,7.0,6.0,,,
1178430,N Pooran,Punjab Kings,36.0,23.0,,,
1178430,Mandeep Singh,Punjab Kings,11.0,9.0,,,
1178430,RA Jadeja,Chennai Super Kings,,,12.0,16.0,1.0
1178431,Shubman Gill,Kolkata Knight Riders,9.0,16.0,,,
1178431,MJ McClenaghan,Mumbai Indians,,,27.0,16.0,
1178431,CA Lynn,Kolkata Knight Riders,41.0,29.0,,,
1178431,KH Pandya,Mumbai Indians,,,25.0,13.0,
1178431,SL Malinga,Mumbai Indians,,,27.0,32.0,3.0
1178431,JJ Bumrah,Mumbai Indians,,,25.0,30.0,2.0
1178431,RD Chahar,Mumbai Indians,,,6.0,12.0,
1178431,HH Pandya,Mumbai Indians,,,18.0,20.0,2.0
1178431,RV Uthappa,Kolkata Knight Riders,40.0,52.0,,,
1178431,KD Karthik,Kolkata Knight Riders,3.0,10.0,,,
1178431,AD Russell,Kolkata Knight Riders,0.0,2.0,13.0,34.0,
1178431,N Rana,Kolkata Knight Riders,26.0,13.0,,,
1178431,RK Singh,Kolkata Knight Riders,4.0,6.0,,,
1178431,Q de Kock,Mumbai Indians,30.0,23.0,,,
1178431,S Sandeep Warrier,Kolkata Knight Riders,,,25.0,24.0,
1178431,HF Gurney,Kolkata Knight Riders,,,19.0,19.0,
1178431,RG Sharma,Mumbai Indians,55.0,49.0,,,
1178431,SP Narine,Kolkata Knight Riders,,,25.0,32.0,
1178431,M Prasidh Krishna,Kolkata Knight Riders,,,18.0,22.0,1.0
1178431,SA Yadav,Mumbai Indians,46.0,28.0,,,
1181764,F du Plessis,Chennai Super Kings,6.0,11.0,,,
1181764,SL Malinga,Mumbai Indians,,,20.0,24.0,
1181764,KH Pandya,Mumbai Indians,0.0,1.0,24.0,21.0,1.0
1181764,SR Watson,Chennai Super Kings,10.0,13.0,,,
1181764,RD Chahar,Mumbai Indians,,,24.0,14.0,2.0
1181764,SK Raina,Chennai Super Kings,5.0,7.0,,,
1181764,J Yadav,Mumbai Indians,,,19.0,24.0,1.0
1181764,JJ Bumrah,Mumbai Indians,,,25.0,30.0,
1181764,M Vijay,Chennai Super Kings,26.0,26.0,,,
1181764,AT Rayudu,Chennai Super Kings,42.0,38.0,,,
1181764,HH Pandya,Mumbai Indians,13.0,11.0,12.0,13.0,
1181764,MS Dhoni,Chennai Super Kings,37.0,29.0,,,
1181764,RG Sharma,Mumbai Indians,4.0,2.0,,,
1181764,DL Chahar,Chennai Super Kings,,,21.0,30.0,1.0
1181764,SA Yadav,Mumbai Indians,71.0,54.0,,,
1181764,Q de Kock,Mumbai Indians,8.0,13.0,,,
1181764,Harbhajan Singh,Chennai Super Kings,,,25.0,22.0,1.0
1181764,Ishan Kishan,Mumbai Indians,28.0,32.0,,,
1181764,RA Jadeja,Chennai Super Kings,,,24.0,18.0,
1181764,DJ Bravo,Chennai Super Kings,,,18.0,25.0,
1181764,Imran Tahir,Chennai Super Kings,,,25.0,29.0,2.0
1181766,WP Saha,Sunrisers Hyderabad,8.0,9.0,,,
1181766,TA Boult,Delhi Capitals,,,19.0,36.0,1.0
1181766,MJ Guptill,Sunrisers Hyderabad,36.0,19.0,,,
1181766,I Sharma,Delhi Capitals,,,24.0,34.0,2.0
1181766,MK Pandey,Sunrisers Hyderabad,30.0,38.0,,,
1181766,AR Patel,Delhi Capitals,0.0,3.0,24.0,30.0,
1181766,A Mishra,Delhi Capitals,1.0,3.0,24.0,16.0,1.0
1181766,KS Williamson,Sunrisers Hyderabad,28.0,29.0,,,
1181766,KMA Paul,Delhi Capitals,5.0,4.0,30.0,26.0,3.0
1181766,V Shankar,Sunrisers Hyderabad,25.0,11.0,,,
1181766,SE Rutherford,Delhi Capitals,9.0,12.0,7.0,10.0,
1181766,Mohammad Nabi,Sunrisers Hyderabad,20.0,13.0,24.0,29.0,
1181766,DJ Hooda,Sunrisers Hyderabad,4.0,7.0,7.0,12.0,1.0
1181766,Rashid Khan,Sunrisers Hyderabad,0.0,1.0,25.0,14.0,2.0
1181766,Basil Thampi,Sunrisers Hyderabad,1.0,1.0,24.0,41.0,
1181766,PP Shaw,Delhi Capitals,56.0,40.0,,,
1181766,B Kumar,Sunrisers Hyderabad,,,26.0,40.0,2.0
1181766,S Dhawan,Delhi Capitals,17.0,17.0,,,
1181766,KK Ahmed,Sunrisers Hyderabad,,,18.0,23.0,2.0
1181766,SS Iyer,Delhi Capitals,8.0,10.0,,,
1181766,RR Pant,Delhi Capitals,49.0,22.0,,,
1181766,C Munro,Delhi Capitals,14.0,13.0,,,
1181767,PP Shaw,Delhi Capitals,5.0,7.0,,,
1181767,DL Chahar,Chennai Super Kings,,,25.0,27.0,2.0
1181767,S Dhawan,Delhi Capitals,18.0,14.0,,,
1181767,SN Thakur,Chennai Super Kings,,,6.0,13.0,
1181767,C Munro,Delhi Capitals,27.0,24.0,,,
1181767,Harbhajan Singh,Chennai Super Kings,,,24.0,31.0,2.0
1181767,SS Iyer,Delhi Capitals,13.0,18.0,,,
1181767,RA Jadeja,Chennai Super Kings,,,18.0,23.0,2.0
1181767,RR Pant,Delhi Capitals,38.0,25.0,,,
1181767,Imran Tahir,Chennai Super Kings,,,24.0,28.0,1.0
1181767,DJ Bravo,Chennai Super Kings,0.0,1.0,26.0,17.0,2.0
1181767,AR Patel,Delhi Capitals,3.0,6.0,24.0,32.0,1.0
1181767,SE Rutherford,Delhi Capitals,10.0,12.0,,,
1181767,KMA Paul,Delhi Capitals,3.0,8.0,20.0,43.0,
1181767,A Mishra,Delhi Capitals,6.0,3.0,24.0,21.0,1.0
1181767,TA Boult,Delhi Capitals,6.0,3.0,24.0,20.0,1.0
1181767,I Sharma,Delhi Capitals,10.0,3.0,24.0,24.0,1.0
1181767,F du Plessis,Chennai Super Kings,50.0,39.0,,,
1181767,SR Watson,Chennai Super Kings,50.0,34.0,,,
1181767,SK Raina,Chennai Super Kings,11.0,13.0,,,
1181767,AT Rayudu,Chennai Super Kings,20.0,20.0,,,
1181767,MS Dhoni,Chennai Super Kings,9.0,9.0,,,
1181768,Q de Kock,Mumbai Indians,29.0,18.0,,,
1181768,DL Chahar,Chennai Super Kings,,,25.0,25.0,3.0
1181768,RG Sharma,Mumbai Indians,15.0,14.0,,,
1181768,SN Thakur,Chennai Super Kings,2.0,2.0,24.0,37.0,2.0
1181768,Harbhajan Singh,Chennai Super Kings,,,25.0,26.0,
1181768,SA Yadav,Mumbai Indians,15.0,17.0,,,
1181768,Ishan Kishan,Mumbai Indians,23.0,28.0,,,
1181768,DJ Bravo,Chennai Super Kings,15.0,15.0,19.0,23.0,
1181768,Imran Tahir,Chennai Super Kings,,,18.0,23.0,2.0
1181768,KH Pandya,Mumbai Indians,7.0,7.0,18.0,39.0,1.0
1181768,KA Pollard,Mumbai Indians,41.0,25.0,,,
1181768,RA Jadeja,Chennai Super Kings,5.0,5.0,12.0,12.0,
1181768,HH Pandya,Mumbai Indians,16.0,10.0,7.0,2.0,
1181768,RD Chahar,Mumbai Indians,0.0,2.0,24.0,14.0,1.0
1181768,MJ McClenaghan,Mumbai Indians,0.0,2.0,26.0,22.0,
1181768,F du Plessis,Chennai Super Kings,26.0,13.0,,,
1181768,SR Watson,Chennai Super Kings,80.0,62.0,,,
1181768,SL Malinga,Mumbai Indians,,,25.0,48.0,1.0
1181768,JJ Bumrah,Mumbai Indians,,,24.0,14.0,2.0
1181768,SK Raina,Chennai Super Kings,8.0,15.0,,,
1181768,AT Rayudu,Chennai Super Kings,1.0,4.0,,,
1181768,MS Dhoni,Chennai Super Kings,2.0,8.0,,,
1216492,RG Sharma,Mumbai Indians,12.0,10.0,,,
1216492,DL Chahar,Chennai Super Kings,,,25.0,31.0,2.0
1216492,Q de Kock,Mumbai Indians,33.0,22.0,,,
1216492,SM Curran,Chennai Super Kings,18.0,6.0,24.0,28.0,1.0
1216492,L Ngidi,Chennai Super Kings,,,26.0,36.0,3.0
1216492,PP Chawla,Chennai Super Kings,,,25.0,20.0,1.0
1216492,SA Yadav,Mumbai Indians,17.0,18.0,,,
1216492,SS Tiwary,Mumbai Indians,42.0,31.0,,,
1216492,RA Jadeja,Chennai Super Kings,10.0,5.0,24.0,42.0,2.0
1216492,HH Pandya,Mumbai Indians,14.0,10.0,,,
1216492,KA Pollard,Mumbai Indians,18.0,14.0,,,
1216492,KH Pandya,Mumbai Indians,3.0,3.0,25.0,36.0,1.0
1216492,JL Pattinson,Mumbai Indians,11.0,8.0,25.0,26.0,1.0
1216492,RD Chahar,Mumbai Indians,2.0,4.0,24.0,36.0,1.0
1216492,TA Boult,Mumbai Indians,0.0,1.0,20.0,23.0,1.0
1216492,JJ Bumrah,Mumbai Indians,5.0,3.0,26.0,41.0,1.0
1216492,M Vijay,Chennai Super Kings,1.0,8.0,,,
1216492,SR Watson,Chennai Super Kings,4.0,5.0,,,
1216492,F du Plessis,Chennai Super Kings,58.0,45.0,,,
1216492,AT Rayudu,Chennai Super Kings,71.0,49.0,,,
1216492,MS Dhoni,Chennai Super Kings,0.0,2.0,,,
1216493,PP Shaw,Delhi Capitals,5.0,9.0,,,
1216493,SS Cottrell,Punjab Kings,,,25.0,23.0,2.0
1216493,S Dhawan,Delhi Capitals,0.0,2.0,,,
1216493,Mohammed Shami,Punjab Kings,,,29.0,15.0,3.0
1216493,SO Hetmyer,Delhi Capitals,7.0,13.0,,,
1216493,SS Iyer,Delhi Capitals,39.0,33.0,,,
1216493,CJ Jordan,Punjab Kings,5.0,6.0,28.0,52.0,
1216493,RR Pant,Delhi Capitals,33.0,35.0,,,
1216493,K Gowtham,Punjab Kings,20.0,14.0,24.0,39.0,
1216493,Ravi Bishnoi,Punjab Kings,,,25.0,21.0,1.0
1216493,AR Patel,Delhi Capitals,6.0,9.0,24.0,14.0,1.0
1216493,MP Stoinis,Delhi Capitals,53.0,23.0,18.0,29.0,2.0
1216493,R Ashwin,Delhi Capitals,4.0,6.0,6.0,2.0,2.0
1216493,A Nortje,Delhi Capitals,3.0,1.0,24.0,33.0,
1216493,KL Rahul,Punjab Kings,23.0,21.0,,,
1216493,MA Agarwal,Punjab Kings,89.0,61.0,,,
1216493,MM Sharma,Delhi Capitals,,,25.0,44.0,1.0
1216493,K Rabada,Delhi Capitals,,,28.0,29.0,4.0
1216493,KK Nair,Punjab Kings,1.0,3.0,,,
1216493,N Pooran,Punjab Kings,0.0,4.0,,,
1216493,GJ Maxwell,Punjab Kings,1.0,4.0,,,
1216493,SN Khan,Punjab Kings,12.0,12.0,,,
1216494,Shubman Gill,Kolkata Knight Riders,1.0,7.0,,,
1216494,CH Morris,Royal Challengers Bengaluru,,,25.0,15.0,
1216494,RA Tripathi,Kolkata Knight Riders,1.0,5.0,,,
1216494,Mohammed Siraj,Royal Challengers Bengaluru,,,24.0,8.0,3.0
1216494,N Rana,Kolkata Knight Riders,0.0,1.0,,,
1216494,T Banton,Kolkata Knight Riders,10.0,8.0,,,
1216494,Navdeep Saini,Royal Challengers Bengaluru,,,18.0,23.0,1.0
1216494,KD Karthik,Kolkata Knight Riders,4.0,14.0,,,
1216494,EJG Morgan,Kolkata Knight Riders,30.0,34.0,,,
1216494,I Udana,Royal Challengers Bengaluru,,,6.0,6.0,
1216494,YS Chahal,Royal Challengers Bengaluru,,,24.0,15.0,2.0
1216494,PJ Cummins,Kolkata Knight Riders,4.0,17.0,19.0,17.0,
1216494,Washington Sundar,Royal Challengers Bengaluru,,,24.0,14.0,1.0
1216494,Kuldeep Yadav,Kolkata Knight Riders,12.0,19.0,,,
1216494,LH Ferguson,Kolkata Knight Riders,19.0,16.0,25.0,16.0,1.0
1216494,D Padikkal,Royal Challengers Bengaluru,25.0,17.0,,,
1216494,AJ Finch,Royal Challengers Bengaluru,16.0,24.0,,,
1216494,M Prasidh Krishna,Kolkata Knight Riders,,,16.0,19.0,
1216494,CV Varun,Kolkata Knight Riders,,,24.0,28.0,
1216494,Gurkeerat Singh,Royal Challengers Bengaluru,21.0,26.0,,,
1216494,V Kohli,Royal Challengers Bengaluru,18.0,17.0,,,
1216495,RG Sharma,Mumbai Indians,4.0,7.0,,,
1216495,Sandeep Sharma,Sunrisers Hyderabad,,,24.0,34.0,3.0
1216495,Q de Kock,Mumbai Indians,25.0,13.0,,,
1216495,JO Holder,Sunrisers Hyderabad,,,24.0,25.0,2.0
1216495,SA Yadav,Mumbai Indians,36.0,29.0,,,
1216495,Ishan Kishan,Mumbai Indians,33.0,30.0,,,
1216495,S Nadeem,Sunrisers Hyderabad,,,24.0,19.0,2.0
1216495,T Natarajan,Sunrisers Hyderabad,,,24.0,38.0,
1216495,Rashid Khan,Sunrisers Hyderabad,,,24.0,32.0,1.0
1216495,KH Pandya,Mumbai Indians,0.0,3.0,20.0,32.0,
1216495,SS Tiwary,Mumbai Indians,1.0,3.0,,,
1216495,KA Pollard,Mumbai Indians,41.0,25.0,,,
1216495,NM Coulter-Nile,Mumbai Indians,1.0,3.0,25.0,26.0,
1216495,JL Pattinson,Mumbai Indians,4.0,5.0,18.0,29.0,
1216495,DS Kulkarni,Mumbai Indians,3.0,2.0,20.0,20.0,
1216495,DA Warner,Sunrisers Hyderabad,85.0,61.0,,,
1216495,WP Saha,Sunrisers Hyderabad,58.0,46.0,,,
1216495,RD Chahar,Mumbai Indians,,,24.0,36.0,
1216496,YBK Jaiswal,Rajasthan Royals,6.0,6.0,,,
1216496,DL Chahar,Chennai Super Kings,,,24.0,31.0,1.0
1216496,SPD Smith,Rajasthan Royals,69.0,51.0,,,
1216496,SM Curran,Chennai Super Kings,17.0,6.0,25.0,32.0,3.0
1216496,SV Samson,Rajasthan Royals,74.0,32.0,,,
1216496,L Ngidi,Chennai Super Kings,,,28.0,52.0,1.0
1216496,RA Jadeja,Chennai Super Kings,1.0,2.0,26.0,38.0,
1216496,PP Chawla,Chennai Super Kings,,,25.0,54.0,1.0
1216496,RV Uthappa,Rajasthan Royals,5.0,9.0,,,
1216496,R Tewatia,Rajasthan Royals,10.0,8.0,24.0,37.0,3.0
1216496,R Parag,Rajasthan Royals,6.0,4.0,,,
1216496,TK Curran,Rajasthan Royals,10.0,9.0,25.0,53.0,1.0
1216496,JC Archer,Rajasthan Royals,27.0,9.0,25.0,25.0,1.0
1216496,M Vijay,Chennai Super Kings,21.0,21.0,,,
1216496,JD Unadkat,Rajasthan Royals,,,26.0,42.0,
1216496,SR Watson,Chennai Super Kings,33.0,22.0,,,
1216496,S Gopal,Rajasthan Royals,,,24.0,38.0,1.0
1216496,F du Plessis,Chennai Super Kings,72.0,38.0,,,
1216496,RD Gaikwad,Chennai Super Kings,0.0,1.0,,,
1216496,KM Jadhav,Chennai Super Kings,22.0,17.0,,,
1216496,MS Dhoni,Chennai Super Kings,29.0,17.0,,,
1216497,Shubman Gill,Kolkata Knight Riders,9.0,8.0,,,
1216497,TU Deshpande,Delhi Capitals,1.0,3.0,25.0,39.0,
1216497,N Rana,Kolkata Knight Riders,81.0,55.0,,,
1216497,A Nortje,Delhi Capitals,,,24.0,27.0,2.0
1216497,RA Tripathi,Kolkata Knight Riders,13.0,12.0,,,
1216497,K Rabada,Delhi Capitals,9.0,10.0,26.0,30.0,2.0
1216497,AR Patel,Delhi Capitals,9.0,8.0,6.0,7.0,
1216497,KD Karthik,Kolkata Knight Riders,3.0,6.0,,,
1216497,MP Stoinis,Delhi Capitals,6.0,6.0,26.0,39.0,2.0
1216497,SP Narine,Kolkata Knight Riders,64.0,35.0,25.0,36.0,
1216497,R Ashwin,Delhi Capitals,14.0,13.0,18.0,45.0,
1216497,EJG Morgan,Kolkata Knight Riders,17.0,9.0,,,
1216497,AM Rahane,Delhi Capitals,0.0,1.0,,,
1216497,PJ Cummins,Kolkata Knight Riders,,,24.0,17.0,3.0
1216497,SS Iyer,Delhi Capitals,47.0,39.0,,,
1216497,S Dhawan,Delhi Capitals,6.0,6.0,,,
1216497,M Prasidh Krishna,Kolkata Knight Riders,,,15.0,16.0,
1216497,RR Pant,Delhi Capitals,27.0,34.0,,,
1216497,KL Nagarkoti,Kolkata Knight Riders,,,12.0,11.0,
1216497,LH Ferguson,Kolkata Knight Riders,,,24.0,30.0,1.0
1216497,CV Varun,Kolkata Knight Riders,,,25.0,19.0,5.0
1216497,SO Hetmyer,Delhi Capitals,10.0,5.0,,,
1216498,KL Rahul,Punjab Kings,27.0,27.0,,,
1216498,Sandeep Sharma,Sunrisers Hyderabad,0.0,2.0,25.0,28.0,2.0
1216498,Mandeep Singh,Punjab Kings,17.0,14.0,,,
1216498,KK Ahmed,Sunrisers Hyderabad,0.0,2.0,24.0,31.0,
1216498,CH Gayle,Punjab Kings,20.0,21.0,,,
1216498,JO Holder,Sunrisers Hyderabad,5.0,8.0,26.0,25.0,2.0
1216498,Rashid Khan,Sunrisers Hyderabad,0.0,1.0,24.0,14.0,2.0
1216498,T Natarajan,Sunrisers Hyderabad,,,26.0,21.0,
1216498,GJ Maxwell,Punjab Kings,12.0,13.0,,,
1216498,N Pooran,Punjab Kings,32.0,29.0,,,
1216498,DJ Hooda,Punjab Kings,0.0,3.0,,,
1216498,CJ Jordan,Punjab Kings,7.0,14.0,26.0,15.0,3.0
1216498,M Ashwin,Punjab Kings,4.0,4.0,24.0,27.0,1.0
1216498,DA Warner,Sunrisers Hyderabad,35.0,21.0,,,
1216498,Mohammed Shami,Punjab Kings,,,25.0,33.0,1.0
1216498,JM Bairstow,Sunrisers Hyderabad,19.0,21.0,,,
1216498,Arshdeep Singh,Punjab Kings,,,24.0,22.0,3.0
1216498,Ravi Bishnoi,Punjab Kings,,,24.0,13.0,1.0
1216498,MK Pandey,Sunrisers Hyderabad,15.0,30.0,,,
1216498,Abdul Samad,Sunrisers Hyderabad,7.0,5.0,,,
1216498,V Shankar,Sunrisers Hyderabad,26.0,28.0,,,
1216498,PK Garg,Sunrisers Hyderabad,3.0,5.0,,,
1216499,JR Philippe,Royal Challengers Bengaluru,33.0,24.0,,,
1216499,TA Boult,Mumbai Indians,,,25.0,39.0,1.0
1216499,D Padikkal,Royal Challengers Bengaluru,74.0,46.0,,,
1216499,JJ Bumrah,Mumbai Indians,,,25.0,13.0,3.0
1216499,KH Pandya,Mumbai Indians,10.0,10.0,24.0,27.0,
1216499,JL Pattinson,Mumbai Indians,,,18.0,35.0,
1216499,RD Chahar,Mumbai Indians,,,25.0,42.0,1.0
1216499,V Kohli,Royal Challengers Bengaluru,9.0,14.0,,,
1216499,AB de Villiers,Royal Challengers Bengaluru,15.0,12.0,,,
1216499,KA Pollard,Mumbai Indians,4.0,1.0,6.0,5.0,1.0
1216499,S Dube,Royal Challengers Bengaluru,2.0,6.0,,,
1216499,Gurkeerat Singh,Royal Challengers Bengaluru,14.0,12.0,,,
1216499,CH Morris,Royal Challengers Bengaluru,4.0,2.0,25.0,35.0,1.0
1216499,Washington Sundar,Royal Challengers Bengaluru,10.0,7.0,25.0,19.0,
1216499,Q de Kock,Mumbai Indians,18.0,19.0,,,
1216499,Ishan Kishan,Mumbai Indians,25.0,20.0,,,
1216499,DW Steyn,Royal Challengers Bengaluru,,,27.0,40.0,
1216499,Mohammed Siraj,Royal Challengers Bengaluru,,,20.0,27.0,2.0
1216499,SA Yadav,Mumbai Indians,79.0,44.0,,,
1216499,YS Chahal,Royal Challengers Bengaluru,,,24.0,37.0,2.0
1216499,SS Tiwary,Mumbai Indians,5.0,8.0,,,
1216499,HH Pandya,Mumbai Indians,17.0,19.0,,,
1216500,PP Shaw,Delhi Capitals,19.0,10.0,,,
1216500,VR Aaron,Rajasthan Royals,1.0,2.0,13.0,24.0,
1216500,S Dhawan,Delhi Capitals,5.0,4.0,,,
1216500,JC Archer,Rajasthan Royals,2.0,4.0,25.0,23.0,3.0
1216500,SS Iyer,Delhi Capitals,22.0,19.0,,,
1216500,Kartik Tyagi,Rajasthan Royals,2.0,3.0,25.0,34.0,1.0
1216500,RR Pant,Delhi Capitals,5.0,10.0,,,
1216500,AJ Tye,Rajasthan Royals,6.0,7.0,27.0,47.0,1.0
1216500,MP Stoinis,Delhi Capitals,39.0,31.0,13.0,16.0,2.0
1216500,S Gopal,Rajasthan Royals,2.0,4.0,12.0,23.0,
1216500,R Tewatia,Rajasthan Royals,38.0,31.0,25.0,19.0,1.0
1216500,SO Hetmyer,Delhi Capitals,45.0,24.0,,,
1216500,HV Patel,Delhi Capitals,16.0,15.0,25.0,28.0,1.0
1216500,AR Patel,Delhi Capitals,17.0,10.0,12.0,8.0,1.0
1216500,K Rabada,Delhi Capitals,2.0,3.0,25.0,32.0,3.0
1216500,R Ashwin,Delhi Capitals,0.0,1.0,25.0,21.0,2.0
1216500,YBK Jaiswal,Rajasthan Royals,34.0,36.0,,,
1216500,JC Buttler,Rajasthan Royals,13.0,8.0,,,
1216500,A Nortje,Delhi Capitals,,,26.0,23.0,1.0
1216500,SPD Smith,Rajasthan Royals,24.0,20.0,,,
1216500,SV Samson,Rajasthan Royals,5.0,9.0,,,
1216500,MK Lomror,Rajasthan Royals,1.0,2.0,,,
1216501,RA Tripathi,Kolkata Knight Riders,81.0,53.0,,,
1216501,DL Chahar,Chennai Super Kings,,,26.0,45.0,
1216501,Shubman Gill,Kolkata Knight Riders,11.0,13.0,,,
1216501,SM Curran,Chennai Super Kings,17.0,11.0,24.0,26.0,2.0
1216501,SN Thakur,Chennai Super Kings,,,26.0,26.0,2.0
1216501,N Rana,Kolkata Knight Riders,9.0,10.0,,,
1216501,KV Sharma,Chennai Super Kings,,,24.0,25.0,2.0
1216501,DJ Bravo,Chennai Super Kings,,,26.0,35.0,3.0
1216501,SP Narine,Kolkata Knight Riders,17.0,10.0,24.0,31.0,1.0
1216501,EJG Morgan,Kolkata Knight Riders,7.0,10.0,,,
1216501,AD Russell,Kolkata Knight Riders,2.0,4.0,12.0,18.0,1.0
1216501,KD Karthik,Kolkata Knight Riders,12.0,11.0,,,
1216501,PJ Cummins,Kolkata Knight Riders,17.0,10.0,26.0,23.0,
1216501,KL Nagarkoti,Kolkata Knight Riders,0.0,3.0,18.0,21.0,1.0
1216501,Shivam Mavi,Kolkata Knight Riders,0.0,1.0,18.0,32.0,1.0
1216501,CV Varun,Kolkata Knight Riders,1.0,1.0,24.0,28.0,1.0
1216501,SR Watson,Chennai Super Kings,50.0,41.0,,,
1216501,F du Plessis,Chennai Super Kings,17.0,10.0,,,
1216501,AT Rayudu,Chennai Super Kings,30.0,28.0,,,
1216501,MS Dhoni,Chennai Super Kings,11.0,12.0,,,
1216501,KM Jadhav,Chennai Super Kings,7.0,12.0,,,
1216501,RA Jadeja,Chennai Super Kings,21.0,8.0,,,
1216502,JR Philippe,Royal Challengers Bengaluru,32.0,33.0,,,
1216502,Sandeep Sharma,Sunrisers Hyderabad,,,25.0,19.0,2.0
1216502,D Padikkal,Royal Challengers Bengaluru,5.0,8.0,,,
1216502,JO Holder,Sunrisers Hyderabad,26.0,11.0,25.0,26.0,2.0
1216502,V Kohli,Royal Challengers Bengaluru,7.0,7.0,,,
1216502,AB de Villiers,Royal Challengers Bengaluru,24.0,25.0,,,
1216502,T Natarajan,Sunrisers Hyderabad,,,24.0,11.0,1.0
1216502,S Nadeem,Sunrisers Hyderabad,,,24.0,35.0,1.0
1216502,Rashid Khan,Sunrisers Hyderabad,,,26.0,18.0,1.0
1216502,Gurkeerat Singh,Royal Challengers Bengaluru,15.0,24.0,,,
1216502,Washington Sundar,Royal Challengers Bengaluru,21.0,19.0,18.0,21.0,1.0
1216502,CH Morris,Royal Challengers Bengaluru,3.0,4.0,16.0,15.0,
1216502,I Udana,Royal Challengers Bengaluru,0.0,1.0,18.0,20.0,1.0
1216502,Mohammed Siraj,Royal Challengers Bengaluru,2.0,3.0,6.0,12.0,
1216502,DA Warner,Sunrisers Hyderabad,8.0,6.0,,,
1216502,WP Saha,Sunrisers Hyderabad,39.0,34.0,,,
1216502,MK Pandey,Sunrisers Hyderabad,26.0,20.0,,,
1216502,Navdeep Saini,Royal Challengers Bengaluru,,,13.0,28.0,1.0
1216502,YS Chahal,Royal Challengers Bengaluru,,,19.0,19.0,2.0
1216502,KS Williamson,Sunrisers Hyderabad,8.0,14.0,,,
1216502,Abhishek Sharma,Sunrisers Hyderabad,8.0,5.0,,,
1216503,Q de Kock,Mumbai Indians,0.0,5.0,,,
1216503,SS Cottrell,Punjab Kings,,,25.0,19.0,1.0
1216503,SA Yadav,Mumbai Indians,10.0,7.0,,,
1216503,RG Sharma,Mumbai Indians,70.0,47.0,,,
1216503,Mohammed Shami,Punjab Kings,2.0,2.0,26.0,34.0,1.0
1216503,Ravi Bishnoi,Punjab Kings,1.0,5.0,25.0,36.0,
1216503,Ishan Kishan,Mumbai Indians,28.0,33.0,,,
1216503,K Gowtham,Punjab Kings,22.0,13.0,24.0,45.0,1.0
1216503,JDS Neesham,Punjab Kings,7.0,7.0,25.0,51.0,
1216503,KA Pollard,Mumbai Indians,47.0,22.0,,,
1216503,HH Pandya,Mumbai Indians,30.0,11.0,,,
1216503,KL Rahul,Punjab Kings,17.0,19.0,,,
1216503,TA Boult,Mumbai Indians,,,24.0,42.0,1.0
1216503,MA Agarwal,Punjab Kings,25.0,19.0,,,
1216503,JL Pattinson,Mumbai Indians,,,25.0,27.0,2.0
1216503,KH Pandya,Mumbai Indians,,,27.0,24.0,1.0
1216503,JJ Bumrah,Mumbai Indians,,,24.0,18.0,2.0
1216503,KK Nair,Punjab Kings,0.0,3.0,,,
1216503,N Pooran,Punjab Kings,44.0,30.0,,,
1216503,RD Chahar,Mumbai Indians,,,25.0,25.0,2.0
1216503,GJ Maxwell,Punjab Kings,11.0,19.0,,,
1216503,SN Khan,Punjab Kings,7.0,8.0,,,
1216504,Shubman Gill,Kolkata Knight Riders,47.0,35.0,,,
1216504,JC Archer,Rajasthan Royals,6.0,4.0,24.0,18.0,2.0
1216504,SP Narine,Kolkata Knight Riders,15.0,15.0,25.0,39.0,1.0
1216504,AS Rajpoot,Rajasthan Royals,7.0,5.0,28.0,35.0,1.0
1216504,JD Unadkat,Rajasthan Royals,9.0,13.0,12.0,14.0,1.0
1216504,N Rana,Kolkata Knight Riders,22.0,17.0,,,
1216504,TK Curran,Rajasthan Royals,54.0,36.0,28.0,33.0,1.0
1216504,S Gopal,Rajasthan Royals,5.0,7.0,24.0,43.0,
1216504,R Parag,Rajasthan Royals,1.0,6.0,6.0,14.0,
1216504,R Tewatia,Rajasthan Royals,14.0,10.0,6.0,6.0,1.0
1216504,AD Russell,Kolkata Knight Riders,24.0,15.0,,,
1216504,KD Karthik,Kolkata Knight Riders,1.0,3.0,,,
1216504,EJG Morgan,Kolkata Knight Riders,34.0,28.0,,,
1216504,PJ Cummins,Kolkata Knight Riders,12.0,10.0,18.0,13.0,1.0
1216504,KL Nagarkoti,Kolkata Knight Riders,8.0,5.0,12.0,13.0,2.0
1216504,JC Buttler,Rajasthan Royals,21.0,17.0,,,
1216504,SPD Smith,Rajasthan Royals,3.0,7.0,,,
1216504,Shivam Mavi,Kolkata Knight Riders,,,24.0,20.0,2.0
1216504,SV Samson,Rajasthan Royals,8.0,9.0,,,
1216504,RV Uthappa,Rajasthan Royals,2.0,7.0,,,
1216504,CV Varun,Kolkata Knight Riders,,,24.0,25.0,2.0
1216504,Kuldeep Yadav,Kolkata Knight Riders,,,18.0,20.0,1.0
1216505,JR Philippe,Royal Challengers Bengaluru,12.0,18.0,,,
1216505,DR Sams,Delhi Capitals,,,27.0,37.0,
1216505,D Padikkal,Royal Challengers Bengaluru,50.0,43.0,,,
1216505,R Ashwin,Delhi Capitals,,,24.0,18.0,1.0
1216505,A Nortje,Delhi Capitals,,,24.0,33.0,3.0
1216505,K Rabada,Delhi Capitals,,,24.0,30.0,2.0
1216505,V Kohli,Royal Challengers Bengaluru,29.0,24.0,,,
1216505,AR Patel,Delhi Capitals,,,24.0,30.0,
1216505,AB de Villiers,Royal Challengers Bengaluru,35.0,21.0,,,
1216505,CH Morris,Royal Challengers Bengaluru,0.0,2.0,12.0,19.0,
1216505,S Dube,Royal Challengers Bengaluru,17.0,11.0,,,
1216505,I Udana,Royal Challengers Bengaluru,4.0,2.0,12.0,24.0,
1216505,Washington Sundar,Royal Challengers Bengaluru,0.0,1.0,24.0,24.0,1.0
1216505,Shahbaz Ahmed,Royal Challengers Bengaluru,1.0,1.0,25.0,25.0,2.0
1216505,PP Shaw,Delhi Capitals,9.0,6.0,,,
1216505,S Dhawan,Delhi Capitals,54.0,41.0,,,
1216505,Mohammed Siraj,Royal Challengers Bengaluru,,,20.0,27.0,1.0
1216505,AM Rahane,Delhi Capitals,60.0,46.0,,,
1216505,YS Chahal,Royal Challengers Bengaluru,,,24.0,29.0,
1216505,SS Iyer,Delhi Capitals,7.0,10.0,,,
1216505,RR Pant,Delhi Capitals,8.0,8.0,,,
1216505,MP Stoinis,Delhi Capitals,10.0,6.0,,,
1216506,KL Rahul,Punjab Kings,29.0,27.0,,,
1216506,DL Chahar,Chennai Super Kings,,,18.0,30.0,
1216506,MA Agarwal,Punjab Kings,26.0,15.0,,,
1216506,SM Curran,Chennai Super Kings,,,12.0,15.0,
1216506,SN Thakur,Chennai Super Kings,,,24.0,27.0,1.0
1216506,L Ngidi,Chennai Super Kings,,,25.0,38.0,3.0
1216506,CH Gayle,Punjab Kings,12.0,19.0,5.0,5.0,
1216506,Imran Tahir,Chennai Super Kings,,,24.0,24.0,1.0
1216506,N Pooran,Punjab Kings,2.0,6.0,,,
1216506,Mandeep Singh,Punjab Kings,14.0,15.0,,,
1216506,DJ Hooda,Punjab Kings,62.0,31.0,,,
1216506,RA Jadeja,Chennai Super Kings,,,18.0,17.0,1.0
1216506,JDS Neesham,Punjab Kings,2.0,3.0,19.0,25.0,
1216506,CJ Jordan,Punjab Kings,4.0,5.0,18.0,31.0,1.0
1216506,RD Gaikwad,Chennai Super Kings,62.0,50.0,,,
1216506,F du Plessis,Chennai Super Kings,48.0,35.0,,,
1216506,Mohammed Shami,Punjab Kings,,,25.0,24.0,
1216506,Ravi Bishnoi,Punjab Kings,,,25.0,38.0,
1216506,M Ashwin,Punjab Kings,,,24.0,17.0,
1216506,AT Rayudu,Chennai Super Kings,30.0,31.0,,,
1216507,DA Warner,Sunrisers Hyderabad,48.0,38.0,,,
1216507,JC Archer,Rajasthan Royals,,,25.0,24.0,1.0
1216507,JM Bairstow,Sunrisers Hyderabad,16.0,19.0,,,
1216507,S Gopal,Rajasthan Royals,,,24.0,31.0,
1216507,Kartik Tyagi,Rajasthan Royals,,,18.0,29.0,1.0
1216507,MK Pandey,Sunrisers Hyderabad,54.0,45.0,,,
1216507,JD Unadkat,Rajasthan Royals,,,25.0,30.0,1.0
1216507,R Tewatia,Rajasthan Royals,45.0,28.0,25.0,34.0,
1216507,BA Stokes,Rajasthan Royals,5.0,6.0,6.0,7.0,
1216507,KS Williamson,Sunrisers Hyderabad,22.0,13.0,,,
1216507,PK Garg,Sunrisers Hyderabad,15.0,8.0,,,
1216507,Sandeep Sharma,Sunrisers Hyderabad,,,24.0,32.0,
1216507,JC Buttler,Rajasthan Royals,16.0,13.0,,,
1216507,KK Ahmed,Sunrisers Hyderabad,,,23.0,37.0,2.0
1216507,SPD Smith,Rajasthan Royals,5.0,6.0,,,
1216507,T Natarajan,Sunrisers Hyderabad,,,24.0,32.0,
1216507,RV Uthappa,Rajasthan Royals,18.0,15.0,,,
1216507,SV Samson,Rajasthan Royals,26.0,25.0,,,
1216507,Abhishek Sharma,Sunrisers Hyderabad,,,6.0,11.0,
1216507,Rashid Khan,Sunrisers Hyderabad,,,24.0,25.0,2.0
1216507,V Shankar,Sunrisers Hyderabad,,,20.0,20.0,
1216507,R Parag,Rajasthan Royals,42.0,28.0,,,
1216508,Q de Kock,Mumbai Indians,1.0,3.0,,,
1216508,S Sandeep Warrier,Kolkata Knight Riders,,,21.0,31.0,
1216508,RG Sharma,Mumbai Indians,80.0,62.0,,,
1216508,Shivam Mavi,Kolkata Knight Riders,9.0,10.0,27.0,29.0,2.0
1216508,SA Yadav,Mumbai Indians,47.0,28.0,,,
1216508,PJ Cummins,Kolkata Knight Riders,33.0,14.0,21.0,45.0,
1216508,SP Narine,Kolkata Knight Riders,9.0,10.0,24.0,22.0,1.0
1216508,AD Russell,Kolkata Knight Riders,11.0,11.0,12.0,17.0,1.0
1216508,Kuldeep Yadav,Kolkata Knight Riders,1.0,2.0,26.0,37.0,
1216508,SS Tiwary,Mumbai Indians,21.0,14.0,,,
1216508,HH Pandya,Mumbai Indians,18.0,13.0,,,
1216508,KA Pollard,Mumbai Indians,13.0,8.0,19.0,20.0,1.0
1216508,KH Pandya,Mumbai Indians,1.0,3.0,6.0,10.0,
1216508,Shubman Gill,Kolkata Knight Riders,7.0,11.0,,,
1216508,TA Boult,Mumbai Indians,,,24.0,30.0,2.0
1216508,JL Pattinson,Mumbai Indians,,,25.0,24.0,2.0
1216508,KD Karthik,Kolkata Knight Riders,30.0,23.0,,,
1216508,JJ Bumrah,Mumbai Indians,,,25.0,31.0,2.0
1216508,N Rana,Kolkata Knight Riders,24.0,19.0,,,
1216508,RD Chahar,Mumbai Indians,,,24.0,26.0,2.0
1216508,EJG Morgan,Kolkata Knight Riders,16.0,20.0,,,
1216508,NS Naik,Kolkata Knight Riders,1.0,3.0,,,
1216509,SM Curran,Chennai Super Kings,0.0,3.0,25.0,34.0,1.0
1216509,TU Deshpande,Delhi Capitals,,,26.0,37.0,1.0
1216509,F du Plessis,Chennai Super Kings,58.0,48.0,,,
1216509,SR Watson,Chennai Super Kings,36.0,28.0,,,
1216509,K Rabada,Delhi Capitals,,,26.0,31.0,1.0
1216509,AR Patel,Delhi Capitals,21.0,5.0,24.0,23.0,
1216509,A Nortje,Delhi Capitals,,,24.0,44.0,2.0
1216509,R Ashwin,Delhi Capitals,,,18.0,30.0,
1216509,AT Rayudu,Chennai Super Kings,45.0,26.0,,,
1216509,MS Dhoni,Chennai Super Kings,3.0,5.0,,,
1216509,MP Stoinis,Delhi Capitals,24.0,14.0,6.0,10.0,
1216509,RA Jadeja,Chennai Super Kings,33.0,14.0,12.0,34.0,
1216509,PP Shaw,Delhi Capitals,0.0,2.0,,,
1216509,DL Chahar,Chennai Super Kings,,,24.0,18.0,2.0
1216509,AM Rahane,Delhi Capitals,8.0,10.0,,,
1216509,S Dhawan,Delhi Capitals,101.0,61.0,,,
1216509,SN Thakur,Chennai Super Kings,,,24.0,39.0,1.0
1216509,SS Iyer,Delhi Capitals,23.0,23.0,,,
1216509,KV Sharma,Chennai Super Kings,,,18.0,34.0,
1216509,DJ Bravo,Chennai Super Kings,,,19.0,22.0,1.0
1216509,AT Carey,Delhi Capitals,4.0,7.0,,,
1216510,KL Rahul,Punjab Kings,132.0,70.0,,,
1216510,UT Yadav,Royal Challengers Bengaluru,0.0,2.0,20.0,33.0,
1216510,MA Agarwal,Punjab Kings,26.0,22.0,,,
1216510,DW Steyn,Royal Challengers Bengaluru,1.0,2.0,25.0,56.0,
1216510,Navdeep Saini,Royal Challengers Bengaluru,6.0,7.0,26.0,35.0,
1216510,YS Chahal,Royal Challengers Bengaluru,1.0,4.0,24.0,25.0,1.0
1216510,Washington Sundar,Royal Challengers Bengaluru,30.0,28.0,12.0,13.0,
1216510,N Pooran,Punjab Kings,17.0,19.0,,,
1216510,S Dube,Royal Challengers Bengaluru,12.0,12.0,18.0,33.0,2.0
1216510,GJ Maxwell,Punjab Kings,5.0,6.0,12.0,10.0,1.0
1216510,KK Nair,Punjab Kings,15.0,8.0,,,
1216510,D Padikkal,Royal Challengers Bengaluru,1.0,2.0,,,
1216510,SS Cottrell,Punjab Kings,,,20.0,15.0,2.0
1216510,AJ Finch,Royal Challengers Bengaluru,20.0,23.0,,,
1216510,JR Philippe,Royal Challengers Bengaluru,0.0,3.0,,,
1216510,Mohammed Shami,Punjab Kings,,,18.0,14.0,1.0
1216510,V Kohli,Royal Challengers Bengaluru,1.0,5.0,,,
1216510,AB de Villiers,Royal Challengers Bengaluru,28.0,20.0,,,
1216510,Ravi Bishnoi,Punjab Kings,,,26.0,29.0,3.0
1216510,M Ashwin,Punjab Kings,,,19.0,20.0,3.0
1216510,JDS Neesham,Punjab Kings,,,13.0,12.0,
1216511,Q de Kock,Mumbai Indians,23.0,16.0,,,
1216511,AS Rajpoot,Rajasthan Royals,2.0,5.0,20.0,40.0,
1216511,RG Sharma,Mumbai Indians,35.0,24.0,,,
1216511,S Gopal,Rajasthan Royals,1.0,2.0,24.0,28.0,2.0
1216511,JC Archer,Rajasthan Royals,24.0,11.0,25.0,33.0,1.0
1216511,Kartik Tyagi,Rajasthan Royals,,,27.0,33.0,1.0
1216511,SA Yadav,Mumbai Indians,79.0,49.0,,,
1216511,TK Curran,Rajasthan Royals,15.0,17.0,19.0,32.0,
1216511,Ishan Kishan,Mumbai Indians,0.0,1.0,,,
1216511,KH Pandya,Mumbai Indians,12.0,17.0,12.0,22.0,
1216511,R Tewatia,Rajasthan Royals,5.0,6.0,12.0,13.0,
1216511,HH Pandya,Mumbai Indians,30.0,20.0,,,
1216511,YBK Jaiswal,Rajasthan Royals,0.0,2.0,,,
1216511,TA Boult,Mumbai Indians,,,24.0,26.0,2.0
1216511,SPD Smith,Rajasthan Royals,6.0,7.0,,,
1216511,JJ Bumrah,Mumbai Indians,,,24.0,20.0,4.0
1216511,JC Buttler,Rajasthan Royals,70.0,44.0,,,
1216511,SV Samson,Rajasthan Royals,0.0,3.0,,,
1216511,MK Lomror,Rajasthan Royals,11.0,13.0,,,
1216511,JL Pattinson,Mumbai Indians,,,19.0,19.0,2.0
1216511,RD Chahar,Mumbai Indians,,,19.0,23.0,1.0
1216511,KA Pollard,Mumbai Indians,,,12.0,24.0,1.0
1216512,Shubman Gill,Kolkata Knight Riders,36.0,37.0,,,
1216512,Sandeep Sharma,Sunrisers Hyderabad,,,24.0,27.0,
1216512,RA Tripathi,Kolkata Knight Riders,23.0,16.0,,,
1216512,Basil Thampi,Sunrisers Hyderabad,,,24.0,46.0,1.0
1216512,T Natarajan,Sunrisers Hyderabad,,,25.0,39.0,2.0
1216512,V Shankar,Sunrisers Hyderabad,7.0,10.0,24.0,20.0,1.0
1216512,Rashid Khan,Sunrisers Hyderabad,1.0,2.0,28.0,29.0,1.0
1216512,N Rana,Kolkata Knight Riders,29.0,20.0,,,
1216512,AD Russell,Kolkata Knight Riders,9.0,11.0,13.0,28.0,
1216512,EJG Morgan,Kolkata Knight Riders,35.0,25.0,,,
1216512,KD Karthik,Kolkata Knight Riders,29.0,16.0,,,
1216512,JM Bairstow,Sunrisers Hyderabad,36.0,28.0,,,
1216512,PJ Cummins,Kolkata Knight Riders,,,24.0,28.0,1.0
1216512,KS Williamson,Sunrisers Hyderabad,29.0,20.0,,,
1216512,Shivam Mavi,Kolkata Knight Riders,,,19.0,33.0,1.0
1216512,CV Varun,Kolkata Knight Riders,,,24.0,32.0,1.0
1216512,LH Ferguson,Kolkata Knight Riders,,,27.0,17.0,5.0
1216512,PK Garg,Sunrisers Hyderabad,4.0,7.0,,,
1216512,DA Warner,Sunrisers Hyderabad,47.0,35.0,,,
1216512,MK Pandey,Sunrisers Hyderabad,6.0,7.0,,,
1216512,Kuldeep Yadav,Kolkata Knight Riders,,,19.0,17.0,
1216512,Abdul Samad,Sunrisers Hyderabad,25.0,17.0,,,
1216513,KL Rahul,Punjab Kings,63.0,52.0,,,
1216513,DL Chahar,Chennai Super Kings,,,18.0,17.0,
1216513,MA Agarwal,Punjab Kings,26.0,21.0,,,
1216513,SM Curran,Chennai Super Kings,,,18.0,31.0,
1216513,SN Thakur,Chennai Super Kings,,,25.0,38.0,2.0
1216513,DJ Bravo,Chennai Super Kings,,,26.0,36.0,
1216513,RA Jadeja,Chennai Super Kings,,,24.0,30.0,1.0
1216513,PP Chawla,Chennai Super Kings,,,12.0,22.0,1.0
1216513,Mandeep Singh,Punjab Kings,27.0,16.0,,,
1216513,N Pooran,Punjab Kings,33.0,17.0,,,
1216513,SN Khan,Punjab Kings,14.0,10.0,,,
1216513,GJ Maxwell,Punjab Kings,11.0,7.0,,,
1216513,SR Watson,Chennai Super Kings,83.0,58.0,,,
1216513,SS Cottrell,Punjab Kings,,,20.0,28.0,
1216513,F du Plessis,Chennai Super Kings,87.0,55.0,,,
1216513,Mohammed Shami,Punjab Kings,,,24.0,29.0,
1216513,Harpreet Brar,Punjab Kings,,,25.0,40.0,
1216513,CJ Jordan,Punjab Kings,,,18.0,42.0,
1216513,Ravi Bishnoi,Punjab Kings,,,26.0,31.0,
1216514,JC Buttler,Rajasthan Royals,22.0,12.0,,,
1216514,I Udana,Royal Challengers Bengaluru,,,25.0,40.0,2.0
1216514,SPD Smith,Rajasthan Royals,5.0,5.0,,,
1216514,Washington Sundar,Royal Challengers Bengaluru,,,24.0,20.0,
1216514,SV Samson,Rajasthan Royals,4.0,3.0,,,
1216514,Navdeep Saini,Royal Challengers Bengaluru,,,25.0,36.0,1.0
1216514,RV Uthappa,Rajasthan Royals,17.0,22.0,,,
1216514,YS Chahal,Royal Challengers Bengaluru,,,24.0,24.0,3.0
1216514,MK Lomror,Rajasthan Royals,47.0,39.0,,,
1216514,A Zampa,Royal Challengers Bengaluru,,,18.0,27.0,
1216514,R Parag,Rajasthan Royals,16.0,19.0,7.0,11.0,
1216514,S Dube,Royal Challengers Bengaluru,,,6.0,4.0,
1216514,R Tewatia,Rajasthan Royals,24.0,12.0,24.0,28.0,
1216514,JC Archer,Rajasthan Royals,16.0,10.0,24.0,18.0,1.0
1216514,D Padikkal,Royal Challengers Bengaluru,63.0,46.0,,,
1216514,AJ Finch,Royal Challengers Bengaluru,8.0,7.0,,,
1216514,JD Unadkat,Rajasthan Royals,,,18.0,31.0,
1216514,S Gopal,Rajasthan Royals,,,24.0,27.0,1.0
1216514,V Kohli,Royal Challengers Bengaluru,72.0,53.0,,,
1216514,TK Curran,Rajasthan Royals,,,19.0,40.0,
1216514,AB de Villiers,Royal Challengers Bengaluru,12.0,10.0,,,
1216515,PP Shaw,Delhi Capitals,66.0,41.0,,,
1216515,PJ Cummins,Kolkata Knight Riders,5.0,4.0,24.0,49.0,
1216515,S Dhawan,Delhi Capitals,26.0,16.0,,,
1216515,Shivam Mavi,Kolkata Knight Riders,1.0,3.0,18.0,40.0,
1216515,CV Varun,Kolkata Knight Riders,,,24.0,49.0,1.0
1216515,SP Narine,Kolkata Knight Riders,3.0,5.0,12.0,26.0,
1216515,AD Russell,Kolkata Knight Riders,13.0,8.0,24.0,29.0,2.0
1216515,SS Iyer,Delhi Capitals,88.0,38.0,,,
1216515,KL Nagarkoti,Kolkata Knight Riders,3.0,3.0,20.0,33.0,1.0
1216515,RR Pant,Delhi Capitals,38.0,19.0,,,
1216515,MP Stoinis,Delhi Capitals,1.0,3.0,25.0,45.0,1.0
1216515,SO Hetmyer,Delhi Capitals,7.0,5.0,,,
1216515,Shubman Gill,Kolkata Knight Riders,28.0,23.0,,,
1216515,K Rabada,Delhi Capitals,,,24.0,51.0,1.0
1216515,A Nortje,Delhi Capitals,,,24.0,33.0,3.0
1216515,N Rana,Kolkata Knight Riders,58.0,37.0,,,
1216515,R Ashwin,Delhi Capitals,,,13.0,25.0,
1216515,HV Patel,Delhi Capitals,,,28.0,30.0,2.0
1216515,A Mishra,Delhi Capitals,,,13.0,13.0,1.0
1216515,KD Karthik,Kolkata Knight Riders,6.0,8.0,,,
1216515,EJG Morgan,Kolkata Knight Riders,44.0,19.0,,,
1216515,RA Tripathi,Kolkata Knight Riders,36.0,17.0,,,
1216516,DA Warner,Sunrisers Hyderabad,28.0,30.0,,,
1216516,DL Chahar,Chennai Super Kings,,,26.0,29.0,2.0
1216516,JM Bairstow,Sunrisers Hyderabad,0.0,3.0,,,
1216516,MK Pandey,Sunrisers Hyderabad,29.0,23.0,,,
1216516,SM Curran,Chennai Super Kings,15.0,5.0,20.0,35.0,
1216516,SN Thakur,Chennai Super Kings,,,26.0,30.0,1.0
1216516,DJ Bravo,Chennai Super Kings,,,26.0,26.0,
1216516,KS Williamson,Sunrisers Hyderabad,9.0,13.0,,,
1216516,PP Chawla,Chennai Super Kings,,,18.0,20.0,1.0
1216516,PK Garg,Sunrisers Hyderabad,51.0,27.0,,,
1216516,RA Jadeja,Chennai Super Kings,50.0,36.0,12.0,16.0,
1216516,Abhishek Sharma,Sunrisers Hyderabad,31.0,26.0,6.0,4.0,
1216516,Abdul Samad,Sunrisers Hyderabad,8.0,6.0,25.0,36.0,1.0
1216516,F du Plessis,Chennai Super Kings,22.0,21.0,,,
1216516,B Kumar,Sunrisers Hyderabad,,,19.0,20.0,1.0
1216516,SR Watson,Chennai Super Kings,1.0,6.0,,,
1216516,KK Ahmed,Sunrisers Hyderabad,,,25.0,32.0,
1216516,AT Rayudu,Chennai Super Kings,8.0,9.0,,,
1216516,T Natarajan,Sunrisers Hyderabad,,,25.0,42.0,2.0
1216516,KM Jadhav,Chennai Super Kings,3.0,10.0,,,
1216516,MS Dhoni,Chennai Super Kings,47.0,37.0,,,
1216516,Rashid Khan,Sunrisers Hyderabad,,,24.0,12.0,
1216517,RG Sharma,Mumbai Indians,11.0,11.0,,,
1216517,GJ Maxwell,Punjab Kings,0.0,2.0,24.0,24.0,
1216517,Q de Kock,Mumbai Indians,56.0,47.0,,,
1216517,Mohammed Shami,Punjab Kings,,,30.0,35.0,2.0
1216517,Arshdeep Singh,Punjab Kings,,,19.0,34.0,2.0
1216517,SA Yadav,Mumbai Indians,0.0,4.0,,,
1216517,Ishan Kishan,Mumbai Indians,7.0,7.0,,,
1216517,KH Pandya,Mumbai Indians,34.0,30.0,12.0,12.0,
1216517,CJ Jordan,Punjab Kings,13.0,8.0,26.0,41.0,1.0
1216517,M Ashwin,Punjab Kings,,,18.0,28.0,
1216517,DJ Hooda,Punjab Kings,24.0,17.0,6.0,9.0,
1216517,Ravi Bishnoi,Punjab Kings,,,12.0,12.0,1.0
1216517,HH Pandya,Mumbai Indians,9.0,6.0,,,
1216517,KA Pollard,Mumbai Indians,42.0,18.0,14.0,24.0,
1216517,NM Coulter-Nile,Mumbai Indians,24.0,12.0,24.0,33.0,
1216517,KL Rahul,Punjab Kings,81.0,57.0,,,
1216517,TA Boult,Mumbai Indians,,,29.0,62.0,
1216517,MA Agarwal,Punjab Kings,19.0,12.0,,,
1216517,JJ Bumrah,Mumbai Indians,,,31.0,28.0,5.0
1216517,CH Gayle,Punjab Kings,31.0,25.0,,,
1216517,RD Chahar,Mumbai Indians,,,24.0,33.0,2.0
1216517,N Pooran,Punjab Kings,24.0,13.0,,,
1216518,RV Uthappa,Rajasthan Royals,19.0,13.0,,,
1216518,Sandeep Sharma,Sunrisers Hyderabad,,,24.0,31.0,
1216518,BA Stokes,Rajasthan Royals,30.0,33.0,13.0,22.0,
1216518,JO Holder,Sunrisers Hyderabad,,,26.0,31.0,3.0
1216518,SV Samson,Rajasthan Royals,36.0,26.0,,,
1216518,V Shankar,Sunrisers Hyderabad,52.0,53.0,18.0,15.0,1.0
1216518,T Natarajan,Sunrisers Hyderabad,,,25.0,45.0,
1216518,Rashid Khan,Sunrisers Hyderabad,,,24.0,20.0,1.0
1216518,JC Buttler,Rajasthan Royals,9.0,12.0,,,
1216518,SPD Smith,Rajasthan Royals,19.0,15.0,,,
1216518,S Nadeem,Sunrisers Hyderabad,,,6.0,9.0,
1216518,R Parag,Rajasthan Royals,20.0,13.0,,,
1216518,R Tewatia,Rajasthan Royals,2.0,3.0,24.0,25.0,
1216518,JC Archer,Rajasthan Royals,16.0,8.0,25.0,20.0,2.0
1216518,DA Warner,Sunrisers Hyderabad,4.0,4.0,,,
1216518,MK Pandey,Sunrisers Hyderabad,83.0,49.0,,,
1216518,JM Bairstow,Sunrisers Hyderabad,10.0,8.0,,,
1216518,AS Rajpoot,Rajasthan Royals,,,7.0,10.0,
1216518,Kartik Tyagi,Rajasthan Royals,,,21.0,40.0,
1216518,S Gopal,Rajasthan Royals,,,24.0,32.0,
1216519,PP Shaw,Delhi Capitals,42.0,23.0,,,
1216519,I Udana,Royal Challengers Bengaluru,1.0,3.0,25.0,39.0,1.0
1216519,S Dhawan,Delhi Capitals,32.0,28.0,,,
1216519,Washington Sundar,Royal Challengers Bengaluru,17.0,11.0,24.0,20.0,
1216519,Navdeep Saini,Royal Challengers Bengaluru,12.0,12.0,19.0,47.0,
1216519,YS Chahal,Royal Challengers Bengaluru,0.0,1.0,18.0,29.0,
1216519,Mohammed Siraj,Royal Challengers Bengaluru,5.0,4.0,26.0,32.0,2.0
1216519,SS Iyer,Delhi Capitals,11.0,13.0,,,
1216519,RR Pant,Delhi Capitals,37.0,26.0,,,
1216519,MM Ali,Royal Challengers Bengaluru,11.0,13.0,14.0,19.0,1.0
1216519,MP Stoinis,Delhi Capitals,53.0,29.0,,,
1216519,SO Hetmyer,Delhi Capitals,11.0,7.0,,,
1216519,D Padikkal,Royal Challengers Bengaluru,4.0,6.0,,,
1216519,K Rabada,Delhi Capitals,,,26.0,22.0,4.0
1216519,AJ Finch,Royal Challengers Bengaluru,13.0,16.0,,,
1216519,A Nortje,Delhi Capitals,,,25.0,21.0,2.0
1216519,R Ashwin,Delhi Capitals,,,25.0,25.0,1.0
1216519,V Kohli,Royal Challengers Bengaluru,43.0,42.0,,,
1216519,AR Patel,Delhi Capitals,,,24.0,18.0,2.0
1216519,HV Patel,Delhi Capitals,,,26.0,40.0,
1216519,AB de Villiers,Royal Challengers Bengaluru,9.0,6.0,,,
1216519,S Dube,Royal Challengers Bengaluru,11.0,12.0,,,
1216520,Shubman Gill,Kolkata Knight Riders,57.0,46.0,,,
1216520,GJ Maxwell,Punjab Kings,,,12.0,21.0,1.0
1216520,N Rana,Kolkata Knight Riders,0.0,1.0,,,
1216520,RA Tripathi,Kolkata Knight Riders,7.0,4.0,,,
1216520,Mohammed Shami,Punjab Kings,,,24.0,35.0,3.0
1216520,KD Karthik,Kolkata Knight Riders,0.0,2.0,,,
1216520,Arshdeep Singh,Punjab Kings,,,13.0,17.0,
1216520,EJG Morgan,Kolkata Knight Riders,40.0,25.0,,,
1216520,M Ashwin,Punjab Kings,,,24.0,27.0,1.0
1216520,CJ Jordan,Punjab Kings,,,26.0,23.0,2.0
1216520,Ravi Bishnoi,Punjab Kings,,,24.0,20.0,2.0
1216520,SP Narine,Kolkata Knight Riders,6.0,6.0,24.0,27.0,
1216520,KL Nagarkoti,Kolkata Knight Riders,6.0,13.0,,,
1216520,PJ Cummins,Kolkata Knight Riders,1.0,8.0,24.0,31.0,
1216520,LH Ferguson,Kolkata Knight Riders,24.0,13.0,24.0,31.0,1.0
1216520,CV Varun,Kolkata Knight Riders,2.0,4.0,24.0,34.0,1.0
1216520,M Prasidh Krishna,Kolkata Knight Riders,0.0,1.0,18.0,24.0,
1216520,KL Rahul,Punjab Kings,28.0,25.0,,,
1216520,Mandeep Singh,Punjab Kings,66.0,57.0,,,
1216520,CH Gayle,Punjab Kings,51.0,29.0,,,
1216520,N Pooran,Punjab Kings,2.0,3.0,,,
1216521,RD Gaikwad,Chennai Super Kings,0.0,5.0,,,
1216521,TA Boult,Mumbai Indians,,,25.0,17.0,4.0
1216521,AT Rayudu,Chennai Super Kings,2.0,3.0,,,
1216521,F du Plessis,Chennai Super Kings,1.0,7.0,,,
1216521,JJ Bumrah,Mumbai Indians,,,24.0,25.0,2.0
1216521,N Jagadeesan,Chennai Super Kings,0.0,1.0,,,
1216521,MS Dhoni,Chennai Super Kings,16.0,18.0,,,
1216521,RA Jadeja,Chennai Super Kings,7.0,6.0,6.0,15.0,
1216521,KH Pandya,Mumbai Indians,,,19.0,14.0,
1216521,SM Curran,Chennai Super Kings,52.0,50.0,,,
1216521,RD Chahar,Mumbai Indians,,,24.0,22.0,2.0
1216521,DL Chahar,Chennai Super Kings,0.0,5.0,24.0,34.0,
1216521,NM Coulter-Nile,Mumbai Indians,,,27.0,20.0,1.0
1216521,SN Thakur,Chennai Super Kings,11.0,20.0,14.0,26.0,
1216521,KA Pollard,Mumbai Indians,,,6.0,4.0,
1216521,Imran Tahir,Chennai Super Kings,13.0,10.0,18.0,22.0,
1216521,Q de Kock,Mumbai Indians,46.0,37.0,,,
1216521,Ishan Kishan,Mumbai Indians,68.0,37.0,,,
1216521,JR Hazlewood,Chennai Super Kings,,,12.0,17.0,
1216522,RV Uthappa,Rajasthan Royals,41.0,24.0,,,
1216522,Washington Sundar,Royal Challengers Bengaluru,,,18.0,25.0,
1216522,BA Stokes,Rajasthan Royals,15.0,21.0,,,
1216522,CH Morris,Royal Challengers Bengaluru,,,28.0,22.0,4.0
1216522,I Udana,Royal Challengers Bengaluru,,,20.0,41.0,
1216522,Navdeep Saini,Royal Challengers Bengaluru,,,24.0,30.0,
1216522,SV Samson,Rajasthan Royals,9.0,6.0,,,
1216522,YS Chahal,Royal Challengers Bengaluru,,,27.0,31.0,2.0
1216522,JC Buttler,Rajasthan Royals,24.0,27.0,,,
1216522,SPD Smith,Rajasthan Royals,57.0,36.0,,,
1216522,Shahbaz Ahmed,Royal Challengers Bengaluru,,,12.0,18.0,
1216522,R Tewatia,Rajasthan Royals,19.0,11.0,30.0,24.0,1.0
1216522,JC Archer,Rajasthan Royals,2.0,4.0,23.0,37.0,
1216522,D Padikkal,Royal Challengers Bengaluru,35.0,42.0,,,
1216522,AJ Finch,Royal Challengers Bengaluru,14.0,12.0,,,
1216522,S Gopal,Rajasthan Royals,,,25.0,31.0,1.0
1216522,V Kohli,Royal Challengers Bengaluru,43.0,34.0,,,
1216522,Kartik Tyagi,Rajasthan Royals,,,27.0,29.0,1.0
1216522,JD Unadkat,Rajasthan Royals,,,25.0,45.0,
1216522,AB de Villiers,Royal Challengers Bengaluru,55.0,23.0,,,
1216522,Gurkeerat Singh,Royal Challengers Bengaluru,19.0,19.0,,,
1216523,RA Tripathi,Kolkata Knight Riders,4.0,10.0,,,
1216523,Mohammed Shami,Punjab Kings,,,24.0,30.0,1.0
1216523,Shubman Gill,Kolkata Knight Riders,57.0,47.0,,,
1216523,Arshdeep Singh,Punjab Kings,,,26.0,23.0,1.0
1216523,N Rana,Kolkata Knight Riders,2.0,4.0,6.0,7.0,
1216523,EJG Morgan,Kolkata Knight Riders,24.0,24.0,,,
1216523,CJ Jordan,Punjab Kings,,,25.0,36.0,
1216523,Mujeeb Ur Rahman,Punjab Kings,,,25.0,41.0,
1216523,Ravi Bishnoi,Punjab Kings,,,24.0,25.0,1.0
1216523,KD Karthik,Kolkata Knight Riders,58.0,30.0,,,
1216523,AD Russell,Kolkata Knight Riders,5.0,3.0,,,
1216523,PJ Cummins,Kolkata Knight Riders,5.0,6.0,24.0,29.0,
1216523,KL Rahul,Punjab Kings,74.0,58.0,,,
1216523,MA Agarwal,Punjab Kings,56.0,39.0,,,
1216523,M Prasidh Krishna,Kolkata Knight Riders,,,24.0,29.0,3.0
1216523,KL Nagarkoti,Kolkata Knight Riders,,,18.0,40.0,
1216523,CV Varun,Kolkata Knight Riders,,,24.0,27.0,
1216523,SP Narine,Kolkata Knight Riders,,,24.0,28.0,2.0
1216523,N Pooran,Punjab Kings,16.0,10.0,,,
1216523,P Simran Singh,Punjab Kings,4.0,7.0,,,
1216523,GJ Maxwell,Punjab Kings,10.0,5.0,,,
1216523,Mandeep Singh,Punjab Kings,0.0,1.0,,,
1216524,DA Warner,Sunrisers Hyderabad,66.0,34.0,2.0,1.0,
1216524,A Nortje,Delhi Capitals,1.0,3.0,27.0,34.0,1.0
1216524,WP Saha,Sunrisers Hyderabad,87.0,45.0,,,
1216524,K Rabada,Delhi Capitals,3.0,7.0,24.0,54.0,
1216524,R Ashwin,Delhi Capitals,7.0,5.0,18.0,35.0,1.0
1216524,AR Patel,Delhi Capitals,1.0,4.0,25.0,35.0,
1216524,TU Deshpande,Delhi Capitals,20.0,9.0,18.0,35.0,
1216524,MK Pandey,Sunrisers Hyderabad,44.0,35.0,,,
1216524,MP Stoinis,Delhi Capitals,5.0,7.0,12.0,15.0,
1216524,KS Williamson,Sunrisers Hyderabad,11.0,10.0,,,
1216524,AM Rahane,Delhi Capitals,26.0,21.0,,,
1216524,Sandeep Sharma,Sunrisers Hyderabad,,,26.0,25.0,2.0
1216524,S Dhawan,Delhi Capitals,0.0,1.0,,,
1216524,S Nadeem,Sunrisers Hyderabad,,,7.0,7.0,1.0
1216524,SO Hetmyer,Delhi Capitals,16.0,13.0,,,
1216524,JO Holder,Sunrisers Hyderabad,,,25.0,45.0,1.0
1216524,Rashid Khan,Sunrisers Hyderabad,,,24.0,7.0,3.0
1216524,RR Pant,Delhi Capitals,36.0,37.0,,,
1216524,SS Iyer,Delhi Capitals,7.0,12.0,,,
1216524,T Natarajan,Sunrisers Hyderabad,,,24.0,26.0,2.0
1216524,V Shankar,Sunrisers Hyderabad,,,11.0,11.0,1.0
1216525,D Padikkal,Royal Challengers Bengaluru,33.0,38.0,,,
1216525,DL Chahar,Chennai Super Kings,5.0,5.0,19.0,9.0,1.0
1216525,AJ Finch,Royal Challengers Bengaluru,2.0,9.0,,,
1216525,SM Curran,Chennai Super Kings,0.0,1.0,29.0,43.0,1.0
1216525,V Kohli,Royal Challengers Bengaluru,90.0,57.0,,,
1216525,SN Thakur,Chennai Super Kings,1.0,1.0,26.0,38.0,2.0
1216525,DJ Bravo,Chennai Super Kings,7.0,5.0,20.0,27.0,
1216525,KV Sharma,Chennai Super Kings,,,25.0,33.0,
1216525,AB de Villiers,Royal Challengers Bengaluru,0.0,2.0,,,
1216525,Washington Sundar,Royal Challengers Bengaluru,10.0,10.0,18.0,16.0,2.0
1216525,RA Jadeja,Chennai Super Kings,7.0,6.0,12.0,7.0,
1216525,S Dube,Royal Challengers Bengaluru,22.0,15.0,7.0,13.0,
1216525,SR Watson,Chennai Super Kings,14.0,18.0,,,
1216525,CH Morris,Royal Challengers Bengaluru,,,24.0,19.0,3.0
1216525,F du Plessis,Chennai Super Kings,8.0,11.0,,,
1216525,Navdeep Saini,Royal Challengers Bengaluru,,,27.0,15.0,
1216525,I Udana,Royal Challengers Bengaluru,,,24.0,30.0,1.0
1216525,AT Rayudu,Chennai Super Kings,42.0,42.0,,,
1216525,N Jagadeesan,Chennai Super Kings,33.0,30.0,,,
1216525,YS Chahal,Royal Challengers Bengaluru,,,25.0,34.0,1.0
1216525,MS Dhoni,Chennai Super Kings,10.0,6.0,,,
1216526,RA Tripathi,Kolkata Knight Riders,7.0,10.0,,,
1216526,TA Boult,Mumbai Indians,,,25.0,31.0,1.0
1216526,Shubman Gill,Kolkata Knight Riders,21.0,26.0,,,
1216526,NM Coulter-Nile,Mumbai Indians,,,27.0,48.0,1.0
1216526,JJ Bumrah,Mumbai Indians,,,25.0,21.0,1.0
1216526,N Rana,Kolkata Knight Riders,5.0,6.0,,,
1216526,KH Pandya,Mumbai Indians,,,24.0,23.0,
1216526,KD Karthik,Kolkata Knight Riders,4.0,8.0,,,
1216526,RD Chahar,Mumbai Indians,,,24.0,18.0,2.0
1216526,AD Russell,Kolkata Knight Riders,12.0,9.0,12.0,15.0,
1216526,EJG Morgan,Kolkata Knight Riders,39.0,29.0,,,
1216526,PJ Cummins,Kolkata Knight Riders,53.0,37.0,18.0,28.0,
1216526,RG Sharma,Mumbai Indians,35.0,36.0,,,
1216526,CJ Green,Kolkata Knight Riders,,,17.0,24.0,
1216526,Q de Kock,Mumbai Indians,78.0,44.0,,,
1216526,M Prasidh Krishna,Kolkata Knight Riders,,,12.0,30.0,
1216526,CV Varun,Kolkata Knight Riders,,,24.0,23.0,1.0
1216526,Shivam Mavi,Kolkata Knight Riders,,,18.0,24.0,1.0
1216526,SA Yadav,Mumbai Indians,10.0,10.0,,,
1216526,HH Pandya,Mumbai Indians,21.0,11.0,,,
1216527,KL Rahul,Punjab Kings,69.0,56.0,,,
1216527,JD Unadkat,Rajasthan Royals,,,20.0,26.0,
1216527,MA Agarwal,Punjab Kings,106.0,53.0,,,
1216527,AS Rajpoot,Rajasthan Royals,,,26.0,37.0,1.0
1216527,JC Archer,Rajasthan Royals,13.0,3.0,25.0,45.0,
1216527,S Gopal,Rajasthan Royals,,,25.0,43.0,
1216527,R Tewatia,Rajasthan Royals,53.0,32.0,6.0,19.0,
1216527,TK Curran,Rajasthan Royals,4.0,1.0,25.0,43.0,1.0
1216527,GJ Maxwell,Punjab Kings,13.0,10.0,18.0,29.0,
1216527,N Pooran,Punjab Kings,25.0,8.0,,,
1216527,JC Buttler,Rajasthan Royals,4.0,8.0,,,
1216527,SS Cottrell,Punjab Kings,,,21.0,49.0,1.0
1216527,SPD Smith,Rajasthan Royals,50.0,29.0,,,
1216527,Mohammed Shami,Punjab Kings,,,25.0,52.0,3.0
1216527,SV Samson,Rajasthan Royals,85.0,44.0,,,
1216527,Ravi Bishnoi,Punjab Kings,,,26.0,32.0,
1216527,JDS Neesham,Punjab Kings,,,24.0,40.0,1.0
1216527,M Ashwin,Punjab Kings,,,9.0,16.0,1.0
1216527,RV Uthappa,Rajasthan Royals,9.0,4.0,,,
1216527,R Parag,Rajasthan Royals,0.0,2.0,,,
1216528,SM Curran,Chennai Super Kings,31.0,22.0,18.0,18.0,1.0
1216528,Sandeep Sharma,Sunrisers Hyderabad,1.0,2.0,24.0,19.0,2.0
1216528,KK Ahmed,Sunrisers Hyderabad,,,25.0,44.0,2.0
1216528,F du Plessis,Chennai Super Kings,0.0,1.0,,,
1216528,SR Watson,Chennai Super Kings,42.0,38.0,,,
1216528,AT Rayudu,Chennai Super Kings,41.0,34.0,,,
1216528,S Nadeem,Sunrisers Hyderabad,5.0,5.0,24.0,29.0,
1216528,T Natarajan,Sunrisers Hyderabad,0.0,1.0,25.0,40.0,2.0
1216528,Rashid Khan,Sunrisers Hyderabad,14.0,9.0,24.0,30.0,
1216528,MS Dhoni,Chennai Super Kings,21.0,13.0,,,
1216528,RA Jadeja,Chennai Super Kings,25.0,11.0,18.0,21.0,1.0
1216528,DJ Bravo,Chennai Super Kings,0.0,1.0,18.0,25.0,2.0
1216528,DL Chahar,Chennai Super Kings,2.0,2.0,26.0,26.0,
1216528,DA Warner,Sunrisers Hyderabad,9.0,13.0,,,
1216528,JM Bairstow,Sunrisers Hyderabad,23.0,26.0,,,
1216528,MK Pandey,Sunrisers Hyderabad,4.0,3.0,,,
1216528,KS Williamson,Sunrisers Hyderabad,57.0,39.0,,,
1216528,SN Thakur,Chennai Super Kings,,,13.0,9.0,1.0
1216528,PK Garg,Sunrisers Hyderabad,16.0,21.0,,,
1216528,KV Sharma,Chennai Super Kings,,,27.0,34.0,2.0
1216528,V Shankar,Sunrisers Hyderabad,12.0,7.0,,,
1216528,PP Chawla,Chennai Super Kings,,,6.0,8.0,
1216529,PP Shaw,Delhi Capitals,4.0,3.0,,,
1216529,TA Boult,Mumbai Indians,,,26.0,34.0,1.0
1216529,AM Rahane,Delhi Capitals,15.0,17.0,,,
1216529,JL Pattinson,Mumbai Indians,,,21.0,34.0,
1216529,S Dhawan,Delhi Capitals,69.0,53.0,,,
1216529,JJ Bumrah,Mumbai Indians,,,24.0,26.0,
1216529,KH Pandya,Mumbai Indians,12.0,7.0,24.0,26.0,2.0
1216529,SS Iyer,Delhi Capitals,42.0,34.0,,,
1216529,KA Pollard,Mumbai Indians,11.0,15.0,6.0,10.0,
1216529,RD Chahar,Mumbai Indians,,,24.0,27.0,
1216529,MP Stoinis,Delhi Capitals,13.0,9.0,16.0,31.0,1.0
1216529,AT Carey,Delhi Capitals,14.0,9.0,,,
1216529,RG Sharma,Mumbai Indians,5.0,13.0,,,
1216529,K Rabada,Delhi Capitals,,,27.0,25.0,2.0
1216529,Q de Kock,Mumbai Indians,53.0,36.0,,,
1216529,A Nortje,Delhi Capitals,,,25.0,27.0,
1216529,AR Patel,Delhi Capitals,,,18.0,24.0,1.0
1216529,R Ashwin,Delhi Capitals,,,24.0,35.0,1.0
1216529,HV Patel,Delhi Capitals,,,12.0,20.0,
1216529,SA Yadav,Mumbai Indians,53.0,33.0,,,
1216529,Ishan Kishan,Mumbai Indians,28.0,16.0,,,
1216529,HH Pandya,Mumbai Indians,0.0,2.0,,,
1216530,Shubman Gill,Kolkata Knight Riders,36.0,24.0,,,
1216530,JC Archer,Rajasthan Royals,6.0,9.0,24.0,19.0,1.0
1216530,N Rana,Kolkata Knight Riders,0.0,1.0,,,
1216530,RA Tripathi,Kolkata Knight Riders,39.0,35.0,,,
1216530,VR Aaron,Rajasthan Royals,0.0,8.0,12.0,22.0,
1216530,S Gopal,Rajasthan Royals,23.0,24.0,19.0,43.0,1.0
1216530,BA Stokes,Rajasthan Royals,18.0,12.0,18.0,40.0,
1216530,R Tewatia,Rajasthan Royals,31.0,27.0,25.0,24.0,3.0
1216530,Kartik Tyagi,Rajasthan Royals,2.0,3.0,24.0,36.0,2.0
1216530,SP Narine,Kolkata Knight Riders,0.0,2.0,24.0,37.0,
1216530,EJG Morgan,Kolkata Knight Riders,68.0,36.0,,,
1216530,KD Karthik,Kolkata Knight Riders,0.0,1.0,,,
1216530,AD Russell,Kolkata Knight Riders,25.0,11.0,,,
1216530,PJ Cummins,Kolkata Knight Riders,15.0,11.0,25.0,32.0,4.0
1216530,KL Nagarkoti,Kolkata Knight Riders,1.0,1.0,25.0,23.0,1.0
1216530,RV Uthappa,Rajasthan Royals,6.0,3.0,,,
1216530,Shivam Mavi,Kolkata Knight Riders,,,25.0,14.0,2.0
1216530,SV Samson,Rajasthan Royals,1.0,4.0,,,
1216530,SPD Smith,Rajasthan Royals,4.0,4.0,,,
1216530,R Parag,Rajasthan Royals,0.0,7.0,,,
1216530,JC Buttler,Rajasthan Royals,35.0,22.0,,,
1216530,CV Varun,Kolkata Knight Riders,,,24.0,20.0,2.0
1216531,AJ Finch,Royal Challengers Bengaluru,20.0,18.0,,,
1216531,GJ Maxwell,Punjab Kings,,,24.0,28.0,
1216531,D Padikkal,Royal Challengers Bengaluru,18.0,13.0,,,
1216531,Mohammed Shami,Punjab Kings,,,24.0,45.0,2.0
1216531,Arshdeep Singh,Punjab Kings,,,13.0,19.0,1.0
1216531,V Kohli,Royal Challengers Bengaluru,48.0,41.0,,,
1216531,Ravi Bishnoi,Punjab Kings,,,20.0,26.0,
1216531,M Ashwin,Punjab Kings,,,24.0,23.0,2.0
1216531,Washington Sundar,Royal Challengers Bengaluru,13.0,14.0,24.0,38.0,
1216531,S Dube,Royal Challengers Bengaluru,23.0,21.0,,,
1216531,CJ Jordan,Punjab Kings,,,20.0,18.0,1.0
1216531,AB de Villiers,Royal Challengers Bengaluru,2.0,5.0,,,
1216531,I Udana,Royal Challengers Bengaluru,10.0,5.0,13.0,13.0,
1216531,CH Morris,Royal Challengers Bengaluru,25.0,8.0,27.0,19.0,
1216531,KL Rahul,Punjab Kings,61.0,50.0,,,
1216531,MA Agarwal,Punjab Kings,45.0,27.0,,,
1216531,Navdeep Saini,Royal Challengers Bengaluru,,,24.0,21.0,
1216531,YS Chahal,Royal Challengers Bengaluru,,,19.0,31.0,1.0
1216531,Mohammed Siraj,Royal Challengers Bengaluru,,,19.0,43.0,
1216531,CH Gayle,Punjab Kings,53.0,48.0,,,
1216531,N Pooran,Punjab Kings,6.0,1.0,,,
1216532,DA Warner,Sunrisers Hyderabad,45.0,33.0,,,
1216532,I Sharma,Delhi Capitals,,,20.0,24.0,
1216532,JM Bairstow,Sunrisers Hyderabad,53.0,51.0,,,
1216532,K Rabada,Delhi Capitals,15.0,7.0,24.0,21.0,2.0
1216532,A Nortje,Delhi Capitals,3.0,2.0,24.0,40.0,
1216532,MP Stoinis,Delhi Capitals,11.0,9.0,18.0,22.0,
1216532,A Mishra,Delhi Capitals,,,24.0,35.0,2.0
1216532,MK Pandey,Sunrisers Hyderabad,3.0,5.0,,,
1216532,AR Patel,Delhi Capitals,5.0,7.0,13.0,13.0,
1216532,KS Williamson,Sunrisers Hyderabad,41.0,26.0,,,
1216532,Abdul Samad,Sunrisers Hyderabad,12.0,7.0,,,
1216532,Abhishek Sharma,Sunrisers Hyderabad,1.0,1.0,25.0,32.0,
1216532,PP Shaw,Delhi Capitals,2.0,5.0,,,
1216532,B Kumar,Sunrisers Hyderabad,,,25.0,24.0,2.0
1216532,SS Iyer,Delhi Capitals,17.0,22.0,,,
1216532,S Dhawan,Delhi Capitals,34.0,31.0,,,
1216532,KK Ahmed,Sunrisers Hyderabad,,,25.0,42.0,1.0
1216532,T Natarajan,Sunrisers Hyderabad,,,25.0,24.0,1.0
1216532,Rashid Khan,Sunrisers Hyderabad,,,24.0,14.0,3.0
1216532,RR Pant,Delhi Capitals,28.0,28.0,,,
1216532,SO Hetmyer,Delhi Capitals,21.0,13.0,,,
1216533,SM Curran,Chennai Super Kings,22.0,25.0,6.0,6.0,
1216533,JC Archer,Rajasthan Royals,,,24.0,20.0,1.0
1216533,F du Plessis,Chennai Super Kings,10.0,9.0,,,
1216533,AS Rajpoot,Rajasthan Royals,,,6.0,8.0,
1216533,Kartik Tyagi,Rajasthan Royals,,,25.0,34.0,1.0
1216533,SR Watson,Chennai Super Kings,8.0,3.0,,,
1216533,BA Stokes,Rajasthan Royals,19.0,11.0,18.0,27.0,
1216533,AT Rayudu,Chennai Super Kings,13.0,19.0,,,
1216533,S Gopal,Rajasthan Royals,,,24.0,14.0,1.0
1216533,R Tewatia,Rajasthan Royals,,,25.0,17.0,1.0
1216533,MS Dhoni,Chennai Super Kings,28.0,28.0,,,
1216533,RA Jadeja,Chennai Super Kings,35.0,31.0,9.0,11.0,
1216533,KM Jadhav,Chennai Super Kings,4.0,7.0,,,
1216533,DL Chahar,Chennai Super Kings,,,24.0,18.0,2.0
1216533,RV Uthappa,Rajasthan Royals,4.0,9.0,,,
1216533,JR Hazlewood,Chennai Super Kings,,,24.0,19.0,1.0
1216533,SPD Smith,Rajasthan Royals,26.0,34.0,,,
1216533,SV Samson,Rajasthan Royals,0.0,3.0,,,
1216533,JC Buttler,Rajasthan Royals,70.0,49.0,,,
1216533,SN Thakur,Chennai Super Kings,,,25.0,33.0,
1216533,PP Chawla,Chennai Super Kings,,,18.0,32.0,
1216534,D Padikkal,Royal Challengers Bengaluru,56.0,44.0,,,
1216534,B Kumar,Sunrisers Hyderabad,0.0,2.0,25.0,24.0,
1216534,AJ Finch,Royal Challengers Bengaluru,29.0,27.0,,,
1216534,Sandeep Sharma,Sunrisers Hyderabad,9.0,6.0,24.0,36.0,
1216534,T Natarajan,Sunrisers Hyderabad,3.0,4.0,24.0,34.0,1.0
1216534,MR Marsh,Sunrisers Hyderabad,0.0,1.0,4.0,6.0,
1216534,V Shankar,Sunrisers Hyderabad,0.0,1.0,11.0,11.0,1.0
1216534,Rashid Khan,Sunrisers Hyderabad,6.0,6.0,24.0,31.0,
1216534,Abhishek Sharma,Sunrisers Hyderabad,7.0,4.0,12.0,16.0,1.0
1216534,AB de Villiers,Royal Challengers Bengaluru,51.0,30.0,,,
1216534,V Kohli,Royal Challengers Bengaluru,14.0,13.0,,,
1216534,S Dube,Royal Challengers Bengaluru,7.0,8.0,18.0,15.0,2.0
1216534,JR Philippe,Royal Challengers Bengaluru,1.0,2.0,,,
1216534,DA Warner,Sunrisers Hyderabad,6.0,6.0,,,
1216534,DW Steyn,Royal Challengers Bengaluru,,,23.0,32.0,1.0
1216534,JM Bairstow,Sunrisers Hyderabad,61.0,46.0,,,
1216534,UT Yadav,Royal Challengers Bengaluru,,,26.0,46.0,
1216534,MK Pandey,Sunrisers Hyderabad,34.0,33.0,,,
1216534,Navdeep Saini,Royal Challengers Bengaluru,,,25.0,20.0,2.0
1216534,Washington Sundar,Royal Challengers Bengaluru,,,6.0,7.0,
1216534,YS Chahal,Royal Challengers Bengaluru,,,24.0,18.0,3.0
1216534,PK Garg,Sunrisers Hyderabad,12.0,13.0,,,
1216535,PP Shaw,Delhi Capitals,10.0,11.0,,,
1216535,TA Boult,Mumbai Indians,,,24.0,21.0,3.0
1216535,S Dhawan,Delhi Capitals,0.0,2.0,,,
1216535,SS Iyer,Delhi Capitals,25.0,30.0,,,
1216535,KH Pandya,Mumbai Indians,,,19.0,12.0,
1216535,J Yadav,Mumbai Indians,,,18.0,18.0,
1216535,RR Pant,Delhi Capitals,21.0,24.0,,,
1216535,JJ Bumrah,Mumbai Indians,,,25.0,16.0,3.0
1216535,NM Coulter-Nile,Mumbai Indians,,,12.0,14.0,1.0
1216535,RD Chahar,Mumbai Indians,,,24.0,24.0,1.0
1216535,MP Stoinis,Delhi Capitals,2.0,3.0,6.0,4.0,
1216535,SO Hetmyer,Delhi Capitals,11.0,13.0,,,
1216535,HV Patel,Delhi Capitals,5.0,10.0,7.0,7.0,
1216535,R Ashwin,Delhi Capitals,12.0,9.0,24.0,18.0,
1216535,P Dubey,Delhi Capitals,7.0,13.0,18.0,29.0,
1216535,K Rabada,Delhi Capitals,12.0,7.0,18.0,27.0,
1216535,Ishan Kishan,Mumbai Indians,72.0,48.0,,,
1216535,Q de Kock,Mumbai Indians,26.0,28.0,,,
1216535,A Nortje,Delhi Capitals,,,14.0,25.0,1.0
1216535,SA Yadav,Mumbai Indians,12.0,11.0,,,
1216536,Shubman Gill,Kolkata Knight Riders,26.0,17.0,,,
1216536,DL Chahar,Chennai Super Kings,,,18.0,31.0,
1216536,N Rana,Kolkata Knight Riders,87.0,62.0,7.0,15.0,
1216536,SM Curran,Chennai Super Kings,13.0,14.0,18.0,21.0,
1216536,L Ngidi,Chennai Super Kings,,,25.0,33.0,2.0
1216536,MJ Santner,Chennai Super Kings,,,18.0,30.0,1.0
1216536,RA Jadeja,Chennai Super Kings,31.0,12.0,18.0,20.0,1.0
1216536,KV Sharma,Chennai Super Kings,,,24.0,35.0,1.0
1216536,SP Narine,Kolkata Knight Riders,7.0,7.0,24.0,23.0,
1216536,RK Singh,Kolkata Knight Riders,11.0,11.0,,,
1216536,EJG Morgan,Kolkata Knight Riders,15.0,12.0,,,
1216536,KD Karthik,Kolkata Knight Riders,21.0,10.0,,,
1216536,RA Tripathi,Kolkata Knight Riders,3.0,2.0,,,
1216536,SR Watson,Chennai Super Kings,14.0,19.0,,,
1216536,PJ Cummins,Kolkata Knight Riders,,,25.0,26.0,2.0
1216536,RD Gaikwad,Chennai Super Kings,72.0,55.0,,,
1216536,KL Nagarkoti,Kolkata Knight Riders,,,18.0,34.0,
1216536,LH Ferguson,Kolkata Knight Riders,,,27.0,51.0,
1216536,CV Varun,Kolkata Knight Riders,,,24.0,20.0,2.0
1216536,AT Rayudu,Chennai Super Kings,38.0,21.0,,,
1216536,MS Dhoni,Chennai Super Kings,1.0,4.0,,,
1216537,KL Rahul,Punjab Kings,46.0,42.0,,,
1216537,JC Archer,Rajasthan Royals,,,24.0,26.0,2.0
1216537,Mandeep Singh,Punjab Kings,0.0,1.0,,,
1216537,VR Aaron,Rajasthan Royals,,,29.0,41.0,
1216537,CH Gayle,Punjab Kings,99.0,69.0,,,
1216537,Kartik Tyagi,Rajasthan Royals,,,25.0,46.0,
1216537,S Gopal,Rajasthan Royals,,,6.0,10.0,
1216537,BA Stokes,Rajasthan Royals,50.0,26.0,27.0,29.0,2.0
1216537,R Tewatia,Rajasthan Royals,,,18.0,22.0,
1216537,N Pooran,Punjab Kings,22.0,10.0,,,
1216537,GJ Maxwell,Punjab Kings,6.0,6.0,,,
1216537,DJ Hooda,Punjab Kings,1.0,1.0,,,
1216537,RV Uthappa,Rajasthan Royals,30.0,24.0,,,
1216537,Arshdeep Singh,Punjab Kings,,,18.0,34.0,
1216537,Mohammed Shami,Punjab Kings,,,18.0,36.0,
1216537,M Ashwin,Punjab Kings,,,24.0,43.0,1.0
1216537,CJ Jordan,Punjab Kings,,,23.0,42.0,1.0
1216537,SV Samson,Rajasthan Royals,48.0,25.0,,,
1216537,Ravi Bishnoi,Punjab Kings,,,25.0,26.0,
1216537,SPD Smith,Rajasthan Royals,31.0,21.0,,,
1216537,JC Buttler,Rajasthan Royals,22.0,12.0,,,
1216538,RG Sharma,Mumbai Indians,6.0,5.0,,,
1216538,Sandeep Sharma,Sunrisers Hyderabad,0.0,1.0,24.0,41.0,2.0
1216538,SA Yadav,Mumbai Indians,27.0,18.0,,,
1216538,Q de Kock,Mumbai Indians,67.0,40.0,,,
1216538,T Natarajan,Sunrisers Hyderabad,,,24.0,29.0,
1216538,S Kaul,Sunrisers Hyderabad,,,26.0,62.0,2.0
1216538,Ishan Kishan,Mumbai Indians,31.0,23.0,,,
1216538,Abdul Samad,Sunrisers Hyderabad,20.0,10.0,12.0,27.0,
1216538,Rashid Khan,Sunrisers Hyderabad,3.0,7.0,25.0,21.0,1.0
1216538,KS Williamson,Sunrisers Hyderabad,3.0,5.0,12.0,24.0,
1216538,HH Pandya,Mumbai Indians,28.0,19.0,,,
1216538,KA Pollard,Mumbai Indians,25.0,14.0,20.0,18.0,
1216538,KH Pandya,Mumbai Indians,20.0,4.0,28.0,30.0,1.0
1216538,DA Warner,Sunrisers Hyderabad,60.0,48.0,,,
1216538,TA Boult,Mumbai Indians,,,24.0,28.0,2.0
1216538,JM Bairstow,Sunrisers Hyderabad,25.0,15.0,,,
1216538,JL Pattinson,Mumbai Indians,,,25.0,28.0,2.0
1216538,MK Pandey,Sunrisers Hyderabad,30.0,22.0,,,
1216538,JJ Bumrah,Mumbai Indians,,,26.0,39.0,2.0
1216538,RD Chahar,Mumbai Indians,,,6.0,16.0,
1216538,PK Garg,Sunrisers Hyderabad,8.0,7.0,,,
1216538,Abhishek Sharma,Sunrisers Hyderabad,10.0,14.0,,,
1216539,PP Shaw,Delhi Capitals,64.0,44.0,,,
1216539,DL Chahar,Chennai Super Kings,,,25.0,37.0,
1216539,SM Curran,Chennai Super Kings,1.0,2.0,25.0,26.0,1.0
1216539,S Dhawan,Delhi Capitals,35.0,27.0,,,
1216539,JR Hazlewood,Chennai Super Kings,,,25.0,27.0,
1216539,PP Chawla,Chennai Super Kings,,,24.0,33.0,2.0
1216539,RA Jadeja,Chennai Super Kings,12.0,11.0,24.0,44.0,
1216539,RR Pant,Delhi Capitals,37.0,26.0,,,
1216539,SS Iyer,Delhi Capitals,26.0,23.0,,,
1216539,MP Stoinis,Delhi Capitals,5.0,3.0,,,
1216539,M Vijay,Chennai Super Kings,10.0,15.0,,,
1216539,K Rabada,Delhi Capitals,,,24.0,26.0,3.0
1216539,SR Watson,Chennai Super Kings,14.0,16.0,,,
1216539,AR Patel,Delhi Capitals,,,24.0,18.0,1.0
1216539,A Nortje,Delhi Capitals,,,27.0,18.0,2.0
1216539,Avesh Khan,Delhi Capitals,,,25.0,41.0,
1216539,F du Plessis,Chennai Super Kings,43.0,36.0,,,
1216539,RD Gaikwad,Chennai Super Kings,5.0,10.0,,,
1216539,A Mishra,Delhi Capitals,,,24.0,23.0,
1216539,KM Jadhav,Chennai Super Kings,26.0,22.0,,,
1216539,MS Dhoni,Chennai Super Kings,15.0,12.0,,,
1216540,AJ Finch,Royal Challengers Bengaluru,47.0,38.0,,,
1216540,PJ Cummins,Kolkata Knight Riders,1.0,3.0,25.0,36.0,
1216540,D Padikkal,Royal Challengers Bengaluru,32.0,23.0,,,
1216540,M Prasidh Krishna,Kolkata Knight Riders,2.0,3.0,24.0,42.0,1.0
1216540,AD Russell,Kolkata Knight Riders,16.0,10.0,28.0,46.0,1.0
1216540,CV Varun,Kolkata Knight Riders,7.0,11.0,24.0,25.0,
1216540,V Kohli,Royal Challengers Bengaluru,33.0,30.0,,,
1216540,KL Nagarkoti,Kolkata Knight Riders,4.0,7.0,24.0,36.0,
1216540,AB de Villiers,Royal Challengers Bengaluru,73.0,34.0,,,
1216540,T Banton,Kolkata Knight Riders,8.0,14.0,,,
1216540,CH Morris,Royal Challengers Bengaluru,,,24.0,17.0,2.0
1216540,Shubman Gill,Kolkata Knight Riders,34.0,25.0,,,
1216540,Navdeep Saini,Royal Challengers Bengaluru,,,21.0,14.0,1.0
1216540,Mohammed Siraj,Royal Challengers Bengaluru,,,18.0,24.0,1.0
1216540,N Rana,Kolkata Knight Riders,9.0,14.0,,,
1216540,Washington Sundar,Royal Challengers Bengaluru,,,24.0,20.0,2.0
1216540,YS Chahal,Royal Challengers Bengaluru,,,24.0,12.0,1.0
1216540,EJG Morgan,Kolkata Knight Riders,8.0,12.0,,,
1216540,KD Karthik,Kolkata Knight Riders,1.0,2.0,,,
1216540,RA Tripathi,Kolkata Knight Riders,16.0,22.0,,,
1216540,I Udana,Royal Challengers Bengaluru,,,12.0,19.0,1.0
1216541,Ishan Kishan,Mumbai Indians,37.0,37.0,,,
1216541,JC Archer,Rajasthan Royals,,,25.0,30.0,2.0
1216541,Q de Kock,Mumbai Indians,6.0,4.0,,,
1216541,SA Yadav,Mumbai Indians,40.0,29.0,,,
1216541,AS Rajpoot,Rajasthan Royals,,,28.0,56.0,
1216541,Kartik Tyagi,Rajasthan Royals,,,24.0,45.0,1.0
1216541,S Gopal,Rajasthan Royals,,,24.0,30.0,2.0
1216541,R Tewatia,Rajasthan Royals,,,24.0,25.0,
1216541,SS Tiwary,Mumbai Indians,34.0,25.0,,,
1216541,KA Pollard,Mumbai Indians,6.0,4.0,15.0,15.0,
1216541,HH Pandya,Mumbai Indians,60.0,22.0,,,
1216541,KH Pandya,Mumbai Indians,3.0,4.0,12.0,20.0,
1216541,RV Uthappa,Rajasthan Royals,13.0,11.0,,,
1216541,TA Boult,Mumbai Indians,,,24.0,40.0,
1216541,JL Pattinson,Mumbai Indians,,,22.0,38.0,2.0
1216541,SPD Smith,Rajasthan Royals,11.0,8.0,,,
1216541,BA Stokes,Rajasthan Royals,107.0,63.0,,,
1216541,JJ Bumrah,Mumbai Indians,,,25.0,37.0,
1216541,SV Samson,Rajasthan Royals,54.0,35.0,,,
1216541,RD Chahar,Mumbai Indians,,,19.0,35.0,
1216542,DA Warner,Sunrisers Hyderabad,52.0,42.0,,,
1216542,SS Cottrell,Punjab Kings,0.0,2.0,20.0,27.0,
1216542,JM Bairstow,Sunrisers Hyderabad,97.0,57.0,,,
1216542,Mujeeb Ur Rahman,Punjab Kings,1.0,3.0,24.0,39.0,
1216542,Mohammed Shami,Punjab Kings,0.0,1.0,24.0,40.0,1.0
1216542,GJ Maxwell,Punjab Kings,7.0,13.0,12.0,26.0,
1216542,Ravi Bishnoi,Punjab Kings,6.0,7.0,18.0,29.0,3.0
1216542,Arshdeep Singh,Punjab Kings,0.0,3.0,27.0,29.0,2.0
1216542,MK Pandey,Sunrisers Hyderabad,1.0,2.0,,,
1216542,Abdul Samad,Sunrisers Hyderabad,8.0,7.0,6.0,28.0,
1216542,KS Williamson,Sunrisers Hyderabad,20.0,10.0,,,
1216542,PK Garg,Sunrisers Hyderabad,0.0,1.0,,,
1216542,Abhishek Sharma,Sunrisers Hyderabad,12.0,6.0,6.0,15.0,1.0
1216542,KL Rahul,Punjab Kings,11.0,16.0,,,
1216542,Sandeep Sharma,Sunrisers Hyderabad,,,25.0,26.0,
1216542,MA Agarwal,Punjab Kings,9.0,6.0,,,
1216542,KK Ahmed,Sunrisers Hyderabad,,,18.0,24.0,2.0
1216542,P Simran Singh,Punjab Kings,11.0,8.0,,,
1216542,T Natarajan,Sunrisers Hyderabad,,,24.0,23.0,2.0
1216542,N Pooran,Punjab Kings,77.0,37.0,,,
1216542,Rashid Khan,Sunrisers Hyderabad,,,24.0,12.0,3.0
1216542,Mandeep Singh,Punjab Kings,6.0,7.0,,,
1216543,PP Shaw,Delhi Capitals,0.0,1.0,,,
1216543,JC Archer,Rajasthan Royals,1.0,4.0,27.0,16.0,3.0
1216543,AM Rahane,Delhi Capitals,2.0,11.0,,,
1216543,S Dhawan,Delhi Capitals,57.0,34.0,,,
1216543,JD Unadkat,Rajasthan Royals,,,18.0,32.0,2.0
1216543,SS Iyer,Delhi Capitals,53.0,45.0,,,
1216543,Kartik Tyagi,Rajasthan Royals,,,25.0,29.0,1.0
1216543,BA Stokes,Rajasthan Royals,41.0,35.0,14.0,22.0,
1216543,S Gopal,Rajasthan Royals,6.0,4.0,26.0,29.0,1.0
1216543,R Tewatia,Rajasthan Royals,14.0,19.0,18.0,23.0,
1216543,MP Stoinis,Delhi Capitals,18.0,20.0,,,
1216543,AT Carey,Delhi Capitals,14.0,13.0,,,
1216543,AR Patel,Delhi Capitals,7.0,4.0,24.0,32.0,1.0
1216543,K Rabada,Delhi Capitals,,,24.0,28.0,1.0
1216543,JC Buttler,Rajasthan Royals,22.0,9.0,,,
1216543,TU Deshpande,Delhi Capitals,,,28.0,33.0,2.0
1216543,A Nortje,Delhi Capitals,,,24.0,33.0,2.0
1216543,R Ashwin,Delhi Capitals,,,24.0,17.0,1.0
1216543,SPD Smith,Rajasthan Royals,1.0,4.0,,,
1216543,SV Samson,Rajasthan Royals,25.0,18.0,,,
1216543,RV Uthappa,Rajasthan Royals,32.0,29.0,,,
1216543,R Parag,Rajasthan Royals,1.0,2.0,,,
1216544,D Padikkal,Royal Challengers Bengaluru,22.0,22.0,,,
1216544,DL Chahar,Chennai Super Kings,,,24.0,31.0,2.0
1216544,AJ Finch,Royal Challengers Bengaluru,15.0,13.0,,,
1216544,Monu Kumar,Chennai Super Kings,,,16.0,16.0,
1216544,SM Curran,Chennai Super Kings,,,21.0,16.0,3.0
1216544,V Kohli,Royal Challengers Bengaluru,50.0,45.0,,,
1216544,MJ Santner,Chennai Super Kings,,,24.0,23.0,1.0
1216544,AB de Villiers,Royal Challengers Bengaluru,39.0,36.0,,,
1216544,Imran Tahir,Chennai Super Kings,,,24.0,30.0,
1216544,RA Jadeja,Chennai Super Kings,,,18.0,20.0,
1216544,MM Ali,Royal Challengers Bengaluru,1.0,2.0,12.0,17.0,
1216544,CH Morris,Royal Challengers Bengaluru,2.0,5.0,23.0,35.0,1.0
1216544,Gurkeerat Singh,Royal Challengers Bengaluru,2.0,2.0,,,
1216544,Washington Sundar,Royal Challengers Bengaluru,5.0,2.0,24.0,27.0,
1216544,RD Gaikwad,Chennai Super Kings,65.0,52.0,,,
1216544,F du Plessis,Chennai Super Kings,25.0,13.0,,,
1216544,Mohammed Siraj,Royal Challengers Bengaluru,,,12.0,29.0,
1216544,YS Chahal,Royal Challengers Bengaluru,,,24.0,21.0,1.0
1216544,AT Rayudu,Chennai Super Kings,39.0,27.0,,,
1216544,Navdeep Saini,Royal Challengers Bengaluru,,,18.0,19.0,
1216544,MS Dhoni,Chennai Super Kings,19.0,21.0,,,
1216545,DA Warner,Sunrisers Hyderabad,36.0,30.0,,,
1216545,SP Narine,Kolkata Knight Riders,0.0,2.0,24.0,31.0,
1216545,JM Bairstow,Sunrisers Hyderabad,5.0,10.0,,,
1216545,PJ Cummins,Kolkata Knight Riders,,,24.0,19.0,1.0
1216545,Shivam Mavi,Kolkata Knight Riders,,,13.0,14.0,
1216545,MK Pandey,Sunrisers Hyderabad,51.0,38.0,,,
1216545,Kuldeep Yadav,Kolkata Knight Riders,,,12.0,15.0,
1216545,CV Varun,Kolkata Knight Riders,,,24.0,25.0,1.0
1216545,WP Saha,Sunrisers Hyderabad,30.0,34.0,,,
1216545,KL Nagarkoti,Kolkata Knight Riders,,,13.0,16.0,
1216545,AD Russell,Kolkata Knight Riders,,,13.0,15.0,1.0
1216545,Mohammad Nabi,Sunrisers Hyderabad,11.0,8.0,26.0,20.0,
1216545,Abhishek Sharma,Sunrisers Hyderabad,2.0,3.0,6.0,11.0,
1216545,Shubman Gill,Kolkata Knight Riders,70.0,63.0,,,
1216545,B Kumar,Sunrisers Hyderabad,,,19.0,28.0,
1216545,KK Ahmed,Sunrisers Hyderabad,,,18.0,28.0,1.0
1216545,N Rana,Kolkata Knight Riders,26.0,13.0,,,
1216545,T Natarajan,Sunrisers Hyderabad,,,19.0,26.0,1.0
1216545,KD Karthik,Kolkata Knight Riders,0.0,3.0,,,
1216545,Rashid Khan,Sunrisers Hyderabad,,,24.0,25.0,1.0
1216545,EJG Morgan,Kolkata Knight Riders,42.0,31.0,,,
1216546,PP Shaw,Delhi Capitals,7.0,13.0,,,
1216546,GJ Maxwell,Punjab Kings,32.0,27.0,24.0,31.0,1.0
1216546,S Dhawan,Delhi Capitals,106.0,61.0,,,
1216546,Mohammed Shami,Punjab Kings,,,26.0,26.0,2.0
1216546,Arshdeep Singh,Punjab Kings,,,18.0,30.0,
1216546,JDS Neesham,Punjab Kings,10.0,8.0,12.0,17.0,1.0
1216546,SS Iyer,Delhi Capitals,14.0,12.0,,,
1216546,M Ashwin,Punjab Kings,,,25.0,32.0,1.0
1216546,RR Pant,Delhi Capitals,14.0,20.0,,,
1216546,Ravi Bishnoi,Punjab Kings,,,18.0,24.0,
1216546,MP Stoinis,Delhi Capitals,9.0,11.0,7.0,12.0,
1216546,SO Hetmyer,Delhi Capitals,10.0,6.0,,,
1216546,KL Rahul,Punjab Kings,15.0,11.0,,,
1216546,DR Sams,Delhi Capitals,,,26.0,28.0,
1216546,MA Agarwal,Punjab Kings,5.0,10.0,,,
1216546,K Rabada,Delhi Capitals,,,25.0,26.0,2.0
1216546,AR Patel,Delhi Capitals,,,24.0,27.0,1.0
1216546,CH Gayle,Punjab Kings,29.0,14.0,,,
1216546,TU Deshpande,Delhi Capitals,,,13.0,40.0,
1216546,R Ashwin,Delhi Capitals,,,25.0,26.0,1.0
1216546,N Pooran,Punjab Kings,53.0,28.0,,,
1216546,DJ Hooda,Punjab Kings,15.0,22.0,,,
1216547,D Padikkal,Royal Challengers Bengaluru,54.0,42.0,,,
1216547,TA Boult,Mumbai Indians,,,24.0,34.0,2.0
1216547,AJ Finch,Royal Challengers Bengaluru,52.0,36.0,,,
1216547,JL Pattinson,Mumbai Indians,,,24.0,51.0,
1216547,RD Chahar,Mumbai Indians,,,25.0,30.0,1.0
1216547,JJ Bumrah,Mumbai Indians,,,31.0,52.0,
1216547,KH Pandya,Mumbai Indians,,,19.0,22.0,
1216547,V Kohli,Royal Challengers Bengaluru,8.0,13.0,,,
1216547,AB de Villiers,Royal Challengers Bengaluru,61.0,28.0,,,
1216547,KA Pollard,Mumbai Indians,65.0,30.0,6.0,13.0,
1216547,S Dube,Royal Challengers Bengaluru,27.0,10.0,,,
1216547,RG Sharma,Mumbai Indians,8.0,8.0,,,
1216547,I Udana,Royal Challengers Bengaluru,,,27.0,42.0,2.0
1216547,Q de Kock,Mumbai Indians,14.0,16.0,,,
1216547,Washington Sundar,Royal Challengers Bengaluru,,,24.0,12.0,1.0
1216547,SA Yadav,Mumbai Indians,0.0,2.0,,,
1216547,Ishan Kishan,Mumbai Indians,99.0,60.0,,,
1216547,Navdeep Saini,Royal Challengers Bengaluru,,,32.0,47.0,1.0
1216547,YS Chahal,Royal Challengers Bengaluru,,,24.0,48.0,1.0
1216547,HH Pandya,Mumbai Indians,16.0,15.0,,,
1216547,A Zampa,Royal Challengers Bengaluru,,,24.0,53.0,1.0
1237177,Q de Kock,Mumbai Indians,40.0,26.0,,,
1237177,DR Sams,Delhi Capitals,0.0,2.0,24.0,44.0,
1237177,R Ashwin,Delhi Capitals,,,24.0,29.0,3.0
1237177,RG Sharma,Mumbai Indians,0.0,1.0,,,
1237177,SA Yadav,Mumbai Indians,51.0,38.0,,,
1237177,K Rabada,Delhi Capitals,15.0,18.0,25.0,41.0,
1237177,AR Patel,Delhi Capitals,42.0,34.0,18.0,27.0,
1237177,A Nortje,Delhi Capitals,,,24.0,50.0,1.0
1237177,Ishan Kishan,Mumbai Indians,55.0,30.0,,,
1237177,KA Pollard,Mumbai Indians,0.0,2.0,27.0,33.0,1.0
1237177,KH Pandya,Mumbai Indians,13.0,10.0,25.0,21.0,1.0
1237177,MP Stoinis,Delhi Capitals,65.0,48.0,6.0,5.0,1.0
1237177,HH Pandya,Mumbai Indians,37.0,14.0,,,
1237177,PP Shaw,Delhi Capitals,0.0,2.0,,,
1237177,TA Boult,Mumbai Indians,,,12.0,9.0,2.0
1237177,AM Rahane,Delhi Capitals,0.0,3.0,,,
1237177,SS Iyer,Delhi Capitals,12.0,8.0,,,
1237177,S Dhawan,Delhi Capitals,0.0,2.0,,,
1237177,JJ Bumrah,Mumbai Indians,,,25.0,13.0,4.0
1237177,RR Pant,Delhi Capitals,3.0,9.0,,,
1237177,NM Coulter-Nile,Mumbai Indians,,,25.0,26.0,
1237177,RD Chahar,Mumbai Indians,,,12.0,35.0,
1237178,V Kohli,Royal Challengers Bengaluru,6.0,7.0,,,
1237178,Sandeep Sharma,Sunrisers Hyderabad,,,24.0,21.0,
1237178,D Padikkal,Royal Challengers Bengaluru,1.0,6.0,,,
1237178,JO Holder,Sunrisers Hyderabad,24.0,20.0,26.0,23.0,3.0
1237178,AJ Finch,Royal Challengers Bengaluru,32.0,31.0,,,
1237178,AB de Villiers,Royal Challengers Bengaluru,56.0,44.0,,,
1237178,T Natarajan,Sunrisers Hyderabad,,,24.0,33.0,2.0
1237178,S Nadeem,Sunrisers Hyderabad,,,26.0,28.0,1.0
1237178,Rashid Khan,Sunrisers Hyderabad,,,24.0,22.0,
1237178,MM Ali,Royal Challengers Bengaluru,0.0,1.0,6.0,4.0,
1237178,S Dube,Royal Challengers Bengaluru,8.0,14.0,6.0,7.0,
1237178,Washington Sundar,Royal Challengers Bengaluru,5.0,6.0,13.0,20.0,
1237178,Navdeep Saini,Royal Challengers Bengaluru,9.0,8.0,22.0,31.0,
1237178,Mohammed Siraj,Royal Challengers Bengaluru,10.0,7.0,27.0,25.0,2.0
1237178,DA Warner,Sunrisers Hyderabad,17.0,18.0,,,
1237178,SP Goswami,Sunrisers Hyderabad,0.0,3.0,,,
1237178,MK Pandey,Sunrisers Hyderabad,24.0,23.0,,,
1237178,KS Williamson,Sunrisers Hyderabad,50.0,45.0,,,
1237178,A Zampa,Royal Challengers Bengaluru,,,25.0,11.0,1.0
1237178,YS Chahal,Royal Challengers Bengaluru,,,24.0,24.0,1.0
1237178,PK Garg,Sunrisers Hyderabad,7.0,14.0,,,
1237180,MP Stoinis,Delhi Capitals,38.0,27.0,19.0,25.0,3.0
1237180,Sandeep Sharma,Sunrisers Hyderabad,2.0,4.0,24.0,30.0,1.0
1237180,S Dhawan,Delhi Capitals,78.0,51.0,,,
1237180,JO Holder,Sunrisers Hyderabad,11.0,15.0,24.0,50.0,1.0
1237180,S Nadeem,Sunrisers Hyderabad,2.0,3.0,26.0,46.0,
1237180,Rashid Khan,Sunrisers Hyderabad,11.0,7.0,24.0,26.0,1.0
1237180,T Natarajan,Sunrisers Hyderabad,,,27.0,29.0,
1237180,SS Iyer,Delhi Capitals,21.0,21.0,,,
1237180,SO Hetmyer,Delhi Capitals,42.0,23.0,,,
1237180,RR Pant,Delhi Capitals,2.0,3.0,,,
1237180,PK Garg,Sunrisers Hyderabad,17.0,13.0,,,
1237180,R Ashwin,Delhi Capitals,,,20.0,31.0,
1237180,DA Warner,Sunrisers Hyderabad,2.0,4.0,,,
1237180,K Rabada,Delhi Capitals,,,26.0,27.0,4.0
1237180,MK Pandey,Sunrisers Hyderabad,21.0,15.0,,,
1237180,A Nortje,Delhi Capitals,,,24.0,36.0,
1237180,KS Williamson,Sunrisers Hyderabad,67.0,46.0,,,
1237180,AR Patel,Delhi Capitals,,,24.0,33.0,1.0
1237180,P Dubey,Delhi Capitals,,,12.0,14.0,
1237180,Abdul Samad,Sunrisers Hyderabad,33.0,16.0,,,
1237180,SP Goswami,Sunrisers Hyderabad,0.0,2.0,,,
1237181,MP Stoinis,Delhi Capitals,0.0,1.0,12.0,23.0,1.0
1237181,TA Boult,Mumbai Indians,,,24.0,30.0,3.0
1237181,AM Rahane,Delhi Capitals,2.0,4.0,,,
1237181,S Dhawan,Delhi Capitals,15.0,13.0,,,
1237181,JJ Bumrah,Mumbai Indians,,,24.0,28.0,
1237181,SS Iyer,Delhi Capitals,65.0,51.0,,,
1237181,J Yadav,Mumbai Indians,,,24.0,25.0,1.0
1237181,RR Pant,Delhi Capitals,56.0,40.0,,,
1237181,NM Coulter-Nile,Mumbai Indians,,,25.0,28.0,2.0
1237181,KH Pandya,Mumbai Indians,1.0,1.0,19.0,29.0,
1237181,KA Pollard,Mumbai Indians,9.0,4.0,7.0,12.0,
1237181,SO Hetmyer,Delhi Capitals,5.0,5.0,,,
1237181,AR Patel,Delhi Capitals,9.0,9.0,24.0,16.0,
1237181,RG Sharma,Mumbai Indians,68.0,51.0,,,
1237181,R Ashwin,Delhi Capitals,,,24.0,28.0,
1237181,Q de Kock,Mumbai Indians,20.0,12.0,,,
1237181,K Rabada,Delhi Capitals,,,18.0,32.0,1.0
1237181,A Nortje,Delhi Capitals,,,16.0,25.0,2.0
1237181,SA Yadav,Mumbai Indians,19.0,20.0,,,
1237181,P Dubey,Delhi Capitals,,,18.0,29.0,
1237181,Ishan Kishan,Mumbai Indians,33.0,19.0,,,
1237181,HH Pandya,Mumbai Indians,3.0,5.0,,,
1254058,RG Sharma,Mumbai Indians,19.0,15.0,,,
1254058,Mohammed Siraj,Royal Challengers Bengaluru,0.0,1.0,25.0,21.0,
1254058,KA Jamieson,Royal Challengers Bengaluru,4.0,4.0,25.0,26.0,1.0
1254058,CA Lynn,Mumbai Indians,49.0,36.0,,,
1254058,YS Chahal,Royal Challengers Bengaluru,,,24.0,41.0,
1254058,SA Yadav,Mumbai Indians,31.0,23.0,,,
1254058,Shahbaz Ahmed,Royal Challengers Bengaluru,1.0,3.0,6.0,14.0,
1254058,HV Patel,Royal Challengers Bengaluru,4.0,3.0,25.0,26.0,5.0
1254058,DT Christian,Royal Challengers Bengaluru,1.0,3.0,13.0,20.0,
1254058,Ishan Kishan,Mumbai Indians,28.0,20.0,,,
1254058,Washington Sundar,Royal Challengers Bengaluru,10.0,17.0,6.0,7.0,1.0
1254058,HH Pandya,Mumbai Indians,13.0,10.0,,,
1254058,KA Pollard,Mumbai Indians,7.0,9.0,,,
1254058,KH Pandya,Mumbai Indians,7.0,7.0,24.0,25.0,1.0
1254058,M Jansen,Mumbai Indians,0.0,2.0,28.0,24.0,2.0
1254058,JJ Bumrah,Mumbai Indians,1.0,2.0,24.0,26.0,2.0
1254058,TA Boult,Mumbai Indians,,,26.0,30.0,1.0
1254058,V Kohli,Royal Challengers Bengaluru,33.0,29.0,,,
1254058,RM Patidar,Royal Challengers Bengaluru,8.0,9.0,,,
1254058,GJ Maxwell,Royal Challengers Bengaluru,39.0,30.0,,,
1254058,RD Chahar,Mumbai Indians,,,24.0,43.0,
1254058,AB de Villiers,Royal Challengers Bengaluru,48.0,27.0,,,
1254059,RD Gaikwad,Chennai Super Kings,5.0,9.0,,,
1254059,CR Woakes,Delhi Capitals,,,18.0,18.0,2.0
1254059,F du Plessis,Chennai Super Kings,0.0,3.0,,,
1254059,Avesh Khan,Delhi Capitals,,,25.0,22.0,2.0
1254059,MM Ali,Chennai Super Kings,36.0,24.0,19.0,32.0,
1254059,SK Raina,Chennai Super Kings,54.0,36.0,,,
1254059,R Ashwin,Delhi Capitals,,,24.0,47.0,1.0
1254059,TK Curran,Delhi Capitals,,,25.0,39.0,1.0
1254059,A Mishra,Delhi Capitals,,,18.0,27.0,
1254059,AT Rayudu,Chennai Super Kings,23.0,16.0,,,
1254059,MP Stoinis,Delhi Capitals,14.0,10.0,13.0,25.0,
1254059,RA Jadeja,Chennai Super Kings,26.0,17.0,12.0,16.0,
1254059,MS Dhoni,Chennai Super Kings,0.0,2.0,,,
1254059,SM Curran,Chennai Super Kings,34.0,16.0,12.0,24.0,
1254059,PP Shaw,Delhi Capitals,72.0,38.0,,,
1254059,DL Chahar,Chennai Super Kings,,,24.0,36.0,
1254059,S Dhawan,Delhi Capitals,85.0,55.0,,,
1254059,SN Thakur,Chennai Super Kings,,,24.0,51.0,2.0
1254059,DJ Bravo,Chennai Super Kings,,,25.0,27.0,1.0
1254059,RR Pant,Delhi Capitals,15.0,13.0,,,
1254060,N Rana,Kolkata Knight Riders,80.0,56.0,,,
1254060,B Kumar,Sunrisers Hyderabad,,,25.0,44.0,1.0
1254060,Shubman Gill,Kolkata Knight Riders,15.0,13.0,,,
1254060,Sandeep Sharma,Sunrisers Hyderabad,,,18.0,35.0,
1254060,T Natarajan,Sunrisers Hyderabad,,,25.0,36.0,1.0
1254060,Mohammad Nabi,Sunrisers Hyderabad,14.0,13.0,24.0,32.0,2.0
1254060,Rashid Khan,Sunrisers Hyderabad,,,25.0,19.0,2.0
1254060,RA Tripathi,Kolkata Knight Riders,53.0,29.0,,,
1254060,V Shankar,Sunrisers Hyderabad,11.0,7.0,6.0,14.0,
1254060,AD Russell,Kolkata Knight Riders,5.0,6.0,19.0,31.0,1.0
1254060,EJG Morgan,Kolkata Knight Riders,2.0,3.0,,,
1254060,KD Karthik,Kolkata Knight Riders,22.0,10.0,,,
1254060,Shakib Al Hasan,Kolkata Knight Riders,3.0,6.0,24.0,34.0,1.0
1254060,WP Saha,Sunrisers Hyderabad,7.0,6.0,,,
1254060,Harbhajan Singh,Kolkata Knight Riders,,,6.0,8.0,
1254060,DA Warner,Sunrisers Hyderabad,3.0,4.0,,,
1254060,M Prasidh Krishna,Kolkata Knight Riders,,,28.0,31.0,2.0
1254060,MK Pandey,Sunrisers Hyderabad,61.0,46.0,,,
1254060,JM Bairstow,Sunrisers Hyderabad,55.0,41.0,,,
1254060,PJ Cummins,Kolkata Knight Riders,,,24.0,30.0,1.0
1254060,CV Varun,Kolkata Knight Riders,,,24.0,36.0,
1254060,Abdul Samad,Sunrisers Hyderabad,19.0,8.0,,,
1254061,KL Rahul,Punjab Kings,91.0,52.0,,,
1254061,C Sakariya,Rajasthan Royals,,,25.0,30.0,3.0
1254061,MA Agarwal,Punjab Kings,14.0,10.0,,,
1254061,Mustafizur Rahman,Rajasthan Royals,,,28.0,41.0,
1254061,CH Gayle,Punjab Kings,40.0,29.0,,,
1254061,CH Morris,Rajasthan Royals,2.0,4.0,25.0,40.0,2.0
1254061,S Gopal,Rajasthan Royals,,,18.0,40.0,
1254061,BA Stokes,Rajasthan Royals,0.0,3.0,6.0,12.0,
1254061,R Tewatia,Rajasthan Royals,2.0,5.0,12.0,25.0,
1254061,R Parag,Rajasthan Royals,25.0,12.0,6.0,7.0,1.0
1254061,DJ Hooda,Punjab Kings,64.0,28.0,,,
1254061,S Dube,Rajasthan Royals,23.0,15.0,6.0,20.0,
1254061,N Pooran,Punjab Kings,0.0,1.0,,,
1254061,M Shahrukh Khan,Punjab Kings,6.0,4.0,,,
1254061,JA Richardson,Punjab Kings,0.0,2.0,26.0,53.0,1.0
1254061,Mohammed Shami,Punjab Kings,,,26.0,31.0,2.0
1254061,SV Samson,Rajasthan Royals,119.0,66.0,,,
1254061,M Vohra,Rajasthan Royals,12.0,9.0,,,
1254061,Arshdeep Singh,Punjab Kings,,,24.0,35.0,3.0
1254061,JC Buttler,Rajasthan Royals,25.0,13.0,,,
1254061,RP Meredith,Punjab Kings,,,24.0,49.0,1.0
1254061,M Ashwin,Punjab Kings,,,27.0,40.0,
1254062,RG Sharma,Mumbai Indians,43.0,32.0,6.0,9.0,
1254062,Harbhajan Singh,Kolkata Knight Riders,2.0,2.0,13.0,16.0,
1254062,Q de Kock,Mumbai Indians,2.0,6.0,,,
1254062,CV Varun,Kolkata Knight Riders,,,25.0,26.0,1.0
1254062,SA Yadav,Mumbai Indians,56.0,38.0,,,
1254062,Shakib Al Hasan,Kolkata Knight Riders,9.0,9.0,24.0,23.0,1.0
1254062,PJ Cummins,Kolkata Knight Riders,0.0,1.0,24.0,24.0,2.0
1254062,M Prasidh Krishna,Kolkata Knight Riders,,,24.0,42.0,1.0
1254062,Ishan Kishan,Mumbai Indians,1.0,3.0,,,
1254062,HH Pandya,Mumbai Indians,15.0,17.0,,,
1254062,KA Pollard,Mumbai Indians,5.0,8.0,6.0,12.0,
1254062,KH Pandya,Mumbai Indians,15.0,9.0,25.0,11.0,1.0
1254062,AD Russell,Kolkata Knight Riders,9.0,15.0,13.0,14.0,5.0
1254062,M Jansen,Mumbai Indians,0.0,2.0,12.0,17.0,
1254062,RD Chahar,Mumbai Indians,8.0,7.0,24.0,27.0,4.0
1254062,JJ Bumrah,Mumbai Indians,0.0,1.0,25.0,27.0,
1254062,N Rana,Kolkata Knight Riders,57.0,48.0,,,
1254062,TA Boult,Mumbai Indians,,,24.0,27.0,2.0
1254062,Shubman Gill,Kolkata Knight Riders,33.0,24.0,,,
1254062,RA Tripathi,Kolkata Knight Riders,5.0,5.0,,,
1254062,EJG Morgan,Kolkata Knight Riders,7.0,7.0,,,
1254062,KD Karthik,Kolkata Knight Riders,8.0,11.0,,,
1254063,V Kohli,Royal Challengers Bengaluru,33.0,30.0,,,
1254063,B Kumar,Sunrisers Hyderabad,2.0,2.0,25.0,29.0,1.0
1254063,D Padikkal,Royal Challengers Bengaluru,11.0,15.0,,,
1254063,JO Holder,Sunrisers Hyderabad,4.0,5.0,28.0,26.0,3.0
1254063,Shahbaz Ahmed,Royal Challengers Bengaluru,14.0,10.0,12.0,7.0,3.0
1254063,S Nadeem,Sunrisers Hyderabad,0.0,1.0,24.0,36.0,1.0
1254063,T Natarajan,Sunrisers Hyderabad,,,25.0,31.0,1.0
1254063,GJ Maxwell,Royal Challengers Bengaluru,59.0,45.0,,,
1254063,Rashid Khan,Sunrisers Hyderabad,17.0,9.0,25.0,17.0,2.0
1254063,AB de Villiers,Royal Challengers Bengaluru,1.0,5.0,,,
1254063,Washington Sundar,Royal Challengers Bengaluru,8.0,11.0,13.0,13.0,
1254063,DT Christian,Royal Challengers Bengaluru,1.0,2.0,6.0,7.0,
1254063,KA Jamieson,Royal Challengers Bengaluru,12.0,9.0,19.0,29.0,1.0
1254063,WP Saha,Sunrisers Hyderabad,1.0,9.0,,,
1254063,Mohammed Siraj,Royal Challengers Bengaluru,,,25.0,24.0,2.0
1254063,DA Warner,Sunrisers Hyderabad,54.0,39.0,,,
1254063,MK Pandey,Sunrisers Hyderabad,38.0,41.0,,,
1254063,YS Chahal,Royal Challengers Bengaluru,,,25.0,28.0,
1254063,HV Patel,Royal Challengers Bengaluru,,,26.0,23.0,2.0
1254063,JM Bairstow,Sunrisers Hyderabad,12.0,13.0,,,
1254063,V Shankar,Sunrisers Hyderabad,3.0,5.0,,,
1254063,Abdul Samad,Sunrisers Hyderabad,0.0,2.0,,,
1254064,PP Shaw,Delhi Capitals,2.0,5.0,,,
1254064,C Sakariya,Rajasthan Royals,,,24.0,33.0,
1254064,S Dhawan,Delhi Capitals,9.0,11.0,,,
1254064,JD Unadkat,Rajasthan Royals,11.0,7.0,24.0,15.0,3.0
1254064,AM Rahane,Delhi Capitals,8.0,9.0,,,
1254064,RR Pant,Delhi Capitals,51.0,33.0,,,
1254064,CH Morris,Rajasthan Royals,36.0,18.0,19.0,25.0,1.0
1254064,MP Stoinis,Delhi Capitals,0.0,5.0,6.0,15.0,
1254064,Mustafizur Rahman,Rajasthan Royals,,,26.0,27.0,2.0
1254064,Lalit Yadav,Delhi Capitals,20.0,25.0,,,
1254064,R Parag,Rajasthan Royals,2.0,5.0,13.0,15.0,
1254064,R Tewatia,Rajasthan Royals,19.0,18.0,18.0,27.0,
1254064,TK Curran,Delhi Capitals,21.0,16.0,23.0,34.0,
1254064,CR Woakes,Delhi Capitals,15.0,11.0,24.0,22.0,2.0
1254064,R Ashwin,Delhi Capitals,7.0,5.0,18.0,14.0,
1254064,K Rabada,Delhi Capitals,9.0,4.0,24.0,30.0,2.0
1254064,JC Buttler,Rajasthan Royals,2.0,7.0,,,
1254064,M Vohra,Rajasthan Royals,9.0,11.0,,,
1254064,Avesh Khan,Delhi Capitals,,,24.0,32.0,3.0
1254064,SV Samson,Rajasthan Royals,4.0,3.0,,,
1254064,DA Miller,Rajasthan Royals,62.0,43.0,,,
1254064,S Dube,Rajasthan Royals,2.0,7.0,,,
1254065,KL Rahul,Punjab Kings,5.0,7.0,,,
1254065,DL Chahar,Chennai Super Kings,,,25.0,12.0,4.0
1254065,MA Agarwal,Punjab Kings,0.0,2.0,,,
1254065,CH Gayle,Punjab Kings,10.0,10.0,,,
1254065,SM Curran,Chennai Super Kings,5.0,4.0,19.0,11.0,1.0
1254065,DJ Hooda,Punjab Kings,10.0,16.0,,,
1254065,N Pooran,Punjab Kings,0.0,2.0,,,
1254065,M Shahrukh Khan,Punjab Kings,47.0,38.0,,,
1254065,SN Thakur,Chennai Super Kings,,,25.0,34.0,
1254065,JA Richardson,Punjab Kings,15.0,23.0,18.0,21.0,
1254065,RA Jadeja,Chennai Super Kings,,,25.0,18.0,
1254065,MM Ali,Chennai Super Kings,46.0,32.0,18.0,17.0,1.0
1254065,M Ashwin,Punjab Kings,6.0,14.0,19.0,31.0,1.0
1254065,DJ Bravo,Chennai Super Kings,,,12.0,10.0,1.0
1254065,Mohammed Shami,Punjab Kings,9.0,12.0,24.0,21.0,2.0
1254065,RD Gaikwad,Chennai Super Kings,5.0,16.0,,,
1254065,F du Plessis,Chennai Super Kings,36.0,33.0,,,
1254065,Arshdeep Singh,Punjab Kings,,,12.0,7.0,1.0
1254065,RP Meredith,Punjab Kings,,,23.0,20.0,
1254065,SK Raina,Chennai Super Kings,8.0,10.0,,,
1254065,AT Rayudu,Chennai Super Kings,0.0,1.0,,,
1254066,Q de Kock,Mumbai Indians,40.0,40.0,,,
1254066,B Kumar,Sunrisers Hyderabad,1.0,2.0,24.0,45.0,
1254066,RG Sharma,Mumbai Indians,32.0,26.0,,,
1254066,KK Ahmed,Sunrisers Hyderabad,1.0,2.0,26.0,22.0,1.0
1254066,Mujeeb Ur Rahman,Sunrisers Hyderabad,1.0,1.0,26.0,27.0,2.0
1254066,Abhishek Sharma,Sunrisers Hyderabad,2.0,4.0,6.0,5.0,
1254066,V Shankar,Sunrisers Hyderabad,28.0,25.0,18.0,19.0,2.0
1254066,SA Yadav,Mumbai Indians,10.0,6.0,,,
1254066,Rashid Khan,Sunrisers Hyderabad,0.0,1.0,25.0,21.0,
1254066,Ishan Kishan,Mumbai Indians,12.0,21.0,,,
1254066,KA Pollard,Mumbai Indians,35.0,23.0,12.0,10.0,
1254066,HH Pandya,Mumbai Indians,7.0,6.0,,,
1254066,KH Pandya,Mumbai Indians,3.0,3.0,18.0,30.0,1.0
1254066,DA Warner,Sunrisers Hyderabad,36.0,35.0,,,
1254066,TA Boult,Mumbai Indians,,,22.0,28.0,3.0
1254066,JM Bairstow,Sunrisers Hyderabad,43.0,23.0,,,
1254066,JJ Bumrah,Mumbai Indians,,,24.0,14.0,1.0
1254066,AF Milne,Mumbai Indians,,,19.0,32.0,
1254066,MK Pandey,Sunrisers Hyderabad,2.0,7.0,,,
1254066,RD Chahar,Mumbai Indians,,,25.0,18.0,3.0
1254066,Virat Singh,Sunrisers Hyderabad,11.0,12.0,,,
1254066,Abdul Samad,Sunrisers Hyderabad,7.0,8.0,,,
1254067,V Kohli,Royal Challengers Bengaluru,5.0,6.0,,,
1254067,Harbhajan Singh,Kolkata Knight Riders,2.0,2.0,26.0,36.0,
1254067,D Padikkal,Royal Challengers Bengaluru,25.0,29.0,,,
1254067,CV Varun,Kolkata Knight Riders,2.0,3.0,25.0,38.0,2.0
1254067,RM Patidar,Royal Challengers Bengaluru,1.0,2.0,,,
1254067,GJ Maxwell,Royal Challengers Bengaluru,78.0,51.0,12.0,24.0,
1254067,Shakib Al Hasan,Kolkata Knight Riders,26.0,25.0,12.0,24.0,
1254067,PJ Cummins,Kolkata Knight Riders,6.0,2.0,26.0,32.0,1.0
1254067,M Prasidh Krishna,Kolkata Knight Riders,,,25.0,30.0,1.0
1254067,AB de Villiers,Royal Challengers Bengaluru,76.0,36.0,,,
1254067,AD Russell,Kolkata Knight Riders,31.0,21.0,14.0,36.0,
1254067,KA Jamieson,Royal Challengers Bengaluru,11.0,4.0,19.0,40.0,3.0
1254067,N Rana,Kolkata Knight Riders,18.0,11.0,,,
1254067,Mohammed Siraj,Royal Challengers Bengaluru,,,19.0,16.0,
1254067,Shubman Gill,Kolkata Knight Riders,21.0,10.0,,,
1254067,RA Tripathi,Kolkata Knight Riders,25.0,20.0,,,
1254067,YS Chahal,Royal Challengers Bengaluru,,,24.0,34.0,2.0
1254067,Washington Sundar,Royal Challengers Bengaluru,,,25.0,31.0,1.0
1254067,EJG Morgan,Kolkata Knight Riders,29.0,24.0,,,
1254067,KD Karthik,Kolkata Knight Riders,2.0,5.0,,,
1254067,HV Patel,Royal Challengers Bengaluru,,,24.0,17.0,2.0
1254068,KL Rahul,Punjab Kings,61.0,51.0,,,
1254068,CR Woakes,Delhi Capitals,,,25.0,41.0,1.0
1254068,LI Meriwala,Delhi Capitals,,,19.0,31.0,1.0
1254068,MA Agarwal,Punjab Kings,69.0,36.0,,,
1254068,R Ashwin,Delhi Capitals,,,24.0,28.0,
1254068,K Rabada,Delhi Capitals,,,24.0,43.0,1.0
1254068,Lalit Yadav,Delhi Capitals,12.0,6.0,6.0,11.0,
1254068,Avesh Khan,Delhi Capitals,,,24.0,33.0,1.0
1254068,CH Gayle,Punjab Kings,11.0,9.0,,,
1254068,DJ Hooda,Punjab Kings,22.0,13.0,12.0,18.0,
1254068,N Pooran,Punjab Kings,9.0,8.0,,,
1254068,M Shahrukh Khan,Punjab Kings,15.0,5.0,,,
1254068,PP Shaw,Delhi Capitals,32.0,17.0,,,
1254068,Arshdeep Singh,Punjab Kings,,,18.0,22.0,1.0
1254068,S Dhawan,Delhi Capitals,92.0,50.0,,,
1254068,Mohammed Shami,Punjab Kings,,,26.0,51.0,
1254068,Jalaj S Saxena,Punjab Kings,,,18.0,27.0,
1254068,JA Richardson,Punjab Kings,,,25.0,40.0,2.0
1254068,SPD Smith,Delhi Capitals,9.0,12.0,,,
1254068,RP Meredith,Punjab Kings,,,16.0,29.0,1.0
1254068,RR Pant,Delhi Capitals,15.0,17.0,,,
1254068,MP Stoinis,Delhi Capitals,27.0,13.0,,,
1254069,RD Gaikwad,Chennai Super Kings,10.0,13.0,,,
1254069,JD Unadkat,Rajasthan Royals,24.0,20.0,24.0,40.0,
1254069,F du Plessis,Chennai Super Kings,33.0,17.0,,,
1254069,C Sakariya,Rajasthan Royals,,,27.0,33.0,3.0
1254069,Mustafizur Rahman,Rajasthan Royals,0.0,4.0,27.0,34.0,1.0
1254069,MM Ali,Chennai Super Kings,26.0,22.0,18.0,7.0,3.0
1254069,CH Morris,Rajasthan Royals,0.0,2.0,26.0,31.0,2.0
1254069,SK Raina,Chennai Super Kings,18.0,17.0,,,
1254069,R Tewatia,Rajasthan Royals,20.0,15.0,18.0,21.0,1.0
1254069,AT Rayudu,Chennai Super Kings,27.0,19.0,,,
1254069,R Parag,Rajasthan Royals,3.0,7.0,7.0,15.0,
1254069,RA Jadeja,Chennai Super Kings,8.0,7.0,25.0,27.0,2.0
1254069,MS Dhoni,Chennai Super Kings,18.0,17.0,,,
1254069,SM Curran,Chennai Super Kings,13.0,6.0,24.0,24.0,2.0
1254069,DJ Bravo,Chennai Super Kings,20.0,10.0,23.0,23.0,1.0
1254069,SN Thakur,Chennai Super Kings,1.0,1.0,20.0,18.0,1.0
1254069,JC Buttler,Rajasthan Royals,49.0,36.0,,,
1254069,DL Chahar,Chennai Super Kings,,,19.0,31.0,
1254069,M Vohra,Rajasthan Royals,14.0,11.0,,,
1254069,SV Samson,Rajasthan Royals,1.0,5.0,,,
1254069,S Dube,Rajasthan Royals,17.0,24.0,,,
1254069,DA Miller,Rajasthan Royals,2.0,5.0,,,
1254070,RG Sharma,Mumbai Indians,44.0,30.0,,,
1254070,MP Stoinis,Delhi Capitals,,,18.0,20.0,1.0
1254070,Q de Kock,Mumbai Indians,2.0,4.0,,,
1254070,R Ashwin,Delhi Capitals,,,24.0,31.0,
1254070,SA Yadav,Mumbai Indians,24.0,15.0,,,
1254070,K Rabada,Delhi Capitals,,,18.0,25.0,1.0
1254070,A Mishra,Delhi Capitals,,,24.0,24.0,4.0
1254070,Avesh Khan,Delhi Capitals,,,12.0,15.0,2.0
1254070,Lalit Yadav,Delhi Capitals,22.0,26.0,24.0,17.0,1.0
1254070,Ishan Kishan,Mumbai Indians,26.0,28.0,,,
1254070,HH Pandya,Mumbai Indians,0.0,1.0,,,
1254070,KH Pandya,Mumbai Indians,1.0,5.0,12.0,17.0,
1254070,KA Pollard,Mumbai Indians,2.0,5.0,8.0,8.0,1.0
1254070,J Yadav,Mumbai Indians,23.0,22.0,24.0,25.0,1.0
1254070,RD Chahar,Mumbai Indians,6.0,6.0,25.0,28.0,1.0
1254070,JJ Bumrah,Mumbai Indians,3.0,3.0,28.0,27.0,1.0
1254070,TA Boult,Mumbai Indians,1.0,1.0,24.0,23.0,
1254070,PP Shaw,Delhi Capitals,7.0,5.0,,,
1254070,S Dhawan,Delhi Capitals,45.0,42.0,,,
1254070,SPD Smith,Delhi Capitals,33.0,30.0,,,
1254070,RR Pant,Delhi Capitals,7.0,9.0,,,
1254070,SO Hetmyer,Delhi Capitals,14.0,9.0,,,
1254071,KL Rahul,Punjab Kings,4.0,6.0,,,
1254071,Abhishek Sharma,Sunrisers Hyderabad,,,25.0,23.0,2.0
1254071,MA Agarwal,Punjab Kings,22.0,25.0,,,
1254071,B Kumar,Sunrisers Hyderabad,,,18.0,16.0,1.0
1254071,KK Ahmed,Sunrisers Hyderabad,,,24.0,21.0,3.0
1254071,CH Gayle,Punjab Kings,15.0,17.0,,,
1254071,S Kaul,Sunrisers Hyderabad,,,23.0,26.0,1.0
1254071,V Shankar,Sunrisers Hyderabad,,,6.0,6.0,
1254071,DJ Hooda,Punjab Kings,13.0,11.0,24.0,22.0,
1254071,Rashid Khan,Sunrisers Hyderabad,,,24.0,17.0,1.0
1254071,MC Henriques,Punjab Kings,14.0,17.0,6.0,7.0,
1254071,M Shahrukh Khan,Punjab Kings,22.0,18.0,,,
1254071,FA Allen,Punjab Kings,6.0,11.0,25.0,21.0,1.0
1254071,M Ashwin,Punjab Kings,9.0,10.0,25.0,21.0,
1254071,Mohammed Shami,Punjab Kings,3.0,3.0,12.0,16.0,
1254071,Arshdeep Singh,Punjab Kings,1.0,2.0,24.0,29.0,
1254071,DA Warner,Sunrisers Hyderabad,37.0,39.0,,,
1254071,JM Bairstow,Sunrisers Hyderabad,63.0,57.0,,,
1254071,KS Williamson,Sunrisers Hyderabad,16.0,20.0,,,
1254072,RD Gaikwad,Chennai Super Kings,64.0,42.0,,,
1254072,CV Varun,Kolkata Knight Riders,0.0,1.0,24.0,27.0,1.0
1254072,F du Plessis,Chennai Super Kings,95.0,63.0,,,
1254072,PJ Cummins,Kolkata Knight Riders,66.0,37.0,27.0,51.0,
1254072,SP Narine,Kolkata Knight Riders,4.0,3.0,25.0,33.0,1.0
1254072,M Prasidh Krishna,Kolkata Knight Riders,0.0,1.0,27.0,46.0,
1254072,AD Russell,Kolkata Knight Riders,54.0,24.0,14.0,25.0,1.0
1254072,KL Nagarkoti,Kolkata Knight Riders,0.0,2.0,12.0,25.0,
1254072,MM Ali,Chennai Super Kings,25.0,13.0,,,
1254072,MS Dhoni,Chennai Super Kings,17.0,10.0,,,
1254072,RA Jadeja,Chennai Super Kings,6.0,1.0,25.0,32.0,
1254072,N Rana,Kolkata Knight Riders,9.0,13.0,,,
1254072,DL Chahar,Chennai Super Kings,,,24.0,29.0,4.0
1254072,Shubman Gill,Kolkata Knight Riders,0.0,1.0,,,
1254072,RA Tripathi,Kolkata Knight Riders,8.0,9.0,,,
1254072,SM Curran,Chennai Super Kings,,,25.0,57.0,1.0
1254072,EJG Morgan,Kolkata Knight Riders,7.0,8.0,,,
1254072,L Ngidi,Chennai Super Kings,,,25.0,27.0,3.0
1254072,KD Karthik,Kolkata Knight Riders,40.0,24.0,,,
1254072,SN Thakur,Chennai Super Kings,,,24.0,43.0,
1254073,JC Buttler,Rajasthan Royals,8.0,8.0,,,
1254073,Mohammed Siraj,Royal Challengers Bengaluru,,,25.0,26.0,3.0
1254073,M Vohra,Rajasthan Royals,7.0,9.0,,,
1254073,KA Jamieson,Royal Challengers Bengaluru,,,26.0,26.0,1.0
1254073,SV Samson,Rajasthan Royals,21.0,19.0,,,
1254073,DA Miller,Rajasthan Royals,0.0,2.0,,,
1254073,S Dube,Rajasthan Royals,46.0,34.0,,,
1254073,KW Richardson,Royal Challengers Bengaluru,,,19.0,28.0,1.0
1254073,YS Chahal,Royal Challengers Bengaluru,,,13.0,17.0,
1254073,Washington Sundar,Royal Challengers Bengaluru,,,18.0,23.0,1.0
1254073,R Parag,Rajasthan Royals,25.0,16.0,6.0,14.0,
1254073,HV Patel,Royal Challengers Bengaluru,,,27.0,44.0,3.0
1254073,R Tewatia,Rajasthan Royals,40.0,25.0,12.0,23.0,
1254073,CH Morris,Rajasthan Royals,10.0,10.0,18.0,38.0,
1254073,C Sakariya,Rajasthan Royals,0.0,1.0,25.0,34.0,
1254073,S Gopal,Rajasthan Royals,7.0,4.0,18.0,35.0,
1254073,V Kohli,Royal Challengers Bengaluru,72.0,47.0,,,
1254073,D Padikkal,Royal Challengers Bengaluru,101.0,54.0,,,
1254073,Mustafizur Rahman,Rajasthan Royals,,,22.0,29.0,
1254074,Q de Kock,Mumbai Indians,3.0,5.0,,,
1254074,MC Henriques,Punjab Kings,,,18.0,12.0,
1254074,RG Sharma,Mumbai Indians,63.0,52.0,,,
1254074,DJ Hooda,Punjab Kings,,,18.0,15.0,1.0
1254074,Ishan Kishan,Mumbai Indians,6.0,17.0,,,
1254074,Mohammed Shami,Punjab Kings,,,24.0,21.0,2.0
1254074,Ravi Bishnoi,Punjab Kings,,,24.0,21.0,2.0
1254074,FA Allen,Punjab Kings,,,18.0,30.0,
1254074,SA Yadav,Mumbai Indians,33.0,28.0,,,
1254074,Arshdeep Singh,Punjab Kings,,,20.0,26.0,1.0
1254074,KA Pollard,Mumbai Indians,16.0,12.0,6.0,11.0,
1254074,HH Pandya,Mumbai Indians,1.0,5.0,,,
1254074,KH Pandya,Mumbai Indians,3.0,3.0,21.0,28.0,
1254074,KL Rahul,Punjab Kings,60.0,52.0,,,
1254074,TA Boult,Mumbai Indians,,,17.0,29.0,
1254074,MA Agarwal,Punjab Kings,25.0,20.0,,,
1254074,JJ Bumrah,Mumbai Indians,,,18.0,21.0,
1254074,RD Chahar,Mumbai Indians,,,24.0,19.0,1.0
1254074,CH Gayle,Punjab Kings,43.0,38.0,,,
1254074,J Yadav,Mumbai Indians,,,24.0,20.0,
1254075,N Rana,Kolkata Knight Riders,22.0,27.0,,,
1254075,JD Unadkat,Rajasthan Royals,,,24.0,25.0,1.0
1254075,Shubman Gill,Kolkata Knight Riders,11.0,19.0,,,
1254075,C Sakariya,Rajasthan Royals,,,29.0,26.0,1.0
1254075,Mustafizur Rahman,Rajasthan Royals,,,24.0,22.0,1.0
1254075,CH Morris,Rajasthan Royals,,,25.0,22.0,4.0
1254075,RA Tripathi,Kolkata Knight Riders,36.0,26.0,,,
1254075,R Tewatia,Rajasthan Royals,5.0,8.0,18.0,24.0,
1254075,SP Narine,Kolkata Knight Riders,6.0,7.0,25.0,19.0,
1254075,KD Karthik,Kolkata Knight Riders,25.0,24.0,,,
1254075,S Dube,Rajasthan Royals,22.0,19.0,6.0,5.0,
1254075,AD Russell,Kolkata Knight Riders,9.0,10.0,,,
1254075,PJ Cummins,Kolkata Knight Riders,10.0,6.0,24.0,35.0,
1254075,Shivam Mavi,Kolkata Knight Riders,5.0,7.0,27.0,16.0,1.0
1254075,JC Buttler,Rajasthan Royals,5.0,7.0,,,
1254075,YBK Jaiswal,Rajasthan Royals,22.0,17.0,,,
1254075,CV Varun,Kolkata Knight Riders,,,24.0,32.0,2.0
1254075,SV Samson,Rajasthan Royals,42.0,44.0,,,
1254075,M Prasidh Krishna,Kolkata Knight Riders,,,20.0,18.0,1.0
1254075,DA Miller,Rajasthan Royals,24.0,25.0,,,
1254076,RD Gaikwad,Chennai Super Kings,33.0,26.0,,,
1254076,Mohammed Siraj,Royal Challengers Bengaluru,12.0,14.0,24.0,32.0,
1254076,F du Plessis,Chennai Super Kings,50.0,42.0,,,
1254076,KA Jamieson,Royal Challengers Bengaluru,16.0,13.0,19.0,30.0,
1254076,YS Chahal,Royal Challengers Bengaluru,8.0,21.0,18.0,24.0,1.0
1254076,Navdeep Saini,Royal Challengers Bengaluru,2.0,5.0,13.0,26.0,
1254076,HV Patel,Royal Challengers Bengaluru,0.0,9.0,26.0,49.0,3.0
1254076,DT Christian,Royal Challengers Bengaluru,1.0,3.0,13.0,11.0,
1254076,SK Raina,Chennai Super Kings,24.0,18.0,,,
1254076,Washington Sundar,Royal Challengers Bengaluru,7.0,11.0,12.0,13.0,
1254076,RA Jadeja,Chennai Super Kings,62.0,29.0,24.0,13.0,3.0
1254076,AT Rayudu,Chennai Super Kings,14.0,7.0,,,
1254076,MS Dhoni,Chennai Super Kings,2.0,3.0,,,
1254076,V Kohli,Royal Challengers Bengaluru,8.0,8.0,,,
1254076,DL Chahar,Chennai Super Kings,,,14.0,23.0,
1254076,D Padikkal,Royal Challengers Bengaluru,34.0,17.0,,,
1254076,SM Curran,Chennai Super Kings,,,25.0,34.0,1.0
1254076,SN Thakur,Chennai Super Kings,,,24.0,11.0,1.0
1254076,GJ Maxwell,Royal Challengers Bengaluru,22.0,15.0,,,
1254076,AB de Villiers,Royal Challengers Bengaluru,4.0,9.0,,,
1254076,Imran Tahir,Chennai Super Kings,,,26.0,14.0,2.0
1254076,DJ Bravo,Chennai Super Kings,,,12.0,19.0,
1254077,PP Shaw,Delhi Capitals,53.0,40.0,,,
1254077,KK Ahmed,Sunrisers Hyderabad,,,24.0,42.0,
1254077,S Dhawan,Delhi Capitals,28.0,29.0,,,
1254077,Abhishek Sharma,Sunrisers Hyderabad,5.0,7.0,7.0,13.0,
1254077,S Kaul,Sunrisers Hyderabad,,,24.0,31.0,2.0
1254077,J Suchith,Sunrisers Hyderabad,14.0,6.0,24.0,21.0,
1254077,V Shankar,Sunrisers Hyderabad,8.0,7.0,20.0,17.0,
1254077,Rashid Khan,Sunrisers Hyderabad,0.0,1.0,30.0,36.0,1.0
1254077,RR Pant,Delhi Capitals,42.0,31.0,,,
1254077,SPD Smith,Delhi Capitals,34.0,25.0,,,
1254077,SO Hetmyer,Delhi Capitals,1.0,2.0,,,
1254077,MP Stoinis,Delhi Capitals,2.0,2.0,6.0,12.0,
1254077,DA Warner,Sunrisers Hyderabad,8.0,11.0,,,
1254077,K Rabada,Delhi Capitals,,,19.0,24.0,
1254077,JM Bairstow,Sunrisers Hyderabad,38.0,18.0,,,
1254077,R Ashwin,Delhi Capitals,,,25.0,26.0,
1254077,KS Williamson,Sunrisers Hyderabad,70.0,57.0,,,
1254077,AR Patel,Delhi Capitals,,,30.0,32.0,2.0
1254077,Avesh Khan,Delhi Capitals,,,27.0,31.0,3.0
1254077,Virat Singh,Sunrisers Hyderabad,4.0,14.0,,,
1254077,A Mishra,Delhi Capitals,,,24.0,31.0,1.0
1254077,KM Jadhav,Sunrisers Hyderabad,9.0,10.0,,,
1254078,KL Rahul,Punjab Kings,19.0,20.0,,,
1254078,Shivam Mavi,Kolkata Knight Riders,,,25.0,12.0,1.0
1254078,MA Agarwal,Punjab Kings,31.0,36.0,,,
1254078,PJ Cummins,Kolkata Knight Riders,,,19.0,30.0,2.0
1254078,SP Narine,Kolkata Knight Riders,0.0,5.0,24.0,22.0,2.0
1254078,CH Gayle,Punjab Kings,0.0,1.0,,,
1254078,DJ Hooda,Punjab Kings,1.0,5.0,12.0,20.0,1.0
1254078,M Prasidh Krishna,Kolkata Knight Riders,,,26.0,28.0,3.0
1254078,N Pooran,Punjab Kings,19.0,19.0,,,
1254078,AD Russell,Kolkata Knight Riders,10.0,9.0,6.0,2.0,
1254078,CV Varun,Kolkata Knight Riders,,,24.0,24.0,1.0
1254078,MC Henriques,Punjab Kings,2.0,3.0,6.0,5.0,1.0
1254078,M Shahrukh Khan,Punjab Kings,13.0,14.0,,,
1254078,CJ Jordan,Punjab Kings,30.0,18.0,18.0,24.0,
1254078,Ravi Bishnoi,Punjab Kings,1.0,5.0,24.0,19.0,
1254078,Mohammed Shami,Punjab Kings,1.0,2.0,25.0,24.0,1.0
1254078,Arshdeep Singh,Punjab Kings,1.0,1.0,16.0,27.0,1.0
1254078,Shubman Gill,Kolkata Knight Riders,9.0,8.0,,,
1254078,N Rana,Kolkata Knight Riders,0.0,1.0,,,
1254078,RA Tripathi,Kolkata Knight Riders,41.0,32.0,,,
1254078,EJG Morgan,Kolkata Knight Riders,47.0,40.0,,,
1254078,KD Karthik,Kolkata Knight Riders,12.0,6.0,,,
1254079,V Kohli,Royal Challengers Bengaluru,12.0,12.0,,,
1254079,I Sharma,Delhi Capitals,,,24.0,26.0,1.0
1254079,D Padikkal,Royal Challengers Bengaluru,17.0,14.0,,,
1254079,K Rabada,Delhi Capitals,,,24.0,38.0,1.0
1254079,Avesh Khan,Delhi Capitals,,,25.0,23.0,1.0
1254079,GJ Maxwell,Royal Challengers Bengaluru,25.0,20.0,,,
1254079,RM Patidar,Royal Challengers Bengaluru,31.0,22.0,,,
1254079,A Mishra,Delhi Capitals,,,18.0,27.0,1.0
1254079,AR Patel,Delhi Capitals,,,24.0,33.0,1.0
1254079,AB de Villiers,Royal Challengers Bengaluru,75.0,43.0,,,
1254079,Washington Sundar,Royal Challengers Bengaluru,6.0,9.0,24.0,28.0,
1254079,DR Sams,Royal Challengers Bengaluru,3.0,2.0,12.0,15.0,
1254079,MP Stoinis,Delhi Capitals,22.0,17.0,7.0,22.0,
1254079,PP Shaw,Delhi Capitals,21.0,18.0,,,
1254079,S Dhawan,Delhi Capitals,6.0,7.0,,,
1254079,Mohammed Siraj,Royal Challengers Bengaluru,,,24.0,44.0,1.0
1254079,KA Jamieson,Royal Challengers Bengaluru,,,24.0,32.0,1.0
1254079,SPD Smith,Delhi Capitals,4.0,5.0,,,
1254079,RR Pant,Delhi Capitals,58.0,50.0,,,
1254079,HV Patel,Royal Challengers Bengaluru,,,26.0,35.0,2.0
1254079,YS Chahal,Royal Challengers Bengaluru,,,12.0,10.0,
1254079,SO Hetmyer,Delhi Capitals,53.0,25.0,,,
1254080,DA Warner,Sunrisers Hyderabad,57.0,57.0,,,
1254080,DL Chahar,Chennai Super Kings,,,19.0,20.0,
1254080,JM Bairstow,Sunrisers Hyderabad,7.0,6.0,,,
1254080,SM Curran,Chennai Super Kings,,,25.0,29.0,1.0
1254080,MK Pandey,Sunrisers Hyderabad,61.0,49.0,,,
1254080,SN Thakur,Chennai Super Kings,,,25.0,43.0,
1254080,MM Ali,Chennai Super Kings,15.0,9.0,12.0,16.0,
1254080,L Ngidi,Chennai Super Kings,,,26.0,33.0,2.0
1254080,RA Jadeja,Chennai Super Kings,7.0,7.0,19.0,22.0,
1254080,KS Williamson,Sunrisers Hyderabad,26.0,10.0,,,
1254080,KM Jadhav,Sunrisers Hyderabad,12.0,4.0,,,
1254080,RD Gaikwad,Chennai Super Kings,75.0,45.0,,,
1254080,Sandeep Sharma,Sunrisers Hyderabad,,,22.0,23.0,
1254080,F du Plessis,Chennai Super Kings,56.0,38.0,,,
1254080,KK Ahmed,Sunrisers Hyderabad,,,25.0,35.0,
1254080,S Kaul,Sunrisers Hyderabad,,,24.0,32.0,
1254080,J Suchith,Sunrisers Hyderabad,,,18.0,45.0,
1254080,Rashid Khan,Sunrisers Hyderabad,,,25.0,35.0,3.0
1254080,SK Raina,Chennai Super Kings,17.0,15.0,,,
1254081,JC Buttler,Rajasthan Royals,41.0,33.0,,,
1254081,TA Boult,Mumbai Indians,,,24.0,37.0,1.0
1254081,JJ Bumrah,Mumbai Indians,,,24.0,15.0,1.0
1254081,YBK Jaiswal,Rajasthan Royals,32.0,20.0,,,
1254081,J Yadav,Mumbai Indians,,,21.0,34.0,
1254081,NM Coulter-Nile,Mumbai Indians,,,25.0,34.0,
1254081,RD Chahar,Mumbai Indians,,,24.0,33.0,2.0
1254081,SV Samson,Rajasthan Royals,42.0,28.0,,,
1254081,KH Pandya,Mumbai Indians,39.0,28.0,6.0,12.0,
1254081,S Dube,Rajasthan Royals,35.0,32.0,7.0,5.0,
1254081,DA Miller,Rajasthan Royals,7.0,4.0,,,
1254081,R Parag,Rajasthan Royals,8.0,7.0,,,
1254081,RG Sharma,Mumbai Indians,14.0,17.0,,,
1254081,C Sakariya,Rajasthan Royals,,,18.0,18.0,
1254081,Q de Kock,Mumbai Indians,70.0,50.0,,,
1254081,JD Unadkat,Rajasthan Royals,,,24.0,33.0,
1254081,Mustafizur Rahman,Rajasthan Royals,,,21.0,37.0,1.0
1254081,CH Morris,Rajasthan Royals,,,24.0,33.0,2.0
1254081,R Tewatia,Rajasthan Royals,,,19.0,29.0,
1254081,SA Yadav,Mumbai Indians,16.0,10.0,,,
1254081,KA Pollard,Mumbai Indians,16.0,8.0,,,
1254082,N Rana,Kolkata Knight Riders,15.0,12.0,,,
1254082,I Sharma,Delhi Capitals,,,24.0,34.0,
1254082,Shubman Gill,Kolkata Knight Riders,43.0,38.0,,,
1254082,K Rabada,Delhi Capitals,,,25.0,30.0,
1254082,AR Patel,Delhi Capitals,,,24.0,32.0,2.0
1254082,RA Tripathi,Kolkata Knight Riders,19.0,17.0,,,
1254082,Avesh Khan,Delhi Capitals,,,24.0,31.0,1.0
1254082,Lalit Yadav,Delhi Capitals,,,18.0,13.0,2.0
1254082,MP Stoinis,Delhi Capitals,6.0,3.0,6.0,7.0,1.0
1254082,EJG Morgan,Kolkata Knight Riders,0.0,2.0,,,
1254082,SP Narine,Kolkata Knight Riders,0.0,1.0,25.0,35.0,
1254082,AD Russell,Kolkata Knight Riders,45.0,27.0,,,
1254082,KD Karthik,Kolkata Knight Riders,14.0,10.0,,,
1254082,PJ Cummins,Kolkata Knight Riders,11.0,14.0,24.0,24.0,3.0
1254082,PP Shaw,Delhi Capitals,82.0,43.0,,,
1254082,Shivam Mavi,Kolkata Knight Riders,,,7.0,24.0,
1254082,S Dhawan,Delhi Capitals,46.0,49.0,,,
1254082,CV Varun,Kolkata Knight Riders,,,26.0,32.0,
1254082,M Prasidh Krishna,Kolkata Knight Riders,,,22.0,35.0,
1254082,RR Pant,Delhi Capitals,16.0,8.0,,,
1254082,SO Hetmyer,Delhi Capitals,0.0,1.0,,,
1254083,KL Rahul,Punjab Kings,91.0,59.0,,,
1254083,DR Sams,Royal Challengers Bengaluru,3.0,4.0,26.0,22.0,1.0
1254083,P Simran Singh,Punjab Kings,7.0,7.0,,,
1254083,Mohammed Siraj,Royal Challengers Bengaluru,0.0,1.0,19.0,23.0,
1254083,KA Jamieson,Royal Challengers Bengaluru,16.0,11.0,19.0,31.0,2.0
1254083,CH Gayle,Punjab Kings,46.0,25.0,,,
1254083,YS Chahal,Royal Challengers Bengaluru,,,24.0,34.0,1.0
1254083,HV Patel,Royal Challengers Bengaluru,31.0,13.0,24.0,53.0,
1254083,N Pooran,Punjab Kings,0.0,4.0,,,
1254083,DJ Hooda,Punjab Kings,5.0,9.0,6.0,13.0,
1254083,Shahbaz Ahmed,Royal Challengers Bengaluru,8.0,11.0,12.0,11.0,1.0
1254083,M Shahrukh Khan,Punjab Kings,0.0,3.0,,,
1254083,Harpreet Brar,Punjab Kings,25.0,17.0,24.0,19.0,3.0
1254083,V Kohli,Royal Challengers Bengaluru,35.0,34.0,,,
1254083,RP Meredith,Punjab Kings,,,20.0,29.0,1.0
1254083,D Padikkal,Royal Challengers Bengaluru,7.0,6.0,,,
1254083,Mohammed Shami,Punjab Kings,,,22.0,28.0,1.0
1254083,RM Patidar,Royal Challengers Bengaluru,31.0,32.0,,,
1254083,Ravi Bishnoi,Punjab Kings,,,25.0,15.0,2.0
1254083,CJ Jordan,Punjab Kings,,,25.0,30.0,1.0
1254083,GJ Maxwell,Royal Challengers Bengaluru,0.0,1.0,,,
1254083,AB de Villiers,Royal Challengers Bengaluru,3.0,9.0,,,
1254084,RD Gaikwad,Chennai Super Kings,4.0,4.0,,,
1254084,TA Boult,Mumbai Indians,,,25.0,41.0,1.0
1254084,MM Ali,Chennai Super Kings,58.0,36.0,6.0,1.0,1.0
1254084,F du Plessis,Chennai Super Kings,50.0,28.0,,,
1254084,DS Kulkarni,Mumbai Indians,,,26.0,46.0,
1254084,JJ Bumrah,Mumbai Indians,,,27.0,53.0,1.0
1254084,RD Chahar,Mumbai Indians,,,25.0,31.0,
1254084,JDS Neesham,Mumbai Indians,0.0,1.0,12.0,26.0,
1254084,SK Raina,Chennai Super Kings,2.0,4.0,,,
1254084,KA Pollard,Mumbai Indians,87.0,39.0,13.0,11.0,2.0
1254084,RA Jadeja,Chennai Super Kings,22.0,28.0,18.0,29.0,1.0
1254084,AT Rayudu,Chennai Super Kings,72.0,28.0,,,
1254084,Q de Kock,Mumbai Indians,38.0,29.0,,,
1254084,DL Chahar,Chennai Super Kings,,,26.0,35.0,
1254084,RG Sharma,Mumbai Indians,35.0,26.0,,,
1254084,SM Curran,Chennai Super Kings,,,25.0,33.0,3.0
1254084,L Ngidi,Chennai Super Kings,,,24.0,62.0,
1254084,SN Thakur,Chennai Super Kings,,,29.0,51.0,1.0
1254084,SA Yadav,Mumbai Indians,3.0,3.0,,,
1254084,KH Pandya,Mumbai Indians,32.0,23.0,,,
1254084,HH Pandya,Mumbai Indians,16.0,7.0,,,
1254085,JC Buttler,Rajasthan Royals,124.0,69.0,,,
1254085,B Kumar,Sunrisers Hyderabad,14.0,10.0,25.0,36.0,
1254085,YBK Jaiswal,Rajasthan Royals,12.0,13.0,,,
1254085,Sandeep Sharma,Sunrisers Hyderabad,8.0,6.0,27.0,47.0,1.0
1254085,Rashid Khan,Sunrisers Hyderabad,0.0,3.0,24.0,24.0,1.0
1254085,KK Ahmed,Sunrisers Hyderabad,,,24.0,41.0,
1254085,SV Samson,Rajasthan Royals,48.0,35.0,,,
1254085,V Shankar,Sunrisers Hyderabad,8.0,8.0,22.0,37.0,1.0
1254085,Mohammad Nabi,Sunrisers Hyderabad,17.0,5.0,6.0,21.0,
1254085,R Parag,Rajasthan Royals,15.0,8.0,,,
1254085,DA Miller,Rajasthan Royals,7.0,3.0,,,
1254085,MK Pandey,Sunrisers Hyderabad,31.0,21.0,,,
1254085,Kartik Tyagi,Rajasthan Royals,,,25.0,31.0,1.0
1254085,JM Bairstow,Sunrisers Hyderabad,30.0,21.0,,,
1254085,Mustafizur Rahman,Rajasthan Royals,,,26.0,18.0,3.0
1254085,C Sakariya,Rajasthan Royals,,,25.0,37.0,
1254085,CH Morris,Rajasthan Royals,,,27.0,26.0,3.0
1254085,KS Williamson,Sunrisers Hyderabad,20.0,22.0,,,
1254085,R Tewatia,Rajasthan Royals,,,24.0,45.0,1.0
1254085,KM Jadhav,Sunrisers Hyderabad,19.0,21.0,,,
1254085,Abdul Samad,Sunrisers Hyderabad,10.0,10.0,,,
1254086,P Simran Singh,Punjab Kings,12.0,16.0,,,
1254086,I Sharma,Delhi Capitals,,,24.0,37.0,
1254086,MA Agarwal,Punjab Kings,99.0,58.0,,,
1254086,MP Stoinis,Delhi Capitals,,,6.0,6.0,
1254086,K Rabada,Delhi Capitals,,,24.0,36.0,3.0
1254086,CH Gayle,Punjab Kings,13.0,9.0,,,
1254086,Avesh Khan,Delhi Capitals,,,26.0,36.0,1.0
1254086,DJ Malan,Punjab Kings,26.0,26.0,,,
1254086,Lalit Yadav,Delhi Capitals,,,18.0,25.0,
1254086,AR Patel,Delhi Capitals,,,24.0,21.0,1.0
1254086,DJ Hooda,Punjab Kings,1.0,1.0,12.0,11.0,
1254086,M Shahrukh Khan,Punjab Kings,4.0,5.0,,,
1254086,CJ Jordan,Punjab Kings,2.0,3.0,12.0,21.0,1.0
1254086,Harpreet Brar,Punjab Kings,4.0,4.0,18.0,19.0,1.0
1254086,PP Shaw,Delhi Capitals,39.0,22.0,,,
1254086,RP Meredith,Punjab Kings,,,25.0,32.0,1.0
1254086,S Dhawan,Delhi Capitals,69.0,48.0,,,
1254086,Mohammed Shami,Punjab Kings,,,18.0,37.0,
1254086,Ravi Bishnoi,Punjab Kings,,,24.0,42.0,
1254086,SPD Smith,Delhi Capitals,24.0,22.0,,,
1254086,RR Pant,Delhi Capitals,14.0,11.0,,,
1254086,SO Hetmyer,Delhi Capitals,16.0,6.0,,,
1254087,V Kohli,Royal Challengers Bengaluru,5.0,5.0,,,
1254087,CV Varun,Kolkata Knight Riders,,,24.0,13.0,3.0
1254087,D Padikkal,Royal Challengers Bengaluru,22.0,20.0,,,
1254087,M Prasidh Krishna,Kolkata Knight Riders,,,27.0,21.0,1.0
1254087,KS Bharat,Royal Challengers Bengaluru,16.0,19.0,,,
1254087,LH Ferguson,Kolkata Knight Riders,,,25.0,23.0,2.0
1254087,SP Narine,Kolkata Knight Riders,,,24.0,20.0,
1254087,AD Russell,Kolkata Knight Riders,,,18.0,9.0,3.0
1254087,GJ Maxwell,Royal Challengers Bengaluru,10.0,17.0,,,
1254087,AB de Villiers,Royal Challengers Bengaluru,0.0,1.0,,,
1254087,Sachin Baby,Royal Challengers Bengaluru,7.0,17.0,,,
1254087,PWH de Silva,Royal Challengers Bengaluru,0.0,1.0,12.0,20.0,
1254087,KA Jamieson,Royal Challengers Bengaluru,4.0,12.0,15.0,23.0,
1254087,HV Patel,Royal Challengers Bengaluru,12.0,10.0,13.0,12.0,
1254087,Mohammed Siraj,Royal Challengers Bengaluru,8.0,10.0,13.0,11.0,
1254087,YS Chahal,Royal Challengers Bengaluru,2.0,6.0,12.0,23.0,1.0
1254087,Shubman Gill,Kolkata Knight Riders,48.0,37.0,,,
1254087,VR Iyer,Kolkata Knight Riders,41.0,28.0,,,
1254088,RG Sharma,Mumbai Indians,18.0,13.0,,,
1254088,Mohammad Nabi,Sunrisers Hyderabad,3.0,4.0,18.0,33.0,
1254088,Ishan Kishan,Mumbai Indians,84.0,33.0,,,
1254088,S Kaul,Sunrisers Hyderabad,1.0,3.0,24.0,56.0,
1254088,JO Holder,Sunrisers Hyderabad,1.0,2.0,27.0,45.0,4.0
1254088,Umran Malik,Sunrisers Hyderabad,,,25.0,47.0,1.0
1254088,Rashid Khan,Sunrisers Hyderabad,9.0,5.0,24.0,40.0,2.0
1254088,HH Pandya,Mumbai Indians,10.0,9.0,,,
1254088,KA Pollard,Mumbai Indians,13.0,14.0,,,
1254088,SA Yadav,Mumbai Indians,82.0,41.0,,,
1254088,Abhishek Sharma,Sunrisers Hyderabad,33.0,16.0,7.0,3.0,2.0
1254088,JDS Neesham,Mumbai Indians,0.0,1.0,18.0,28.0,2.0
1254088,KH Pandya,Mumbai Indians,9.0,7.0,7.0,15.0,
1254088,NM Coulter-Nile,Mumbai Indians,3.0,3.0,24.0,40.0,2.0
1254088,PP Chawla,Mumbai Indians,0.0,2.0,24.0,38.0,1.0
1254088,JJ Bumrah,Mumbai Indians,5.0,2.0,27.0,32.0,2.0
1254088,JJ Roy,Sunrisers Hyderabad,34.0,22.0,,,
1254088,TA Boult,Mumbai Indians,,,24.0,30.0,1.0
1254088,MK Pandey,Sunrisers Hyderabad,69.0,43.0,,,
1254088,Abdul Samad,Sunrisers Hyderabad,2.0,3.0,,,
1254088,PK Garg,Sunrisers Hyderabad,29.0,21.0,,,
1254088,WP Saha,Sunrisers Hyderabad,2.0,5.0,,,
1254089,RD Gaikwad,Chennai Super Kings,101.0,62.0,,,
1254089,Akash Singh,Rajasthan Royals,,,24.0,39.0,
1254089,F du Plessis,Chennai Super Kings,25.0,19.0,,,
1254089,C Sakariya,Rajasthan Royals,,,26.0,29.0,1.0
1254089,Mustafizur Rahman,Rajasthan Royals,,,25.0,50.0,
1254089,R Tewatia,Rajasthan Royals,,,26.0,37.0,3.0
1254089,SK Raina,Chennai Super Kings,3.0,5.0,,,
1254089,M Markande,Rajasthan Royals,,,18.0,26.0,
1254089,MM Ali,Chennai Super Kings,21.0,18.0,14.0,23.0,
1254089,GD Phillips,Rajasthan Royals,14.0,8.0,6.0,3.0,
1254089,AT Rayudu,Chennai Super Kings,2.0,4.0,,,
1254089,RA Jadeja,Chennai Super Kings,32.0,17.0,6.0,9.0,
1254089,E Lewis,Rajasthan Royals,27.0,12.0,,,
1254089,SM Curran,Chennai Super Kings,,,27.0,52.0,
1254089,YBK Jaiswal,Rajasthan Royals,50.0,21.0,,,
1254089,JR Hazlewood,Chennai Super Kings,,,24.0,54.0,
1254089,SN Thakur,Chennai Super Kings,,,26.0,28.0,2.0
1254089,SV Samson,Rajasthan Royals,28.0,24.0,,,
1254089,KM Asif,Chennai Super Kings,,,14.0,17.0,1.0
1254089,S Dube,Rajasthan Royals,64.0,46.0,,,
1254090,V Kohli,Royal Challengers Bengaluru,25.0,25.0,,,
1254090,AK Markram,Punjab Kings,20.0,14.0,6.0,5.0,
1254090,D Padikkal,Royal Challengers Bengaluru,40.0,40.0,,,
1254090,Mohammed Shami,Punjab Kings,,,24.0,39.0,3.0
1254090,Arshdeep Singh,Punjab Kings,,,22.0,38.0,
1254090,Ravi Bishnoi,Punjab Kings,,,25.0,34.0,
1254090,Harpreet Brar,Punjab Kings,3.0,2.0,24.0,26.0,
1254090,MC Henriques,Punjab Kings,12.0,9.0,24.0,12.0,3.0
1254090,DT Christian,Royal Challengers Bengaluru,0.0,1.0,6.0,11.0,
1254090,GJ Maxwell,Royal Challengers Bengaluru,57.0,35.0,,,
1254090,AB de Villiers,Royal Challengers Bengaluru,23.0,18.0,,,
1254090,Shahbaz Ahmed,Royal Challengers Bengaluru,8.0,4.0,18.0,29.0,1.0
1254090,GHS Garton,Royal Challengers Bengaluru,0.0,1.0,27.0,24.0,1.0
1254090,HV Patel,Royal Challengers Bengaluru,1.0,1.0,24.0,27.0,
1254090,KL Rahul,Punjab Kings,39.0,35.0,,,
1254090,Mohammed Siraj,Royal Challengers Bengaluru,,,25.0,32.0,
1254090,MA Agarwal,Punjab Kings,57.0,46.0,,,
1254090,YS Chahal,Royal Challengers Bengaluru,,,26.0,27.0,3.0
1254090,N Pooran,Punjab Kings,3.0,7.0,,,
1254090,SN Khan,Punjab Kings,0.0,1.0,,,
1254090,M Shahrukh Khan,Punjab Kings,16.0,12.0,,,
1254091,JJ Roy,Sunrisers Hyderabad,2.0,7.0,,,
1254091,DL Chahar,Chennai Super Kings,,,24.0,32.0,
1254091,WP Saha,Sunrisers Hyderabad,44.0,47.0,,,
1254091,JR Hazlewood,Chennai Super Kings,,,24.0,24.0,3.0
1254091,KS Williamson,Sunrisers Hyderabad,11.0,12.0,,,
1254091,SN Thakur,Chennai Super Kings,,,26.0,35.0,1.0
1254091,DJ Bravo,Chennai Super Kings,,,27.0,14.0,2.0
1254091,PK Garg,Sunrisers Hyderabad,7.0,11.0,,,
1254091,RA Jadeja,Chennai Super Kings,,,18.0,14.0,1.0
1254091,MM Ali,Chennai Super Kings,17.0,17.0,6.0,5.0,
1254091,Abhishek Sharma,Sunrisers Hyderabad,18.0,13.0,12.0,9.0,
1254091,Abdul Samad,Sunrisers Hyderabad,18.0,14.0,,,
1254091,JO Holder,Sunrisers Hyderabad,5.0,5.0,24.0,27.0,3.0
1254091,Rashid Khan,Sunrisers Hyderabad,17.0,14.0,25.0,26.0,1.0
1254091,B Kumar,Sunrisers Hyderabad,2.0,2.0,26.0,32.0,
1254091,RD Gaikwad,Chennai Super Kings,45.0,39.0,,,
1254091,Sandeep Sharma,Sunrisers Hyderabad,,,18.0,18.0,
1254091,F du Plessis,Chennai Super Kings,41.0,36.0,,,
1254091,S Kaul,Sunrisers Hyderabad,,,16.0,24.0,
1254091,SK Raina,Chennai Super Kings,2.0,4.0,,,
1254091,AT Rayudu,Chennai Super Kings,17.0,13.0,,,
1254091,MS Dhoni,Chennai Super Kings,14.0,12.0,,,
1254092,SPD Smith,Delhi Capitals,39.0,34.0,,,
1254092,S Sandeep Warrier,Kolkata Knight Riders,,,12.0,15.0,
1254092,S Dhawan,Delhi Capitals,24.0,20.0,,,
1254092,TG Southee,Kolkata Knight Riders,3.0,5.0,25.0,28.0,1.0
1254092,LH Ferguson,Kolkata Knight Riders,,,12.0,10.0,2.0
1254092,CV Varun,Kolkata Knight Riders,,,25.0,23.0,
1254092,SS Iyer,Delhi Capitals,1.0,6.0,,,
1254092,SP Narine,Kolkata Knight Riders,21.0,10.0,24.0,18.0,2.0
1254092,RR Pant,Delhi Capitals,39.0,37.0,,,
1254092,VR Iyer,Kolkata Knight Riders,14.0,16.0,26.0,27.0,2.0
1254092,SO Hetmyer,Delhi Capitals,4.0,5.0,,,
1254092,Lalit Yadav,Delhi Capitals,0.0,3.0,18.0,35.0,1.0
1254092,AR Patel,Delhi Capitals,0.0,7.0,18.0,13.0,
1254092,R Ashwin,Delhi Capitals,9.0,8.0,25.0,23.0,1.0
1254092,Avesh Khan,Delhi Capitals,5.0,3.0,18.0,13.0,3.0
1254092,K Rabada,Delhi Capitals,0.0,1.0,19.0,27.0,1.0
1254092,Shubman Gill,Kolkata Knight Riders,30.0,33.0,,,
1254092,A Nortje,Delhi Capitals,,,15.0,14.0,1.0
1254092,RA Tripathi,Kolkata Knight Riders,9.0,5.0,,,
1254092,N Rana,Kolkata Knight Riders,36.0,28.0,,,
1254092,EJG Morgan,Kolkata Knight Riders,0.0,2.0,,,
1254092,KD Karthik,Kolkata Knight Riders,12.0,14.0,,,
1254093,E Lewis,Rajasthan Royals,24.0,20.0,,,
1254093,TA Boult,Mumbai Indians,,,26.0,22.0,
1254093,YBK Jaiswal,Rajasthan Royals,12.0,9.0,,,
1254093,J Yadav,Mumbai Indians,,,12.0,17.0,
1254093,JJ Bumrah,Mumbai Indians,,,25.0,13.0,2.0
1254093,NM Coulter-Nile,Mumbai Indians,,,24.0,14.0,4.0
1254093,SV Samson,Rajasthan Royals,3.0,7.0,,,
1254093,S Dube,Rajasthan Royals,3.0,8.0,,,
1254093,JDS Neesham,Mumbai Indians,,,24.0,12.0,3.0
1254093,GD Phillips,Rajasthan Royals,4.0,13.0,,,
1254093,KA Pollard,Mumbai Indians,,,12.0,9.0,
1254093,DA Miller,Rajasthan Royals,15.0,23.0,,,
1254093,R Tewatia,Rajasthan Royals,12.0,20.0,,,
1254093,S Gopal,Rajasthan Royals,0.0,1.0,6.0,9.0,
1254093,C Sakariya,Rajasthan Royals,6.0,11.0,20.0,34.0,1.0
1254093,K Yadav,Rajasthan Royals,0.0,4.0,12.0,16.0,
1254093,Mustafizur Rahman,Rajasthan Royals,8.0,7.0,15.0,31.0,1.0
1254093,RG Sharma,Mumbai Indians,22.0,13.0,,,
1254093,Ishan Kishan,Mumbai Indians,50.0,25.0,,,
1254093,SA Yadav,Mumbai Indians,13.0,9.0,,,
1254093,HH Pandya,Mumbai Indians,5.0,6.0,,,
1254094,RD Gaikwad,Chennai Super Kings,12.0,14.0,,,
1254094,Mohammed Shami,Punjab Kings,,,25.0,21.0,1.0
1254094,F du Plessis,Chennai Super Kings,76.0,61.0,,,
1254094,Harpreet Brar,Punjab Kings,,,26.0,19.0,
1254094,Arshdeep Singh,Punjab Kings,,,25.0,34.0,2.0
1254094,MM Ali,Chennai Super Kings,0.0,6.0,,,
1254094,RV Uthappa,Chennai Super Kings,2.0,6.0,,,
1254094,CJ Jordan,Punjab Kings,,,19.0,19.0,2.0
1254094,Ravi Bishnoi,Punjab Kings,,,25.0,24.0,1.0
1254094,AT Rayudu,Chennai Super Kings,4.0,5.0,,,
1254094,MS Dhoni,Chennai Super Kings,12.0,15.0,,,
1254094,RA Jadeja,Chennai Super Kings,15.0,17.0,6.0,9.0,
1254094,MC Henriques,Punjab Kings,3.0,3.0,7.0,8.0,
1254094,DJ Bravo,Chennai Super Kings,4.0,3.0,14.0,30.0,
1254094,KL Rahul,Punjab Kings,98.0,47.0,,,
1254094,DL Chahar,Chennai Super Kings,,,27.0,45.0,1.0
1254094,MA Agarwal,Punjab Kings,12.0,12.0,,,
1254094,JR Hazlewood,Chennai Super Kings,,,18.0,22.0,
1254094,SN Thakur,Chennai Super Kings,,,18.0,28.0,3.0
1254094,SN Khan,Punjab Kings,0.0,3.0,,,
1254094,M Shahrukh Khan,Punjab Kings,8.0,10.0,,,
1254094,AK Markram,Punjab Kings,13.0,8.0,,,
1254095,JJ Roy,Sunrisers Hyderabad,44.0,39.0,,,
1254095,Mohammed Siraj,Royal Challengers Bengaluru,,,19.0,16.0,
1254095,Abhishek Sharma,Sunrisers Hyderabad,13.0,10.0,,,
1254095,GHS Garton,Royal Challengers Bengaluru,2.0,3.0,14.0,27.0,1.0
1254095,KS Williamson,Sunrisers Hyderabad,31.0,31.0,,,
1254095,Shahbaz Ahmed,Royal Challengers Bengaluru,14.0,9.0,24.0,21.0,
1254095,HV Patel,Royal Challengers Bengaluru,,,25.0,32.0,3.0
1254095,YS Chahal,Royal Challengers Bengaluru,,,24.0,27.0,1.0
1254095,PK Garg,Sunrisers Hyderabad,15.0,11.0,,,
1254095,DT Christian,Royal Challengers Bengaluru,1.0,4.0,18.0,14.0,2.0
1254095,Abdul Samad,Sunrisers Hyderabad,1.0,3.0,,,
1254095,JO Holder,Sunrisers Hyderabad,16.0,13.0,26.0,25.0,1.0
1254095,WP Saha,Sunrisers Hyderabad,10.0,8.0,,,
1254095,Rashid Khan,Sunrisers Hyderabad,7.0,9.0,24.0,39.0,1.0
1254095,V Kohli,Royal Challengers Bengaluru,5.0,4.0,,,
1254095,B Kumar,Sunrisers Hyderabad,,,24.0,25.0,1.0
1254095,D Padikkal,Royal Challengers Bengaluru,41.0,53.0,,,
1254095,S Kaul,Sunrisers Hyderabad,,,24.0,24.0,1.0
1254095,KS Bharat,Royal Challengers Bengaluru,12.0,10.0,,,
1254095,Umran Malik,Sunrisers Hyderabad,,,24.0,21.0,1.0
1254095,GJ Maxwell,Royal Challengers Bengaluru,40.0,26.0,,,
1254095,AB de Villiers,Royal Challengers Bengaluru,19.0,13.0,,,
1254096,RG Sharma,Mumbai Indians,33.0,32.0,1.0,4.0,
1254096,N Rana,Kolkata Knight Riders,5.0,2.0,6.0,5.0,
1254096,Q de Kock,Mumbai Indians,55.0,44.0,,,
1254096,CV Varun,Kolkata Knight Riders,,,25.0,21.0,
1254096,SP Narine,Kolkata Knight Riders,,,24.0,20.0,1.0
1254096,LH Ferguson,Kolkata Knight Riders,,,24.0,27.0,2.0
1254096,M Prasidh Krishna,Kolkata Knight Riders,,,30.0,37.0,2.0
1254096,AD Russell,Kolkata Knight Riders,,,19.0,36.0,
1254096,SA Yadav,Mumbai Indians,5.0,10.0,,,
1254096,Ishan Kishan,Mumbai Indians,14.0,13.0,,,
1254096,KA Pollard,Mumbai Indians,21.0,17.0,,,
1254096,KH Pandya,Mumbai Indians,12.0,9.0,18.0,25.0,
1254096,SS Tiwary,Mumbai Indians,5.0,2.0,,,
1254096,AF Milne,Mumbai Indians,1.0,1.0,19.0,28.0,
1254096,Shubman Gill,Kolkata Knight Riders,13.0,9.0,,,
1254096,TA Boult,Mumbai Indians,,,12.0,23.0,
1254096,VR Iyer,Kolkata Knight Riders,53.0,32.0,,,
1254096,JJ Bumrah,Mumbai Indians,,,25.0,38.0,3.0
1254096,RA Tripathi,Kolkata Knight Riders,74.0,42.0,,,
1254096,RD Chahar,Mumbai Indians,,,18.0,34.0,
1254096,EJG Morgan,Kolkata Knight Riders,7.0,8.0,,,
1254097,PP Shaw,Delhi Capitals,10.0,12.0,,,
1254097,Mustafizur Rahman,Rajasthan Royals,,,24.0,22.0,2.0
1254097,S Dhawan,Delhi Capitals,8.0,8.0,,,
1254097,MK Lomror,Rajasthan Royals,19.0,24.0,6.0,5.0,
1254097,C Sakariya,Rajasthan Royals,,,25.0,32.0,2.0
1254097,Kartik Tyagi,Rajasthan Royals,,,29.0,35.0,1.0
1254097,SS Iyer,Delhi Capitals,43.0,34.0,,,
1254097,RR Pant,Delhi Capitals,24.0,24.0,,,
1254097,T Shamsi,Rajasthan Royals,2.0,4.0,24.0,34.0,
1254097,R Tewatia,Rajasthan Royals,9.0,15.0,18.0,17.0,1.0
1254097,SO Hetmyer,Delhi Capitals,28.0,17.0,,,
1254097,Lalit Yadav,Delhi Capitals,14.0,15.0,,,
1254097,AR Patel,Delhi Capitals,12.0,10.0,25.0,26.0,1.0
1254097,R Ashwin,Delhi Capitals,6.0,6.0,25.0,19.0,1.0
1254097,LS Livingstone,Rajasthan Royals,1.0,3.0,,,
1254097,Avesh Khan,Delhi Capitals,,,25.0,28.0,1.0
1254097,YBK Jaiswal,Rajasthan Royals,5.0,4.0,,,
1254097,A Nortje,Delhi Capitals,,,24.0,18.0,2.0
1254097,DA Miller,Rajasthan Royals,7.0,10.0,,,
1254097,SV Samson,Rajasthan Royals,70.0,58.0,,,
1254097,K Rabada,Delhi Capitals,,,26.0,24.0,1.0
1254097,R Parag,Rajasthan Royals,2.0,7.0,,,
1254098,Shubman Gill,Kolkata Knight Riders,9.0,5.0,,,
1254098,DL Chahar,Chennai Super Kings,1.0,1.0,25.0,31.0,
1254098,VR Iyer,Kolkata Knight Riders,18.0,16.0,6.0,5.0,
1254098,SM Curran,Chennai Super Kings,4.0,4.0,27.0,53.0,
1254098,RA Tripathi,Kolkata Knight Riders,45.0,33.0,,,
1254098,JR Hazlewood,Chennai Super Kings,,,26.0,38.0,2.0
1254098,SN Thakur,Chennai Super Kings,3.0,2.0,24.0,20.0,2.0
1254098,EJG Morgan,Kolkata Knight Riders,8.0,14.0,,,
1254098,RA Jadeja,Chennai Super Kings,22.0,8.0,24.0,21.0,1.0
1254098,N Rana,Kolkata Knight Riders,37.0,30.0,,,
1254098,AD Russell,Kolkata Knight Riders,20.0,15.0,19.0,27.0,1.0
1254098,KD Karthik,Kolkata Knight Riders,26.0,12.0,,,
1254098,SP Narine,Kolkata Knight Riders,0.0,1.0,24.0,41.0,3.0
1254098,RD Gaikwad,Chennai Super Kings,40.0,28.0,,,
1254098,M Prasidh Krishna,Kolkata Knight Riders,,,24.0,41.0,1.0
1254098,F du Plessis,Chennai Super Kings,43.0,30.0,,,
1254098,LH Ferguson,Kolkata Knight Riders,,,26.0,31.0,1.0
1254098,CV Varun,Kolkata Knight Riders,,,24.0,22.0,1.0
1254098,MM Ali,Chennai Super Kings,32.0,29.0,,,
1254098,AT Rayudu,Chennai Super Kings,10.0,10.0,,,
1254098,SK Raina,Chennai Super Kings,11.0,7.0,,,
1254098,MS Dhoni,Chennai Super Kings,1.0,4.0,,,
1254099,KL Rahul,Punjab Kings,21.0,23.0,,,
1254099,KH Pandya,Mumbai Indians,,,25.0,23.0,1.0
1254099,Mandeep Singh,Punjab Kings,15.0,14.0,,,
1254099,TA Boult,Mumbai Indians,,,19.0,29.0,
1254099,JJ Bumrah,Mumbai Indians,,,24.0,24.0,2.0
1254099,NM Coulter-Nile,Mumbai Indians,,,24.0,19.0,
1254099,CH Gayle,Punjab Kings,1.0,4.0,,,
1254099,KA Pollard,Mumbai Indians,15.0,8.0,7.0,7.0,2.0
1254099,AK Markram,Punjab Kings,42.0,30.0,19.0,17.0,
1254099,N Pooran,Punjab Kings,2.0,3.0,,,
1254099,DJ Hooda,Punjab Kings,28.0,26.0,,,
1254099,RD Chahar,Mumbai Indians,,,24.0,27.0,1.0
1254099,Harpreet Brar,Punjab Kings,14.0,19.0,6.0,11.0,
1254099,NT Ellis,Punjab Kings,6.0,4.0,18.0,12.0,1.0
1254099,RG Sharma,Mumbai Indians,8.0,10.0,,,
1254099,Q de Kock,Mumbai Indians,27.0,30.0,,,
1254099,Mohammed Shami,Punjab Kings,,,24.0,42.0,1.0
1254099,Arshdeep Singh,Punjab Kings,,,25.0,28.0,
1254099,Ravi Bishnoi,Punjab Kings,,,24.0,25.0,2.0
1254099,SA Yadav,Mumbai Indians,0.0,1.0,,,
1254099,SS Tiwary,Mumbai Indians,45.0,37.0,,,
1254099,HH Pandya,Mumbai Indians,40.0,30.0,,,
1254100,E Lewis,Rajasthan Royals,6.0,4.0,,,
1254100,Sandeep Sharma,Sunrisers Hyderabad,,,18.0,30.0,1.0
1254100,YBK Jaiswal,Rajasthan Royals,36.0,23.0,,,
1254100,B Kumar,Sunrisers Hyderabad,,,25.0,27.0,1.0
1254100,SV Samson,Rajasthan Royals,82.0,59.0,,,
1254100,JO Holder,Sunrisers Hyderabad,,,25.0,26.0,
1254100,S Kaul,Sunrisers Hyderabad,,,24.0,36.0,2.0
1254100,Rashid Khan,Sunrisers Hyderabad,,,25.0,30.0,1.0
1254100,LS Livingstone,Rajasthan Royals,4.0,6.0,,,
1254100,Abhishek Sharma,Sunrisers Hyderabad,21.0,18.0,6.0,8.0,
1254100,MK Lomror,Rajasthan Royals,29.0,29.0,18.0,22.0,1.0
1254100,R Parag,Rajasthan Royals,0.0,1.0,,,
1254100,R Tewatia,Rajasthan Royals,0.0,1.0,20.0,30.0,
1254100,JJ Roy,Sunrisers Hyderabad,60.0,44.0,,,
1254100,JD Unadkat,Rajasthan Royals,,,13.0,19.0,
1254100,WP Saha,Sunrisers Hyderabad,18.0,12.0,,,
1254100,CH Morris,Rajasthan Royals,,,18.0,27.0,
1254100,Mustafizur Rahman,Rajasthan Royals,,,22.0,25.0,1.0
1254100,KS Williamson,Sunrisers Hyderabad,51.0,44.0,,,
1254100,C Sakariya,Rajasthan Royals,,,28.0,27.0,1.0
1254100,PK Garg,Sunrisers Hyderabad,0.0,1.0,,,
1254101,PP Shaw,Delhi Capitals,48.0,33.0,,,
1254101,GJ Maxwell,Royal Challengers Bengaluru,51.0,34.0,20.0,27.0,
1254101,S Dhawan,Delhi Capitals,43.0,35.0,,,
1254101,Mohammed Siraj,Royal Challengers Bengaluru,,,24.0,25.0,2.0
1254101,GHS Garton,Royal Challengers Bengaluru,,,19.0,19.0,
1254101,YS Chahal,Royal Challengers Bengaluru,,,24.0,34.0,1.0
1254101,HV Patel,Royal Challengers Bengaluru,,,27.0,31.0,1.0
1254101,RR Pant,Delhi Capitals,10.0,8.0,,,
1254101,SS Iyer,Delhi Capitals,18.0,19.0,,,
1254101,DT Christian,Royal Challengers Bengaluru,,,12.0,19.0,1.0
1254101,SO Hetmyer,Delhi Capitals,29.0,22.0,,,
1254101,RV Patel,Delhi Capitals,7.0,9.0,20.0,20.0,
1254101,V Kohli,Royal Challengers Bengaluru,4.0,8.0,,,
1254101,A Nortje,Delhi Capitals,,,25.0,23.0,2.0
1254101,D Padikkal,Royal Challengers Bengaluru,0.0,1.0,,,
1254101,Avesh Khan,Delhi Capitals,,,26.0,29.0,
1254101,KS Bharat,Royal Challengers Bengaluru,78.0,56.0,,,
1254101,AB de Villiers,Royal Challengers Bengaluru,26.0,26.0,,,
1254101,AR Patel,Delhi Capitals,,,24.0,39.0,1.0
1254101,K Rabada,Delhi Capitals,,,24.0,37.0,
1254101,R Ashwin,Delhi Capitals,,,6.0,11.0,
1254102,VR Iyer,Kolkata Knight Riders,67.0,50.0,16.0,29.0,1.0
1254102,FA Allen,Punjab Kings,,,24.0,38.0,
1254102,Shubman Gill,Kolkata Knight Riders,7.0,8.0,,,
1254102,Mohammed Shami,Punjab Kings,,,25.0,22.0,1.0
1254102,Arshdeep Singh,Punjab Kings,,,26.0,30.0,3.0
1254102,RA Tripathi,Kolkata Knight Riders,34.0,27.0,,,
1254102,NT Ellis,Punjab Kings,,,25.0,45.0,
1254102,Ravi Bishnoi,Punjab Kings,,,24.0,22.0,2.0
1254102,N Rana,Kolkata Knight Riders,31.0,18.0,6.0,7.0,
1254102,EJG Morgan,Kolkata Knight Riders,2.0,2.0,,,
1254102,KD Karthik,Kolkata Knight Riders,11.0,11.0,,,
1254102,TL Seifert,Kolkata Knight Riders,2.0,5.0,,,
1254102,SP Narine,Kolkata Knight Riders,3.0,3.0,26.0,32.0,1.0
1254102,KL Rahul,Punjab Kings,67.0,56.0,,,
1254102,TG Southee,Kolkata Knight Riders,,,25.0,39.0,
1254102,MA Agarwal,Punjab Kings,40.0,27.0,,,
1254102,Shivam Mavi,Kolkata Knight Riders,,,24.0,31.0,1.0
1254102,CV Varun,Kolkata Knight Riders,,,24.0,24.0,2.0
1254102,N Pooran,Punjab Kings,12.0,7.0,,,
1254102,AK Markram,Punjab Kings,18.0,18.0,,,
1254102,DJ Hooda,Punjab Kings,3.0,4.0,,,
1254102,M Shahrukh Khan,Punjab Kings,22.0,9.0,,,
1254103,E Lewis,Rajasthan Royals,58.0,38.0,,,
1254103,GHS Garton,Royal Challengers Bengaluru,,,19.0,29.0,1.0
1254103,YBK Jaiswal,Rajasthan Royals,31.0,22.0,,,
1254103,Mohammed Siraj,Royal Challengers Bengaluru,,,19.0,17.0,
1254103,GJ Maxwell,Royal Challengers Bengaluru,50.0,32.0,12.0,17.0,
1254103,HV Patel,Royal Challengers Bengaluru,,,25.0,33.0,3.0
1254103,DT Christian,Royal Challengers Bengaluru,,,12.0,21.0,1.0
1254103,SV Samson,Rajasthan Royals,19.0,15.0,,,
1254103,YS Chahal,Royal Challengers Bengaluru,,,24.0,18.0,2.0
1254103,MK Lomror,Rajasthan Royals,3.0,5.0,13.0,12.0,
1254103,LS Livingstone,Rajasthan Royals,6.0,9.0,,,
1254103,Shahbaz Ahmed,Royal Challengers Bengaluru,,,12.0,10.0,2.0
1254103,R Tewatia,Rajasthan Royals,2.0,3.0,18.0,23.0,
1254103,R Parag,Rajasthan Royals,9.0,16.0,1.0,4.0,
1254103,CH Morris,Rajasthan Royals,14.0,12.0,24.0,50.0,
1254103,Kartik Tyagi,Rajasthan Royals,1.0,1.0,14.0,19.0,
1254103,C Sakariya,Rajasthan Royals,2.0,2.0,19.0,17.0,
1254103,V Kohli,Royal Challengers Bengaluru,25.0,20.0,,,
1254103,D Padikkal,Royal Challengers Bengaluru,22.0,19.0,,,
1254103,Mustafizur Rahman,Rajasthan Royals,,,18.0,20.0,2.0
1254103,KS Bharat,Royal Challengers Bengaluru,44.0,35.0,,,
1254103,AB de Villiers,Royal Challengers Bengaluru,4.0,1.0,,,
1254104,RD Gaikwad,Chennai Super Kings,88.0,58.0,,,
1254104,TA Boult,Mumbai Indians,,,24.0,35.0,2.0
1254104,F du Plessis,Chennai Super Kings,0.0,3.0,,,
1254104,MM Ali,Chennai Super Kings,0.0,3.0,18.0,16.0,
1254104,AF Milne,Mumbai Indians,15.0,17.0,24.0,21.0,2.0
1254104,AT Rayudu,Chennai Super Kings,0.0,3.0,,,
1254104,SK Raina,Chennai Super Kings,4.0,6.0,,,
1254104,MS Dhoni,Chennai Super Kings,3.0,5.0,,,
1254104,JJ Bumrah,Mumbai Indians,1.0,2.0,26.0,31.0,2.0
1254104,RA Jadeja,Chennai Super Kings,26.0,37.0,6.0,13.0,
1254104,KA Pollard,Mumbai Indians,15.0,15.0,13.0,14.0,
1254104,RD Chahar,Mumbai Indians,0.0,1.0,24.0,22.0,
1254104,KH Pandya,Mumbai Indians,4.0,5.0,14.0,22.0,
1254104,DJ Bravo,Chennai Super Kings,23.0,9.0,26.0,23.0,3.0
1254104,SN Thakur,Chennai Super Kings,1.0,1.0,26.0,27.0,1.0
1254104,Q de Kock,Mumbai Indians,17.0,12.0,,,
1254104,DL Chahar,Chennai Super Kings,,,24.0,19.0,2.0
1254104,Anmolpreet Singh,Mumbai Indians,16.0,14.0,,,
1254104,JR Hazlewood,Chennai Super Kings,,,24.0,34.0,1.0
1254104,SA Yadav,Mumbai Indians,3.0,7.0,,,
1254104,Ishan Kishan,Mumbai Indians,11.0,10.0,,,
1254104,SS Tiwary,Mumbai Indians,50.0,41.0,,,
1254105,DA Warner,Sunrisers Hyderabad,0.0,3.0,,,
1254105,A Nortje,Delhi Capitals,,,24.0,12.0,2.0
1254105,KS Williamson,Sunrisers Hyderabad,18.0,27.0,,,
1254105,WP Saha,Sunrisers Hyderabad,18.0,17.0,,,
1254105,Avesh Khan,Delhi Capitals,,,27.0,24.0,
1254105,AR Patel,Delhi Capitals,,,24.0,21.0,2.0
1254105,K Rabada,Delhi Capitals,,,25.0,36.0,3.0
1254105,MK Pandey,Sunrisers Hyderabad,17.0,16.0,,,
1254105,MP Stoinis,Delhi Capitals,,,7.0,8.0,
1254105,R Ashwin,Delhi Capitals,,,19.0,20.0,
1254105,Abdul Samad,Sunrisers Hyderabad,28.0,21.0,,,
1254105,KM Jadhav,Sunrisers Hyderabad,3.0,8.0,,,
1254105,JO Holder,Sunrisers Hyderabad,10.0,9.0,24.0,32.0,
1254105,Rashid Khan,Sunrisers Hyderabad,22.0,19.0,25.0,25.0,1.0
1254105,B Kumar,Sunrisers Hyderabad,5.0,5.0,18.0,21.0,
1254105,Sandeep Sharma,Sunrisers Hyderabad,0.0,1.0,18.0,26.0,
1254105,PP Shaw,Delhi Capitals,11.0,8.0,,,
1254105,KK Ahmed,Sunrisers Hyderabad,,,26.0,31.0,1.0
1254105,S Dhawan,Delhi Capitals,42.0,37.0,,,
1254105,SS Iyer,Delhi Capitals,47.0,43.0,,,
1254105,RR Pant,Delhi Capitals,35.0,23.0,,,
1254106,Shubman Gill,Kolkata Knight Riders,56.0,47.0,,,
1254106,JD Unadkat,Rajasthan Royals,6.0,5.0,25.0,34.0,
1254106,VR Iyer,Kolkata Knight Riders,38.0,37.0,,,
1254106,CH Morris,Rajasthan Royals,0.0,2.0,27.0,23.0,1.0
1254106,C Sakariya,Rajasthan Royals,1.0,5.0,24.0,23.0,1.0
1254106,Mustafizur Rahman,Rajasthan Royals,0.0,3.0,25.0,30.0,
1254106,S Dube,Rajasthan Royals,18.0,20.0,12.0,18.0,
1254106,R Tewatia,Rajasthan Royals,44.0,36.0,7.0,10.0,1.0
1254106,N Rana,Kolkata Knight Riders,12.0,5.0,,,
1254106,GD Phillips,Rajasthan Royals,8.0,12.0,7.0,16.0,1.0
1254106,RA Tripathi,Kolkata Knight Riders,21.0,15.0,,,
1254106,KD Karthik,Kolkata Knight Riders,14.0,11.0,,,
1254106,EJG Morgan,Kolkata Knight Riders,13.0,12.0,,,
1254106,YBK Jaiswal,Rajasthan Royals,0.0,3.0,,,
1254106,Shakib Al Hasan,Kolkata Knight Riders,,,6.0,1.0,1.0
1254106,SV Samson,Rajasthan Royals,1.0,4.0,,,
1254106,Shivam Mavi,Kolkata Knight Riders,,,19.0,21.0,4.0
1254106,LS Livingstone,Rajasthan Royals,6.0,6.0,,,
1254106,SP Narine,Kolkata Knight Riders,,,24.0,30.0,
1254106,LH Ferguson,Kolkata Knight Riders,,,24.0,18.0,3.0
1254106,Anuj Rawat,Rajasthan Royals,0.0,1.0,,,
1254106,CV Varun,Kolkata Knight Riders,,,24.0,14.0,1.0
1254107,KL Rahul,Punjab Kings,21.0,21.0,,,
1254107,Sandeep Sharma,Sunrisers Hyderabad,,,24.0,20.0,1.0
1254107,MA Agarwal,Punjab Kings,5.0,6.0,,,
1254107,B Kumar,Sunrisers Hyderabad,3.0,4.0,25.0,33.0,1.0
1254107,JO Holder,Sunrisers Hyderabad,47.0,30.0,25.0,18.0,3.0
1254107,CH Gayle,Punjab Kings,14.0,18.0,,,
1254107,AK Markram,Punjab Kings,27.0,32.0,,,
1254107,KK Ahmed,Sunrisers Hyderabad,,,19.0,21.0,
1254107,Rashid Khan,Sunrisers Hyderabad,3.0,4.0,24.0,17.0,1.0
1254107,N Pooran,Punjab Kings,8.0,4.0,,,
1254107,DJ Hooda,Punjab Kings,13.0,10.0,,,
1254107,Abdul Samad,Sunrisers Hyderabad,1.0,2.0,6.0,9.0,1.0
1254107,Harpreet Brar,Punjab Kings,18.0,19.0,25.0,23.0,
1254107,NT Ellis,Punjab Kings,12.0,13.0,25.0,31.0,
1254107,DA Warner,Sunrisers Hyderabad,2.0,3.0,,,
1254107,Mohammed Shami,Punjab Kings,,,24.0,14.0,2.0
1254107,KS Williamson,Sunrisers Hyderabad,1.0,6.0,,,
1254107,WP Saha,Sunrisers Hyderabad,31.0,39.0,,,
1254107,Arshdeep Singh,Punjab Kings,,,24.0,22.0,1.0
1254107,MK Pandey,Sunrisers Hyderabad,13.0,23.0,,,
1254107,Ravi Bishnoi,Punjab Kings,,,25.0,23.0,3.0
1254107,KM Jadhav,Sunrisers Hyderabad,12.0,12.0,,,
1254108,V Kohli,Royal Challengers Bengaluru,51.0,44.0,,,
1254108,TA Boult,Mumbai Indians,0.0,3.0,25.0,16.0,1.0
1254108,D Padikkal,Royal Challengers Bengaluru,0.0,4.0,,,
1254108,JJ Bumrah,Mumbai Indians,5.0,6.0,26.0,34.0,3.0
1254108,KS Bharat,Royal Challengers Bengaluru,32.0,25.0,,,
1254108,AF Milne,Mumbai Indians,0.0,1.0,25.0,47.0,1.0
1254108,KH Pandya,Mumbai Indians,5.0,12.0,27.0,24.0,
1254108,RD Chahar,Mumbai Indians,0.0,1.0,24.0,33.0,1.0
1254108,GJ Maxwell,Royal Challengers Bengaluru,56.0,39.0,25.0,22.0,2.0
1254108,AB de Villiers,Royal Challengers Bengaluru,11.0,7.0,,,
1254108,Shahbaz Ahmed,Royal Challengers Bengaluru,1.0,3.0,,,
1254108,DT Christian,Royal Challengers Bengaluru,1.0,3.0,12.0,21.0,
1254108,KA Jamieson,Royal Challengers Bengaluru,2.0,2.0,13.0,21.0,
1254108,RG Sharma,Mumbai Indians,43.0,30.0,,,
1254108,Q de Kock,Mumbai Indians,24.0,23.0,,,
1254108,Mohammed Siraj,Royal Challengers Bengaluru,,,18.0,15.0,1.0
1254108,HV Patel,Royal Challengers Bengaluru,,,22.0,14.0,4.0
1254108,YS Chahal,Royal Challengers Bengaluru,,,24.0,11.0,3.0
1254108,Ishan Kishan,Mumbai Indians,9.0,12.0,,,
1254108,SA Yadav,Mumbai Indians,8.0,9.0,,,
1254108,KA Pollard,Mumbai Indians,7.0,10.0,,,
1254108,HH Pandya,Mumbai Indians,3.0,7.0,,,
1254109,JJ Roy,Sunrisers Hyderabad,10.0,13.0,,,
1254109,TG Southee,Kolkata Knight Riders,,,24.0,26.0,2.0
1254109,WP Saha,Sunrisers Hyderabad,0.0,1.0,,,
1254109,KS Williamson,Sunrisers Hyderabad,26.0,21.0,,,
1254109,Shivam Mavi,Kolkata Knight Riders,,,25.0,28.0,2.0
1254109,PK Garg,Sunrisers Hyderabad,21.0,31.0,,,
1254109,CV Varun,Kolkata Knight Riders,,,24.0,26.0,2.0
1254109,Shakib Al Hasan,Kolkata Knight Riders,,,24.0,20.0,1.0
1254109,SP Narine,Kolkata Knight Riders,,,24.0,12.0,
1254109,Abhishek Sharma,Sunrisers Hyderabad,6.0,10.0,,,
1254109,Abdul Samad,Sunrisers Hyderabad,25.0,18.0,,,
1254109,JO Holder,Sunrisers Hyderabad,2.0,9.0,24.0,32.0,2.0
1254109,Rashid Khan,Sunrisers Hyderabad,8.0,6.0,24.0,23.0,1.0
1254109,B Kumar,Sunrisers Hyderabad,7.0,7.0,24.0,20.0,
1254109,S Kaul,Sunrisers Hyderabad,7.0,5.0,22.0,17.0,1.0
1254109,Shubman Gill,Kolkata Knight Riders,57.0,51.0,,,
1254109,VR Iyer,Kolkata Knight Riders,8.0,14.0,,,
1254109,Umran Malik,Sunrisers Hyderabad,,,26.0,25.0,
1254109,RA Tripathi,Kolkata Knight Riders,7.0,6.0,,,
1254109,N Rana,Kolkata Knight Riders,25.0,35.0,,,
1254109,KD Karthik,Kolkata Knight Riders,18.0,12.0,,,
1254109,EJG Morgan,Kolkata Knight Riders,2.0,2.0,,,
1254110,RD Gaikwad,Chennai Super Kings,13.0,15.0,,,
1254110,A Nortje,Delhi Capitals,,,26.0,31.0,1.0
1254110,F du Plessis,Chennai Super Kings,10.0,9.0,,,
1254110,Avesh Khan,Delhi Capitals,,,26.0,33.0,1.0
1254110,AR Patel,Delhi Capitals,5.0,10.0,24.0,18.0,2.0
1254110,RV Uthappa,Chennai Super Kings,19.0,19.0,,,
1254110,K Rabada,Delhi Capitals,4.0,1.0,24.0,21.0,
1254110,MM Ali,Chennai Super Kings,5.0,10.0,18.0,16.0,
1254110,R Ashwin,Delhi Capitals,2.0,3.0,26.0,18.0,1.0
1254110,AT Rayudu,Chennai Super Kings,55.0,44.0,,,
1254110,MS Dhoni,Chennai Super Kings,18.0,27.0,,,
1254110,RA Jadeja,Chennai Super Kings,1.0,2.0,25.0,27.0,2.0
1254110,PP Shaw,Delhi Capitals,18.0,14.0,,,
1254110,DL Chahar,Chennai Super Kings,,,20.0,32.0,1.0
1254110,S Dhawan,Delhi Capitals,39.0,35.0,,,
1254110,JR Hazlewood,Chennai Super Kings,,,24.0,27.0,1.0
1254110,SS Iyer,Delhi Capitals,2.0,7.0,,,
1254110,RR Pant,Delhi Capitals,15.0,13.0,,,
1254110,RV Patel,Delhi Capitals,18.0,20.0,,,
1254110,SN Thakur,Chennai Super Kings,,,24.0,13.0,2.0
1254110,SO Hetmyer,Delhi Capitals,28.0,21.0,,,
1254110,DJ Bravo,Chennai Super Kings,,,13.0,16.0,1.0
1254111,E Lewis,Rajasthan Royals,36.0,22.0,,,
1254111,Mohammed Shami,Punjab Kings,,,24.0,21.0,3.0
1254111,YBK Jaiswal,Rajasthan Royals,49.0,36.0,,,
1254111,IC Porel,Punjab Kings,,,26.0,37.0,1.0
1254111,DJ Hooda,Punjab Kings,0.0,2.0,12.0,37.0,
1254111,Arshdeep Singh,Punjab Kings,,,27.0,29.0,5.0
1254111,SV Samson,Rajasthan Royals,4.0,5.0,,,
1254111,AU Rashid,Punjab Kings,,,18.0,35.0,
1254111,LS Livingstone,Rajasthan Royals,25.0,19.0,,,
1254111,Harpreet Brar,Punjab Kings,,,18.0,17.0,1.0
1254111,MK Lomror,Rajasthan Royals,43.0,18.0,6.0,7.0,
1254111,R Parag,Rajasthan Royals,4.0,5.0,6.0,16.0,
1254111,R Tewatia,Rajasthan Royals,2.0,6.0,19.0,22.0,1.0
1254111,CH Morris,Rajasthan Royals,5.0,5.0,29.0,41.0,
1254111,C Sakariya,Rajasthan Royals,7.0,6.0,19.0,30.0,1.0
1254111,Kartik Tyagi,Rajasthan Royals,1.0,3.0,25.0,28.0,2.0
1254111,KL Rahul,Punjab Kings,49.0,36.0,,,
1254111,Mustafizur Rahman,Rajasthan Royals,,,24.0,30.0,
1254111,MA Agarwal,Punjab Kings,67.0,46.0,,,
1254111,AK Markram,Punjab Kings,26.0,21.0,,,
1254111,N Pooran,Punjab Kings,32.0,22.0,,,
1254111,FA Allen,Punjab Kings,0.0,1.0,,,
1254112,RG Sharma,Mumbai Indians,7.0,11.0,,,
1254112,A Nortje,Delhi Capitals,,,24.0,19.0,1.0
1254112,Q de Kock,Mumbai Indians,19.0,18.0,,,
1254112,Avesh Khan,Delhi Capitals,,,25.0,14.0,3.0
1254112,SA Yadav,Mumbai Indians,33.0,26.0,,,
1254112,R Ashwin,Delhi Capitals,20.0,21.0,26.0,39.0,1.0
1254112,K Rabada,Delhi Capitals,,,26.0,31.0,
1254112,AR Patel,Delhi Capitals,9.0,10.0,25.0,20.0,3.0
1254112,SS Tiwary,Mumbai Indians,15.0,19.0,,,
1254112,KA Pollard,Mumbai Indians,6.0,12.0,8.0,7.0,
1254112,HH Pandya,Mumbai Indians,17.0,18.0,,,
1254112,KH Pandya,Mumbai Indians,13.0,15.0,13.0,18.0,1.0
1254112,NM Coulter-Nile,Mumbai Indians,1.0,2.0,24.0,19.0,1.0
1254112,J Yadav,Mumbai Indians,11.0,4.0,25.0,30.0,1.0
1254112,JJ Bumrah,Mumbai Indians,1.0,1.0,24.0,29.0,1.0
1254112,PP Shaw,Delhi Capitals,6.0,7.0,,,
1254112,TA Boult,Mumbai Indians,,,25.0,23.0,1.0
1254112,S Dhawan,Delhi Capitals,8.0,7.0,,,
1254112,SPD Smith,Delhi Capitals,9.0,8.0,,,
1254112,RR Pant,Delhi Capitals,26.0,22.0,,,
1254112,SS Iyer,Delhi Capitals,33.0,36.0,,,
1254112,SO Hetmyer,Delhi Capitals,15.0,8.0,,,
1254113,V Kohli,Royal Challengers Bengaluru,53.0,42.0,,,
1254113,DL Chahar,Chennai Super Kings,,,24.0,35.0,1.0
1254113,D Padikkal,Royal Challengers Bengaluru,70.0,51.0,,,
1254113,JR Hazlewood,Chennai Super Kings,,,25.0,33.0,
1254113,SN Thakur,Chennai Super Kings,,,24.0,29.0,2.0
1254113,RA Jadeja,Chennai Super Kings,,,24.0,31.0,
1254113,DJ Bravo,Chennai Super Kings,,,25.0,23.0,3.0
1254113,AB de Villiers,Royal Challengers Bengaluru,12.0,11.0,,,
1254113,GJ Maxwell,Royal Challengers Bengaluru,11.0,9.0,12.0,17.0,1.0
1254113,TH David,Royal Challengers Bengaluru,1.0,3.0,,,
1254113,HV Patel,Royal Challengers Bengaluru,3.0,5.0,22.0,22.0,2.0
1254113,PWH de Silva,Royal Challengers Bengaluru,1.0,1.0,24.0,40.0,
1254113,RD Gaikwad,Chennai Super Kings,38.0,26.0,,,
1254113,Mohammed Siraj,Royal Challengers Bengaluru,,,18.0,23.0,
1254113,F du Plessis,Chennai Super Kings,31.0,26.0,,,
1254113,Navdeep Saini,Royal Challengers Bengaluru,,,12.0,25.0,
1254113,YS Chahal,Royal Challengers Bengaluru,,,25.0,25.0,1.0
1254113,MM Ali,Chennai Super Kings,23.0,19.0,,,
1254113,AT Rayudu,Chennai Super Kings,32.0,22.0,,,
1254113,SK Raina,Chennai Super Kings,17.0,11.0,,,
1254113,MS Dhoni,Chennai Super Kings,11.0,9.0,,,
1254114,PP Shaw,Delhi Capitals,60.0,34.0,,,
1254114,DL Chahar,Chennai Super Kings,,,19.0,25.0,
1254114,S Dhawan,Delhi Capitals,7.0,7.0,,,
1254114,JR Hazlewood,Chennai Super Kings,,,24.0,29.0,2.0
1254114,SS Iyer,Delhi Capitals,1.0,8.0,,,
1254114,SN Thakur,Chennai Super Kings,0.0,2.0,20.0,34.0,
1254114,AR Patel,Delhi Capitals,10.0,11.0,18.0,23.0,
1254114,RA Jadeja,Chennai Super Kings,,,18.0,23.0,1.0
1254114,MM Ali,Chennai Super Kings,16.0,12.0,25.0,26.0,1.0
1254114,RR Pant,Delhi Capitals,51.0,38.0,,,
1254114,SO Hetmyer,Delhi Capitals,37.0,27.0,,,
1254114,DJ Bravo,Chennai Super Kings,,,20.0,29.0,1.0
1254114,TK Curran,Delhi Capitals,0.0,1.0,24.0,27.0,3.0
1254114,RD Gaikwad,Chennai Super Kings,70.0,50.0,,,
1254114,A Nortje,Delhi Capitals,,,24.0,31.0,1.0
1254114,F du Plessis,Chennai Super Kings,1.0,2.0,,,
1254114,RV Uthappa,Chennai Super Kings,63.0,45.0,,,
1254114,Avesh Khan,Delhi Capitals,,,25.0,46.0,1.0
1254114,K Rabada,Delhi Capitals,,,18.0,23.0,
1254114,R Ashwin,Delhi Capitals,,,12.0,19.0,
1254114,AT Rayudu,Chennai Super Kings,1.0,3.0,,,
1254114,MS Dhoni,Chennai Super Kings,18.0,7.0,,,
1254115,D Padikkal,Royal Challengers Bengaluru,21.0,19.0,,,
1254115,Shakib Al Hasan,Kolkata Knight Riders,9.0,6.0,24.0,24.0,
1254115,V Kohli,Royal Challengers Bengaluru,39.0,33.0,,,
1254115,Shivam Mavi,Kolkata Knight Riders,,,28.0,32.0,
1254115,CV Varun,Kolkata Knight Riders,,,24.0,20.0,
1254115,LH Ferguson,Kolkata Knight Riders,,,25.0,29.0,2.0
1254115,KS Bharat,Royal Challengers Bengaluru,9.0,16.0,,,
1254115,SP Narine,Kolkata Knight Riders,26.0,17.0,25.0,20.0,4.0
1254115,GJ Maxwell,Royal Challengers Bengaluru,15.0,19.0,18.0,25.0,
1254115,AB de Villiers,Royal Challengers Bengaluru,11.0,9.0,,,
1254115,Shahbaz Ahmed,Royal Challengers Bengaluru,13.0,15.0,,,
1254115,DT Christian,Royal Challengers Bengaluru,9.0,8.0,12.0,27.0,
1254115,HV Patel,Royal Challengers Bengaluru,8.0,7.0,25.0,18.0,2.0
1254115,Shubman Gill,Kolkata Knight Riders,29.0,18.0,,,
1254115,Mohammed Siraj,Royal Challengers Bengaluru,,,24.0,19.0,2.0
1254115,VR Iyer,Kolkata Knight Riders,26.0,30.0,,,
1254115,GHS Garton,Royal Challengers Bengaluru,,,18.0,29.0,
1254115,RA Tripathi,Kolkata Knight Riders,6.0,5.0,,,
1254115,YS Chahal,Royal Challengers Bengaluru,,,24.0,16.0,2.0
1254115,N Rana,Kolkata Knight Riders,23.0,26.0,,,
1254115,KD Karthik,Kolkata Knight Riders,10.0,12.0,,,
1254115,EJG Morgan,Kolkata Knight Riders,5.0,7.0,,,
1254116,PP Shaw,Delhi Capitals,18.0,12.0,,,
1254116,Shakib Al Hasan,Kolkata Knight Riders,0.0,2.0,25.0,26.0,
1254116,S Dhawan,Delhi Capitals,36.0,40.0,,,
1254116,LH Ferguson,Kolkata Knight Riders,,,24.0,26.0,1.0
1254116,SP Narine,Kolkata Knight Riders,0.0,1.0,25.0,26.0,
1254116,CV Varun,Kolkata Knight Riders,,,25.0,25.0,2.0
1254116,MP Stoinis,Delhi Capitals,18.0,24.0,,,
1254116,Shivam Mavi,Kolkata Knight Riders,,,25.0,26.0,1.0
1254116,SS Iyer,Delhi Capitals,30.0,28.0,,,
1254116,RR Pant,Delhi Capitals,6.0,6.0,,,
1254116,SO Hetmyer,Delhi Capitals,17.0,10.0,,,
1254116,AR Patel,Delhi Capitals,4.0,4.0,25.0,31.0,
1254116,Shubman Gill,Kolkata Knight Riders,46.0,48.0,,,
1254116,A Nortje,Delhi Capitals,,,25.0,26.0,2.0
1254116,VR Iyer,Kolkata Knight Riders,55.0,44.0,,,
1254116,R Ashwin,Delhi Capitals,,,24.0,26.0,2.0
1254116,Avesh Khan,Delhi Capitals,,,24.0,22.0,1.0
1254116,K Rabada,Delhi Capitals,,,26.0,21.0,2.0
1254116,N Rana,Kolkata Knight Riders,13.0,12.0,,,
1254116,RA Tripathi,Kolkata Knight Riders,12.0,11.0,,,
1254116,KD Karthik,Kolkata Knight Riders,0.0,3.0,,,
1254116,EJG Morgan,Kolkata Knight Riders,0.0,3.0,,,
1254117,RD Gaikwad,Chennai Super Kings,32.0,27.0,,,
1254117,Shakib Al Hasan,Kolkata Knight Riders,0.0,2.0,18.0,33.0,
1254117,F du Plessis,Chennai Super Kings,86.0,61.0,,,
1254117,Shivam Mavi,Kolkata Knight Riders,20.0,14.0,24.0,32.0,1.0
1254117,LH Ferguson,Kolkata Knight Riders,18.0,13.0,26.0,54.0,
1254117,CV Varun,Kolkata Knight Riders,,,25.0,37.0,
1254117,SP Narine,Kolkata Knight Riders,2.0,3.0,25.0,25.0,2.0
1254117,RV Uthappa,Chennai Super Kings,31.0,16.0,,,
1254117,MM Ali,Chennai Super Kings,37.0,20.0,,,
1254117,VR Iyer,Kolkata Knight Riders,50.0,32.0,6.0,5.0,
1254117,Shubman Gill,Kolkata Knight Riders,51.0,46.0,,,
1254117,DL Chahar,Chennai Super Kings,,,25.0,31.0,1.0
1254117,JR Hazlewood,Chennai Super Kings,,,26.0,27.0,2.0
1254117,SN Thakur,Chennai Super Kings,,,29.0,33.0,3.0
1254117,DJ Bravo,Chennai Super Kings,,,24.0,29.0,1.0
1254117,RA Jadeja,Chennai Super Kings,,,25.0,36.0,2.0
1254117,N Rana,Kolkata Knight Riders,0.0,1.0,,,
1254117,EJG Morgan,Kolkata Knight Riders,4.0,8.0,,,
1254117,KD Karthik,Kolkata Knight Riders,9.0,7.0,,,
1254117,RA Tripathi,Kolkata Knight Riders,2.0,3.0,,,
1304047,RD Gaikwad,Chennai Super Kings,0.0,5.0,,,
1304047,UT Yadav,Kolkata Knight Riders,,,27.0,17.0,2.0
1304047,RV Uthappa,Chennai Super Kings,28.0,23.0,,,
1304047,DP Conway,Chennai Super Kings,3.0,8.0,,,
1304047,Shivam Mavi,Kolkata Knight Riders,,,26.0,33.0,
1304047,AT Rayudu,Chennai Super Kings,15.0,17.0,,,
1304047,CV Varun,Kolkata Knight Riders,,,25.0,22.0,1.0
1304047,SP Narine,Kolkata Knight Riders,,,24.0,15.0,
1304047,RA Jadeja,Chennai Super Kings,26.0,29.0,24.0,25.0,
1304047,S Dube,Chennai Super Kings,3.0,6.0,6.0,11.0,
1304047,AD Russell,Kolkata Knight Riders,,,24.0,38.0,1.0
1304047,MS Dhoni,Chennai Super Kings,50.0,38.0,,,
1304047,AM Rahane,Kolkata Knight Riders,44.0,34.0,,,
1304047,TU Deshpande,Chennai Super Kings,,,18.0,23.0,
1304047,VR Iyer,Kolkata Knight Riders,16.0,16.0,,,
1304047,AF Milne,Chennai Super Kings,,,15.0,19.0,
1304047,MJ Santner,Chennai Super Kings,,,24.0,31.0,1.0
1304047,DJ Bravo,Chennai Super Kings,,,24.0,20.0,3.0
1304047,N Rana,Kolkata Knight Riders,21.0,17.0,,,
1304047,SS Iyer,Kolkata Knight Riders,20.0,19.0,,,
1304047,SW Billings,Kolkata Knight Riders,25.0,22.0,,,
1304047,SP Jackson,Kolkata Knight Riders,3.0,3.0,,,
1304048,RG Sharma,Mumbai Indians,41.0,33.0,,,
1304048,SN Thakur,Delhi Capitals,22.0,11.0,25.0,46.0,
1304048,Ishan Kishan,Mumbai Indians,81.0,48.0,,,
1304048,KK Ahmed,Delhi Capitals,,,24.0,27.0,2.0
1304048,AR Patel,Delhi Capitals,38.0,17.0,24.0,40.0,
1304048,KL Nagarkoti,Delhi Capitals,,,13.0,28.0,
1304048,Kuldeep Yadav,Delhi Capitals,,,24.0,18.0,3.0
1304048,Anmolpreet Singh,Mumbai Indians,8.0,9.0,,,
1304048,Tilak Varma,Mumbai Indians,22.0,15.0,,,
1304048,Lalit Yadav,Delhi Capitals,48.0,42.0,12.0,15.0,
1304048,KA Pollard,Mumbai Indians,3.0,6.0,,,
1304048,TH David,Mumbai Indians,12.0,8.0,,,
1304048,DR Sams,Mumbai Indians,7.0,3.0,26.0,55.0,
1304048,PP Shaw,Delhi Capitals,38.0,24.0,,,
1304048,TL Seifert,Delhi Capitals,21.0,16.0,,,
1304048,JJ Bumrah,Mumbai Indians,,,20.0,43.0,
1304048,Basil Thampi,Mumbai Indians,,,27.0,32.0,3.0
1304048,M Ashwin,Mumbai Indians,,,24.0,14.0,2.0
1304048,Mandeep Singh,Delhi Capitals,0.0,2.0,,,
1304048,RR Pant,Delhi Capitals,1.0,3.0,,,
1304048,TS Mills,Mumbai Indians,,,20.0,24.0,1.0
1304048,R Powell,Delhi Capitals,0.0,2.0,,,
1304049,F du Plessis,Royal Challengers Bengaluru,88.0,61.0,,,
1304049,Sandeep Sharma,Punjab Kings,,,24.0,37.0,
1304049,Anuj Rawat,Royal Challengers Bengaluru,21.0,21.0,,,
1304049,Arshdeep Singh,Punjab Kings,,,27.0,24.0,1.0
1304049,OF Smith,Punjab Kings,25.0,9.0,25.0,51.0,
1304049,RD Chahar,Punjab Kings,,,25.0,21.0,1.0
1304049,Harpreet Brar,Punjab Kings,,,19.0,36.0,
1304049,V Kohli,Royal Challengers Bengaluru,41.0,31.0,,,
1304049,LS Livingstone,Punjab Kings,19.0,12.0,7.0,13.0,
1304049,KD Karthik,Royal Challengers Bengaluru,32.0,14.0,,,
1304049,MA Agarwal,Punjab Kings,32.0,26.0,,,
1304049,DJ Willey,Royal Challengers Bengaluru,,,18.0,28.0,
1304049,S Dhawan,Punjab Kings,43.0,29.0,,,
1304049,Mohammed Siraj,Royal Challengers Bengaluru,,,30.0,45.0,2.0
1304049,Shahbaz Ahmed,Royal Challengers Bengaluru,,,6.0,6.0,
1304049,Akash Deep,Royal Challengers Bengaluru,,,18.0,38.0,1.0
1304049,PWH de Silva,Royal Challengers Bengaluru,,,25.0,38.0,1.0
1304049,PBB Rajapaksa,Punjab Kings,43.0,23.0,,,
1304049,HV Patel,Royal Challengers Bengaluru,,,29.0,31.0,1.0
1304049,RA Bawa,Punjab Kings,0.0,1.0,,,
1304049,M Shahrukh Khan,Punjab Kings,24.0,26.0,,,
1304050,KL Rahul,Lucknow Super Giants,0.0,1.0,,,
1304050,Mohammed Shami,Gujarat Titans,,,24.0,25.0,3.0
1304050,E Lewis,Lucknow Super Giants,10.0,9.0,,,
1304050,Q de Kock,Lucknow Super Giants,7.0,9.0,,,
1304050,VR Aaron,Gujarat Titans,,,27.0,42.0,2.0
1304050,MK Pandey,Lucknow Super Giants,6.0,7.0,,,
1304050,DJ Hooda,Lucknow Super Giants,55.0,41.0,18.0,31.0,1.0
1304050,A Badoni,Lucknow Super Giants,54.0,42.0,,,
1304050,LH Ferguson,Gujarat Titans,,,25.0,23.0,
1304050,HH Pandya,Gujarat Titans,33.0,28.0,24.0,37.0,
1304050,Rashid Khan,Gujarat Titans,,,24.0,27.0,1.0
1304050,KH Pandya,Lucknow Super Giants,21.0,14.0,24.0,17.0,1.0
1304050,PVD Chameera,Lucknow Super Giants,1.0,1.0,19.0,21.0,2.0
1304050,Shubman Gill,Gujarat Titans,0.0,3.0,,,
1304050,V Shankar,Gujarat Titans,4.0,7.0,,,
1304050,MS Wade,Gujarat Titans,30.0,30.0,,,
1304050,Avesh Khan,Lucknow Super Giants,,,22.0,33.0,1.0
1304050,Mohsin Khan,Lucknow Super Giants,,,12.0,18.0,
1304050,Ravi Bishnoi,Lucknow Super Giants,,,26.0,32.0,
1304050,DA Miller,Gujarat Titans,30.0,21.0,,,
1304050,R Tewatia,Gujarat Titans,40.0,25.0,,,
1304050,A Manohar,Gujarat Titans,15.0,7.0,,,
1304051,JC Buttler,Rajasthan Royals,35.0,28.0,,,
1304051,B Kumar,Sunrisers Hyderabad,3.0,4.0,27.0,26.0,1.0
1304051,YBK Jaiswal,Rajasthan Royals,20.0,17.0,,,
1304051,R Shepherd,Sunrisers Hyderabad,24.0,18.0,25.0,32.0,1.0
1304051,Umran Malik,Sunrisers Hyderabad,,,27.0,36.0,2.0
1304051,Washington Sundar,Sunrisers Hyderabad,40.0,16.0,19.0,46.0,
1304051,T Natarajan,Sunrisers Hyderabad,,,26.0,41.0,2.0
1304051,SV Samson,Rajasthan Royals,55.0,29.0,,,
1304051,Abhishek Sharma,Sunrisers Hyderabad,9.0,19.0,6.0,15.0,
1304051,D Padikkal,Rajasthan Royals,41.0,30.0,,,
1304051,SO Hetmyer,Rajasthan Royals,32.0,15.0,,,
1304051,R Parag,Rajasthan Royals,12.0,9.0,6.0,14.0,
1304051,NM Coulter-Nile,Rajasthan Royals,1.0,2.0,20.0,46.0,
1304051,KS Williamson,Sunrisers Hyderabad,2.0,7.0,,,
1304051,TA Boult,Rajasthan Royals,,,27.0,20.0,2.0
1304051,M Prasidh Krishna,Rajasthan Royals,,,24.0,16.0,2.0
1304051,RA Tripathi,Sunrisers Hyderabad,0.0,3.0,,,
1304051,N Pooran,Sunrisers Hyderabad,0.0,10.0,,,
1304051,AK Markram,Sunrisers Hyderabad,57.0,42.0,,,
1304051,R Ashwin,Rajasthan Royals,,,24.0,21.0,
1304051,YS Chahal,Rajasthan Royals,,,24.0,22.0,3.0
1304051,Abdul Samad,Sunrisers Hyderabad,4.0,6.0,,,
1304052,AM Rahane,Kolkata Knight Riders,9.0,10.0,,,
1304052,DJ Willey,Royal Challengers Bengaluru,18.0,30.0,12.0,7.0,
1304052,VR Iyer,Kolkata Knight Riders,10.0,14.0,6.0,10.0,
1304052,Mohammed Siraj,Royal Challengers Bengaluru,,,24.0,25.0,1.0
1304052,Akash Deep,Royal Challengers Bengaluru,,,24.0,44.0,3.0
1304052,SS Iyer,Kolkata Knight Riders,13.0,10.0,,,
1304052,N Rana,Kolkata Knight Riders,10.0,5.0,,,
1304052,SP Narine,Kolkata Knight Riders,12.0,8.0,24.0,12.0,1.0
1304052,PWH de Silva,Royal Challengers Bengaluru,4.0,3.0,24.0,20.0,4.0
1304052,SW Billings,Kolkata Knight Riders,14.0,15.0,,,
1304052,SP Jackson,Kolkata Knight Riders,0.0,1.0,,,
1304052,AD Russell,Kolkata Knight Riders,25.0,19.0,16.0,30.0,
1304052,HV Patel,Royal Challengers Bengaluru,10.0,6.0,24.0,11.0,2.0
1304052,TG Southee,Kolkata Knight Riders,1.0,5.0,26.0,18.0,3.0
1304052,Shahbaz Ahmed,Royal Challengers Bengaluru,27.0,21.0,7.0,15.0,
1304052,UT Yadav,Kolkata Knight Riders,18.0,12.0,24.0,16.0,2.0
1304052,CV Varun,Kolkata Knight Riders,10.0,16.0,25.0,32.0,1.0
1304052,F du Plessis,Royal Challengers Bengaluru,5.0,4.0,,,
1304052,Anuj Rawat,Royal Challengers Bengaluru,0.0,2.0,,,
1304052,V Kohli,Royal Challengers Bengaluru,12.0,7.0,,,
1304052,SE Rutherford,Royal Challengers Bengaluru,28.0,40.0,,,
1304052,KD Karthik,Royal Challengers Bengaluru,14.0,8.0,,,
1304053,RV Uthappa,Chennai Super Kings,50.0,28.0,,,
1304053,Avesh Khan,Lucknow Super Giants,,,24.0,38.0,2.0
1304053,RD Gaikwad,Chennai Super Kings,1.0,4.0,,,
1304053,PVD Chameera,Lucknow Super Giants,,,25.0,48.0,
1304053,AJ Tye,Lucknow Super Giants,,,25.0,39.0,2.0
1304053,MM Ali,Chennai Super Kings,35.0,22.0,6.0,14.0,
1304053,KH Pandya,Lucknow Super Giants,,,19.0,35.0,
1304053,Ravi Bishnoi,Lucknow Super Giants,,,24.0,24.0,2.0
1304053,S Dube,Chennai Super Kings,49.0,32.0,8.0,23.0,
1304053,AT Rayudu,Chennai Super Kings,27.0,20.0,,,
1304053,DJ Hooda,Lucknow Super Giants,13.0,8.0,6.0,12.0,
1304053,RA Jadeja,Chennai Super Kings,17.0,9.0,12.0,21.0,
1304053,MS Dhoni,Chennai Super Kings,16.0,6.0,,,
1304053,D Pretorius,Chennai Super Kings,0.0,1.0,27.0,28.0,2.0
1304053,DJ Bravo,Chennai Super Kings,1.0,1.0,27.0,32.0,1.0
1304053,KL Rahul,Lucknow Super Giants,40.0,26.0,,,
1304053,Mukesh Choudhary,Chennai Super Kings,,,24.0,36.0,
1304053,Q de Kock,Lucknow Super Giants,61.0,48.0,,,
1304053,TU Deshpande,Chennai Super Kings,,,25.0,39.0,1.0
1304053,MK Pandey,Lucknow Super Giants,5.0,8.0,,,
1304053,E Lewis,Lucknow Super Giants,55.0,25.0,,,
1304053,A Badoni,Lucknow Super Giants,19.0,14.0,,,
1304054,MA Agarwal,Punjab Kings,1.0,5.0,,,
1304054,UT Yadav,Kolkata Knight Riders,,,25.0,22.0,4.0
1304054,S Dhawan,Punjab Kings,16.0,17.0,,,
1304054,TG Southee,Kolkata Knight Riders,,,25.0,35.0,2.0
1304054,PBB Rajapaksa,Punjab Kings,31.0,9.0,,,
1304054,Shivam Mavi,Kolkata Knight Riders,,,14.0,37.0,1.0
1304054,LS Livingstone,Punjab Kings,19.0,17.0,3.0,13.0,
1304054,CV Varun,Kolkata Knight Riders,,,26.0,12.0,
1304054,RA Bawa,Punjab Kings,11.0,13.0,,,
1304054,SP Narine,Kolkata Knight Riders,,,26.0,20.0,1.0
1304054,Harpreet Brar,Punjab Kings,14.0,18.0,13.0,19.0,
1304054,M Shahrukh Khan,Punjab Kings,0.0,5.0,,,
1304054,OF Smith,Punjab Kings,9.0,15.0,13.0,38.0,1.0
1304054,RD Chahar,Punjab Kings,0.0,2.0,25.0,12.0,2.0
1304054,K Rabada,Punjab Kings,25.0,16.0,19.0,22.0,1.0
1304054,AD Russell,Kolkata Knight Riders,70.0,33.0,2.0,0.0,1.0
1304054,Arshdeep Singh,Punjab Kings,0.0,1.0,19.0,31.0,
1304054,AM Rahane,Kolkata Knight Riders,12.0,12.0,,,
1304054,VR Iyer,Kolkata Knight Riders,3.0,7.0,,,
1304054,SS Iyer,Kolkata Knight Riders,26.0,15.0,,,
1304054,SW Billings,Kolkata Knight Riders,24.0,23.0,,,
1304054,N Rana,Kolkata Knight Riders,0.0,2.0,,,
1304055,JC Buttler,Rajasthan Royals,100.0,71.0,,,
1304055,JJ Bumrah,Mumbai Indians,0.0,1.0,24.0,17.0,3.0
1304055,YBK Jaiswal,Rajasthan Royals,1.0,2.0,,,
1304055,DR Sams,Mumbai Indians,0.0,1.0,26.0,30.0,
1304055,D Padikkal,Rajasthan Royals,7.0,7.0,,,
1304055,Basil Thampi,Mumbai Indians,,,6.0,26.0,
1304055,M Ashwin,Mumbai Indians,6.0,8.0,21.0,29.0,
1304055,TS Mills,Mumbai Indians,,,24.0,35.0,3.0
1304055,KA Pollard,Mumbai Indians,22.0,29.0,25.0,45.0,1.0
1304055,SV Samson,Rajasthan Royals,30.0,21.0,,,
1304055,SO Hetmyer,Rajasthan Royals,35.0,17.0,,,
1304055,R Parag,Rajasthan Royals,5.0,4.0,6.0,11.0,
1304055,R Ashwin,Rajasthan Royals,1.0,1.0,24.0,30.0,1.0
1304055,Navdeep Saini,Rajasthan Royals,2.0,2.0,20.0,34.0,2.0
1304055,TA Boult,Rajasthan Royals,1.0,1.0,25.0,28.0,1.0
1304055,Ishan Kishan,Mumbai Indians,54.0,44.0,,,
1304055,RG Sharma,Mumbai Indians,10.0,6.0,,,
1304055,M Prasidh Krishna,Rajasthan Royals,,,30.0,31.0,1.0
1304055,Anmolpreet Singh,Mumbai Indians,5.0,4.0,,,
1304055,Tilak Varma,Mumbai Indians,61.0,34.0,,,
1304055,YS Chahal,Rajasthan Royals,,,25.0,25.0,2.0
1304055,TH David,Mumbai Indians,1.0,3.0,,,
1304056,MS Wade,Gujarat Titans,1.0,2.0,,,
1304056,Mustafizur Rahman,Delhi Capitals,3.0,5.0,25.0,22.0,3.0
1304056,Shubman Gill,Gujarat Titans,84.0,48.0,,,
1304056,V Shankar,Gujarat Titans,13.0,20.0,7.0,13.0,
1304056,SN Thakur,Delhi Capitals,2.0,6.0,27.0,39.0,
1304056,KK Ahmed,Delhi Capitals,0.0,1.0,24.0,34.0,2.0
1304056,AR Patel,Delhi Capitals,8.0,4.0,24.0,37.0,
1304056,Kuldeep Yadav,Delhi Capitals,14.0,14.0,24.0,32.0,1.0
1304056,HH Pandya,Gujarat Titans,31.0,27.0,24.0,22.0,1.0
1304056,DA Miller,Gujarat Titans,20.0,15.0,,,
1304056,R Tewatia,Gujarat Titans,14.0,9.0,12.0,22.0,
1304056,A Manohar,Gujarat Titans,1.0,2.0,,,
1304056,Rashid Khan,Gujarat Titans,0.0,1.0,25.0,25.0,1.0
1304056,PP Shaw,Delhi Capitals,10.0,7.0,,,
1304056,Mohammed Shami,Gujarat Titans,,,24.0,30.0,2.0
1304056,TL Seifert,Delhi Capitals,3.0,5.0,,,
1304056,Mandeep Singh,Delhi Capitals,18.0,17.0,,,
1304056,LH Ferguson,Gujarat Titans,,,25.0,27.0,4.0
1304056,RR Pant,Delhi Capitals,43.0,30.0,,,
1304056,Lalit Yadav,Delhi Capitals,25.0,22.0,,,
1304056,VR Aaron,Gujarat Titans,,,6.0,7.0,
1304056,R Powell,Delhi Capitals,20.0,12.0,,,
1304057,MA Agarwal,Punjab Kings,4.0,2.0,,,
1304057,Mukesh Choudhary,Chennai Super Kings,2.0,2.0,27.0,49.0,1.0
1304057,PBB Rajapaksa,Punjab Kings,9.0,6.0,,,
1304057,S Dhawan,Punjab Kings,33.0,27.0,,,
1304057,CJ Jordan,Chennai Super Kings,5.0,5.0,25.0,22.0,2.0
1304057,LS Livingstone,Punjab Kings,60.0,35.0,19.0,24.0,2.0
1304057,DJ Bravo,Chennai Super Kings,0.0,1.0,20.0,30.0,1.0
1304057,RA Jadeja,Chennai Super Kings,0.0,3.0,27.0,31.0,1.0
1304057,D Pretorius,Chennai Super Kings,8.0,4.0,28.0,26.0,2.0
1304057,JM Sharma,Punjab Kings,26.0,18.0,,,
1304057,M Shahrukh Khan,Punjab Kings,6.0,12.0,,,
1304057,MM Ali,Chennai Super Kings,0.0,2.0,6.0,8.0,
1304057,OF Smith,Punjab Kings,3.0,9.0,12.0,14.0,1.0
1304057,K Rabada,Punjab Kings,12.0,14.0,20.0,26.0,1.0
1304057,RD Chahar,Punjab Kings,12.0,8.0,24.0,25.0,3.0
1304057,VG Arora,Punjab Kings,1.0,2.0,25.0,20.0,2.0
1304057,RV Uthappa,Chennai Super Kings,13.0,10.0,,,
1304057,RD Gaikwad,Chennai Super Kings,1.0,4.0,,,
1304057,AT Rayudu,Chennai Super Kings,13.0,22.0,,,
1304057,Arshdeep Singh,Punjab Kings,,,12.0,13.0,1.0
1304057,S Dube,Chennai Super Kings,57.0,30.0,,,
1304057,MS Dhoni,Chennai Super Kings,23.0,29.0,,,
1304058,KL Rahul,Lucknow Super Giants,68.0,50.0,,,
1304058,B Kumar,Sunrisers Hyderabad,1.0,2.0,24.0,25.0,
1304058,Q de Kock,Lucknow Super Giants,1.0,4.0,,,
1304058,Washington Sundar,Sunrisers Hyderabad,18.0,14.0,24.0,28.0,2.0
1304058,E Lewis,Lucknow Super Giants,1.0,5.0,,,
1304058,MK Pandey,Lucknow Super Giants,11.0,10.0,,,
1304058,R Shepherd,Sunrisers Hyderabad,8.0,10.0,25.0,39.0,2.0
1304058,DJ Hooda,Lucknow Super Giants,51.0,33.0,,,
1304058,Umran Malik,Sunrisers Hyderabad,1.0,1.0,18.0,39.0,
1304058,Abdul Samad,Sunrisers Hyderabad,0.0,1.0,6.0,8.0,
1304058,T Natarajan,Sunrisers Hyderabad,,,24.0,26.0,2.0
1304058,A Badoni,Lucknow Super Giants,19.0,13.0,,,
1304058,KH Pandya,Lucknow Super Giants,6.0,3.0,24.0,27.0,2.0
1304058,JO Holder,Lucknow Super Giants,8.0,3.0,26.0,32.0,3.0
1304058,Abhishek Sharma,Sunrisers Hyderabad,13.0,12.0,,,
1304058,KS Williamson,Sunrisers Hyderabad,16.0,16.0,,,
1304058,Avesh Khan,Lucknow Super Giants,,,25.0,23.0,4.0
1304058,RA Tripathi,Sunrisers Hyderabad,44.0,30.0,,,
1304058,AJ Tye,Lucknow Super Giants,,,25.0,38.0,
1304058,AK Markram,Sunrisers Hyderabad,12.0,14.0,,,
1304058,Ravi Bishnoi,Lucknow Super Giants,,,26.0,27.0,
1304058,N Pooran,Sunrisers Hyderabad,34.0,26.0,,,
1304059,JC Buttler,Rajasthan Royals,70.0,49.0,,,
1304059,Mohammed Siraj,Royal Challengers Bengaluru,,,26.0,41.0,
1304059,YBK Jaiswal,Rajasthan Royals,4.0,6.0,1.0,6.0,
1304059,DJ Willey,Royal Challengers Bengaluru,0.0,2.0,24.0,29.0,1.0
1304059,D Padikkal,Rajasthan Royals,37.0,30.0,,,
1304059,Akash Deep,Royal Challengers Bengaluru,,,25.0,43.0,
1304059,PWH de Silva,Royal Challengers Bengaluru,,,24.0,32.0,1.0
1304059,HV Patel,Royal Challengers Bengaluru,9.0,4.0,26.0,16.0,1.0
1304059,SV Samson,Rajasthan Royals,8.0,8.0,,,
1304059,SO Hetmyer,Rajasthan Royals,42.0,32.0,,,
1304059,F du Plessis,Royal Challengers Bengaluru,29.0,20.0,,,
1304059,TA Boult,Rajasthan Royals,,,24.0,34.0,2.0
1304059,Anuj Rawat,Royal Challengers Bengaluru,26.0,26.0,,,
1304059,M Prasidh Krishna,Rajasthan Royals,,,26.0,38.0,
1304059,R Ashwin,Rajasthan Royals,,,28.0,35.0,
1304059,YS Chahal,Rajasthan Royals,,,24.0,15.0,2.0
1304059,Navdeep Saini,Rajasthan Royals,,,19.0,35.0,1.0
1304059,V Kohli,Royal Challengers Bengaluru,5.0,6.0,,,
1304059,Shahbaz Ahmed,Royal Challengers Bengaluru,45.0,28.0,,,
1304059,SE Rutherford,Royal Challengers Bengaluru,5.0,12.0,,,
1304059,KD Karthik,Royal Challengers Bengaluru,44.0,24.0,,,
1304060,RG Sharma,Mumbai Indians,3.0,12.0,,,
1304060,UT Yadav,Kolkata Knight Riders,,,24.0,25.0,1.0
1304060,Ishan Kishan,Mumbai Indians,14.0,21.0,,,
1304060,Rasikh Salam,Kolkata Knight Riders,,,18.0,18.0,
1304060,D Brevis,Mumbai Indians,29.0,19.0,,,
1304060,PJ Cummins,Kolkata Knight Riders,56.0,15.0,25.0,48.0,2.0
1304060,SP Narine,Kolkata Knight Riders,,,24.0,26.0,
1304060,CV Varun,Kolkata Knight Riders,,,24.0,32.0,1.0
1304060,SA Yadav,Mumbai Indians,52.0,36.0,,,
1304060,Tilak Varma,Mumbai Indians,38.0,27.0,6.0,6.0,
1304060,AD Russell,Kolkata Knight Riders,11.0,5.0,6.0,9.0,
1304060,KA Pollard,Mumbai Indians,22.0,6.0,,,
1304060,AM Rahane,Kolkata Knight Riders,7.0,11.0,,,
1304060,Basil Thampi,Mumbai Indians,,,18.0,15.0,
1304060,VR Iyer,Kolkata Knight Riders,50.0,41.0,,,
1304060,DR Sams,Mumbai Indians,,,19.0,49.0,1.0
1304060,JJ Bumrah,Mumbai Indians,,,18.0,26.0,
1304060,TS Mills,Mumbai Indians,,,18.0,38.0,2.0
1304060,SS Iyer,Kolkata Knight Riders,10.0,6.0,,,
1304060,SW Billings,Kolkata Knight Riders,17.0,12.0,,,
1304060,M Ashwin,Mumbai Indians,,,18.0,25.0,2.0
1304060,N Rana,Kolkata Knight Riders,8.0,7.0,,,
1304061,PP Shaw,Delhi Capitals,61.0,36.0,,,
1304061,JO Holder,Lucknow Super Giants,,,27.0,27.0,
1304061,DA Warner,Delhi Capitals,4.0,12.0,,,
1304061,K Gowtham,Lucknow Super Giants,,,24.0,23.0,1.0
1304061,Avesh Khan,Lucknow Super Giants,,,18.0,32.0,
1304061,Ravi Bishnoi,Lucknow Super Giants,,,24.0,22.0,2.0
1304061,AJ Tye,Lucknow Super Giants,,,19.0,27.0,
1304061,KH Pandya,Lucknow Super Giants,19.0,14.0,12.0,12.0,
1304061,R Powell,Delhi Capitals,3.0,10.0,,,
1304061,RR Pant,Delhi Capitals,39.0,37.0,,,
1304061,SN Khan,Delhi Capitals,36.0,29.0,,,
1304061,KL Rahul,Lucknow Super Giants,24.0,25.0,,,
1304061,Mustafizur Rahman,Delhi Capitals,,,26.0,24.0,
1304061,Q de Kock,Lucknow Super Giants,80.0,54.0,,,
1304061,Lalit Yadav,Delhi Capitals,,,24.0,21.0,1.0
1304061,SN Thakur,Delhi Capitals,,,22.0,29.0,1.0
1304061,A Nortje,Delhi Capitals,,,16.0,33.0,
1304061,AR Patel,Delhi Capitals,,,12.0,11.0,
1304061,Kuldeep Yadav,Delhi Capitals,,,22.0,31.0,2.0
1304061,E Lewis,Lucknow Super Giants,5.0,13.0,,,
1304061,DJ Hooda,Lucknow Super Giants,11.0,13.0,,,
1304061,A Badoni,Lucknow Super Giants,10.0,3.0,,,
1304062,MA Agarwal,Punjab Kings,5.0,9.0,,,
1304062,Mohammed Shami,Gujarat Titans,,,24.0,36.0,1.0
1304062,HH Pandya,Gujarat Titans,27.0,18.0,25.0,35.0,1.0
1304062,S Dhawan,Punjab Kings,35.0,30.0,,,
1304062,JM Bairstow,Punjab Kings,8.0,8.0,,,
1304062,LH Ferguson,Gujarat Titans,,,25.0,32.0,1.0
1304062,LS Livingstone,Punjab Kings,64.0,29.0,6.0,12.0,
1304062,Rashid Khan,Gujarat Titans,,,24.0,22.0,3.0
1304062,DG Nalkande,Gujarat Titans,,,19.0,36.0,2.0
1304062,JM Sharma,Punjab Kings,23.0,11.0,,,
1304062,R Tewatia,Gujarat Titans,13.0,3.0,6.0,24.0,
1304062,OF Smith,Punjab Kings,0.0,1.0,19.0,34.0,
1304062,M Shahrukh Khan,Punjab Kings,15.0,8.0,,,
1304062,K Rabada,Punjab Kings,1.0,1.0,25.0,34.0,2.0
1304062,RD Chahar,Punjab Kings,22.0,14.0,25.0,39.0,1.0
1304062,VG Arora,Punjab Kings,2.0,7.0,24.0,34.0,
1304062,Arshdeep Singh,Punjab Kings,10.0,5.0,25.0,30.0,
1304062,MS Wade,Gujarat Titans,6.0,7.0,,,
1304062,Shubman Gill,Gujarat Titans,96.0,61.0,,,
1304062,B Sai Sudharsan,Gujarat Titans,35.0,30.0,,,
1304062,DA Miller,Gujarat Titans,6.0,5.0,,,
1304063,RV Uthappa,Chennai Super Kings,15.0,11.0,,,
1304063,B Kumar,Sunrisers Hyderabad,,,28.0,32.0,1.0
1304063,RD Gaikwad,Chennai Super Kings,16.0,13.0,,,
1304063,M Jansen,Sunrisers Hyderabad,,,24.0,30.0,1.0
1304063,Washington Sundar,Sunrisers Hyderabad,,,24.0,21.0,2.0
1304063,MM Ali,Chennai Super Kings,48.0,35.0,6.0,10.0,
1304063,T Natarajan,Sunrisers Hyderabad,,,25.0,29.0,2.0
1304063,AT Rayudu,Chennai Super Kings,27.0,27.0,,,
1304063,Umran Malik,Sunrisers Hyderabad,,,18.0,29.0,
1304063,S Dube,Chennai Super Kings,3.0,5.0,,,
1304063,AK Markram,Sunrisers Hyderabad,,,6.0,8.0,1.0
1304063,RA Jadeja,Chennai Super Kings,23.0,18.0,18.0,21.0,
1304063,MS Dhoni,Chennai Super Kings,3.0,6.0,,,
1304063,DJ Bravo,Chennai Super Kings,8.0,6.0,19.0,26.0,1.0
1304063,CJ Jordan,Chennai Super Kings,6.0,4.0,19.0,33.0,
1304063,Abhishek Sharma,Sunrisers Hyderabad,75.0,52.0,,,
1304063,Mukesh Choudhary,Chennai Super Kings,,,24.0,30.0,1.0
1304063,KS Williamson,Sunrisers Hyderabad,32.0,40.0,,,
1304063,M Theekshana,Chennai Super Kings,,,24.0,31.0,
1304063,RA Tripathi,Sunrisers Hyderabad,39.0,15.0,,,
1304063,N Pooran,Sunrisers Hyderabad,5.0,3.0,,,
1304064,Ishan Kishan,Mumbai Indians,26.0,28.0,,,
1304064,DJ Willey,Royal Challengers Bengaluru,,,12.0,8.0,
1304064,RG Sharma,Mumbai Indians,26.0,16.0,,,
1304064,Mohammed Siraj,Royal Challengers Bengaluru,,,26.0,49.0,
1304064,PWH de Silva,Royal Challengers Bengaluru,,,24.0,28.0,2.0
1304064,Akash Deep,Royal Challengers Bengaluru,,,24.0,20.0,1.0
1304064,HV Patel,Royal Challengers Bengaluru,,,24.0,23.0,2.0
1304064,D Brevis,Mumbai Indians,8.0,11.0,3.0,8.0,1.0
1304064,SA Yadav,Mumbai Indians,68.0,37.0,,,
1304064,Tilak Varma,Mumbai Indians,0.0,3.0,,,
1304064,KA Pollard,Mumbai Indians,0.0,1.0,19.0,23.0,
1304064,Ramandeep Singh,Mumbai Indians,6.0,12.0,,,
1304064,Shahbaz Ahmed,Royal Challengers Bengaluru,,,12.0,19.0,
1304064,JD Unadkat,Mumbai Indians,13.0,14.0,24.0,30.0,1.0
1304064,F du Plessis,Royal Challengers Bengaluru,16.0,25.0,,,
1304064,Basil Thampi,Mumbai Indians,,,25.0,28.0,
1304064,Anuj Rawat,Royal Challengers Bengaluru,66.0,49.0,,,
1304064,JJ Bumrah,Mumbai Indians,,,24.0,31.0,
1304064,M Ashwin,Mumbai Indians,,,19.0,25.0,
1304064,V Kohli,Royal Challengers Bengaluru,48.0,36.0,,,
1304064,KD Karthik,Royal Challengers Bengaluru,7.0,2.0,,,
1304064,GJ Maxwell,Royal Challengers Bengaluru,8.0,2.0,,,
1304065,PP Shaw,Delhi Capitals,51.0,30.0,,,
1304065,UT Yadav,Kolkata Knight Riders,0.0,1.0,25.0,47.0,1.0
1304065,DA Warner,Delhi Capitals,61.0,45.0,,,
1304065,Rasikh Salam,Kolkata Knight Riders,7.0,6.0,6.0,10.0,
1304065,PJ Cummins,Kolkata Knight Riders,4.0,3.0,26.0,49.0,
1304065,CV Varun,Kolkata Knight Riders,1.0,1.0,26.0,42.0,1.0
1304065,SP Narine,Kolkata Knight Riders,4.0,2.0,24.0,21.0,2.0
1304065,AD Russell,Kolkata Knight Riders,24.0,22.0,12.0,16.0,1.0
1304065,VR Iyer,Kolkata Knight Riders,18.0,8.0,6.0,14.0,
1304065,RR Pant,Delhi Capitals,27.0,15.0,,,
1304065,Lalit Yadav,Delhi Capitals,1.0,4.0,6.0,8.0,1.0
1304065,R Powell,Delhi Capitals,8.0,6.0,7.0,16.0,
1304065,AR Patel,Delhi Capitals,22.0,14.0,18.0,32.0,
1304065,SN Thakur,Delhi Capitals,29.0,11.0,16.0,30.0,2.0
1304065,AM Rahane,Kolkata Knight Riders,8.0,14.0,,,
1304065,Mustafizur Rahman,Delhi Capitals,,,24.0,21.0,
1304065,KK Ahmed,Delhi Capitals,,,24.0,25.0,3.0
1304065,SS Iyer,Kolkata Knight Riders,54.0,34.0,,,
1304065,N Rana,Kolkata Knight Riders,30.0,21.0,,,
1304065,Kuldeep Yadav,Delhi Capitals,,,26.0,33.0,4.0
1304065,SW Billings,Kolkata Knight Riders,15.0,9.0,,,
1304066,JC Buttler,Rajasthan Royals,13.0,12.0,,,
1304066,PVD Chameera,Lucknow Super Giants,13.0,9.0,26.0,20.0,
1304066,D Padikkal,Rajasthan Royals,29.0,32.0,,,
1304066,JO Holder,Lucknow Super Giants,8.0,14.0,24.0,50.0,2.0
1304066,Ravi Bishnoi,Lucknow Super Giants,,,27.0,26.0,
1304066,Avesh Khan,Lucknow Super Giants,7.0,2.0,25.0,30.0,2.0
1304066,SV Samson,Rajasthan Royals,13.0,12.0,,,
1304066,HE van der Dussen,Rajasthan Royals,4.0,4.0,,,
1304066,K Gowtham,Lucknow Super Giants,0.0,2.0,24.0,30.0,2.0
1304066,SO Hetmyer,Rajasthan Royals,59.0,36.0,,,
1304066,R Ashwin,Rajasthan Royals,28.0,25.0,24.0,20.0,
1304066,R Parag,Rajasthan Royals,8.0,4.0,,,
1304066,TA Boult,Rajasthan Royals,2.0,1.0,25.0,29.0,2.0
1304066,KL Rahul,Lucknow Super Giants,0.0,1.0,,,
1304066,Q de Kock,Lucknow Super Giants,39.0,32.0,,,
1304066,M Prasidh Krishna,Rajasthan Royals,,,25.0,34.0,1.0
1304066,DJ Hooda,Lucknow Super Giants,25.0,24.0,,,
1304066,KR Sen,Rajasthan Royals,,,24.0,35.0,1.0
1304066,YS Chahal,Rajasthan Royals,,,26.0,39.0,4.0
1304066,A Badoni,Lucknow Super Giants,5.0,7.0,,,
1304066,KH Pandya,Lucknow Super Giants,22.0,15.0,,,
1304066,MP Stoinis,Lucknow Super Giants,38.0,18.0,,,
1304067,MS Wade,Gujarat Titans,19.0,21.0,,,
1304067,B Kumar,Sunrisers Hyderabad,,,28.0,25.0,2.0
1304067,Shubman Gill,Gujarat Titans,7.0,10.0,,,
1304067,M Jansen,Sunrisers Hyderabad,,,26.0,25.0,1.0
1304067,B Sai Sudharsan,Gujarat Titans,11.0,9.0,,,
1304067,Washington Sundar,Sunrisers Hyderabad,,,18.0,14.0,
1304067,T Natarajan,Sunrisers Hyderabad,,,25.0,33.0,2.0
1304067,HH Pandya,Gujarat Titans,50.0,45.0,24.0,27.0,1.0
1304067,Umran Malik,Sunrisers Hyderabad,,,25.0,34.0,1.0
1304067,AK Markram,Sunrisers Hyderabad,12.0,8.0,6.0,9.0,
1304067,DA Miller,Gujarat Titans,12.0,16.0,,,
1304067,A Manohar,Gujarat Titans,35.0,22.0,,,
1304067,R Tewatia,Gujarat Titans,6.0,4.0,6.0,10.0,
1304067,Rashid Khan,Gujarat Titans,0.0,1.0,24.0,28.0,1.0
1304067,Abhishek Sharma,Sunrisers Hyderabad,42.0,32.0,,,
1304067,Mohammed Shami,Gujarat Titans,,,24.0,32.0,
1304067,KS Williamson,Sunrisers Hyderabad,57.0,47.0,,,
1304067,LH Ferguson,Gujarat Titans,,,26.0,44.0,
1304067,DG Nalkande,Gujarat Titans,,,14.0,21.0,
1304067,RA Tripathi,Sunrisers Hyderabad,17.0,12.0,,,
1304067,N Pooran,Sunrisers Hyderabad,34.0,19.0,,,
1304068,RD Gaikwad,Chennai Super Kings,17.0,16.0,,,
1304068,Mohammed Siraj,Royal Challengers Bengaluru,14.0,11.0,25.0,36.0,
1304068,RV Uthappa,Chennai Super Kings,88.0,53.0,,,
1304068,JR Hazlewood,Royal Challengers Bengaluru,7.0,8.0,25.0,32.0,1.0
1304068,MM Ali,Chennai Super Kings,3.0,8.0,18.0,19.0,
1304068,Akash Deep,Royal Challengers Bengaluru,0.0,2.0,28.0,54.0,
1304068,GJ Maxwell,Royal Challengers Bengaluru,26.0,11.0,18.0,29.0,
1304068,S Dube,Chennai Super Kings,95.0,49.0,,,
1304068,Shahbaz Ahmed,Royal Challengers Bengaluru,41.0,30.0,12.0,18.0,
1304068,PWH de Silva,Royal Challengers Bengaluru,7.0,3.0,19.0,34.0,2.0
1304068,RA Jadeja,Chennai Super Kings,0.0,1.0,24.0,39.0,3.0
1304068,F du Plessis,Royal Challengers Bengaluru,8.0,9.0,,,
1304068,Anuj Rawat,Royal Challengers Bengaluru,12.0,16.0,,,
1304068,Mukesh Choudhary,Chennai Super Kings,,,20.0,38.0,1.0
1304068,M Theekshana,Chennai Super Kings,,,24.0,33.0,4.0
1304068,V Kohli,Royal Challengers Bengaluru,1.0,3.0,,,
1304068,SS Prabhudessai,Royal Challengers Bengaluru,34.0,18.0,,,
1304068,CJ Jordan,Chennai Super Kings,,,12.0,20.0,
1304068,DJ Bravo,Chennai Super Kings,,,31.0,35.0,1.0
1304068,KD Karthik,Royal Challengers Bengaluru,34.0,18.0,,,
1304069,MA Agarwal,Punjab Kings,52.0,33.0,,,
1304069,Basil Thampi,Mumbai Indians,,,26.0,45.0,2.0
1304069,S Dhawan,Punjab Kings,70.0,53.0,,,
1304069,JD Unadkat,Mumbai Indians,12.0,7.0,25.0,42.0,1.0
1304069,JJ Bumrah,Mumbai Indians,0.0,2.0,26.0,26.0,1.0
1304069,M Ashwin,Mumbai Indians,0.0,2.0,24.0,34.0,1.0
1304069,TS Mills,Mumbai Indians,0.0,2.0,26.0,35.0,
1304069,JM Bairstow,Punjab Kings,12.0,13.0,,,
1304069,LS Livingstone,Punjab Kings,2.0,3.0,6.0,11.0,
1304069,JM Sharma,Punjab Kings,30.0,16.0,,,
1304069,M Shahrukh Khan,Punjab Kings,15.0,8.0,,,
1304069,OF Smith,Punjab Kings,1.0,1.0,20.0,28.0,4.0
1304069,RG Sharma,Mumbai Indians,28.0,17.0,,,
1304069,VG Arora,Punjab Kings,,,26.0,41.0,1.0
1304069,Ishan Kishan,Mumbai Indians,3.0,7.0,,,
1304069,K Rabada,Punjab Kings,,,24.0,29.0,2.0
1304069,Arshdeep Singh,Punjab Kings,,,25.0,28.0,
1304069,D Brevis,Mumbai Indians,49.0,25.0,,,
1304069,Tilak Varma,Mumbai Indians,36.0,21.0,,,
1304069,RD Chahar,Punjab Kings,,,24.0,44.0,
1304069,SA Yadav,Mumbai Indians,43.0,30.0,,,
1304069,KA Pollard,Mumbai Indians,10.0,12.0,,,
1304070,MS Wade,Gujarat Titans,12.0,6.0,,,
1304070,JDS Neesham,Rajasthan Royals,17.0,15.0,18.0,29.0,
1304070,Shubman Gill,Gujarat Titans,13.0,14.0,,,
1304070,M Prasidh Krishna,Rajasthan Royals,4.0,7.0,26.0,33.0,
1304070,V Shankar,Gujarat Titans,2.0,7.0,3.0,1.0,
1304070,KR Sen,Rajasthan Royals,0.0,3.0,24.0,51.0,1.0
1304070,HH Pandya,Gujarat Titans,87.0,54.0,17.0,16.0,1.0
1304070,YS Chahal,Rajasthan Royals,5.0,8.0,25.0,31.0,1.0
1304070,R Parag,Rajasthan Royals,18.0,16.0,6.0,12.0,1.0
1304070,A Manohar,Gujarat Titans,43.0,29.0,,,
1304070,R Ashwin,Rajasthan Royals,8.0,8.0,25.0,32.0,
1304070,DA Miller,Gujarat Titans,31.0,14.0,,,
1304070,JC Buttler,Rajasthan Royals,54.0,24.0,,,
1304070,Mohammed Shami,Gujarat Titans,,,24.0,39.0,1.0
1304070,Yash Dayal,Gujarat Titans,,,24.0,40.0,3.0
1304070,D Padikkal,Rajasthan Royals,0.0,1.0,,,
1304070,Rashid Khan,Gujarat Titans,,,24.0,24.0,
1304070,LH Ferguson,Gujarat Titans,,,24.0,23.0,3.0
1304070,SV Samson,Rajasthan Royals,11.0,11.0,,,
1304070,R Tewatia,Gujarat Titans,,,6.0,9.0,
1304070,HE van der Dussen,Rajasthan Royals,6.0,11.0,,,
1304070,SO Hetmyer,Rajasthan Royals,29.0,18.0,,,
1304071,VR Iyer,Kolkata Knight Riders,6.0,14.0,,,
1304071,B Kumar,Sunrisers Hyderabad,,,25.0,36.0,1.0
1304071,AJ Finch,Kolkata Knight Riders,7.0,5.0,,,
1304071,M Jansen,Sunrisers Hyderabad,,,25.0,25.0,1.0
1304071,SS Iyer,Kolkata Knight Riders,28.0,25.0,,,
1304071,T Natarajan,Sunrisers Hyderabad,,,24.0,37.0,3.0
1304071,SP Narine,Kolkata Knight Riders,6.0,2.0,24.0,23.0,
1304071,N Rana,Kolkata Knight Riders,54.0,37.0,,,
1304071,Umran Malik,Sunrisers Hyderabad,,,24.0,27.0,2.0
1304071,Shashank Singh,Sunrisers Hyderabad,,,7.0,9.0,
1304071,J Suchith,Sunrisers Hyderabad,,,18.0,32.0,1.0
1304071,SP Jackson,Kolkata Knight Riders,7.0,7.0,,,
1304071,AD Russell,Kolkata Knight Riders,49.0,26.0,13.0,19.0,2.0
1304071,PJ Cummins,Kolkata Knight Riders,3.0,3.0,25.0,34.0,1.0
1304071,Aman Hakim Khan,Kolkata Knight Riders,5.0,3.0,6.0,13.0,
1304071,UT Yadav,Kolkata Knight Riders,1.0,1.0,25.0,30.0,
1304071,Abhishek Sharma,Sunrisers Hyderabad,3.0,10.0,,,
1304071,RA Tripathi,Sunrisers Hyderabad,71.0,38.0,,,
1304071,KS Williamson,Sunrisers Hyderabad,17.0,18.0,,,
1304071,AK Markram,Sunrisers Hyderabad,68.0,36.0,,,
1304071,CV Varun,Kolkata Knight Riders,,,18.0,45.0,
1304071,N Pooran,Sunrisers Hyderabad,5.0,9.0,,,
1304072,KL Rahul,Lucknow Super Giants,103.0,63.0,,,
1304072,Tilak Varma,Mumbai Indians,26.0,26.0,6.0,7.0,
1304072,Q de Kock,Lucknow Super Giants,24.0,13.0,,,
1304072,JD Unadkat,Mumbai Indians,14.0,6.0,25.0,31.0,2.0
1304072,M Ashwin,Mumbai Indians,6.0,2.0,24.0,33.0,1.0
1304072,JJ Bumrah,Mumbai Indians,,,26.0,22.0,
1304072,TS Mills,Mumbai Indians,0.0,1.0,19.0,52.0,
1304072,FA Allen,Mumbai Indians,8.0,7.0,24.0,46.0,1.0
1304072,MK Pandey,Lucknow Super Giants,38.0,29.0,,,
1304072,MP Stoinis,Lucknow Super Giants,10.0,9.0,12.0,13.0,1.0
1304072,DJ Hooda,Lucknow Super Giants,15.0,9.0,,,
1304072,KH Pandya,Lucknow Super Giants,1.0,1.0,12.0,16.0,
1304072,Ishan Kishan,Mumbai Indians,13.0,17.0,,,
1304072,JO Holder,Lucknow Super Giants,,,26.0,32.0,1.0
1304072,RG Sharma,Mumbai Indians,6.0,8.0,,,
1304072,PVD Chameera,Lucknow Super Giants,,,25.0,43.0,1.0
1304072,Avesh Khan,Lucknow Super Giants,,,25.0,29.0,3.0
1304072,D Brevis,Mumbai Indians,31.0,15.0,,,
1304072,Ravi Bishnoi,Lucknow Super Giants,,,25.0,33.0,1.0
1304072,SA Yadav,Mumbai Indians,37.0,29.0,,,
1304072,KA Pollard,Mumbai Indians,25.0,14.0,,,
1304073,F du Plessis,Royal Challengers Bengaluru,8.0,12.0,,,
1304073,Mustafizur Rahman,Delhi Capitals,,,25.0,47.0,
1304073,Anuj Rawat,Royal Challengers Bengaluru,0.0,1.0,,,
1304073,SN Thakur,Delhi Capitals,17.0,10.0,25.0,26.0,1.0
1304073,V Kohli,Royal Challengers Bengaluru,12.0,14.0,,,
1304073,KK Ahmed,Delhi Capitals,,,24.0,36.0,1.0
1304073,GJ Maxwell,Royal Challengers Bengaluru,55.0,35.0,12.0,14.0,
1304073,AR Patel,Delhi Capitals,10.0,7.0,25.0,27.0,1.0
1304073,SS Prabhudessai,Royal Challengers Bengaluru,6.0,5.0,,,
1304073,Kuldeep Yadav,Delhi Capitals,10.0,7.0,27.0,43.0,1.0
1304073,Shahbaz Ahmed,Royal Challengers Bengaluru,32.0,25.0,14.0,17.0,
1304073,KD Karthik,Royal Challengers Bengaluru,66.0,34.0,,,
1304073,PP Shaw,Delhi Capitals,16.0,13.0,,,
1304073,DA Warner,Delhi Capitals,66.0,40.0,,,
1304073,Mohammed Siraj,Royal Challengers Bengaluru,,,24.0,31.0,2.0
1304073,JR Hazlewood,Royal Challengers Bengaluru,,,25.0,27.0,3.0
1304073,MR Marsh,Delhi Capitals,14.0,24.0,,,
1304073,HV Patel,Royal Challengers Bengaluru,,,25.0,39.0,
1304073,PWH de Silva,Royal Challengers Bengaluru,,,24.0,40.0,1.0
1304073,RR Pant,Delhi Capitals,34.0,17.0,,,
1304073,R Powell,Delhi Capitals,0.0,1.0,,,
1304073,Lalit Yadav,Delhi Capitals,1.0,5.0,,,
1304074,S Dhawan,Punjab Kings,8.0,11.0,,,
1304074,B Kumar,Sunrisers Hyderabad,,,24.0,22.0,3.0
1304074,P Simran Singh,Punjab Kings,14.0,11.0,,,
1304074,M Jansen,Sunrisers Hyderabad,,,25.0,34.0,
1304074,JM Bairstow,Punjab Kings,12.0,10.0,,,
1304074,T Natarajan,Sunrisers Hyderabad,,,28.0,33.0,1.0
1304074,LS Livingstone,Punjab Kings,60.0,38.0,12.0,19.0,
1304074,J Suchith,Sunrisers Hyderabad,,,25.0,27.0,1.0
1304074,JM Sharma,Punjab Kings,11.0,8.0,,,
1304074,Umran Malik,Sunrisers Hyderabad,,,24.0,28.0,4.0
1304074,M Shahrukh Khan,Punjab Kings,26.0,29.0,,,
1304074,OF Smith,Punjab Kings,13.0,15.0,6.0,8.0,
1304074,RD Chahar,Punjab Kings,0.0,2.0,25.0,23.0,2.0
1304074,VG Arora,Punjab Kings,0.0,1.0,23.0,35.0,
1304074,Arshdeep Singh,Punjab Kings,0.0,1.0,26.0,30.0,
1304074,Abhishek Sharma,Sunrisers Hyderabad,31.0,26.0,,,
1304074,KS Williamson,Sunrisers Hyderabad,3.0,9.0,,,
1304074,K Rabada,Punjab Kings,,,24.0,29.0,1.0
1304074,RA Tripathi,Sunrisers Hyderabad,34.0,22.0,,,
1304074,AK Markram,Sunrisers Hyderabad,41.0,27.0,,,
1304074,N Pooran,Sunrisers Hyderabad,35.0,32.0,,,
1304075,RD Gaikwad,Chennai Super Kings,73.0,49.0,,,
1304075,Mohammed Shami,Gujarat Titans,,,26.0,18.0,1.0
1304075,RV Uthappa,Chennai Super Kings,3.0,12.0,,,
1304075,Yash Dayal,Gujarat Titans,,,26.0,38.0,1.0
1304075,MM Ali,Chennai Super Kings,1.0,4.0,12.0,17.0,
1304075,AS Joseph,Gujarat Titans,0.0,1.0,25.0,33.0,2.0
1304075,AT Rayudu,Chennai Super Kings,46.0,31.0,,,
1304075,LH Ferguson,Gujarat Titans,,,24.0,46.0,
1304075,Rashid Khan,Gujarat Titans,40.0,21.0,24.0,29.0,
1304075,S Dube,Chennai Super Kings,19.0,17.0,,,
1304075,RA Jadeja,Chennai Super Kings,22.0,12.0,18.0,25.0,1.0
1304075,WP Saha,Gujarat Titans,11.0,18.0,,,
1304075,Mukesh Choudhary,Chennai Super Kings,,,19.0,17.0,1.0
1304075,Shubman Gill,Gujarat Titans,0.0,1.0,,,
1304075,M Theekshana,Chennai Super Kings,,,24.0,24.0,2.0
1304075,V Shankar,Gujarat Titans,0.0,2.0,,,
1304075,A Manohar,Gujarat Titans,12.0,12.0,,,
1304075,DA Miller,Gujarat Titans,94.0,52.0,,,
1304075,CJ Jordan,Chennai Super Kings,,,24.0,57.0,
1304075,R Tewatia,Gujarat Titans,6.0,14.0,,,
1304075,DJ Bravo,Chennai Super Kings,,,24.0,23.0,3.0
1304076,JC Buttler,Rajasthan Royals,103.0,62.0,,,
1304076,UT Yadav,Kolkata Knight Riders,21.0,10.0,25.0,43.0,
1304076,D Padikkal,Rajasthan Royals,24.0,18.0,,,
1304076,Shivam Mavi,Kolkata Knight Riders,0.0,1.0,24.0,34.0,1.0
1304076,CV Varun,Kolkata Knight Riders,1.0,1.0,13.0,29.0,
1304076,PJ Cummins,Kolkata Knight Riders,0.0,1.0,26.0,48.0,1.0
1304076,SP Narine,Kolkata Knight Riders,,,26.0,19.0,2.0
1304076,SV Samson,Rajasthan Royals,38.0,20.0,,,
1304076,AD Russell,Kolkata Knight Riders,0.0,1.0,13.0,28.0,1.0
1304076,SO Hetmyer,Rajasthan Royals,26.0,16.0,,,
1304076,R Parag,Rajasthan Royals,5.0,4.0,,,
1304076,KK Nair,Rajasthan Royals,3.0,5.0,,,
1304076,R Ashwin,Rajasthan Royals,2.0,2.0,24.0,38.0,1.0
1304076,AJ Finch,Kolkata Knight Riders,58.0,34.0,,,
1304076,TA Boult,Rajasthan Royals,,,24.0,48.0,
1304076,SS Iyer,Kolkata Knight Riders,85.0,57.0,,,
1304076,M Prasidh Krishna,Rajasthan Royals,,,29.0,38.0,1.0
1304076,OC McCoy,Rajasthan Royals,,,26.0,37.0,2.0
1304076,YS Chahal,Rajasthan Royals,,,28.0,36.0,5.0
1304076,N Rana,Kolkata Knight Riders,18.0,11.0,,,
1304076,VR Iyer,Kolkata Knight Riders,6.0,7.0,,,
1304076,SP Jackson,Kolkata Knight Riders,8.0,8.0,,,
1304077,Anuj Rawat,Royal Challengers Bengaluru,4.0,6.0,,,
1304077,PVD Chameera,Lucknow Super Giants,1.0,4.0,19.0,30.0,2.0
1304077,V Kohli,Royal Challengers Bengaluru,0.0,1.0,,,
1304077,F du Plessis,Royal Challengers Bengaluru,96.0,65.0,,,
1304077,Avesh Khan,Lucknow Super Giants,,,25.0,32.0,
1304077,GJ Maxwell,Royal Challengers Bengaluru,23.0,11.0,13.0,10.0,1.0
1304077,KH Pandya,Lucknow Super Giants,42.0,29.0,24.0,29.0,1.0
1304077,SS Prabhudessai,Royal Challengers Bengaluru,10.0,10.0,,,
1304077,Ravi Bishnoi,Lucknow Super Giants,0.0,1.0,26.0,45.0,
1304077,JO Holder,Lucknow Super Giants,16.0,10.0,26.0,23.0,2.0
1304077,Shahbaz Ahmed,Royal Challengers Bengaluru,26.0,25.0,24.0,25.0,
1304077,MP Stoinis,Lucknow Super Giants,24.0,17.0,7.0,13.0,
1304077,KD Karthik,Royal Challengers Bengaluru,13.0,8.0,,,
1304077,HV Patel,Royal Challengers Bengaluru,0.0,1.0,27.0,40.0,2.0
1304077,Q de Kock,Lucknow Super Giants,3.0,5.0,,,
1304077,Mohammed Siraj,Royal Challengers Bengaluru,,,25.0,30.0,1.0
1304077,KL Rahul,Lucknow Super Giants,30.0,26.0,,,
1304077,JR Hazlewood,Royal Challengers Bengaluru,,,26.0,23.0,4.0
1304077,MK Pandey,Lucknow Super Giants,6.0,8.0,,,
1304077,DJ Hooda,Lucknow Super Giants,13.0,14.0,,,
1304077,PWH de Silva,Royal Challengers Bengaluru,,,12.0,20.0,
1304077,A Badoni,Lucknow Super Giants,13.0,13.0,,,
1304078,MA Agarwal,Punjab Kings,24.0,16.0,,,
1304078,SN Thakur,Delhi Capitals,,,12.0,20.0,
1304078,S Dhawan,Punjab Kings,9.0,10.0,,,
1304078,KK Ahmed,Delhi Capitals,,,25.0,20.0,2.0
1304078,Lalit Yadav,Delhi Capitals,,,12.0,11.0,2.0
1304078,JM Bairstow,Punjab Kings,9.0,8.0,,,
1304078,Mustafizur Rahman,Delhi Capitals,,,24.0,28.0,1.0
1304078,LS Livingstone,Punjab Kings,2.0,3.0,,,
1304078,AR Patel,Delhi Capitals,,,24.0,10.0,2.0
1304078,JM Sharma,Punjab Kings,32.0,23.0,,,
1304078,M Shahrukh Khan,Punjab Kings,12.0,20.0,,,
1304078,Kuldeep Yadav,Delhi Capitals,,,24.0,24.0,2.0
1304078,K Rabada,Punjab Kings,2.0,6.0,19.0,34.0,
1304078,NT Ellis,Punjab Kings,0.0,2.0,14.0,13.0,
1304078,Arshdeep Singh,Punjab Kings,9.0,17.0,9.0,14.0,
1304078,RD Chahar,Punjab Kings,12.0,12.0,15.0,21.0,1.0
1304078,VG Arora,Punjab Kings,2.0,4.0,12.0,31.0,
1304078,PP Shaw,Delhi Capitals,41.0,22.0,,,
1304078,DA Warner,Delhi Capitals,60.0,33.0,,,
1304078,SN Khan,Delhi Capitals,12.0,14.0,,,
1304079,RG Sharma,Mumbai Indians,0.0,2.0,,,
1304079,Mukesh Choudhary,Chennai Super Kings,,,19.0,18.0,3.0
1304079,D Brevis,Mumbai Indians,4.0,7.0,,,
1304079,Ishan Kishan,Mumbai Indians,0.0,2.0,,,
1304079,SA Yadav,Mumbai Indians,32.0,21.0,,,
1304079,MJ Santner,Chennai Super Kings,11.0,11.0,18.0,16.0,1.0
1304079,M Theekshana,Chennai Super Kings,,,24.0,35.0,1.0
1304079,Tilak Varma,Mumbai Indians,51.0,44.0,,,
1304079,RA Jadeja,Chennai Super Kings,3.0,10.0,24.0,30.0,
1304079,HR Shokeen,Mumbai Indians,25.0,25.0,25.0,22.0,
1304079,D Pretorius,Chennai Super Kings,22.0,14.0,12.0,17.0,
1304079,DJ Bravo,Chennai Super Kings,1.0,1.0,26.0,34.0,2.0
1304079,KA Pollard,Mumbai Indians,14.0,10.0,,,
1304079,DR Sams,Mumbai Indians,5.0,3.0,25.0,29.0,4.0
1304079,JD Unadkat,Mumbai Indians,19.0,9.0,25.0,47.0,2.0
1304079,RD Gaikwad,Chennai Super Kings,0.0,1.0,,,
1304079,RV Uthappa,Chennai Super Kings,30.0,25.0,,,
1304079,JJ Bumrah,Mumbai Indians,,,26.0,27.0,
1304079,AT Rayudu,Chennai Super Kings,40.0,37.0,,,
1304079,RP Meredith,Mumbai Indians,,,26.0,23.0,1.0
1304079,S Dube,Chennai Super Kings,13.0,14.0,,,
1304079,MS Dhoni,Chennai Super Kings,28.0,14.0,,,
1304080,JC Buttler,Rajasthan Royals,116.0,66.0,,,
1304080,KK Ahmed,Delhi Capitals,,,25.0,46.0,1.0
1304080,D Padikkal,Rajasthan Royals,54.0,35.0,,,
1304080,SN Thakur,Delhi Capitals,10.0,7.0,20.0,27.0,
1304080,Lalit Yadav,Delhi Capitals,37.0,25.0,24.0,41.0,
1304080,Mustafizur Rahman,Delhi Capitals,,,24.0,43.0,1.0
1304080,Kuldeep Yadav,Delhi Capitals,0.0,3.0,19.0,39.0,
1304080,AR Patel,Delhi Capitals,1.0,4.0,12.0,21.0,
1304080,SV Samson,Rajasthan Royals,46.0,22.0,,,
1304080,SO Hetmyer,Rajasthan Royals,1.0,1.0,,,
1304080,PP Shaw,Delhi Capitals,37.0,30.0,,,
1304080,TA Boult,Rajasthan Royals,,,25.0,46.0,
1304080,DA Warner,Delhi Capitals,28.0,14.0,,,
1304080,M Prasidh Krishna,Rajasthan Royals,,,24.0,22.0,3.0
1304080,OC McCoy,Rajasthan Royals,,,21.0,49.0,1.0
1304080,SN Khan,Delhi Capitals,1.0,3.0,,,
1304080,R Ashwin,Rajasthan Royals,,,25.0,30.0,2.0
1304080,RR Pant,Delhi Capitals,44.0,26.0,,,
1304080,YS Chahal,Rajasthan Royals,,,25.0,27.0,1.0
1304080,R Parag,Rajasthan Royals,,,8.0,20.0,
1304080,R Powell,Delhi Capitals,36.0,16.0,,,
1304081,WP Saha,Gujarat Titans,25.0,26.0,,,
1304081,UT Yadav,Kolkata Knight Riders,15.0,15.0,24.0,31.0,1.0
1304081,Shubman Gill,Gujarat Titans,7.0,5.0,,,
1304081,TG Southee,Kolkata Knight Riders,1.0,1.0,26.0,22.0,3.0
1304081,HH Pandya,Gujarat Titans,67.0,53.0,,,
1304081,Shivam Mavi,Kolkata Knight Riders,2.0,4.0,27.0,33.0,1.0
1304081,SP Narine,Kolkata Knight Riders,5.0,5.0,24.0,31.0,
1304081,CV Varun,Kolkata Knight Riders,,,20.0,24.0,
1304081,DA Miller,Gujarat Titans,27.0,20.0,,,
1304081,R Tewatia,Gujarat Titans,17.0,13.0,,,
1304081,Rashid Khan,Gujarat Titans,0.0,2.0,24.0,22.0,2.0
1304081,A Manohar,Gujarat Titans,2.0,5.0,,,
1304081,AD Russell,Kolkata Knight Riders,48.0,25.0,6.0,5.0,4.0
1304081,LH Ferguson,Gujarat Titans,0.0,1.0,25.0,32.0,1.0
1304081,AS Joseph,Gujarat Titans,1.0,1.0,25.0,29.0,1.0
1304081,Yash Dayal,Gujarat Titans,0.0,1.0,27.0,39.0,2.0
1304081,SW Billings,Kolkata Knight Riders,4.0,5.0,,,
1304081,Mohammed Shami,Gujarat Titans,,,25.0,19.0,2.0
1304081,SS Iyer,Kolkata Knight Riders,12.0,16.0,,,
1304081,N Rana,Kolkata Knight Riders,2.0,7.0,,,
1304081,RK Singh,Kolkata Knight Riders,35.0,29.0,,,
1304081,VR Iyer,Kolkata Knight Riders,17.0,19.0,,,
1304082,F du Plessis,Royal Challengers Bengaluru,5.0,7.0,,,
1304082,B Kumar,Sunrisers Hyderabad,,,13.0,8.0,1.0
1304082,Anuj Rawat,Royal Challengers Bengaluru,0.0,2.0,,,
1304082,M Jansen,Sunrisers Hyderabad,,,27.0,22.0,3.0
1304082,V Kohli,Royal Challengers Bengaluru,0.0,1.0,,,
1304082,GJ Maxwell,Royal Challengers Bengaluru,12.0,13.0,,,
1304082,SS Prabhudessai,Royal Challengers Bengaluru,15.0,22.0,,,
1304082,T Natarajan,Sunrisers Hyderabad,,,19.0,5.0,3.0
1304082,Shahbaz Ahmed,Royal Challengers Bengaluru,7.0,13.0,,,
1304082,J Suchith,Sunrisers Hyderabad,,,20.0,10.0,2.0
1304082,Umran Malik,Sunrisers Hyderabad,,,26.0,11.0,1.0
1304082,KD Karthik,Royal Challengers Bengaluru,0.0,3.0,,,
1304082,HV Patel,Royal Challengers Bengaluru,4.0,9.0,12.0,18.0,1.0
1304082,PWH de Silva,Royal Challengers Bengaluru,8.0,20.0,6.0,7.0,
1304082,JR Hazlewood,Royal Challengers Bengaluru,3.0,11.0,18.0,31.0,
1304082,Mohammed Siraj,Royal Challengers Bengaluru,2.0,4.0,13.0,14.0,
1304082,Abhishek Sharma,Sunrisers Hyderabad,47.0,28.0,,,
1304082,KS Williamson,Sunrisers Hyderabad,16.0,18.0,,,
1304082,RA Tripathi,Sunrisers Hyderabad,7.0,3.0,,,
1304083,Q de Kock,Lucknow Super Giants,10.0,9.0,,,
1304083,DR Sams,Mumbai Indians,3.0,8.0,28.0,35.0,1.0
1304083,KL Rahul,Lucknow Super Giants,103.0,67.0,,,
1304083,HR Shokeen,Mumbai Indians,,,12.0,11.0,
1304083,JJ Bumrah,Mumbai Indians,0.0,2.0,24.0,31.0,1.0
1304083,RP Meredith,Mumbai Indians,,,25.0,39.0,2.0
1304083,MK Pandey,Lucknow Super Giants,22.0,22.0,,,
1304083,JD Unadkat,Mumbai Indians,1.0,1.0,24.0,36.0,
1304083,KA Pollard,Mumbai Indians,19.0,22.0,12.0,8.0,2.0
1304083,MP Stoinis,Lucknow Super Giants,0.0,3.0,,,
1304083,KH Pandya,Lucknow Super Giants,1.0,2.0,25.0,18.0,3.0
1304083,DJ Hooda,Lucknow Super Giants,10.0,9.0,,,
1304083,A Badoni,Lucknow Super Giants,14.0,11.0,6.0,6.0,1.0
1304083,JO Holder,Lucknow Super Giants,0.0,2.0,26.0,34.0,1.0
1304083,Ishan Kishan,Mumbai Indians,8.0,21.0,,,
1304083,Mohsin Khan,Lucknow Super Giants,,,26.0,21.0,1.0
1304083,RG Sharma,Mumbai Indians,39.0,32.0,,,
1304083,PVD Chameera,Lucknow Super Giants,,,26.0,12.0,
1304083,Ravi Bishnoi,Lucknow Super Giants,,,19.0,27.0,1.0
1304083,D Brevis,Mumbai Indians,3.0,5.0,,,
1304083,SA Yadav,Mumbai Indians,7.0,7.0,,,
1304083,Tilak Varma,Mumbai Indians,38.0,30.0,,,
1304084,MA Agarwal,Punjab Kings,18.0,23.0,,,
1304084,Mukesh Choudhary,Chennai Super Kings,,,27.0,33.0,
1304084,S Dhawan,Punjab Kings,88.0,64.0,,,
1304084,M Theekshana,Chennai Super Kings,,,26.0,30.0,1.0
1304084,MJ Santner,Chennai Super Kings,9.0,16.0,12.0,8.0,
1304084,PBB Rajapaksa,Punjab Kings,42.0,35.0,,,
1304084,RA Jadeja,Chennai Super Kings,21.0,17.0,14.0,16.0,
1304084,D Pretorius,Chennai Super Kings,1.0,1.0,26.0,48.0,
1304084,DJ Bravo,Chennai Super Kings,,,28.0,38.0,2.0
1304084,LS Livingstone,Punjab Kings,19.0,8.0,6.0,12.0,
1304084,JM Bairstow,Punjab Kings,6.0,3.0,,,
1304084,RD Gaikwad,Chennai Super Kings,30.0,28.0,,,
1304084,K Rabada,Punjab Kings,,,24.0,23.0,2.0
1304084,RV Uthappa,Chennai Super Kings,1.0,7.0,,,
1304084,Sandeep Sharma,Punjab Kings,,,26.0,37.0,1.0
1304084,R Dhawan,Punjab Kings,,,26.0,37.0,2.0
1304084,Arshdeep Singh,Punjab Kings,,,25.0,22.0,1.0
1304084,S Dube,Chennai Super Kings,8.0,8.0,,,
1304084,RD Chahar,Punjab Kings,,,19.0,29.0,
1304084,AT Rayudu,Chennai Super Kings,78.0,40.0,,,
1304084,MS Dhoni,Chennai Super Kings,12.0,9.0,,,
1304085,JC Buttler,Rajasthan Royals,8.0,9.0,,,
1304085,Shahbaz Ahmed,Royal Challengers Bengaluru,17.0,27.0,20.0,33.0,
1304085,D Padikkal,Rajasthan Royals,7.0,8.0,,,
1304085,Mohammed Siraj,Royal Challengers Bengaluru,5.0,5.0,24.0,30.0,2.0
1304085,R Ashwin,Rajasthan Royals,17.0,9.0,25.0,16.0,3.0
1304085,JR Hazlewood,Royal Challengers Bengaluru,0.0,2.0,24.0,19.0,2.0
1304085,DJ Mitchell,Rajasthan Royals,16.0,25.0,7.0,6.0,
1304085,SV Samson,Rajasthan Royals,27.0,22.0,,,
1304085,PWH de Silva,Royal Challengers Bengaluru,18.0,16.0,25.0,22.0,2.0
1304085,HV Patel,Royal Challengers Bengaluru,8.0,12.0,24.0,33.0,1.0
1304085,R Parag,Rajasthan Royals,56.0,31.0,,,
1304085,GJ Maxwell,Royal Challengers Bengaluru,0.0,1.0,6.0,4.0,
1304085,SO Hetmyer,Rajasthan Royals,3.0,7.0,,,
1304085,TA Boult,Rajasthan Royals,5.0,7.0,18.0,20.0,
1304085,M Prasidh Krishna,Rajasthan Royals,2.0,5.0,27.0,20.0,2.0
1304085,V Kohli,Royal Challengers Bengaluru,9.0,11.0,,,
1304085,RM Patidar,Royal Challengers Bengaluru,16.0,17.0,,,
1304085,F du Plessis,Royal Challengers Bengaluru,23.0,21.0,,,
1304085,KR Sen,Rajasthan Royals,,,21.0,20.0,4.0
1304085,YS Chahal,Rajasthan Royals,,,25.0,22.0,
1304085,SS Prabhudessai,Royal Challengers Bengaluru,2.0,7.0,,,
1304085,KD Karthik,Royal Challengers Bengaluru,6.0,4.0,,,
1304086,Abhishek Sharma,Sunrisers Hyderabad,65.0,46.0,,,
1304086,Mohammed Shami,Gujarat Titans,,,26.0,29.0,3.0
1304086,KS Williamson,Sunrisers Hyderabad,5.0,8.0,,,
1304086,Yash Dayal,Gujarat Titans,,,25.0,23.0,1.0
1304086,RA Tripathi,Sunrisers Hyderabad,16.0,10.0,,,
1304086,AS Joseph,Gujarat Titans,,,25.0,34.0,1.0
1304086,AK Markram,Sunrisers Hyderabad,56.0,41.0,,,
1304086,Rashid Khan,Gujarat Titans,31.0,11.0,24.0,45.0,
1304086,LH Ferguson,Gujarat Titans,,,26.0,50.0,
1304086,N Pooran,Sunrisers Hyderabad,3.0,5.0,,,
1304086,Washington Sundar,Sunrisers Hyderabad,3.0,5.0,25.0,32.0,
1304086,Shashank Singh,Sunrisers Hyderabad,25.0,6.0,,,
1304086,M Jansen,Sunrisers Hyderabad,8.0,5.0,26.0,57.0,
1304086,WP Saha,Gujarat Titans,68.0,39.0,,,
1304086,B Kumar,Sunrisers Hyderabad,,,24.0,33.0,
1304086,Shubman Gill,Gujarat Titans,22.0,25.0,,,
1304086,T Natarajan,Sunrisers Hyderabad,,,25.0,42.0,
1304086,Umran Malik,Sunrisers Hyderabad,,,25.0,24.0,5.0
1304086,HH Pandya,Gujarat Titans,10.0,6.0,,,
1304086,DA Miller,Gujarat Titans,17.0,20.0,,,
1304086,R Tewatia,Gujarat Titans,40.0,22.0,,,
1304086,A Manohar,Gujarat Titans,0.0,2.0,,,
1304087,AJ Finch,Kolkata Knight Riders,3.0,8.0,,,
1304087,Mustafizur Rahman,Delhi Capitals,,,25.0,17.0,3.0
1304087,VR Iyer,Kolkata Knight Riders,6.0,12.0,6.0,14.0,
1304087,C Sakariya,Delhi Capitals,,,18.0,17.0,1.0
1304087,SS Iyer,Kolkata Knight Riders,42.0,38.0,6.0,7.0,
1304087,SN Thakur,Delhi Capitals,8.0,14.0,20.0,30.0,
1304087,AR Patel,Delhi Capitals,24.0,17.0,24.0,28.0,1.0
1304087,B Indrajith,Kolkata Knight Riders,6.0,8.0,,,
1304087,Kuldeep Yadav,Delhi Capitals,,,18.0,14.0,4.0
1304087,SP Narine,Kolkata Knight Riders,0.0,1.0,25.0,18.0,1.0
1304087,N Rana,Kolkata Knight Riders,57.0,35.0,6.0,14.0,
1304087,Lalit Yadav,Delhi Capitals,22.0,29.0,19.0,31.0,
1304087,AD Russell,Kolkata Knight Riders,0.0,3.0,6.0,14.0,
1304087,RK Singh,Kolkata Knight Riders,23.0,16.0,,,
1304087,UT Yadav,Kolkata Knight Riders,0.0,1.0,24.0,24.0,3.0
1304087,TG Southee,Kolkata Knight Riders,0.0,1.0,25.0,30.0,
1304087,Harshit Rana,Kolkata Knight Riders,0.0,1.0,19.0,23.0,1.0
1304087,PP Shaw,Delhi Capitals,0.0,1.0,,,
1304087,MR Marsh,Delhi Capitals,13.0,7.0,,,
1304087,DA Warner,Delhi Capitals,42.0,27.0,,,
1304087,RR Pant,Delhi Capitals,2.0,5.0,,,
1304087,R Powell,Delhi Capitals,33.0,17.0,,,
1304088,Q de Kock,Lucknow Super Giants,46.0,39.0,,,
1304088,Arshdeep Singh,Punjab Kings,0.0,3.0,24.0,23.0,
1304088,KL Rahul,Lucknow Super Giants,6.0,11.0,,,
1304088,Sandeep Sharma,Punjab Kings,,,26.0,16.0,1.0
1304088,K Rabada,Punjab Kings,2.0,5.0,25.0,37.0,4.0
1304088,DJ Hooda,Lucknow Super Giants,34.0,30.0,,,
1304088,R Dhawan,Punjab Kings,21.0,23.0,12.0,13.0,
1304088,LS Livingstone,Punjab Kings,18.0,16.0,13.0,22.0,
1304088,RD Chahar,Punjab Kings,4.0,5.0,24.0,30.0,2.0
1304088,KH Pandya,Lucknow Super Giants,7.0,7.0,25.0,10.0,2.0
1304088,MP Stoinis,Lucknow Super Giants,1.0,4.0,,,
1304088,A Badoni,Lucknow Super Giants,4.0,4.0,,,
1304088,JO Holder,Lucknow Super Giants,11.0,8.0,6.0,8.0,
1304088,PVD Chameera,Lucknow Super Giants,17.0,10.0,26.0,15.0,2.0
1304088,Mohsin Khan,Lucknow Super Giants,13.0,6.0,26.0,22.0,3.0
1304088,Avesh Khan,Lucknow Super Giants,2.0,5.0,19.0,25.0,
1304088,MA Agarwal,Punjab Kings,25.0,17.0,,,
1304088,S Dhawan,Punjab Kings,5.0,16.0,,,
1304088,JM Bairstow,Punjab Kings,32.0,30.0,,,
1304088,Ravi Bishnoi,Lucknow Super Giants,,,27.0,38.0,1.0
1304088,PBB Rajapaksa,Punjab Kings,9.0,8.0,,,
1304088,JM Sharma,Punjab Kings,2.0,6.0,,,
1304089,V Kohli,Royal Challengers Bengaluru,58.0,54.0,,,
1304089,Mohammed Shami,Gujarat Titans,,,25.0,38.0,1.0
1304089,F du Plessis,Royal Challengers Bengaluru,0.0,4.0,,,
1304089,PJ Sangwan,Gujarat Titans,,,24.0,19.0,2.0
1304089,RM Patidar,Royal Challengers Bengaluru,52.0,32.0,,,
1304089,AS Joseph,Gujarat Titans,,,25.0,41.0,1.0
1304089,Rashid Khan,Gujarat Titans,,,24.0,29.0,1.0
1304089,LH Ferguson,Gujarat Titans,,,24.0,36.0,1.0
1304089,GJ Maxwell,Royal Challengers Bengaluru,33.0,18.0,6.0,10.0,
1304089,KD Karthik,Royal Challengers Bengaluru,2.0,3.0,,,
1304089,Shahbaz Ahmed,Royal Challengers Bengaluru,2.0,2.0,19.0,25.0,2.0
1304089,MK Lomror,Royal Challengers Bengaluru,16.0,9.0,,,
1304089,WP Saha,Gujarat Titans,29.0,23.0,,,
1304089,Shubman Gill,Gujarat Titans,31.0,29.0,,,
1304089,Mohammed Siraj,Royal Challengers Bengaluru,,,26.0,33.0,
1304089,JR Hazlewood,Royal Challengers Bengaluru,,,22.0,35.0,
1304089,HV Patel,Royal Challengers Bengaluru,,,25.0,34.0,
1304089,PWH de Silva,Royal Challengers Bengaluru,,,24.0,28.0,2.0
1304089,B Sai Sudharsan,Gujarat Titans,20.0,14.0,,,
1304089,HH Pandya,Gujarat Titans,3.0,5.0,,,
1304089,DA Miller,Gujarat Titans,39.0,26.0,,,
1304089,R Tewatia,Gujarat Titans,43.0,25.0,,,
1304090,JC Buttler,Rajasthan Royals,67.0,54.0,,,
1304090,DR Sams,Mumbai Indians,6.0,1.0,26.0,26.0,1.0
1304090,D Padikkal,Rajasthan Royals,15.0,15.0,,,
1304090,JJ Bumrah,Mumbai Indians,,,25.0,26.0,
1304090,HR Shokeen,Mumbai Indians,,,18.0,47.0,2.0
1304090,SV Samson,Rajasthan Royals,16.0,7.0,,,
1304090,RP Meredith,Mumbai Indians,,,28.0,20.0,2.0
1304090,K Kartikeya,Mumbai Indians,,,24.0,19.0,1.0
1304090,DJ Mitchell,Rajasthan Royals,17.0,21.0,6.0,20.0,
1304090,KA Pollard,Mumbai Indians,10.0,15.0,6.0,8.0,
1304090,SO Hetmyer,Rajasthan Royals,6.0,16.0,,,
1304090,R Parag,Rajasthan Royals,3.0,3.0,,,
1304090,R Ashwin,Rajasthan Royals,21.0,10.0,24.0,21.0,1.0
1304090,TA Boult,Rajasthan Royals,1.0,1.0,20.0,20.0,1.0
1304090,RG Sharma,Mumbai Indians,2.0,5.0,,,
1304090,Ishan Kishan,Mumbai Indians,26.0,19.0,,,
1304090,M Prasidh Krishna,Rajasthan Royals,,,25.0,28.0,1.0
1304090,SA Yadav,Mumbai Indians,51.0,39.0,,,
1304090,Tilak Varma,Mumbai Indians,35.0,31.0,,,
1304090,YS Chahal,Rajasthan Royals,,,24.0,33.0,1.0
1304090,KR Sen,Rajasthan Royals,,,21.0,28.0,1.0
1304090,TH David,Mumbai Indians,20.0,10.0,,,
1304091,Q de Kock,Lucknow Super Giants,23.0,13.0,,,
1304091,Mustafizur Rahman,Delhi Capitals,,,26.0,35.0,
1304091,KL Rahul,Lucknow Super Giants,77.0,56.0,,,
1304091,C Sakariya,Delhi Capitals,,,26.0,41.0,
1304091,AR Patel,Delhi Capitals,42.0,25.0,26.0,23.0,
1304091,Lalit Yadav,Delhi Capitals,3.0,4.0,6.0,16.0,
1304091,SN Thakur,Delhi Capitals,1.0,2.0,30.0,34.0,3.0
1304091,DJ Hooda,Lucknow Super Giants,52.0,36.0,,,
1304091,Kuldeep Yadav,Delhi Capitals,16.0,9.0,18.0,29.0,
1304091,MP Stoinis,Lucknow Super Giants,17.0,18.0,7.0,13.0,
1304091,KH Pandya,Lucknow Super Giants,9.0,9.0,6.0,19.0,
1304091,PP Shaw,Delhi Capitals,5.0,7.0,,,
1304091,Mohsin Khan,Lucknow Super Giants,,,25.0,15.0,4.0
1304091,DA Warner,Delhi Capitals,3.0,4.0,,,
1304091,PVD Chameera,Lucknow Super Giants,,,24.0,44.0,1.0
1304091,MR Marsh,Delhi Capitals,37.0,20.0,,,
1304091,RR Pant,Delhi Capitals,44.0,31.0,,,
1304091,JO Holder,Lucknow Super Giants,,,25.0,44.0,
1304091,Ravi Bishnoi,Lucknow Super Giants,,,24.0,28.0,1.0
1304091,K Gowtham,Lucknow Super Giants,,,12.0,23.0,1.0
1304091,R Powell,Delhi Capitals,35.0,21.0,,,
1304092,RD Gaikwad,Chennai Super Kings,99.0,59.0,,,
1304092,B Kumar,Sunrisers Hyderabad,,,24.0,22.0,
1304092,DP Conway,Chennai Super Kings,85.0,56.0,,,
1304092,M Jansen,Sunrisers Hyderabad,,,24.0,38.0,
1304092,T Natarajan,Sunrisers Hyderabad,,,25.0,41.0,2.0
1304092,AK Markram,Sunrisers Hyderabad,17.0,10.0,18.0,36.0,
1304092,Umran Malik,Sunrisers Hyderabad,,,26.0,46.0,
1304092,Shashank Singh,Sunrisers Hyderabad,15.0,14.0,6.0,10.0,
1304092,MS Dhoni,Chennai Super Kings,8.0,7.0,,,
1304092,RA Jadeja,Chennai Super Kings,1.0,1.0,18.0,15.0,
1304092,Abhishek Sharma,Sunrisers Hyderabad,39.0,24.0,,,
1304092,Mukesh Choudhary,Chennai Super Kings,,,25.0,45.0,4.0
1304092,KS Williamson,Sunrisers Hyderabad,47.0,37.0,,,
1304092,Simarjeet Singh,Chennai Super Kings,,,13.0,23.0,
1304092,MJ Santner,Chennai Super Kings,,,18.0,36.0,1.0
1304092,M Theekshana,Chennai Super Kings,,,24.0,26.0,
1304092,RA Tripathi,Sunrisers Hyderabad,0.0,1.0,,,
1304092,N Pooran,Sunrisers Hyderabad,64.0,35.0,,,
1304092,D Pretorius,Chennai Super Kings,,,25.0,39.0,1.0
1304092,Washington Sundar,Sunrisers Hyderabad,2.0,2.0,,,
1304093,JC Buttler,Rajasthan Royals,22.0,26.0,,,
1304093,UT Yadav,Kolkata Knight Riders,,,26.0,22.0,1.0
1304093,D Padikkal,Rajasthan Royals,2.0,5.0,,,
1304093,AS Roy,Kolkata Knight Riders,,,24.0,28.0,1.0
1304093,SV Samson,Rajasthan Royals,54.0,50.0,,,
1304093,SP Narine,Kolkata Knight Riders,,,24.0,19.0,
1304093,Shivam Mavi,Kolkata Knight Riders,,,26.0,31.0,1.0
1304093,TG Southee,Kolkata Knight Riders,,,27.0,43.0,2.0
1304093,KK Nair,Rajasthan Royals,13.0,13.0,,,
1304093,R Parag,Rajasthan Royals,19.0,12.0,,,
1304093,R Ashwin,Rajasthan Royals,6.0,5.0,24.0,33.0,
1304093,SO Hetmyer,Rajasthan Royals,27.0,16.0,,,
1304093,B Indrajith,Kolkata Knight Riders,15.0,17.0,,,
1304093,TA Boult,Rajasthan Royals,,,26.0,23.0,1.0
1304093,AJ Finch,Kolkata Knight Riders,4.0,8.0,,,
1304093,M Prasidh Krishna,Rajasthan Royals,,,28.0,32.0,1.0
1304093,KR Sen,Rajasthan Royals,,,22.0,24.0,1.0
1304093,SS Iyer,Kolkata Knight Riders,34.0,34.0,,,
1304093,N Rana,Kolkata Knight Riders,48.0,39.0,,,
1304093,YS Chahal,Rajasthan Royals,,,24.0,31.0,
1304093,RK Singh,Kolkata Knight Riders,42.0,26.0,,,
1304094,WP Saha,Gujarat Titans,21.0,17.0,,,
1304094,Sandeep Sharma,Punjab Kings,,,25.0,16.0,
1304094,Shubman Gill,Gujarat Titans,9.0,6.0,,,
1304094,K Rabada,Punjab Kings,,,27.0,30.0,4.0
1304094,HH Pandya,Gujarat Titans,1.0,8.0,,,
1304094,B Sai Sudharsan,Gujarat Titans,65.0,54.0,,,
1304094,Arshdeep Singh,Punjab Kings,,,26.0,34.0,1.0
1304094,R Dhawan,Punjab Kings,,,27.0,23.0,1.0
1304094,DA Miller,Gujarat Titans,11.0,14.0,,,
1304094,LS Livingstone,Punjab Kings,30.0,10.0,15.0,15.0,1.0
1304094,RD Chahar,Punjab Kings,,,9.0,11.0,
1304094,R Tewatia,Gujarat Titans,11.0,15.0,,,
1304094,Rashid Khan,Gujarat Titans,0.0,1.0,24.0,21.0,
1304094,PJ Sangwan,Gujarat Titans,2.0,6.0,12.0,23.0,
1304094,LH Ferguson,Gujarat Titans,5.0,3.0,21.0,22.0,1.0
1304094,AS Joseph,Gujarat Titans,4.0,5.0,19.0,24.0,
1304094,JM Bairstow,Punjab Kings,1.0,6.0,,,
1304094,Mohammed Shami,Gujarat Titans,,,24.0,43.0,1.0
1304094,S Dhawan,Punjab Kings,62.0,55.0,,,
1304094,PBB Rajapaksa,Punjab Kings,40.0,29.0,,,
1304095,V Kohli,Royal Challengers Bengaluru,30.0,35.0,,,
1304095,Mukesh Choudhary,Chennai Super Kings,,,19.0,29.0,
1304095,F du Plessis,Royal Challengers Bengaluru,38.0,23.0,,,
1304095,Simarjeet Singh,Chennai Super Kings,2.0,2.0,13.0,20.0,
1304095,M Theekshana,Chennai Super Kings,7.0,4.0,24.0,27.0,3.0
1304095,RA Jadeja,Chennai Super Kings,3.0,5.0,24.0,20.0,
1304095,MM Ali,Chennai Super Kings,34.0,27.0,27.0,25.0,2.0
1304095,GJ Maxwell,Royal Challengers Bengaluru,3.0,3.0,24.0,22.0,2.0
1304095,MK Lomror,Royal Challengers Bengaluru,42.0,29.0,,,
1304095,RM Patidar,Royal Challengers Bengaluru,21.0,17.0,,,
1304095,D Pretorius,Chennai Super Kings,13.0,8.0,20.0,40.0,1.0
1304095,KD Karthik,Royal Challengers Bengaluru,26.0,17.0,,,
1304095,PWH de Silva,Royal Challengers Bengaluru,0.0,1.0,18.0,31.0,1.0
1304095,Shahbaz Ahmed,Royal Challengers Bengaluru,1.0,2.0,18.0,27.0,1.0
1304095,RD Gaikwad,Chennai Super Kings,28.0,23.0,,,
1304095,DP Conway,Chennai Super Kings,56.0,37.0,,,
1304095,JR Hazlewood,Royal Challengers Bengaluru,,,24.0,19.0,1.0
1304095,Mohammed Siraj,Royal Challengers Bengaluru,,,12.0,22.0,
1304095,RV Uthappa,Chennai Super Kings,1.0,3.0,,,
1304095,AT Rayudu,Chennai Super Kings,10.0,8.0,,,
1304095,HV Patel,Royal Challengers Bengaluru,,,24.0,35.0,3.0
1304095,MS Dhoni,Chennai Super Kings,2.0,3.0,,,
1304096,Mandeep Singh,Delhi Capitals,0.0,5.0,,,
1304096,B Kumar,Sunrisers Hyderabad,5.0,3.0,24.0,25.0,1.0
1304096,MR Marsh,Delhi Capitals,10.0,7.0,25.0,35.0,1.0
1304096,DA Warner,Delhi Capitals,92.0,63.0,,,
1304096,SA Abbott,Sunrisers Hyderabad,7.0,5.0,27.0,44.0,1.0
1304096,Umran Malik,Sunrisers Hyderabad,,,26.0,46.0,
1304096,RR Pant,Delhi Capitals,26.0,16.0,,,
1304096,Kartik Tyagi,Sunrisers Hyderabad,7.0,5.0,26.0,35.0,
1304096,S Gopal,Sunrisers Hyderabad,9.0,7.0,18.0,34.0,1.0
1304096,AK Markram,Sunrisers Hyderabad,42.0,26.0,6.0,11.0,
1304096,R Powell,Delhi Capitals,67.0,36.0,,,
1304096,Abhishek Sharma,Sunrisers Hyderabad,7.0,7.0,,,
1304096,SN Thakur,Delhi Capitals,,,26.0,38.0,2.0
1304096,KS Williamson,Sunrisers Hyderabad,4.0,11.0,,,
1304096,KK Ahmed,Delhi Capitals,,,24.0,30.0,3.0
1304096,RA Tripathi,Sunrisers Hyderabad,22.0,18.0,,,
1304096,A Nortje,Delhi Capitals,,,27.0,32.0,1.0
1304096,Kuldeep Yadav,Delhi Capitals,,,24.0,40.0,1.0
1304096,N Pooran,Sunrisers Hyderabad,62.0,38.0,,,
1304096,Shashank Singh,Sunrisers Hyderabad,10.0,6.0,,,
1304097,Ishan Kishan,Mumbai Indians,45.0,30.0,,,
1304097,Mohammed Shami,Gujarat Titans,,,26.0,40.0,
1304097,RG Sharma,Mumbai Indians,43.0,29.0,,,
1304097,AS Joseph,Gujarat Titans,,,24.0,41.0,1.0
1304097,Rashid Khan,Gujarat Titans,1.0,1.0,24.0,24.0,2.0
1304097,LH Ferguson,Gujarat Titans,,,25.0,33.0,1.0
1304097,PJ Sangwan,Gujarat Titans,,,20.0,21.0,1.0
1304097,SA Yadav,Mumbai Indians,13.0,11.0,,,
1304097,R Tewatia,Gujarat Titans,3.0,4.0,6.0,11.0,
1304097,Tilak Varma,Mumbai Indians,21.0,16.0,,,
1304097,KA Pollard,Mumbai Indians,4.0,15.0,12.0,13.0,1.0
1304097,TH David,Mumbai Indians,44.0,22.0,,,
1304097,DR Sams,Mumbai Indians,0.0,2.0,18.0,18.0,
1304097,WP Saha,Gujarat Titans,55.0,41.0,,,
1304097,Shubman Gill,Gujarat Titans,52.0,36.0,,,
1304097,JJ Bumrah,Mumbai Indians,,,24.0,48.0,
1304097,M Ashwin,Mumbai Indians,,,24.0,29.0,2.0
1304097,RP Meredith,Mumbai Indians,,,25.0,31.0,
1304097,K Kartikeya,Mumbai Indians,,,18.0,29.0,
1304097,HH Pandya,Gujarat Titans,24.0,14.0,,,
1304097,B Sai Sudharsan,Gujarat Titans,14.0,11.0,,,
1304097,DA Miller,Gujarat Titans,19.0,14.0,,,
1304098,JM Bairstow,Punjab Kings,56.0,42.0,,,
1304098,TA Boult,Rajasthan Royals,,,25.0,35.0,
1304098,S Dhawan,Punjab Kings,12.0,18.0,,,
1304098,M Prasidh Krishna,Rajasthan Royals,,,27.0,45.0,1.0
1304098,KR Sen,Rajasthan Royals,,,26.0,40.0,
1304098,R Ashwin,Rajasthan Royals,,,25.0,31.0,1.0
1304098,PBB Rajapaksa,Punjab Kings,27.0,18.0,,,
1304098,YS Chahal,Rajasthan Royals,,,28.0,24.0,3.0
1304098,MA Agarwal,Punjab Kings,15.0,14.0,,,
1304098,JM Sharma,Punjab Kings,38.0,20.0,,,
1304098,LS Livingstone,Punjab Kings,22.0,17.0,7.0,5.0,
1304098,R Dhawan,Punjab Kings,5.0,2.0,18.0,25.0,1.0
1304098,YBK Jaiswal,Rajasthan Royals,68.0,42.0,,,
1304098,Sandeep Sharma,Punjab Kings,,,25.0,40.0,
1304098,JC Buttler,Rajasthan Royals,30.0,16.0,,,
1304098,K Rabada,Punjab Kings,,,25.0,49.0,1.0
1304098,SV Samson,Rajasthan Royals,23.0,12.0,,,
1304098,Arshdeep Singh,Punjab Kings,,,25.0,28.0,2.0
1304098,RD Chahar,Punjab Kings,,,24.0,36.0,
1304098,D Padikkal,Rajasthan Royals,31.0,35.0,,,
1304098,SO Hetmyer,Rajasthan Royals,31.0,18.0,,,
1304098,R Parag,Rajasthan Royals,0.0,1.0,,,
1304099,Q de Kock,Lucknow Super Giants,50.0,29.0,,,
1304099,TG Southee,Kolkata Knight Riders,0.0,1.0,24.0,28.0,1.0
1304099,DJ Hooda,Lucknow Super Giants,41.0,27.0,,,
1304099,Shivam Mavi,Kolkata Knight Riders,1.0,3.0,25.0,49.0,1.0
1304099,SP Narine,Kolkata Knight Riders,22.0,12.0,24.0,20.0,1.0
1304099,AS Roy,Kolkata Knight Riders,0.0,2.0,18.0,27.0,
1304099,Harshit Rana,Kolkata Knight Riders,2.0,1.0,12.0,27.0,
1304099,KH Pandya,Lucknow Super Giants,25.0,27.0,,,
1304099,AD Russell,Kolkata Knight Riders,45.0,19.0,19.0,21.0,2.0
1304099,A Badoni,Lucknow Super Giants,15.0,19.0,,,
1304099,MP Stoinis,Lucknow Super Giants,28.0,15.0,,,
1304099,JO Holder,Lucknow Super Giants,13.0,4.0,15.0,31.0,3.0
1304099,PVD Chameera,Lucknow Super Giants,0.0,1.0,18.0,14.0,1.0
1304099,B Indrajith,Kolkata Knight Riders,0.0,6.0,,,
1304099,Mohsin Khan,Lucknow Super Giants,,,18.0,6.0,1.0
1304099,AJ Finch,Kolkata Knight Riders,14.0,15.0,,,
1304099,SS Iyer,Kolkata Knight Riders,6.0,9.0,,,
1304099,N Rana,Kolkata Knight Riders,2.0,11.0,,,
1304099,Avesh Khan,Lucknow Super Giants,,,20.0,17.0,3.0
1304099,RK Singh,Kolkata Knight Riders,6.0,10.0,,,
1304099,Ravi Bishnoi,Lucknow Super Giants,,,18.0,30.0,1.0
1304100,V Kohli,Royal Challengers Bengaluru,0.0,1.0,,,
1304100,J Suchith,Sunrisers Hyderabad,2.0,7.0,26.0,27.0,2.0
1304100,RM Patidar,Royal Challengers Bengaluru,48.0,40.0,,,
1304100,F du Plessis,Royal Challengers Bengaluru,73.0,52.0,,,
1304100,B Kumar,Sunrisers Hyderabad,8.0,10.0,24.0,34.0,
1304100,Fazalhaq Farooqi,Sunrisers Hyderabad,2.0,8.0,24.0,47.0,
1304100,Kartik Tyagi,Sunrisers Hyderabad,0.0,1.0,28.0,38.0,1.0
1304100,Umran Malik,Sunrisers Hyderabad,0.0,1.0,12.0,25.0,
1304100,Abhishek Sharma,Sunrisers Hyderabad,0.0,3.0,12.0,13.0,
1304100,GJ Maxwell,Royal Challengers Bengaluru,33.0,25.0,12.0,13.0,1.0
1304100,KD Karthik,Royal Challengers Bengaluru,30.0,8.0,,,
1304100,RA Tripathi,Sunrisers Hyderabad,58.0,40.0,,,
1304100,AK Markram,Sunrisers Hyderabad,21.0,27.0,,,
1304100,JR Hazlewood,Royal Challengers Bengaluru,,,24.0,17.0,2.0
1304100,Shahbaz Ahmed,Royal Challengers Bengaluru,,,14.0,18.0,
1304100,Mohammed Siraj,Royal Challengers Bengaluru,,,19.0,26.0,
1304100,MK Lomror,Royal Challengers Bengaluru,,,6.0,7.0,
1304100,HV Patel,Royal Challengers Bengaluru,,,21.0,19.0,1.0
1304100,PWH de Silva,Royal Challengers Bengaluru,,,24.0,18.0,5.0
1304100,N Pooran,Sunrisers Hyderabad,19.0,14.0,,,
1304100,Shashank Singh,Sunrisers Hyderabad,8.0,9.0,,,
1304101,RD Gaikwad,Chennai Super Kings,41.0,35.0,,,
1304101,SN Thakur,Delhi Capitals,24.0,19.0,20.0,35.0,
1304101,DP Conway,Chennai Super Kings,87.0,51.0,,,
1304101,KK Ahmed,Delhi Capitals,0.0,1.0,27.0,25.0,2.0
1304101,A Nortje,Delhi Capitals,1.0,7.0,25.0,41.0,3.0
1304101,AR Patel,Delhi Capitals,1.0,3.0,18.0,23.0,
1304101,Kuldeep Yadav,Delhi Capitals,5.0,18.0,20.0,41.0,
1304101,MR Marsh,Delhi Capitals,25.0,20.0,21.0,31.0,1.0
1304101,S Dube,Chennai Super Kings,32.0,22.0,,,
1304101,AT Rayudu,Chennai Super Kings,5.0,7.0,,,
1304101,MS Dhoni,Chennai Super Kings,21.0,10.0,,,
1304101,MM Ali,Chennai Super Kings,9.0,4.0,24.0,13.0,3.0
1304101,RV Uthappa,Chennai Super Kings,0.0,1.0,,,
1304101,DJ Bravo,Chennai Super Kings,1.0,1.0,17.0,23.0,2.0
1304101,DA Warner,Delhi Capitals,19.0,12.0,,,
1304101,Mukesh Choudhary,Chennai Super Kings,,,18.0,22.0,2.0
1304101,KS Bharat,Delhi Capitals,8.0,5.0,,,
1304101,Simarjeet Singh,Chennai Super Kings,,,25.0,26.0,2.0
1304101,M Theekshana,Chennai Super Kings,,,24.0,29.0,1.0
1304101,RR Pant,Delhi Capitals,21.0,11.0,,,
1304101,R Powell,Delhi Capitals,3.0,9.0,,,
1304101,RV Patel,Delhi Capitals,6.0,3.0,,,
1304102,VR Iyer,Kolkata Knight Riders,43.0,26.0,6.0,8.0,
1304102,DR Sams,Mumbai Indians,1.0,2.0,27.0,23.0,1.0
1304102,AM Rahane,Kolkata Knight Riders,25.0,25.0,,,
1304102,M Ashwin,Mumbai Indians,0.0,2.0,25.0,34.0,1.0
1304102,JJ Bumrah,Mumbai Indians,,,24.0,10.0,5.0
1304102,RP Meredith,Mumbai Indians,0.0,1.0,19.0,30.0,
1304102,K Kartikeya,Mumbai Indians,3.0,6.0,18.0,32.0,2.0
1304102,N Rana,Kolkata Knight Riders,43.0,28.0,,,
1304102,KA Pollard,Mumbai Indians,15.0,16.0,13.0,25.0,
1304102,SS Iyer,Kolkata Knight Riders,6.0,8.0,,,
1304102,AD Russell,Kolkata Knight Riders,9.0,5.0,15.0,22.0,2.0
1304102,RK Singh,Kolkata Knight Riders,23.0,20.0,,,
1304102,SP Jackson,Kolkata Knight Riders,5.0,7.0,,,
1304102,PJ Cummins,Kolkata Knight Riders,0.0,2.0,25.0,21.0,3.0
1304102,SP Narine,Kolkata Knight Riders,0.0,1.0,25.0,20.0,
1304102,TG Southee,Kolkata Knight Riders,0.0,4.0,18.0,10.0,1.0
1304102,RG Sharma,Mumbai Indians,2.0,6.0,,,
1304102,Ishan Kishan,Mumbai Indians,51.0,43.0,,,
1304102,Tilak Varma,Mumbai Indians,6.0,5.0,,,
1304102,Ramandeep Singh,Mumbai Indians,12.0,17.0,,,
1304102,CV Varun,Kolkata Knight Riders,,,18.0,22.0,1.0
1304102,TH David,Mumbai Indians,13.0,9.0,,,
1304103,WP Saha,Gujarat Titans,5.0,11.0,,,
1304103,Mohsin Khan,Lucknow Super Giants,1.0,3.0,24.0,18.0,1.0
1304103,Shubman Gill,Gujarat Titans,63.0,50.0,,,
1304103,PVD Chameera,Lucknow Super Giants,,,26.0,32.0,
1304103,MS Wade,Gujarat Titans,10.0,7.0,,,
1304103,Avesh Khan,Lucknow Super Giants,12.0,4.0,25.0,25.0,2.0
1304103,HH Pandya,Gujarat Titans,11.0,13.0,6.0,8.0,
1304103,KH Pandya,Lucknow Super Giants,5.0,5.0,24.0,24.0,
1304103,JO Holder,Lucknow Super Giants,1.0,2.0,27.0,38.0,1.0
1304103,DA Miller,Gujarat Titans,26.0,26.0,,,
1304103,R Tewatia,Gujarat Titans,22.0,19.0,,,
1304103,Q de Kock,Lucknow Super Giants,11.0,10.0,,,
1304103,Mohammed Shami,Gujarat Titans,,,19.0,4.0,1.0
1304103,KL Rahul,Lucknow Super Giants,8.0,17.0,,,
1304103,Yash Dayal,Gujarat Titans,,,12.0,24.0,2.0
1304103,DJ Hooda,Lucknow Super Giants,27.0,27.0,,,
1304103,KS Sharma,Lucknow Super Giants,4.0,4.0,,,
1304103,AS Joseph,Gujarat Titans,,,12.0,14.0,
1304103,Rashid Khan,Gujarat Titans,,,25.0,22.0,4.0
1304103,A Badoni,Lucknow Super Giants,8.0,12.0,,,
1304103,R Sai Kishore,Gujarat Titans,,,12.0,7.0,2.0
1304103,MP Stoinis,Lucknow Super Giants,2.0,2.0,,,
1304104,YBK Jaiswal,Rajasthan Royals,19.0,19.0,,,
1304104,C Sakariya,Delhi Capitals,,,27.0,20.0,2.0
1304104,JC Buttler,Rajasthan Royals,7.0,13.0,,,
1304104,A Nortje,Delhi Capitals,,,25.0,38.0,2.0
1304104,R Ashwin,Rajasthan Royals,50.0,38.0,26.0,30.0,
1304104,SN Thakur,Delhi Capitals,,,25.0,26.0,
1304104,AR Patel,Delhi Capitals,,,12.0,25.0,
1304104,MR Marsh,Delhi Capitals,89.0,64.0,18.0,25.0,2.0
1304104,Kuldeep Yadav,Delhi Capitals,,,18.0,20.0,
1304104,D Padikkal,Rajasthan Royals,48.0,31.0,,,
1304104,SV Samson,Rajasthan Royals,6.0,4.0,,,
1304104,R Parag,Rajasthan Royals,9.0,6.0,,,
1304104,HE van der Dussen,Rajasthan Royals,12.0,10.0,,,
1304104,TA Boult,Rajasthan Royals,3.0,4.0,26.0,30.0,1.0
1304104,KS Bharat,Delhi Capitals,0.0,2.0,,,
1304104,DA Warner,Delhi Capitals,52.0,44.0,,,
1304104,M Prasidh Krishna,Rajasthan Royals,,,18.0,20.0,
1304104,KR Sen,Rajasthan Royals,,,19.0,32.0,
1304104,YS Chahal,Rajasthan Royals,,,25.0,42.0,1.0
1304104,RR Pant,Delhi Capitals,13.0,4.0,,,
1304105,RD Gaikwad,Chennai Super Kings,7.0,6.0,,,
1304105,DR Sams,Mumbai Indians,1.0,7.0,30.0,10.0,3.0
1304105,DP Conway,Chennai Super Kings,0.0,1.0,,,
1304105,MM Ali,Chennai Super Kings,0.0,3.0,11.0,17.0,1.0
1304105,RV Uthappa,Chennai Super Kings,1.0,8.0,,,
1304105,JJ Bumrah,Mumbai Indians,,,18.0,12.0,1.0
1304105,AT Rayudu,Chennai Super Kings,10.0,14.0,,,
1304105,MS Dhoni,Chennai Super Kings,36.0,37.0,,,
1304105,RP Meredith,Mumbai Indians,,,19.0,22.0,2.0
1304105,S Dube,Chennai Super Kings,10.0,9.0,,,
1304105,HR Shokeen,Mumbai Indians,18.0,23.0,13.0,11.0,
1304105,DJ Bravo,Chennai Super Kings,12.0,16.0,13.0,15.0,
1304105,K Kartikeya,Mumbai Indians,,,18.0,22.0,2.0
1304105,Simarjeet Singh,Chennai Super Kings,2.0,3.0,25.0,17.0,1.0
1304105,M Theekshana,Chennai Super Kings,0.0,3.0,18.0,24.0,
1304105,Ramandeep Singh,Mumbai Indians,,,6.0,5.0,1.0
1304105,Mukesh Choudhary,Chennai Super Kings,4.0,4.0,27.0,20.0,3.0
1304105,Ishan Kishan,Mumbai Indians,6.0,5.0,,,
1304105,RG Sharma,Mumbai Indians,18.0,16.0,,,
1304105,Tilak Varma,Mumbai Indians,34.0,34.0,,,
1304105,T Stubbs,Mumbai Indians,0.0,2.0,,,
1304105,TH David,Mumbai Indians,16.0,7.0,,,
1304106,JM Bairstow,Punjab Kings,66.0,30.0,,,
1304106,GJ Maxwell,Royal Challengers Bengaluru,35.0,23.0,12.0,17.0,1.0
1304106,S Dhawan,Punjab Kings,21.0,15.0,,,
1304106,JR Hazlewood,Royal Challengers Bengaluru,7.0,4.0,26.0,62.0,
1304106,Mohammed Siraj,Royal Challengers Bengaluru,9.0,13.0,13.0,35.0,
1304106,PBB Rajapaksa,Punjab Kings,1.0,3.0,,,
1304106,PWH de Silva,Royal Challengers Bengaluru,1.0,4.0,24.0,15.0,2.0
1304106,LS Livingstone,Punjab Kings,70.0,44.0,,,
1304106,Shahbaz Ahmed,Royal Challengers Bengaluru,9.0,14.0,24.0,40.0,1.0
1304106,MA Agarwal,Punjab Kings,19.0,16.0,,,
1304106,HV Patel,Royal Challengers Bengaluru,11.0,8.0,25.0,33.0,4.0
1304106,JM Sharma,Punjab Kings,9.0,5.0,,,
1304106,Harpreet Brar,Punjab Kings,7.0,5.0,26.0,31.0,1.0
1304106,R Dhawan,Punjab Kings,7.0,3.0,24.0,36.0,2.0
1304106,RD Chahar,Punjab Kings,2.0,2.0,27.0,34.0,2.0
1304106,K Rabada,Punjab Kings,0.0,1.0,26.0,18.0,3.0
1304106,V Kohli,Royal Challengers Bengaluru,20.0,16.0,,,
1304106,F du Plessis,Royal Challengers Bengaluru,10.0,8.0,,,
1304106,Arshdeep Singh,Punjab Kings,,,25.0,26.0,1.0
1304106,RM Patidar,Royal Challengers Bengaluru,26.0,24.0,,,
1304106,MK Lomror,Royal Challengers Bengaluru,6.0,3.0,,,
1304106,KD Karthik,Royal Challengers Bengaluru,11.0,11.0,,,
1304107,VR Iyer,Kolkata Knight Riders,7.0,7.0,,,
1304107,B Kumar,Sunrisers Hyderabad,6.0,8.0,29.0,22.0,1.0
1304107,AM Rahane,Kolkata Knight Riders,28.0,25.0,,,
1304107,M Jansen,Sunrisers Hyderabad,1.0,2.0,24.0,30.0,1.0
1304107,N Rana,Kolkata Knight Riders,26.0,16.0,,,
1304107,T Natarajan,Sunrisers Hyderabad,,,25.0,42.0,1.0
1304107,Washington Sundar,Sunrisers Hyderabad,4.0,9.0,24.0,40.0,
1304107,Umran Malik,Sunrisers Hyderabad,3.0,5.0,26.0,31.0,3.0
1304107,SS Iyer,Kolkata Knight Riders,15.0,9.0,,,
1304107,SW Billings,Kolkata Knight Riders,34.0,31.0,,,
1304107,RK Singh,Kolkata Knight Riders,5.0,7.0,,,
1304107,AD Russell,Kolkata Knight Riders,49.0,31.0,26.0,20.0,3.0
1304107,SP Narine,Kolkata Knight Riders,1.0,2.0,24.0,34.0,1.0
1304107,Abhishek Sharma,Sunrisers Hyderabad,43.0,28.0,,,
1304107,UT Yadav,Kolkata Knight Riders,,,24.0,19.0,1.0
1304107,KS Williamson,Sunrisers Hyderabad,9.0,17.0,,,
1304107,TG Southee,Kolkata Knight Riders,,,24.0,23.0,2.0
1304107,RA Tripathi,Sunrisers Hyderabad,9.0,13.0,,,
1304107,CV Varun,Kolkata Knight Riders,,,25.0,24.0,1.0
1304107,AK Markram,Sunrisers Hyderabad,32.0,25.0,,,
1304107,N Pooran,Sunrisers Hyderabad,2.0,4.0,,,
1304107,Shashank Singh,Sunrisers Hyderabad,11.0,12.0,,,
1304108,RD Gaikwad,Chennai Super Kings,53.0,49.0,,,
1304108,Mohammed Shami,Gujarat Titans,,,24.0,19.0,2.0
1304108,DP Conway,Chennai Super Kings,5.0,9.0,,,
1304108,HH Pandya,Gujarat Titans,7.0,6.0,13.0,7.0,
1304108,MM Ali,Chennai Super Kings,21.0,18.0,12.0,11.0,1.0
1304108,Yash Dayal,Gujarat Titans,,,21.0,24.0,
1304108,Rashid Khan,Gujarat Titans,,,24.0,31.0,1.0
1304108,AS Joseph,Gujarat Titans,,,18.0,15.0,1.0
1304108,R Sai Kishore,Gujarat Titans,,,25.0,30.0,1.0
1304108,N Jagadeesan,Chennai Super Kings,39.0,36.0,,,
1304108,S Dube,Chennai Super Kings,0.0,2.0,,,
1304108,MS Dhoni,Chennai Super Kings,7.0,10.0,,,
1304108,MJ Santner,Chennai Super Kings,1.0,1.0,24.0,24.0,
1304108,WP Saha,Gujarat Titans,67.0,59.0,,,
1304108,Mukesh Choudhary,Chennai Super Kings,,,18.0,28.0,
1304108,Shubman Gill,Gujarat Titans,18.0,17.0,,,
1304108,Simarjeet Singh,Chennai Super Kings,,,19.0,25.0,
1304108,PH Solanki,Chennai Super Kings,,,24.0,18.0,
1304108,M Pathirana,Chennai Super Kings,,,22.0,21.0,2.0
1304108,MS Wade,Gujarat Titans,20.0,16.0,,,
1304108,DA Miller,Gujarat Titans,15.0,21.0,,,
1304109,YBK Jaiswal,Rajasthan Royals,41.0,29.0,,,
1304109,Mohsin Khan,Lucknow Super Giants,9.0,10.0,25.0,42.0,
1304109,JC Buttler,Rajasthan Royals,2.0,6.0,,,
1304109,PVD Chameera,Lucknow Super Giants,0.0,2.0,19.0,34.0,
1304109,Avesh Khan,Lucknow Super Giants,1.0,2.0,18.0,20.0,1.0
1304109,SV Samson,Rajasthan Royals,32.0,25.0,,,
1304109,JO Holder,Lucknow Super Giants,1.0,3.0,12.0,12.0,1.0
1304109,Ravi Bishnoi,Lucknow Super Giants,,,25.0,30.0,2.0
1304109,D Padikkal,Rajasthan Royals,39.0,18.0,,,
1304109,MP Stoinis,Lucknow Super Giants,27.0,18.0,6.0,15.0,
1304109,A Badoni,Lucknow Super Giants,0.0,1.0,6.0,5.0,1.0
1304109,R Parag,Rajasthan Royals,19.0,16.0,,,
1304109,KH Pandya,Lucknow Super Giants,25.0,23.0,12.0,16.0,
1304109,JDS Neesham,Rajasthan Royals,14.0,12.0,,,
1304109,R Ashwin,Rajasthan Royals,10.0,8.0,25.0,23.0,1.0
1304109,TA Boult,Rajasthan Royals,17.0,9.0,24.0,18.0,2.0
1304109,Q de Kock,Lucknow Super Giants,7.0,9.0,,,
1304109,KL Rahul,Lucknow Super Giants,10.0,19.0,,,
1304109,M Prasidh Krishna,Rajasthan Royals,,,26.0,26.0,2.0
1304109,DJ Hooda,Lucknow Super Giants,59.0,41.0,,,
1304109,YS Chahal,Rajasthan Royals,,,25.0,41.0,1.0
1304109,OC McCoy,Rajasthan Royals,,,28.0,31.0,2.0
1304110,DA Warner,Delhi Capitals,0.0,1.0,,,
1304110,LS Livingstone,Punjab Kings,3.0,5.0,26.0,25.0,3.0
1304110,MR Marsh,Delhi Capitals,63.0,49.0,,,
1304110,SN Khan,Delhi Capitals,32.0,16.0,,,
1304110,K Rabada,Punjab Kings,6.0,4.0,18.0,24.0,1.0
1304110,Harpreet Brar,Punjab Kings,1.0,2.0,18.0,29.0,
1304110,R Dhawan,Punjab Kings,4.0,13.0,12.0,17.0,
1304110,Arshdeep Singh,Punjab Kings,2.0,3.0,25.0,36.0,3.0
1304110,Lalit Yadav,Delhi Capitals,24.0,21.0,7.0,5.0,
1304110,RD Chahar,Punjab Kings,25.0,25.0,24.0,19.0,
1304110,RR Pant,Delhi Capitals,7.0,3.0,,,
1304110,R Powell,Delhi Capitals,2.0,6.0,,,
1304110,AR Patel,Delhi Capitals,17.0,21.0,24.0,14.0,2.0
1304110,SN Thakur,Delhi Capitals,3.0,4.0,27.0,33.0,4.0
1304110,Kuldeep Yadav,Delhi Capitals,2.0,2.0,18.0,14.0,2.0
1304110,JM Bairstow,Punjab Kings,28.0,15.0,,,
1304110,KK Ahmed,Delhi Capitals,,,24.0,43.0,
1304110,S Dhawan,Punjab Kings,19.0,16.0,,,
1304110,A Nortje,Delhi Capitals,,,26.0,27.0,1.0
1304110,PBB Rajapaksa,Punjab Kings,4.0,6.0,,,
1304110,MA Agarwal,Punjab Kings,0.0,2.0,,,
1304110,JM Sharma,Punjab Kings,44.0,35.0,,,
1304111,Abhishek Sharma,Sunrisers Hyderabad,9.0,10.0,6.0,10.0,
1304111,DR Sams,Mumbai Indians,15.0,12.0,24.0,39.0,1.0
1304111,PK Garg,Sunrisers Hyderabad,42.0,26.0,,,
1304111,RP Meredith,Mumbai Indians,,,26.0,42.0,1.0
1304111,RA Tripathi,Sunrisers Hyderabad,76.0,47.0,,,
1304111,R Sanjay Yadav,Mumbai Indians,0.0,2.0,14.0,21.0,
1304111,JJ Bumrah,Mumbai Indians,0.0,4.0,24.0,32.0,1.0
1304111,M Markande,Mumbai Indians,,,18.0,31.0,
1304111,Ramandeep Singh,Mumbai Indians,14.0,7.0,19.0,19.0,3.0
1304111,N Pooran,Sunrisers Hyderabad,38.0,22.0,,,
1304111,AK Markram,Sunrisers Hyderabad,2.0,4.0,,,
1304111,KS Williamson,Sunrisers Hyderabad,8.0,7.0,,,
1304111,Washington Sundar,Sunrisers Hyderabad,9.0,9.0,24.0,36.0,1.0
1304111,RG Sharma,Mumbai Indians,48.0,38.0,,,
1304111,Fazalhaq Farooqi,Sunrisers Hyderabad,,,27.0,28.0,
1304111,Ishan Kishan,Mumbai Indians,43.0,35.0,,,
1304111,B Kumar,Sunrisers Hyderabad,,,24.0,26.0,1.0
1304111,T Natarajan,Sunrisers Hyderabad,,,26.0,58.0,
1304111,Umran Malik,Sunrisers Hyderabad,,,23.0,18.0,3.0
1304111,Tilak Varma,Mumbai Indians,8.0,10.0,,,
1304111,TH David,Mumbai Indians,46.0,20.0,,,
1304111,T Stubbs,Mumbai Indians,2.0,2.0,,,
1304112,Q de Kock,Lucknow Super Giants,140.0,71.0,,,
1304112,UT Yadav,Kolkata Knight Riders,0.0,1.0,24.0,34.0,
1304112,KL Rahul,Lucknow Super Giants,68.0,51.0,,,
1304112,TG Southee,Kolkata Knight Riders,,,25.0,56.0,
1304112,SP Narine,Kolkata Knight Riders,21.0,7.0,24.0,27.0,
1304112,CV Varun,Kolkata Knight Riders,,,25.0,37.0,
1304112,AD Russell,Kolkata Knight Riders,5.0,11.0,18.0,45.0,
1304112,N Rana,Kolkata Knight Riders,42.0,23.0,6.0,9.0,
1304112,VR Iyer,Kolkata Knight Riders,0.0,4.0,,,
1304112,Mohsin Khan,Lucknow Super Giants,,,25.0,19.0,3.0
1304112,A Tomar,Kolkata Knight Riders,4.0,8.0,,,
1304112,JO Holder,Lucknow Super Giants,,,26.0,43.0,
1304112,SS Iyer,Kolkata Knight Riders,50.0,30.0,,,
1304112,Avesh Khan,Lucknow Super Giants,,,28.0,56.0,
1304112,K Gowtham,Lucknow Super Giants,,,12.0,23.0,1.0
1304112,Ravi Bishnoi,Lucknow Super Giants,,,24.0,34.0,1.0
1304112,SW Billings,Kolkata Knight Riders,36.0,26.0,,,
1304112,MP Stoinis,Lucknow Super Giants,,,12.0,23.0,3.0
1304112,RK Singh,Kolkata Knight Riders,40.0,17.0,,,
1304113,WP Saha,Gujarat Titans,31.0,23.0,,,
1304113,S Kaul,Royal Challengers Bengaluru,,,24.0,43.0,
1304113,Shubman Gill,Gujarat Titans,1.0,4.0,,,
1304113,Shahbaz Ahmed,Royal Challengers Bengaluru,,,12.0,15.0,
1304113,JR Hazlewood,Royal Challengers Bengaluru,,,24.0,39.0,2.0
1304113,MS Wade,Gujarat Titans,16.0,13.0,,,
1304113,GJ Maxwell,Royal Challengers Bengaluru,40.0,19.0,25.0,27.0,1.0
1304113,HH Pandya,Gujarat Titans,62.0,47.0,19.0,34.0,
1304113,MK Lomror,Royal Challengers Bengaluru,,,6.0,11.0,
1304113,PWH de Silva,Royal Challengers Bengaluru,,,25.0,24.0,1.0
1304113,HV Patel,Royal Challengers Bengaluru,,,6.0,6.0,
1304113,DA Miller,Gujarat Titans,34.0,26.0,,,
1304113,R Tewatia,Gujarat Titans,2.0,3.0,,,
1304113,Rashid Khan,Gujarat Titans,19.0,6.0,24.0,32.0,2.0
1304113,V Kohli,Royal Challengers Bengaluru,73.0,56.0,,,
1304113,Mohammed Shami,Gujarat Titans,,,13.0,18.0,
1304113,F du Plessis,Royal Challengers Bengaluru,44.0,38.0,,,
1304113,Yash Dayal,Gujarat Titans,,,25.0,34.0,
1304113,R Sai Kishore,Gujarat Titans,,,24.0,20.0,
1304113,LH Ferguson,Gujarat Titans,,,10.0,21.0,
1304113,KD Karthik,Royal Challengers Bengaluru,2.0,2.0,,,
1304114,RD Gaikwad,Chennai Super Kings,2.0,6.0,,,
1304114,TA Boult,Rajasthan Royals,,,24.0,44.0,1.0
1304114,DP Conway,Chennai Super Kings,16.0,14.0,,,
1304114,M Prasidh Krishna,Rajasthan Royals,,,24.0,32.0,
1304114,MM Ali,Chennai Super Kings,93.0,60.0,24.0,21.0,1.0
1304114,R Ashwin,Rajasthan Royals,40.0,23.0,26.0,26.0,1.0
1304114,YS Chahal,Rajasthan Royals,,,25.0,25.0,2.0
1304114,N Jagadeesan,Chennai Super Kings,1.0,4.0,,,
1304114,OC McCoy,Rajasthan Royals,,,26.0,18.0,2.0
1304114,AT Rayudu,Chennai Super Kings,3.0,7.0,,,
1304114,MS Dhoni,Chennai Super Kings,26.0,29.0,,,
1304114,Simarjeet Singh,Chennai Super Kings,3.0,3.0,18.0,18.0,1.0
1304114,MJ Santner,Chennai Super Kings,1.0,2.0,18.0,15.0,1.0
1304114,YBK Jaiswal,Rajasthan Royals,59.0,46.0,,,
1304114,Mukesh Choudhary,Chennai Super Kings,,,24.0,41.0,
1304114,JC Buttler,Rajasthan Royals,2.0,5.0,,,
1304114,SV Samson,Rajasthan Royals,15.0,20.0,,,
1304114,M Pathirana,Chennai Super Kings,,,26.0,20.0,
1304114,D Padikkal,Rajasthan Royals,3.0,9.0,,,
1304114,PH Solanki,Chennai Super Kings,,,12.0,20.0,2.0
1304114,SO Hetmyer,Rajasthan Royals,6.0,7.0,,,
1304114,R Parag,Rajasthan Royals,10.0,12.0,,,
1304115,PP Shaw,Delhi Capitals,24.0,23.0,,,
1304115,DR Sams,Mumbai Indians,0.0,1.0,25.0,29.0,1.0
1304115,DA Warner,Delhi Capitals,5.0,6.0,,,
1304115,HR Shokeen,Mumbai Indians,,,26.0,32.0,
1304115,JJ Bumrah,Mumbai Indians,,,24.0,25.0,3.0
1304115,MR Marsh,Delhi Capitals,0.0,1.0,12.0,7.0,
1304115,RR Pant,Delhi Capitals,39.0,36.0,,,
1304115,SN Khan,Delhi Capitals,10.0,7.0,,,
1304115,M Markande,Mumbai Indians,,,24.0,26.0,1.0
1304115,RP Meredith,Mumbai Indians,,,13.0,8.0,
1304115,R Powell,Delhi Capitals,43.0,38.0,,,
1304115,Ramandeep Singh,Mumbai Indians,13.0,6.0,16.0,25.0,2.0
1304115,AR Patel,Delhi Capitals,19.0,10.0,18.0,26.0,
1304115,SN Thakur,Delhi Capitals,4.0,6.0,20.0,30.0,2.0
1304115,Kuldeep Yadav,Delhi Capitals,1.0,1.0,24.0,33.0,1.0
1304115,Ishan Kishan,Mumbai Indians,48.0,35.0,,,
1304115,KK Ahmed,Delhi Capitals,,,21.0,22.0,
1304115,RG Sharma,Mumbai Indians,2.0,14.0,,,
1304115,A Nortje,Delhi Capitals,,,24.0,37.0,2.0
1304115,D Brevis,Mumbai Indians,37.0,34.0,,,
1304115,Tilak Varma,Mumbai Indians,21.0,17.0,,,
1304115,TH David,Mumbai Indians,34.0,12.0,,,
1304116,PK Garg,Sunrisers Hyderabad,4.0,7.0,,,
1304116,LS Livingstone,Punjab Kings,49.0,24.0,24.0,25.0,
1304116,Abhishek Sharma,Sunrisers Hyderabad,43.0,32.0,,,
1304116,Arshdeep Singh,Punjab Kings,,,24.0,25.0,
1304116,K Rabada,Punjab Kings,,,27.0,31.0,1.0
1304116,RA Tripathi,Sunrisers Hyderabad,20.0,19.0,,,
1304116,NT Ellis,Punjab Kings,,,26.0,38.0,3.0
1304116,Harpreet Brar,Punjab Kings,,,24.0,26.0,3.0
1304116,AK Markram,Sunrisers Hyderabad,21.0,17.0,,,
1304116,N Pooran,Sunrisers Hyderabad,5.0,11.0,,,
1304116,Washington Sundar,Sunrisers Hyderabad,25.0,21.0,12.0,19.0,1.0
1304116,R Shepherd,Sunrisers Hyderabad,26.0,15.0,7.0,22.0,
1304116,J Suchith,Sunrisers Hyderabad,0.0,1.0,26.0,36.0,1.0
1304116,B Kumar,Sunrisers Hyderabad,1.0,1.0,12.0,22.0,
1304116,Umran Malik,Sunrisers Hyderabad,0.0,1.0,13.0,24.0,1.0
1304116,JM Bairstow,Punjab Kings,23.0,15.0,,,
1304116,S Dhawan,Punjab Kings,39.0,34.0,,,
1304116,Fazalhaq Farooqi,Sunrisers Hyderabad,,,25.0,31.0,2.0
1304116,M Shahrukh Khan,Punjab Kings,19.0,10.0,,,
1304116,MA Agarwal,Punjab Kings,1.0,4.0,,,
1304116,JM Sharma,Punjab Kings,19.0,7.0,,,
1304116,PN Mankad,Punjab Kings,4.0,1.0,,,
1312197,YBK Jaiswal,Rajasthan Royals,3.0,8.0,,,
1312197,Mohammed Shami,Gujarat Titans,,,26.0,37.0,1.0
1312197,JC Buttler,Rajasthan Royals,89.0,60.0,,,
1312197,Yash Dayal,Gujarat Titans,,,27.0,43.0,1.0
1312197,SV Samson,Rajasthan Royals,47.0,26.0,,,
1312197,AS Joseph,Gujarat Titans,,,12.0,27.0,
1312197,Rashid Khan,Gujarat Titans,,,24.0,15.0,
1312197,R Sai Kishore,Gujarat Titans,,,25.0,42.0,1.0
1312197,D Padikkal,Rajasthan Royals,28.0,21.0,,,
1312197,HH Pandya,Gujarat Titans,40.0,31.0,13.0,13.0,1.0
1312197,SO Hetmyer,Rajasthan Royals,4.0,7.0,,,
1312197,R Parag,Rajasthan Royals,4.0,3.0,,,
1312197,R Ashwin,Rajasthan Royals,2.0,2.0,27.0,37.0,
1312197,WP Saha,Gujarat Titans,0.0,2.0,,,
1312197,TA Boult,Rajasthan Royals,,,24.0,38.0,1.0
1312197,MS Wade,Gujarat Titans,35.0,32.0,,,
1312197,Shubman Gill,Gujarat Titans,35.0,22.0,,,
1312197,M Prasidh Krishna,Rajasthan Royals,,,22.0,35.0,
1312197,YS Chahal,Rajasthan Royals,,,24.0,32.0,
1312197,OC McCoy,Rajasthan Royals,,,28.0,36.0,1.0
1312197,DA Miller,Gujarat Titans,68.0,38.0,,,
1312198,V Kohli,Royal Challengers Bengaluru,25.0,26.0,,,
1312198,Mohsin Khan,Lucknow Super Giants,,,25.0,24.0,1.0
1312198,F du Plessis,Royal Challengers Bengaluru,0.0,1.0,,,
1312198,RM Patidar,Royal Challengers Bengaluru,112.0,55.0,,,
1312198,PVD Chameera,Lucknow Super Giants,11.0,5.0,25.0,53.0,
1312198,KH Pandya,Lucknow Super Giants,0.0,1.0,25.0,38.0,1.0
1312198,Avesh Khan,Lucknow Super Giants,,,26.0,38.0,1.0
1312198,Ravi Bishnoi,Lucknow Super Giants,,,25.0,44.0,1.0
1312198,GJ Maxwell,Royal Challengers Bengaluru,9.0,10.0,,,
1312198,MK Lomror,Royal Challengers Bengaluru,14.0,9.0,,,
1312198,KD Karthik,Royal Challengers Bengaluru,37.0,25.0,,,
1312198,Q de Kock,Lucknow Super Giants,6.0,5.0,,,
1312198,Mohammed Siraj,Royal Challengers Bengaluru,,,26.0,38.0,1.0
1312198,KL Rahul,Lucknow Super Giants,79.0,59.0,,,
1312198,JR Hazlewood,Royal Challengers Bengaluru,,,27.0,40.0,3.0
1312198,M Vohra,Lucknow Super Giants,19.0,12.0,,,
1312198,Shahbaz Ahmed,Royal Challengers Bengaluru,,,26.0,33.0,
1312198,DJ Hooda,Lucknow Super Giants,45.0,28.0,,,
1312198,PWH de Silva,Royal Challengers Bengaluru,,,24.0,42.0,1.0
1312198,HV Patel,Royal Challengers Bengaluru,,,27.0,18.0,1.0
1312198,MP Stoinis,Lucknow Super Giants,9.0,12.0,,,
1312198,E Lewis,Lucknow Super Giants,2.0,8.0,,,
1312199,V Kohli,Royal Challengers Bengaluru,7.0,8.0,,,
1312199,TA Boult,Rajasthan Royals,,,24.0,28.0,1.0
1312199,F du Plessis,Royal Challengers Bengaluru,25.0,27.0,,,
1312199,M Prasidh Krishna,Rajasthan Royals,,,25.0,21.0,3.0
1312199,RM Patidar,Royal Challengers Bengaluru,58.0,47.0,,,
1312199,OC McCoy,Rajasthan Royals,,,25.0,22.0,3.0
1312199,R Ashwin,Rajasthan Royals,,,25.0,30.0,1.0
1312199,YS Chahal,Rajasthan Royals,,,28.0,41.0,
1312199,GJ Maxwell,Royal Challengers Bengaluru,24.0,13.0,18.0,17.0,
1312199,MK Lomror,Royal Challengers Bengaluru,8.0,10.0,,,
1312199,KD Karthik,Royal Challengers Bengaluru,6.0,7.0,,,
1312199,Shahbaz Ahmed,Royal Challengers Bengaluru,12.0,10.0,12.0,35.0,
1312199,PWH de Silva,Royal Challengers Bengaluru,0.0,1.0,24.0,26.0,1.0
1312199,HV Patel,Royal Challengers Bengaluru,1.0,2.0,19.0,29.0,
1312199,JR Hazlewood,Royal Challengers Bengaluru,1.0,2.0,24.0,23.0,2.0
1312199,YBK Jaiswal,Rajasthan Royals,21.0,13.0,,,
1312199,Mohammed Siraj,Royal Challengers Bengaluru,,,12.0,31.0,
1312199,JC Buttler,Rajasthan Royals,106.0,60.0,,,
1312199,SV Samson,Rajasthan Royals,23.0,21.0,,,
1312199,D Padikkal,Rajasthan Royals,9.0,12.0,,,
1312199,SO Hetmyer,Rajasthan Royals,2.0,3.0,,,
1312200,YBK Jaiswal,Rajasthan Royals,22.0,16.0,,,
1312200,Mohammed Shami,Gujarat Titans,,,24.0,33.0,1.0
1312200,JC Buttler,Rajasthan Royals,39.0,35.0,,,
1312200,Yash Dayal,Gujarat Titans,,,18.0,18.0,1.0
1312200,LH Ferguson,Gujarat Titans,,,18.0,22.0,
1312200,SV Samson,Rajasthan Royals,14.0,11.0,,,
1312200,Rashid Khan,Gujarat Titans,,,24.0,18.0,1.0
1312200,HH Pandya,Gujarat Titans,34.0,32.0,24.0,17.0,3.0
1312200,D Padikkal,Rajasthan Royals,2.0,10.0,,,
1312200,SO Hetmyer,Rajasthan Royals,11.0,12.0,,,
1312200,R Ashwin,Rajasthan Royals,6.0,9.0,18.0,32.0,
1312200,R Sai Kishore,Gujarat Titans,,,12.0,20.0,2.0
1312200,R Parag,Rajasthan Royals,15.0,15.0,,,
1312200,TA Boult,Rajasthan Royals,11.0,7.0,26.0,12.0,1.0
1312200,OC McCoy,Rajasthan Royals,8.0,5.0,19.0,26.0,
1312200,WP Saha,Gujarat Titans,5.0,7.0,,,
1312200,Shubman Gill,Gujarat Titans,45.0,43.0,,,
1312200,M Prasidh Krishna,Rajasthan Royals,,,26.0,34.0,1.0
1312200,MS Wade,Gujarat Titans,8.0,11.0,,,
1312200,YS Chahal,Rajasthan Royals,,,24.0,20.0,1.0
1312200,DA Miller,Gujarat Titans,32.0,20.0,,,
1359475,DP Conway,Chennai Super Kings,1.0,6.0,,,
1359475,Mohammed Shami,Gujarat Titans,,,25.0,28.0,2.0
1359475,RD Gaikwad,Chennai Super Kings,92.0,50.0,,,
1359475,HH Pandya,Gujarat Titans,8.0,11.0,18.0,28.0,
1359475,MM Ali,Chennai Super Kings,23.0,17.0,,,
1359475,J Little,Gujarat Titans,,,24.0,41.0,1.0
1359475,Rashid Khan,Gujarat Titans,10.0,3.0,24.0,26.0,2.0
1359475,BA Stokes,Chennai Super Kings,7.0,6.0,,,
1359475,AT Rayudu,Chennai Super Kings,12.0,12.0,,,
1359475,AS Joseph,Gujarat Titans,,,24.0,33.0,2.0
1359475,Yash Dayal,Gujarat Titans,,,6.0,14.0,
1359475,S Dube,Chennai Super Kings,19.0,18.0,,,
1359475,RA Jadeja,Chennai Super Kings,1.0,2.0,24.0,28.0,1.0
1359475,MS Dhoni,Chennai Super Kings,14.0,7.0,,,
1359475,MJ Santner,Chennai Super Kings,1.0,3.0,24.0,32.0,
1359475,WP Saha,Gujarat Titans,25.0,17.0,,,
1359475,DL Chahar,Chennai Super Kings,,,24.0,29.0,
1359475,Shubman Gill,Gujarat Titans,63.0,36.0,,,
1359475,TU Deshpande,Chennai Super Kings,,,22.0,49.0,1.0
1359475,RS Hangargekar,Chennai Super Kings,,,28.0,32.0,3.0
1359475,B Sai Sudharsan,Gujarat Titans,22.0,17.0,,,
1359475,V Shankar,Gujarat Titans,27.0,23.0,,,
1359475,R Tewatia,Gujarat Titans,15.0,15.0,,,
1359476,P Simran Singh,Punjab Kings,23.0,12.0,,,
1359476,UT Yadav,Kolkata Knight Riders,,,24.0,27.0,1.0
1359476,TG Southee,Kolkata Knight Riders,,,24.0,54.0,2.0
1359476,S Dhawan,Punjab Kings,40.0,30.0,,,
1359476,PBB Rajapaksa,Punjab Kings,50.0,32.0,,,
1359476,SP Narine,Kolkata Knight Riders,7.0,2.0,25.0,39.0,1.0
1359476,CV Varun,Kolkata Knight Riders,,,25.0,25.0,1.0
1359476,SN Thakur,Kolkata Knight Riders,8.0,3.0,25.0,42.0,
1359476,JM Sharma,Punjab Kings,21.0,11.0,,,
1359476,Sikandar Raza,Punjab Kings,16.0,13.0,19.0,24.0,1.0
1359476,SM Curran,Punjab Kings,26.0,18.0,18.0,38.0,1.0
1359476,M Shahrukh Khan,Punjab Kings,11.0,7.0,,,
1359476,Mandeep Singh,Kolkata Knight Riders,2.0,4.0,,,
1359476,Rahmanullah Gurbaz,Kolkata Knight Riders,22.0,16.0,,,
1359476,Arshdeep Singh,Punjab Kings,,,18.0,19.0,3.0
1359476,AS Roy,Kolkata Knight Riders,4.0,5.0,,,
1359476,VR Iyer,Kolkata Knight Riders,34.0,29.0,,,
1359476,NT Ellis,Punjab Kings,,,20.0,25.0,1.0
1359476,N Rana,Kolkata Knight Riders,24.0,17.0,,,
1359476,R Dhawan,Punjab Kings,,,6.0,15.0,
1359476,RK Singh,Kolkata Knight Riders,4.0,4.0,,,
1359476,RD Chahar,Punjab Kings,,,12.0,12.0,1.0
1359476,AD Russell,Kolkata Knight Riders,35.0,19.0,,,
1359476,Harpreet Brar,Punjab Kings,,,6.0,7.0,
1359477,KL Rahul,Lucknow Super Giants,8.0,12.0,,,
1359477,KK Ahmed,Delhi Capitals,,,25.0,29.0,2.0
1359477,KR Mayers,Lucknow Super Giants,73.0,38.0,7.0,6.0,
1359477,Mukesh Kumar,Delhi Capitals,0.0,1.0,25.0,33.0,
1359477,C Sakariya,Delhi Capitals,4.0,4.0,27.0,50.0,2.0
1359477,DJ Hooda,Lucknow Super Giants,17.0,18.0,,,
1359477,AR Patel,Delhi Capitals,16.0,11.0,24.0,38.0,1.0
1359477,Kuldeep Yadav,Delhi Capitals,6.0,11.0,24.0,35.0,1.0
1359477,KH Pandya,Lucknow Super Giants,15.0,14.0,,,
1359477,MP Stoinis,Lucknow Super Giants,12.0,10.0,,,
1359477,N Pooran,Lucknow Super Giants,36.0,23.0,,,
1359477,A Badoni,Lucknow Super Giants,18.0,9.0,,,
1359477,K Gowtham,Lucknow Super Giants,6.0,1.0,25.0,22.0,
1359477,PP Shaw,Delhi Capitals,12.0,10.0,,,
1359477,DA Warner,Delhi Capitals,56.0,51.0,,,
1359477,JD Unadkat,Lucknow Super Giants,,,20.0,33.0,
1359477,Avesh Khan,Lucknow Super Giants,,,24.0,29.0,2.0
1359477,MA Wood,Lucknow Super Giants,,,26.0,12.0,5.0
1359477,MR Marsh,Delhi Capitals,0.0,1.0,,,
1359477,SN Khan,Delhi Capitals,4.0,9.0,,,
1359477,Ravi Bishnoi,Lucknow Super Giants,,,24.0,31.0,2.0
1359477,RR Rossouw,Delhi Capitals,30.0,20.0,,,
1359477,R Powell,Delhi Capitals,1.0,3.0,,,
1359477,Aman Hakim Khan,Delhi Capitals,4.0,5.0,,,
1359478,YBK Jaiswal,Rajasthan Royals,54.0,38.0,,,
1359478,B Kumar,Sunrisers Hyderabad,6.0,10.0,19.0,35.0,
1359478,JC Buttler,Rajasthan Royals,54.0,22.0,,,
1359478,Fazalhaq Farooqi,Sunrisers Hyderabad,,,24.0,41.0,2.0
1359478,Washington Sundar,Sunrisers Hyderabad,1.0,5.0,18.0,32.0,
1359478,T Natarajan,Sunrisers Hyderabad,,,18.0,23.0,2.0
1359478,SV Samson,Rajasthan Royals,55.0,33.0,,,
1359478,AU Rashid,Sunrisers Hyderabad,18.0,14.0,24.0,33.0,
1359478,Umran Malik,Sunrisers Hyderabad,19.0,8.0,19.0,31.0,1.0
1359478,D Padikkal,Rajasthan Royals,2.0,5.0,,,
1359478,R Parag,Rajasthan Royals,7.0,6.0,,,
1359478,SO Hetmyer,Rajasthan Royals,22.0,16.0,,,
1359478,R Ashwin,Rajasthan Royals,1.0,2.0,26.0,25.0,1.0
1359478,Abhishek Sharma,Sunrisers Hyderabad,0.0,3.0,,,
1359478,TA Boult,Rajasthan Royals,,,24.0,21.0,2.0
1359478,RA Tripathi,Sunrisers Hyderabad,0.0,2.0,,,
1359478,HC Brook,Sunrisers Hyderabad,13.0,21.0,,,
1359478,MA Agarwal,Sunrisers Hyderabad,27.0,24.0,,,
1359478,KM Asif,Rajasthan Royals,,,19.0,14.0,
1359478,JO Holder,Rajasthan Royals,,,18.0,16.0,1.0
1359478,YS Chahal,Rajasthan Royals,,,24.0,17.0,4.0
1359478,GD Phillips,Sunrisers Hyderabad,8.0,6.0,,,
1359478,Abdul Samad,Sunrisers Hyderabad,32.0,33.0,,,
1359478,NA Saini,Rajasthan Royals,,,15.0,31.0,
1359479,RG Sharma,Mumbai Indians,1.0,10.0,,,
1359479,Mohammed Siraj,Royal Challengers Bengaluru,,,30.0,15.0,1.0
1359479,Ishan Kishan,Mumbai Indians,10.0,13.0,,,
1359479,RJW Topley,Royal Challengers Bengaluru,,,12.0,14.0,1.0
1359479,C Green,Mumbai Indians,5.0,4.0,12.0,30.0,1.0
1359479,SA Yadav,Mumbai Indians,15.0,17.0,,,
1359479,Akash Deep,Royal Challengers Bengaluru,,,18.0,29.0,1.0
1359479,Tilak Varma,Mumbai Indians,84.0,53.0,,,
1359479,HV Patel,Royal Challengers Bengaluru,,,26.0,40.0,1.0
1359479,KV Sharma,Royal Challengers Bengaluru,,,25.0,31.0,2.0
1359479,MG Bracewell,Royal Challengers Bengaluru,,,12.0,16.0,1.0
1359479,N Wadhera,Mumbai Indians,21.0,13.0,,,
1359479,GJ Maxwell,Royal Challengers Bengaluru,12.0,3.0,7.0,15.0,
1359479,TH David,Mumbai Indians,4.0,8.0,,,
1359479,HR Shokeen,Mumbai Indians,5.0,3.0,6.0,17.0,
1359479,Arshad Khan,Mumbai Indians,15.0,9.0,18.0,24.0,1.0
1359479,V Kohli,Royal Challengers Bengaluru,82.0,53.0,,,
1359479,JP Behrendorff,Mumbai Indians,,,18.0,37.0,
1359479,F du Plessis,Royal Challengers Bengaluru,73.0,43.0,,,
1359479,JC Archer,Mumbai Indians,,,24.0,33.0,
1359479,PP Chawla,Mumbai Indians,,,24.0,26.0,
1359479,KD Karthik,Royal Challengers Bengaluru,0.0,3.0,,,
1359480,RD Gaikwad,Chennai Super Kings,57.0,32.0,,,
1359480,KR Mayers,Lucknow Super Giants,53.0,27.0,13.0,15.0,
1359480,DP Conway,Chennai Super Kings,47.0,30.0,,,
1359480,Avesh Khan,Lucknow Super Giants,,,19.0,34.0,1.0
1359480,KH Pandya,Lucknow Super Giants,9.0,9.0,12.0,21.0,
1359480,K Gowtham,Lucknow Super Giants,17.0,18.0,6.0,20.0,
1359480,MA Wood,Lucknow Super Giants,10.0,3.0,24.0,49.0,3.0
1359480,Yash Thakur,Lucknow Super Giants,,,25.0,35.0,
1359480,Ravi Bishnoi,Lucknow Super Giants,,,25.0,27.0,3.0
1359480,S Dube,Chennai Super Kings,27.0,16.0,,,
1359480,MM Ali,Chennai Super Kings,19.0,13.0,25.0,25.0,4.0
1359480,BA Stokes,Chennai Super Kings,8.0,9.0,6.0,18.0,
1359480,AT Rayudu,Chennai Super Kings,27.0,14.0,,,
1359480,RA Jadeja,Chennai Super Kings,3.0,6.0,6.0,14.0,
1359480,MS Dhoni,Chennai Super Kings,12.0,3.0,,,
1359480,MJ Santner,Chennai Super Kings,1.0,1.0,24.0,21.0,1.0
1359480,KL Rahul,Lucknow Super Giants,20.0,18.0,,,
1359480,DL Chahar,Chennai Super Kings,,,29.0,50.0,
1359480,TU Deshpande,Chennai Super Kings,,,31.0,38.0,2.0
1359480,DJ Hooda,Lucknow Super Giants,2.0,6.0,,,
1359480,MP Stoinis,Lucknow Super Giants,21.0,18.0,,,
1359480,N Pooran,Lucknow Super Giants,32.0,18.0,,,
1359480,RS Hangargekar,Chennai Super Kings,,,15.0,21.0,
1359480,A Badoni,Lucknow Super Giants,23.0,19.0,,,
1359481,DA Warner,Delhi Capitals,37.0,36.0,,,
1359481,Mohammed Shami,Gujarat Titans,,,28.0,31.0,3.0
1359481,PP Shaw,Delhi Capitals,7.0,6.0,,,
1359481,J Little,Gujarat Titans,,,24.0,27.0,
1359481,MR Marsh,Delhi Capitals,4.0,4.0,20.0,23.0,1.0
1359481,SN Khan,Delhi Capitals,30.0,34.0,,,
1359481,HH Pandya,Gujarat Titans,5.0,4.0,18.0,18.0,
1359481,AS Joseph,Gujarat Titans,,,25.0,28.0,2.0
1359481,RR Rossouw,Delhi Capitals,0.0,1.0,,,
1359481,Abishek Porel,Delhi Capitals,20.0,11.0,,,
1359481,Yash Dayal,Gujarat Titans,,,6.0,12.0,
1359481,Rashid Khan,Gujarat Titans,,,24.0,31.0,3.0
1359481,AR Patel,Delhi Capitals,36.0,22.0,,,
1359481,Aman Hakim Khan,Delhi Capitals,8.0,8.0,,,
1359481,Kuldeep Yadav,Delhi Capitals,1.0,1.0,19.0,17.0,
1359481,A Nortje,Delhi Capitals,4.0,2.0,26.0,37.0,2.0
1359481,WP Saha,Gujarat Titans,14.0,7.0,,,
1359481,KK Ahmed,Delhi Capitals,,,25.0,37.0,1.0
1359481,Shubman Gill,Gujarat Titans,14.0,13.0,,,
1359481,Mukesh Kumar,Delhi Capitals,,,25.0,41.0,
1359481,B Sai Sudharsan,Gujarat Titans,62.0,49.0,,,
1359481,V Shankar,Gujarat Titans,29.0,24.0,,,
1359481,DA Miller,Gujarat Titans,31.0,18.0,,,
1359482,P Simran Singh,Punjab Kings,60.0,36.0,,,
1359482,TA Boult,Rajasthan Royals,,,25.0,36.0,
1359482,S Dhawan,Punjab Kings,86.0,59.0,,,
1359482,KM Asif,Rajasthan Royals,,,28.0,49.0,
1359482,R Ashwin,Rajasthan Royals,0.0,4.0,25.0,24.0,1.0
1359482,JO Holder,Rajasthan Royals,1.0,1.0,24.0,29.0,2.0
1359482,YS Chahal,Rajasthan Royals,,,25.0,49.0,1.0
1359482,PBB Rajapaksa,Punjab Kings,1.0,1.0,,,
1359482,JM Sharma,Punjab Kings,27.0,17.0,,,
1359482,Sikandar Raza,Punjab Kings,1.0,2.0,14.0,18.0,
1359482,M Shahrukh Khan,Punjab Kings,11.0,10.0,,,
1359482,SM Curran,Punjab Kings,1.0,2.0,24.0,44.0,
1359482,YBK Jaiswal,Rajasthan Royals,11.0,10.0,,,
1359482,Arshdeep Singh,Punjab Kings,,,27.0,44.0,2.0
1359482,JC Buttler,Rajasthan Royals,19.0,11.0,,,
1359482,SV Samson,Rajasthan Royals,42.0,26.0,,,
1359482,Harpreet Brar,Punjab Kings,,,12.0,15.0,
1359482,NT Ellis,Punjab Kings,,,24.0,30.0,4.0
1359482,D Padikkal,Rajasthan Royals,21.0,27.0,,,
1359482,RD Chahar,Punjab Kings,,,24.0,31.0,
1359482,R Parag,Rajasthan Royals,20.0,12.0,,,
1359482,SO Hetmyer,Rajasthan Royals,36.0,18.0,,,
1359482,Dhruv Jurel,Rajasthan Royals,32.0,16.0,,,
1359483,Rahmanullah Gurbaz,Kolkata Knight Riders,57.0,47.0,,,
1359483,Mohammed Siraj,Royal Challengers Bengaluru,,,28.0,36.0,1.0
1359483,VR Iyer,Kolkata Knight Riders,3.0,7.0,,,
1359483,DJ Willey,Royal Challengers Bengaluru,20.0,20.0,25.0,15.0,2.0
1359483,Mandeep Singh,Kolkata Knight Riders,0.0,1.0,,,
1359483,N Rana,Kolkata Knight Riders,1.0,5.0,,,
1359483,Akash Deep,Royal Challengers Bengaluru,17.0,8.0,15.0,27.0,
1359483,MG Bracewell,Royal Challengers Bengaluru,19.0,18.0,18.0,34.0,1.0
1359483,RK Singh,Kolkata Knight Riders,46.0,35.0,,,
1359483,Shahbaz Ahmed,Royal Challengers Bengaluru,1.0,5.0,6.0,6.0,
1359483,KV Sharma,Royal Challengers Bengaluru,1.0,3.0,18.0,26.0,2.0
1359483,HV Patel,Royal Challengers Bengaluru,0.0,2.0,19.0,37.0,1.0
1359483,AD Russell,Kolkata Knight Riders,0.0,1.0,,,
1359483,SN Thakur,Kolkata Knight Riders,68.0,30.0,12.0,15.0,1.0
1359483,SP Narine,Kolkata Knight Riders,0.0,1.0,24.0,16.0,2.0
1359483,UT Yadav,Kolkata Knight Riders,6.0,2.0,12.0,17.0,
1359483,V Kohli,Royal Challengers Bengaluru,21.0,18.0,,,
1359483,F du Plessis,Royal Challengers Bengaluru,23.0,12.0,,,
1359483,TG Southee,Kolkata Knight Riders,,,12.0,25.0,
1359483,CV Varun,Kolkata Knight Riders,,,22.0,15.0,4.0
1359483,GJ Maxwell,Royal Challengers Bengaluru,5.0,7.0,,,
1359483,KD Karthik,Royal Challengers Bengaluru,9.0,9.0,,,
1359483,Suyash Sharma,Kolkata Knight Riders,,,25.0,29.0,3.0
1359483,Anuj Rawat,Royal Challengers Bengaluru,1.0,5.0,,,
1359484,Anmolpreet Singh,Sunrisers Hyderabad,31.0,27.0,,,
1359484,KR Mayers,Lucknow Super Giants,13.0,14.0,6.0,5.0,
1359484,MA Agarwal,Sunrisers Hyderabad,8.0,7.0,,,
1359484,JD Unadkat,Lucknow Super Giants,,,19.0,25.0,
1359484,KH Pandya,Lucknow Super Giants,34.0,25.0,24.0,18.0,3.0
1359484,RA Tripathi,Sunrisers Hyderabad,34.0,41.0,,,
1359484,Yash Thakur,Lucknow Super Giants,,,18.0,23.0,1.0
1359484,Ravi Bishnoi,Lucknow Super Giants,,,25.0,15.0,1.0
1359484,AK Markram,Sunrisers Hyderabad,0.0,1.0,12.0,14.0,
1359484,HC Brook,Sunrisers Hyderabad,3.0,4.0,,,
1359484,DJ Hooda,Lucknow Super Giants,7.0,9.0,6.0,8.0,
1359484,Washington Sundar,Sunrisers Hyderabad,16.0,29.0,6.0,11.0,
1359484,A Mishra,Lucknow Super Giants,,,24.0,23.0,2.0
1359484,Abdul Samad,Sunrisers Hyderabad,21.0,10.0,,,
1359484,AU Rashid,Sunrisers Hyderabad,4.0,3.0,18.0,23.0,2.0
1359484,B Kumar,Sunrisers Hyderabad,,,13.0,14.0,1.0
1359484,KL Rahul,Lucknow Super Giants,35.0,32.0,,,
1359484,Fazalhaq Farooqi,Sunrisers Hyderabad,,,19.0,12.0,1.0
1359484,T Natarajan,Sunrisers Hyderabad,,,19.0,22.0,
1359484,Umran Malik,Sunrisers Hyderabad,,,14.0,14.0,1.0
1359484,MP Stoinis,Lucknow Super Giants,10.0,14.0,,,
1359484,R Shepherd,Lucknow Super Giants,0.0,1.0,,,
1359484,N Pooran,Lucknow Super Giants,11.0,6.0,,,
1359485,YBK Jaiswal,Rajasthan Royals,60.0,33.0,,,
1359485,KK Ahmed,Delhi Capitals,,,14.0,28.0,
1359485,JC Buttler,Rajasthan Royals,79.0,51.0,,,
1359485,A Nortje,Delhi Capitals,0.0,1.0,24.0,44.0,
1359485,Mukesh Kumar,Delhi Capitals,1.0,1.0,24.0,36.0,2.0
1359485,AR Patel,Delhi Capitals,2.0,7.0,24.0,38.0,
1359485,Kuldeep Yadav,Delhi Capitals,3.0,7.0,24.0,31.0,1.0
1359485,SV Samson,Rajasthan Royals,0.0,4.0,,,
1359485,R Parag,Rajasthan Royals,7.0,12.0,,,
1359485,R Powell,Delhi Capitals,2.0,2.0,14.0,16.0,1.0
1359485,SO Hetmyer,Rajasthan Royals,39.0,21.0,,,
1359485,Dhruv Jurel,Rajasthan Royals,8.0,3.0,,,
1359485,PP Shaw,Delhi Capitals,0.0,3.0,,,
1359485,TA Boult,Rajasthan Royals,,,24.0,29.0,3.0
1359485,MK Pandey,Delhi Capitals,0.0,1.0,,,
1359485,RR Rossouw,Delhi Capitals,14.0,13.0,,,
1359485,DA Warner,Delhi Capitals,65.0,59.0,,,
1359485,Sandeep Sharma,Rajasthan Royals,,,25.0,19.0,1.0
1359485,R Ashwin,Rajasthan Royals,,,27.0,22.0,2.0
1359485,JO Holder,Rajasthan Royals,,,19.0,27.0,
1359485,Lalit Yadav,Delhi Capitals,38.0,25.0,,,
1359485,YS Chahal,Rajasthan Royals,,,26.0,25.0,3.0
1359485,Abishek Porel,Delhi Capitals,7.0,9.0,,,
1359485,M Ashwin,Rajasthan Royals,,,7.0,10.0,
1359486,RG Sharma,Mumbai Indians,21.0,13.0,,,
1359486,DL Chahar,Chennai Super Kings,,,6.0,10.0,
1359486,Ishan Kishan,Mumbai Indians,32.0,22.0,,,
1359486,TU Deshpande,Chennai Super Kings,,,19.0,30.0,2.0
1359486,SSB Magala,Chennai Super Kings,,,24.0,37.0,1.0
1359486,MJ Santner,Chennai Super Kings,,,24.0,28.0,2.0
1359486,C Green,Mumbai Indians,12.0,11.0,19.0,19.0,
1359486,RA Jadeja,Chennai Super Kings,,,24.0,20.0,3.0
1359486,SA Yadav,Mumbai Indians,1.0,2.0,,,
1359486,Tilak Varma,Mumbai Indians,22.0,20.0,,,
1359486,Arshad Khan,Mumbai Indians,2.0,4.0,16.0,31.0,
1359486,TH David,Mumbai Indians,31.0,22.0,,,
1359486,D Pretorius,Chennai Super Kings,,,28.0,24.0,
1359486,T Stubbs,Mumbai Indians,5.0,10.0,,,
1359486,HR Shokeen,Mumbai Indians,18.0,15.0,12.0,19.0,
1359486,PP Chawla,Mumbai Indians,5.0,6.0,24.0,33.0,1.0
1359486,DP Conway,Chennai Super Kings,0.0,4.0,,,
1359486,JP Behrendorff,Mumbai Indians,,,19.0,23.0,1.0
1359486,AM Rahane,Chennai Super Kings,61.0,27.0,,,
1359486,RD Gaikwad,Chennai Super Kings,40.0,40.0,,,
1359486,K Kartikeya,Mumbai Indians,,,24.0,24.0,1.0
1359486,S Dube,Chennai Super Kings,28.0,26.0,,,
1359486,AT Rayudu,Chennai Super Kings,20.0,17.0,,,
1359487,WP Saha,Gujarat Titans,17.0,20.0,,,
1359487,UT Yadav,Kolkata Knight Riders,5.0,6.0,19.0,23.0,
1359487,Shubman Gill,Gujarat Titans,39.0,33.0,,,
1359487,SN Thakur,Kolkata Knight Riders,0.0,1.0,19.0,39.0,
1359487,LH Ferguson,Kolkata Knight Riders,,,26.0,38.0,
1359487,SP Narine,Kolkata Knight Riders,0.0,1.0,25.0,32.0,3.0
1359487,B Sai Sudharsan,Gujarat Titans,53.0,39.0,,,
1359487,CV Varun,Kolkata Knight Riders,,,13.0,22.0,
1359487,Suyash Sharma,Kolkata Knight Riders,,,25.0,34.0,1.0
1359487,A Manohar,Gujarat Titans,14.0,8.0,,,
1359487,V Shankar,Gujarat Titans,63.0,24.0,,,
1359487,DA Miller,Gujarat Titans,2.0,3.0,,,
1359487,Rahmanullah Gurbaz,Kolkata Knight Riders,15.0,12.0,,,
1359487,Mohammed Shami,Gujarat Titans,,,24.0,28.0,1.0
1359487,N Jagadeesan,Kolkata Knight Riders,6.0,8.0,,,
1359487,J Little,Gujarat Titans,,,27.0,42.0,1.0
1359487,VR Iyer,Kolkata Knight Riders,83.0,41.0,,,
1359487,N Rana,Kolkata Knight Riders,45.0,29.0,,,
1359487,AS Joseph,Gujarat Titans,,,24.0,27.0,2.0
1359487,Yash Dayal,Gujarat Titans,,,24.0,69.0,
1359487,Rashid Khan,Gujarat Titans,,,24.0,37.0,3.0
1359487,RK Singh,Kolkata Knight Riders,48.0,23.0,,,
1359487,AD Russell,Kolkata Knight Riders,1.0,2.0,,,
1359488,P Simran Singh,Punjab Kings,0.0,1.0,,,
1359488,B Kumar,Sunrisers Hyderabad,,,27.0,30.0,1.0
1359488,MW Short,Punjab Kings,1.0,5.0,,,
1359488,S Dhawan,Punjab Kings,99.0,68.0,,,
1359488,M Jansen,Sunrisers Hyderabad,,,19.0,15.0,2.0
1359488,JM Sharma,Punjab Kings,4.0,9.0,,,
1359488,SM Curran,Punjab Kings,22.0,15.0,18.0,14.0,
1359488,T Natarajan,Sunrisers Hyderabad,,,24.0,40.0,
1359488,Washington Sundar,Sunrisers Hyderabad,,,6.0,6.0,
1359488,M Markande,Sunrisers Hyderabad,,,24.0,15.0,4.0
1359488,Sikandar Raza,Punjab Kings,5.0,7.0,,,
1359488,Umran Malik,Sunrisers Hyderabad,,,25.0,31.0,2.0
1359488,M Shahrukh Khan,Punjab Kings,4.0,3.0,,,
1359488,Harpreet Brar,Punjab Kings,1.0,2.0,19.0,26.0,
1359488,RD Chahar,Punjab Kings,0.0,8.0,18.0,28.0,1.0
1359488,NT Ellis,Punjab Kings,0.0,5.0,18.0,28.0,
1359488,Mohit Rathee,Punjab Kings,1.0,2.0,12.0,29.0,
1359488,HC Brook,Sunrisers Hyderabad,13.0,14.0,,,
1359488,MA Agarwal,Sunrisers Hyderabad,21.0,20.0,,,
1359488,Arshdeep Singh,Punjab Kings,,,18.0,20.0,1.0
1359488,RA Tripathi,Sunrisers Hyderabad,74.0,48.0,,,
1359488,AK Markram,Sunrisers Hyderabad,37.0,21.0,,,
1359489,V Kohli,Royal Challengers Bengaluru,61.0,45.0,,,
1359489,JD Unadkat,Lucknow Super Giants,9.0,7.0,13.0,26.0,
1359489,F du Plessis,Royal Challengers Bengaluru,79.0,48.0,,,
1359489,Avesh Khan,Lucknow Super Giants,0.0,1.0,24.0,53.0,
1359489,KH Pandya,Lucknow Super Giants,0.0,2.0,24.0,35.0,
1359489,MA Wood,Lucknow Super Giants,1.0,2.0,26.0,30.0,1.0
1359489,Ravi Bishnoi,Lucknow Super Giants,3.0,2.0,25.0,38.0,
1359489,A Mishra,Lucknow Super Giants,,,12.0,18.0,1.0
1359489,GJ Maxwell,Royal Challengers Bengaluru,59.0,30.0,,,
1359489,KD Karthik,Royal Challengers Bengaluru,1.0,1.0,,,
1359489,KR Mayers,Lucknow Super Giants,0.0,4.0,,,
1359489,Mohammed Siraj,Royal Challengers Bengaluru,,,28.0,18.0,3.0
1359489,DJ Hooda,Lucknow Super Giants,9.0,11.0,,,
1359489,KL Rahul,Lucknow Super Giants,18.0,20.0,,,
1359489,DJ Willey,Royal Challengers Bengaluru,,,25.0,31.0,
1359489,WD Parnell,Royal Challengers Bengaluru,,,27.0,38.0,3.0
1359489,MP Stoinis,Lucknow Super Giants,65.0,31.0,,,
1359489,HV Patel,Royal Challengers Bengaluru,,,24.0,48.0,2.0
1359489,KV Sharma,Royal Challengers Bengaluru,,,19.0,47.0,1.0
1359489,Shahbaz Ahmed,Royal Challengers Bengaluru,,,6.0,15.0,
1359489,N Pooran,Lucknow Super Giants,62.0,20.0,,,
1359489,A Badoni,Lucknow Super Giants,30.0,29.0,,,
1359490,DA Warner,Delhi Capitals,51.0,47.0,,,
1359490,JP Behrendorff,Mumbai Indians,,,18.0,23.0,3.0
1359490,PP Shaw,Delhi Capitals,15.0,11.0,,,
1359490,Arshad Khan,Mumbai Indians,,,7.0,11.0,
1359490,C Green,Mumbai Indians,17.0,8.0,19.0,29.0,
1359490,HR Shokeen,Mumbai Indians,,,26.0,37.0,1.0
1359490,MK Pandey,Delhi Capitals,26.0,19.0,,,
1359490,RP Meredith,Mumbai Indians,,,23.0,33.0,2.0
1359490,PP Chawla,Mumbai Indians,,,24.0,22.0,3.0
1359490,YV Dhull,Delhi Capitals,2.0,4.0,,,
1359490,R Powell,Delhi Capitals,4.0,4.0,,,
1359490,Lalit Yadav,Delhi Capitals,2.0,4.0,25.0,22.0,
1359490,AR Patel,Delhi Capitals,54.0,27.0,25.0,19.0,
1359490,Tilak Varma,Mumbai Indians,41.0,30.0,7.0,6.0,
1359490,Abishek Porel,Delhi Capitals,1.0,3.0,,,
1359490,Kuldeep Yadav,Delhi Capitals,0.0,1.0,12.0,23.0,
1359490,A Nortje,Delhi Capitals,5.0,3.0,24.0,35.0,
1359490,Mustafizur Rahman,Delhi Capitals,1.0,1.0,24.0,38.0,1.0
1359490,RG Sharma,Mumbai Indians,65.0,45.0,,,
1359490,Mukesh Kumar,Delhi Capitals,,,12.0,30.0,2.0
1359490,Ishan Kishan,Mumbai Indians,31.0,27.0,,,
1359490,SA Yadav,Mumbai Indians,0.0,1.0,,,
1359490,TH David,Mumbai Indians,13.0,11.0,,,
1359491,YBK Jaiswal,Rajasthan Royals,10.0,8.0,,,
1359491,Akash Singh,Chennai Super Kings,,,25.0,39.0,2.0
1359491,JC Buttler,Rajasthan Royals,52.0,38.0,,,
1359491,TU Deshpande,Chennai Super Kings,,,25.0,36.0,2.0
1359491,D Padikkal,Rajasthan Royals,38.0,26.0,,,
1359491,M Theekshana,Chennai Super Kings,,,24.0,42.0,
1359491,RA Jadeja,Chennai Super Kings,25.0,16.0,27.0,14.0,2.0
1359491,MM Ali,Chennai Super Kings,7.0,10.0,12.0,21.0,1.0
1359491,SV Samson,Rajasthan Royals,0.0,2.0,,,
1359491,R Ashwin,Rajasthan Royals,30.0,25.0,26.0,23.0,2.0
1359491,SSB Magala,Chennai Super Kings,,,13.0,13.0,
1359491,SO Hetmyer,Rajasthan Royals,30.0,19.0,,,
1359491,Dhruv Jurel,Rajasthan Royals,4.0,6.0,,,
1359491,JO Holder,Rajasthan Royals,0.0,1.0,19.0,36.0,
1359491,A Zampa,Rajasthan Royals,1.0,1.0,25.0,41.0,1.0
1359491,RD Gaikwad,Chennai Super Kings,8.0,10.0,,,
1359491,Sandeep Sharma,Rajasthan Royals,,,20.0,28.0,1.0
1359491,KR Sen,Rajasthan Royals,,,12.0,8.0,
1359491,DP Conway,Chennai Super Kings,50.0,39.0,,,
1359491,AM Rahane,Chennai Super Kings,31.0,20.0,,,
1359491,YS Chahal,Rajasthan Royals,,,25.0,26.0,2.0
1359491,S Dube,Chennai Super Kings,8.0,11.0,,,
1359491,AT Rayudu,Chennai Super Kings,1.0,2.0,,,
1359491,MS Dhoni,Chennai Super Kings,32.0,19.0,,,
1359492,P Simran Singh,Punjab Kings,0.0,2.0,,,
1359492,Mohammed Shami,Gujarat Titans,,,25.0,43.0,1.0
1359492,MW Short,Punjab Kings,36.0,27.0,6.0,8.0,
1359492,S Dhawan,Punjab Kings,8.0,9.0,,,
1359492,J Little,Gujarat Titans,,,27.0,28.0,1.0
1359492,PBB Rajapaksa,Punjab Kings,20.0,28.0,,,
1359492,AS Joseph,Gujarat Titans,,,29.0,27.0,1.0
1359492,Rashid Khan,Gujarat Titans,,,24.0,26.0,1.0
1359492,JM Sharma,Punjab Kings,25.0,23.0,,,
1359492,MM Sharma,Gujarat Titans,,,24.0,18.0,2.0
1359492,SM Curran,Punjab Kings,22.0,24.0,23.0,25.0,1.0
1359492,M Shahrukh Khan,Punjab Kings,22.0,10.0,,,
1359492,Harpreet Brar,Punjab Kings,8.0,5.0,24.0,20.0,1.0
1359492,R Dhawan,Punjab Kings,1.0,1.0,,,
1359492,WP Saha,Gujarat Titans,30.0,19.0,,,
1359492,Arshdeep Singh,Punjab Kings,,,24.0,33.0,1.0
1359492,Shubman Gill,Gujarat Titans,67.0,49.0,,,
1359492,K Rabada,Punjab Kings,,,24.0,36.0,1.0
1359492,B Sai Sudharsan,Gujarat Titans,19.0,20.0,,,
1359492,RD Chahar,Punjab Kings,,,18.0,24.0,
1359492,HH Pandya,Gujarat Titans,8.0,11.0,,,
1359492,DA Miller,Gujarat Titans,17.0,18.0,,,
1359492,R Tewatia,Gujarat Titans,5.0,2.0,,,
1359493,HC Brook,Sunrisers Hyderabad,100.0,58.0,,,
1359493,UT Yadav,Kolkata Knight Riders,1.0,1.0,19.0,41.0,
1359493,MA Agarwal,Sunrisers Hyderabad,9.0,13.0,,,
1359493,LH Ferguson,Kolkata Knight Riders,,,14.0,31.0,
1359493,SP Narine,Kolkata Knight Riders,0.0,1.0,26.0,26.0,
1359493,AD Russell,Kolkata Knight Riders,3.0,6.0,15.0,20.0,3.0
1359493,RA Tripathi,Sunrisers Hyderabad,9.0,4.0,,,
1359493,CV Varun,Kolkata Knight Riders,,,25.0,40.0,1.0
1359493,AK Markram,Sunrisers Hyderabad,50.0,27.0,,,
1359493,Suyash Sharma,Kolkata Knight Riders,,,24.0,44.0,
1359493,Abhishek Sharma,Sunrisers Hyderabad,32.0,19.0,,,
1359493,H Klaasen,Sunrisers Hyderabad,16.0,7.0,,,
1359493,SN Thakur,Kolkata Knight Riders,12.0,7.0,5.0,14.0,
1359493,Rahmanullah Gurbaz,Kolkata Knight Riders,0.0,3.0,,,
1359493,B Kumar,Sunrisers Hyderabad,,,25.0,28.0,1.0
1359493,VR Iyer,Kolkata Knight Riders,10.0,12.0,,,
1359493,N Jagadeesan,Kolkata Knight Riders,36.0,21.0,,,
1359493,M Jansen,Sunrisers Hyderabad,,,30.0,31.0,2.0
1359493,N Rana,Kolkata Knight Riders,75.0,44.0,,,
1359493,T Natarajan,Sunrisers Hyderabad,,,25.0,53.0,1.0
1359493,Umran Malik,Sunrisers Hyderabad,,,12.0,36.0,1.0
1359493,M Markande,Sunrisers Hyderabad,,,24.0,27.0,2.0
1359493,Washington Sundar,Sunrisers Hyderabad,,,12.0,20.0,
1359493,RK Singh,Kolkata Knight Riders,58.0,33.0,,,
1359494,V Kohli,Royal Challengers Bengaluru,50.0,35.0,,,
1359494,A Nortje,Delhi Capitals,23.0,14.0,27.0,28.0,
1359494,F du Plessis,Royal Challengers Bengaluru,22.0,16.0,,,
1359494,AR Patel,Delhi Capitals,21.0,14.0,18.0,25.0,1.0
1359494,Mustafizur Rahman,Delhi Capitals,,,18.0,41.0,
1359494,MR Marsh,Delhi Capitals,0.0,4.0,12.0,18.0,2.0
1359494,MK Lomror,Royal Challengers Bengaluru,26.0,18.0,,,
1359494,Lalit Yadav,Delhi Capitals,4.0,7.0,25.0,28.0,1.0
1359494,Kuldeep Yadav,Delhi Capitals,7.0,7.0,24.0,23.0,2.0
1359494,GJ Maxwell,Royal Challengers Bengaluru,24.0,14.0,,,
1359494,HV Patel,Royal Challengers Bengaluru,6.0,4.0,27.0,29.0,1.0
1359494,KD Karthik,Royal Challengers Bengaluru,0.0,1.0,,,
1359494,Anuj Rawat,Royal Challengers Bengaluru,15.0,22.0,,,
1359494,Shahbaz Ahmed,Royal Challengers Bengaluru,20.0,14.0,6.0,11.0,
1359494,DA Warner,Delhi Capitals,19.0,13.0,,,
1359494,Mohammed Siraj,Royal Challengers Bengaluru,,,24.0,23.0,2.0
1359494,PP Shaw,Delhi Capitals,0.0,2.0,,,
1359494,WD Parnell,Royal Challengers Bengaluru,,,24.0,28.0,1.0
1359494,YV Dhull,Delhi Capitals,1.0,4.0,,,
1359494,MK Pandey,Delhi Capitals,50.0,39.0,,,
1359494,Vijaykumar Vyshak,Royal Challengers Bengaluru,,,24.0,20.0,3.0
1359494,Abishek Porel,Delhi Capitals,5.0,8.0,,,
1359494,PWH de Silva,Royal Challengers Bengaluru,,,18.0,37.0,1.0
1359494,Aman Hakim Khan,Delhi Capitals,18.0,11.0,,,
1359495,KL Rahul,Lucknow Super Giants,74.0,60.0,,,
1359495,MW Short,Punjab Kings,34.0,22.0,12.0,10.0,
1359495,KR Mayers,Lucknow Super Giants,29.0,23.0,,,
1359495,Arshdeep Singh,Punjab Kings,,,19.0,21.0,1.0
1359495,K Rabada,Punjab Kings,0.0,1.0,26.0,32.0,2.0
1359495,SM Curran,Punjab Kings,6.0,6.0,26.0,29.0,3.0
1359495,Harpreet Brar,Punjab Kings,6.0,4.0,12.0,10.0,1.0
1359495,DJ Hooda,Lucknow Super Giants,2.0,3.0,,,
1359495,Sikandar Raza,Punjab Kings,57.0,44.0,13.0,18.0,1.0
1359495,KH Pandya,Lucknow Super Giants,18.0,17.0,18.0,32.0,1.0
1359495,RD Chahar,Punjab Kings,,,19.0,27.0,
1359495,N Pooran,Lucknow Super Giants,0.0,2.0,,,
1359495,MP Stoinis,Lucknow Super Giants,15.0,11.0,,,
1359495,A Badoni,Lucknow Super Giants,5.0,7.0,,,
1359495,K Gowtham,Lucknow Super Giants,1.0,2.0,25.0,30.0,1.0
1359495,Yudhvir Singh,Lucknow Super Giants,0.0,1.0,18.0,19.0,2.0
1359495,Ravi Bishnoi,Lucknow Super Giants,3.0,1.0,16.0,17.0,2.0
1359495,Atharva Taide,Punjab Kings,0.0,3.0,,,
1359495,P Simran Singh,Punjab Kings,4.0,4.0,,,
1359495,Avesh Khan,Lucknow Super Giants,,,19.0,23.0,
1359495,Harpreet Singh,Punjab Kings,22.0,22.0,,,
1359495,MA Wood,Lucknow Super Giants,,,26.0,33.0,2.0
1359495,JM Sharma,Punjab Kings,2.0,4.0,,,
1359495,M Shahrukh Khan,Punjab Kings,23.0,12.0,,,
1359496,Rahmanullah Gurbaz,Kolkata Knight Riders,8.0,13.0,,,
1359496,Arjun Tendulkar,Mumbai Indians,,,13.0,16.0,
1359496,N Jagadeesan,Kolkata Knight Riders,0.0,6.0,,,
1359496,C Green,Mumbai Indians,1.0,1.0,14.0,14.0,1.0
1359496,VR Iyer,Kolkata Knight Riders,104.0,53.0,,,
1359496,D Jansen,Mumbai Indians,,,28.0,49.0,1.0
1359496,PP Chawla,Mumbai Indians,,,24.0,19.0,1.0
1359496,N Rana,Kolkata Knight Riders,5.0,11.0,,,
1359496,HR Shokeen,Mumbai Indians,,,25.0,33.0,2.0
1359496,SN Thakur,Kolkata Knight Riders,13.0,11.0,13.0,24.0,1.0
1359496,RP Meredith,Mumbai Indians,,,24.0,40.0,1.0
1359496,RK Singh,Kolkata Knight Riders,18.0,19.0,,,
1359496,AD Russell,Kolkata Knight Riders,21.0,11.0,6.0,17.0,
1359496,SP Narine,Kolkata Knight Riders,2.0,4.0,19.0,39.0,
1359496,RG Sharma,Mumbai Indians,20.0,14.0,,,
1359496,UT Yadav,Kolkata Knight Riders,,,12.0,19.0,
1359496,Ishan Kishan,Mumbai Indians,58.0,25.0,,,
1359496,Suyash Sharma,Kolkata Knight Riders,,,24.0,27.0,2.0
1359496,SA Yadav,Mumbai Indians,43.0,25.0,,,
1359496,CV Varun,Kolkata Knight Riders,,,25.0,37.0,1.0
1359496,Tilak Varma,Mumbai Indians,30.0,25.0,,,
1359496,LH Ferguson,Kolkata Knight Riders,,,10.0,19.0,1.0
1359496,TH David,Mumbai Indians,24.0,14.0,,,
1359496,N Wadhera,Mumbai Indians,6.0,5.0,,,
1359497,WP Saha,Gujarat Titans,4.0,4.0,,,
1359497,TA Boult,Rajasthan Royals,0.0,1.0,26.0,44.0,1.0
1359497,B Sai Sudharsan,Gujarat Titans,20.0,20.0,,,
1359497,Shubman Gill,Gujarat Titans,45.0,34.0,,,
1359497,Sandeep Sharma,Rajasthan Royals,,,25.0,24.0,2.0
1359497,A Zampa,Rajasthan Royals,,,24.0,32.0,1.0
1359497,R Ashwin,Rajasthan Royals,10.0,3.0,24.0,37.0,
1359497,HH Pandya,Gujarat Titans,28.0,20.0,24.0,24.0,1.0
1359497,YS Chahal,Rajasthan Royals,,,25.0,35.0,1.0
1359497,DA Miller,Gujarat Titans,46.0,31.0,,,
1359497,A Manohar,Gujarat Titans,27.0,13.0,,,
1359497,Rashid Khan,Gujarat Titans,1.0,1.0,24.0,46.0,2.0
1359497,R Tewatia,Gujarat Titans,1.0,1.0,,,
1359497,YBK Jaiswal,Rajasthan Royals,1.0,8.0,,,
1359497,Mohammed Shami,Gujarat Titans,,,25.0,24.0,3.0
1359497,JC Buttler,Rajasthan Royals,0.0,5.0,,,
1359497,D Padikkal,Rajasthan Royals,26.0,25.0,,,
1359497,SV Samson,Rajasthan Royals,60.0,32.0,,,
1359497,AS Joseph,Gujarat Titans,,,18.0,47.0,
1359497,R Parag,Rajasthan Royals,5.0,7.0,,,
1359497,MM Sharma,Gujarat Titans,,,12.0,7.0,
1359497,SO Hetmyer,Rajasthan Royals,56.0,27.0,,,
1359497,Noor Ahmad,Gujarat Titans,,,15.0,28.0,1.0
1359497,Dhruv Jurel,Rajasthan Royals,18.0,10.0,,,
1359498,RD Gaikwad,Chennai Super Kings,3.0,6.0,,,
1359498,Mohammed Siraj,Royal Challengers Bengaluru,,,25.0,29.0,1.0
1359498,DP Conway,Chennai Super Kings,83.0,46.0,,,
1359498,WD Parnell,Royal Challengers Bengaluru,2.0,6.0,24.0,48.0,1.0
1359498,AM Rahane,Chennai Super Kings,37.0,20.0,,,
1359498,Vijaykumar Vyshak,Royal Challengers Bengaluru,,,24.0,62.0,1.0
1359498,GJ Maxwell,Royal Challengers Bengaluru,76.0,37.0,17.0,27.0,1.0
1359498,PWH de Silva,Royal Challengers Bengaluru,2.0,2.0,12.0,21.0,1.0
1359498,HV Patel,Royal Challengers Bengaluru,,,24.0,32.0,1.0
1359498,S Dube,Chennai Super Kings,52.0,28.0,,,
1359498,AT Rayudu,Chennai Super Kings,14.0,6.0,,,
1359498,MM Ali,Chennai Super Kings,19.0,10.0,6.0,13.0,1.0
1359498,RA Jadeja,Chennai Super Kings,10.0,9.0,24.0,37.0,
1359498,MS Dhoni,Chennai Super Kings,1.0,1.0,,,
1359498,V Kohli,Royal Challengers Bengaluru,6.0,4.0,,,
1359498,Akash Singh,Chennai Super Kings,,,18.0,35.0,1.0
1359498,MK Lomror,Royal Challengers Bengaluru,0.0,5.0,,,
1359498,F du Plessis,Royal Challengers Bengaluru,62.0,33.0,,,
1359498,TU Deshpande,Chennai Super Kings,,,27.0,42.0,3.0
1359498,M Theekshana,Chennai Super Kings,,,25.0,40.0,1.0
1359498,M Pathirana,Chennai Super Kings,,,26.0,40.0,2.0
1359498,Shahbaz Ahmed,Royal Challengers Bengaluru,12.0,10.0,,,
1359498,KD Karthik,Royal Challengers Bengaluru,28.0,15.0,,,
1359498,SS Prabhudessai,Royal Challengers Bengaluru,19.0,14.0,,,
1359499,RG Sharma,Mumbai Indians,28.0,19.0,,,
1359499,B Kumar,Sunrisers Hyderabad,2.0,5.0,24.0,31.0,1.0
1359499,Ishan Kishan,Mumbai Indians,38.0,31.0,,,
1359499,M Jansen,Sunrisers Hyderabad,13.0,6.0,25.0,42.0,2.0
1359499,Washington Sundar,Sunrisers Hyderabad,10.0,7.0,24.0,33.0,
1359499,T Natarajan,Sunrisers Hyderabad,,,24.0,50.0,1.0
1359499,C Green,Mumbai Indians,64.0,40.0,25.0,28.0,1.0
1359499,M Markande,Sunrisers Hyderabad,2.0,3.0,25.0,34.0,
1359499,SA Yadav,Mumbai Indians,7.0,3.0,,,
1359499,Tilak Varma,Mumbai Indians,37.0,18.0,,,
1359499,TH David,Mumbai Indians,16.0,11.0,,,
1359499,HC Brook,Sunrisers Hyderabad,9.0,7.0,,,
1359499,Arjun Tendulkar,Mumbai Indians,,,20.0,15.0,1.0
1359499,MA Agarwal,Sunrisers Hyderabad,48.0,43.0,,,
1359499,JP Behrendorff,Mumbai Indians,,,25.0,32.0,2.0
1359499,RA Tripathi,Sunrisers Hyderabad,7.0,6.0,,,
1359499,AK Markram,Sunrisers Hyderabad,22.0,17.0,,,
1359499,RP Meredith,Mumbai Indians,,,27.0,29.0,2.0
1359499,HR Shokeen,Mumbai Indians,,,6.0,12.0,
1359499,PP Chawla,Mumbai Indians,,,24.0,43.0,2.0
1359499,Abhishek Sharma,Sunrisers Hyderabad,1.0,2.0,,,
1359499,H Klaasen,Sunrisers Hyderabad,36.0,17.0,,,
1359499,Abdul Samad,Sunrisers Hyderabad,9.0,14.0,,,
1359500,KL Rahul,Lucknow Super Giants,39.0,32.0,,,
1359500,TA Boult,Rajasthan Royals,,,24.0,16.0,1.0
1359500,KR Mayers,Lucknow Super Giants,51.0,43.0,,,
1359500,Sandeep Sharma,Rajasthan Royals,,,25.0,31.0,1.0
1359500,R Ashwin,Rajasthan Royals,3.0,2.0,25.0,22.0,2.0
1359500,YS Chahal,Rajasthan Royals,,,24.0,41.0,
1359500,JO Holder,Rajasthan Royals,,,24.0,38.0,1.0
1359500,A Badoni,Lucknow Super Giants,1.0,4.0,,,
1359500,DJ Hooda,Lucknow Super Giants,2.0,4.0,,,
1359500,MP Stoinis,Lucknow Super Giants,21.0,16.0,24.0,28.0,2.0
1359500,N Pooran,Lucknow Super Giants,29.0,20.0,,,
1359500,KH Pandya,Lucknow Super Giants,4.0,2.0,,,
1359500,Yudhvir Singh,Lucknow Super Giants,1.0,1.0,13.0,22.0,
1359500,YBK Jaiswal,Rajasthan Royals,44.0,35.0,,,
1359500,Naveen-ul-Haq,Lucknow Super Giants,,,25.0,18.0,
1359500,JC Buttler,Rajasthan Royals,40.0,42.0,,,
1359500,Avesh Khan,Lucknow Super Giants,,,24.0,25.0,3.0
1359500,Ravi Bishnoi,Lucknow Super Giants,,,25.0,24.0,
1359500,A Mishra,Lucknow Super Giants,,,12.0,15.0,
1359500,SV Samson,Rajasthan Royals,2.0,4.0,,,
1359500,D Padikkal,Rajasthan Royals,26.0,22.0,,,
1359500,SO Hetmyer,Rajasthan Royals,2.0,5.0,,,
1359500,R Parag,Rajasthan Royals,15.0,12.0,,,
1359500,Dhruv Jurel,Rajasthan Royals,0.0,1.0,,,
1359501,V Kohli,Royal Challengers Bengaluru,59.0,48.0,,,
1359501,Arshdeep Singh,Punjab Kings,,,25.0,33.0,1.0
1359501,F du Plessis,Royal Challengers Bengaluru,84.0,57.0,,,
1359501,Harpreet Brar,Punjab Kings,13.0,13.0,18.0,31.0,2.0
1359501,NT Ellis,Punjab Kings,1.0,2.0,25.0,39.0,1.0
1359501,SM Curran,Punjab Kings,10.0,12.0,25.0,26.0,
1359501,RD Chahar,Punjab Kings,,,24.0,24.0,
1359501,LS Livingstone,Punjab Kings,2.0,4.0,6.0,9.0,
1359501,GJ Maxwell,Royal Challengers Bengaluru,0.0,1.0,6.0,5.0,
1359501,KD Karthik,Royal Challengers Bengaluru,7.0,5.0,,,
1359501,MK Lomror,Royal Challengers Bengaluru,7.0,9.0,,,
1359501,Shahbaz Ahmed,Royal Challengers Bengaluru,5.0,3.0,,,
1359501,Atharva Taide,Punjab Kings,4.0,2.0,,,
1359501,Mohammed Siraj,Royal Challengers Bengaluru,,,24.0,21.0,4.0
1359501,MW Short,Punjab Kings,8.0,7.0,,,
1359501,P Simran Singh,Punjab Kings,46.0,31.0,,,
1359501,WD Parnell,Royal Challengers Bengaluru,,,18.0,32.0,1.0
1359501,PWH de Silva,Royal Challengers Bengaluru,,,24.0,39.0,2.0
1359501,Harpreet Singh,Punjab Kings,13.0,9.0,,,
1359501,Vijaykumar Vyshak,Royal Challengers Bengaluru,,,19.0,28.0,
1359501,HV Patel,Royal Challengers Bengaluru,,,22.0,20.0,1.0
1359501,JM Sharma,Punjab Kings,41.0,28.0,,,
1359501,M Shahrukh Khan,Punjab Kings,7.0,5.0,,,
1359502,JJ Roy,Kolkata Knight Riders,43.0,43.0,,,
1359502,I Sharma,Delhi Capitals,,,25.0,17.0,2.0
1359502,Liton Das,Kolkata Knight Riders,4.0,4.0,,,
1359502,Mukesh Kumar,Delhi Capitals,,,28.0,30.0,1.0
1359502,VR Iyer,Kolkata Knight Riders,0.0,2.0,,,
1359502,A Nortje,Delhi Capitals,,,26.0,18.0,2.0
1359502,N Rana,Kolkata Knight Riders,4.0,7.0,24.0,17.0,2.0
1359502,Mandeep Singh,Kolkata Knight Riders,12.0,11.0,,,
1359502,AR Patel,Delhi Capitals,19.0,24.0,18.0,13.0,2.0
1359502,MR Marsh,Delhi Capitals,2.0,9.0,14.0,23.0,
1359502,RK Singh,Kolkata Knight Riders,6.0,8.0,,,
1359502,Kuldeep Yadav,Delhi Capitals,,,19.0,14.0,2.0
1359502,SP Narine,Kolkata Knight Riders,4.0,6.0,25.0,35.0,
1359502,AD Russell,Kolkata Knight Riders,38.0,35.0,7.0,11.0,
1359502,AS Roy,Kolkata Knight Riders,0.0,1.0,26.0,17.0,2.0
1359502,UT Yadav,Kolkata Knight Riders,3.0,5.0,6.0,6.0,
1359502,CV Varun,Kolkata Knight Riders,1.0,8.0,24.0,16.0,2.0
1359502,DA Warner,Delhi Capitals,57.0,42.0,,,
1359502,PP Shaw,Delhi Capitals,13.0,11.0,,,
1359502,K Khejroliya,Kolkata Knight Riders,,,9.0,19.0,
1359502,PD Salt,Delhi Capitals,5.0,3.0,,,
1359502,MK Pandey,Delhi Capitals,21.0,23.0,,,
1359502,Aman Hakim Khan,Delhi Capitals,0.0,2.0,,,
1359502,Lalit Yadav,Delhi Capitals,4.0,7.0,,,
1359503,HC Brook,Sunrisers Hyderabad,18.0,13.0,,,
1359503,Akash Singh,Chennai Super Kings,,,18.0,17.0,1.0
1359503,Abhishek Sharma,Sunrisers Hyderabad,34.0,27.0,,,
1359503,TU Deshpande,Chennai Super Kings,,,19.0,25.0,
1359503,RA Tripathi,Sunrisers Hyderabad,21.0,21.0,,,
1359503,M Theekshana,Chennai Super Kings,,,24.0,27.0,1.0
1359503,MM Ali,Chennai Super Kings,6.0,6.0,12.0,18.0,
1359503,RA Jadeja,Chennai Super Kings,,,24.0,22.0,3.0
1359503,AK Markram,Sunrisers Hyderabad,12.0,12.0,6.0,11.0,
1359503,M Pathirana,Chennai Super Kings,,,25.0,21.0,1.0
1359503,H Klaasen,Sunrisers Hyderabad,17.0,16.0,,,
1359503,MA Agarwal,Sunrisers Hyderabad,2.0,4.0,,,
1359503,M Jansen,Sunrisers Hyderabad,17.0,23.0,18.0,37.0,
1359503,Washington Sundar,Sunrisers Hyderabad,9.0,6.0,16.0,16.0,
1359503,RD Gaikwad,Chennai Super Kings,35.0,30.0,,,
1359503,B Kumar,Sunrisers Hyderabad,,,12.0,10.0,
1359503,DP Conway,Chennai Super Kings,77.0,57.0,,,
1359503,M Markande,Sunrisers Hyderabad,,,24.0,23.0,2.0
1359503,Umran Malik,Sunrisers Hyderabad,,,18.0,18.0,
1359503,AM Rahane,Chennai Super Kings,9.0,10.0,,,
1359503,Mayank Dagar,Sunrisers Hyderabad,,,18.0,21.0,
1359503,AT Rayudu,Chennai Super Kings,9.0,9.0,,,
1359504,WP Saha,Gujarat Titans,47.0,37.0,,,
1359504,Naveen-ul-Haq,Lucknow Super Giants,,,24.0,19.0,1.0
1359504,Shubman Gill,Gujarat Titans,0.0,2.0,,,
1359504,KH Pandya,Lucknow Super Giants,23.0,24.0,24.0,16.0,2.0
1359504,HH Pandya,Gujarat Titans,66.0,50.0,6.0,7.0,
1359504,Avesh Khan,Lucknow Super Giants,,,18.0,21.0,
1359504,Ravi Bishnoi,Lucknow Super Giants,0.0,1.0,24.0,49.0,
1359504,MP Stoinis,Lucknow Super Giants,0.0,1.0,18.0,20.0,2.0
1359504,A Mishra,Lucknow Super Giants,,,12.0,9.0,1.0
1359504,A Manohar,Gujarat Titans,3.0,5.0,,,
1359504,V Shankar,Gujarat Titans,10.0,12.0,,,
1359504,DA Miller,Gujarat Titans,6.0,12.0,,,
1359504,R Tewatia,Gujarat Titans,2.0,2.0,7.0,7.0,
1359504,KL Rahul,Lucknow Super Giants,68.0,61.0,,,
1359504,Mohammed Shami,Gujarat Titans,,,18.0,18.0,
1359504,KR Mayers,Lucknow Super Giants,24.0,19.0,,,
1359504,J Yadav,Gujarat Titans,,,24.0,26.0,
1359504,Rashid Khan,Gujarat Titans,,,24.0,33.0,1.0
1359504,MM Sharma,Gujarat Titans,,,18.0,17.0,2.0
1359504,Noor Ahmad,Gujarat Titans,,,24.0,18.0,2.0
1359504,N Pooran,Lucknow Super Giants,1.0,7.0,,,
1359504,A Badoni,Lucknow Super Giants,8.0,6.0,,,
1359504,DJ Hooda,Lucknow Super Giants,2.0,2.0,,,
1359505,MW Short,Punjab Kings,11.0,11.0,7.0,6.0,
1359505,Arjun Tendulkar,Mumbai Indians,,,23.0,43.0,1.0
1359505,P Simran Singh,Punjab Kings,26.0,18.0,,,
1359505,JP Behrendorff,Mumbai Indians,,,19.0,40.0,1.0
1359505,C Green,Mumbai Indians,67.0,44.0,24.0,41.0,2.0
1359505,Atharva Taide,Punjab Kings,29.0,19.0,,,
1359505,JC Archer,Mumbai Indians,1.0,2.0,25.0,41.0,1.0
1359505,PP Chawla,Mumbai Indians,,,19.0,14.0,2.0
1359505,LS Livingstone,Punjab Kings,10.0,14.0,12.0,23.0,1.0
1359505,Harpreet Singh,Punjab Kings,41.0,28.0,,,
1359505,SM Curran,Punjab Kings,55.0,30.0,19.0,40.0,
1359505,HR Shokeen,Mumbai Indians,,,19.0,23.0,
1359505,JM Sharma,Punjab Kings,25.0,7.0,,,
1359505,Harpreet Brar,Punjab Kings,5.0,2.0,12.0,15.0,
1359505,RG Sharma,Mumbai Indians,44.0,28.0,,,
1359505,Ishan Kishan,Mumbai Indians,1.0,5.0,,,
1359505,Arshdeep Singh,Punjab Kings,,,25.0,28.0,4.0
1359505,NT Ellis,Punjab Kings,,,24.0,44.0,1.0
1359505,RD Chahar,Punjab Kings,,,24.0,42.0,
1359505,SA Yadav,Mumbai Indians,57.0,26.0,,,
1359505,TH David,Mumbai Indians,25.0,13.0,,,
1359505,Tilak Varma,Mumbai Indians,3.0,4.0,,,
1359505,N Wadhera,Mumbai Indians,0.0,1.0,,,
1359506,V Kohli,Royal Challengers Bengaluru,0.0,1.0,,,
1359506,TA Boult,Rajasthan Royals,,,25.0,36.0,2.0
1359506,Shahbaz Ahmed,Royal Challengers Bengaluru,2.0,4.0,,,
1359506,F du Plessis,Royal Challengers Bengaluru,62.0,39.0,,,
1359506,Sandeep Sharma,Rajasthan Royals,,,25.0,48.0,2.0
1359506,GJ Maxwell,Royal Challengers Bengaluru,77.0,47.0,12.0,25.0,
1359506,R Ashwin,Rajasthan Royals,12.0,6.0,25.0,34.0,1.0
1359506,YS Chahal,Rajasthan Royals,,,26.0,26.0,1.0
1359506,JO Holder,Rajasthan Royals,,,24.0,32.0,
1359506,MK Lomror,Royal Challengers Bengaluru,8.0,6.0,,,
1359506,KD Karthik,Royal Challengers Bengaluru,16.0,13.0,,,
1359506,SS Prabhudessai,Royal Challengers Bengaluru,0.0,2.0,,,
1359506,PWH de Silva,Royal Challengers Bengaluru,6.0,9.0,24.0,32.0,
1359506,Vijaykumar Vyshak,Royal Challengers Bengaluru,0.0,1.0,13.0,23.0,
1359506,Mohammed Siraj,Royal Challengers Bengaluru,1.0,1.0,27.0,35.0,1.0
1359506,DJ Willey,Royal Challengers Bengaluru,4.0,2.0,25.0,25.0,1.0
1359506,YBK Jaiswal,Rajasthan Royals,47.0,37.0,,,
1359506,JC Buttler,Rajasthan Royals,0.0,2.0,,,
1359506,D Padikkal,Rajasthan Royals,52.0,35.0,,,
1359506,HV Patel,Royal Challengers Bengaluru,,,25.0,31.0,3.0
1359506,SV Samson,Rajasthan Royals,22.0,15.0,,,
1359506,SO Hetmyer,Rajasthan Royals,3.0,10.0,,,
1359506,Dhruv Jurel,Rajasthan Royals,34.0,20.0,,,
1359506,Abdul Basith,Rajasthan Royals,1.0,1.0,,,
1359507,RD Gaikwad,Chennai Super Kings,35.0,20.0,,,
1359507,UT Yadav,Kolkata Knight Riders,4.0,6.0,18.0,35.0,
1359507,DP Conway,Chennai Super Kings,56.0,40.0,,,
1359507,D Wiese,Kolkata Knight Riders,1.0,2.0,18.0,38.0,
1359507,CV Varun,Kolkata Knight Riders,0.0,3.0,24.0,49.0,1.0
1359507,K Khejroliya,Kolkata Knight Riders,,,19.0,43.0,2.0
1359507,SP Narine,Kolkata Knight Riders,0.0,3.0,12.0,23.0,
1359507,Suyash Sharma,Kolkata Knight Riders,,,24.0,29.0,1.0
1359507,AM Rahane,Chennai Super Kings,71.0,31.0,,,
1359507,S Dube,Chennai Super Kings,50.0,21.0,,,
1359507,AD Russell,Kolkata Knight Riders,9.0,7.0,8.0,15.0,
1359507,RA Jadeja,Chennai Super Kings,18.0,8.0,18.0,34.0,1.0
1359507,MS Dhoni,Chennai Super Kings,2.0,3.0,,,
1359507,N Jagadeesan,Kolkata Knight Riders,1.0,3.0,,,
1359507,Akash Singh,Chennai Super Kings,,,25.0,28.0,1.0
1359507,VR Iyer,Kolkata Knight Riders,20.0,21.0,,,
1359507,TU Deshpande,Chennai Super Kings,,,28.0,39.0,2.0
1359507,N Rana,Kolkata Knight Riders,27.0,21.0,,,
1359507,M Theekshana,Chennai Super Kings,,,25.0,31.0,2.0
1359507,MM Ali,Chennai Super Kings,,,6.0,20.0,1.0
1359507,JJ Roy,Kolkata Knight Riders,61.0,27.0,,,
1359507,RK Singh,Kolkata Knight Riders,53.0,36.0,,,
1359507,M Pathirana,Chennai Super Kings,,,27.0,24.0,1.0
1359508,DA Warner,Delhi Capitals,21.0,20.0,,,
1359508,B Kumar,Sunrisers Hyderabad,,,24.0,11.0,2.0
1359508,PD Salt,Delhi Capitals,0.0,1.0,,,
1359508,MR Marsh,Delhi Capitals,25.0,15.0,13.0,15.0,
1359508,M Jansen,Sunrisers Hyderabad,2.0,3.0,12.0,27.0,
1359508,Washington Sundar,Sunrisers Hyderabad,24.0,15.0,24.0,28.0,3.0
1359508,T Natarajan,Sunrisers Hyderabad,,,18.0,21.0,1.0
1359508,SN Khan,Delhi Capitals,10.0,9.0,,,
1359508,M Markande,Sunrisers Hyderabad,,,25.0,32.0,
1359508,MK Pandey,Delhi Capitals,34.0,28.0,,,
1359508,Aman Hakim Khan,Delhi Capitals,4.0,2.0,,,
1359508,AR Patel,Delhi Capitals,34.0,34.0,24.0,21.0,2.0
1359508,Umran Malik,Sunrisers Hyderabad,,,12.0,14.0,
1359508,AK Markram,Sunrisers Hyderabad,3.0,5.0,6.0,7.0,
1359508,RV Patel,Delhi Capitals,5.0,6.0,,,
1359508,A Nortje,Delhi Capitals,2.0,2.0,24.0,33.0,2.0
1359508,Kuldeep Yadav,Delhi Capitals,4.0,3.0,24.0,22.0,1.0
1359508,I Sharma,Delhi Capitals,1.0,1.0,18.0,18.0,1.0
1359508,HC Brook,Sunrisers Hyderabad,7.0,14.0,,,
1359508,MA Agarwal,Sunrisers Hyderabad,49.0,39.0,,,
1359508,Mukesh Kumar,Delhi Capitals,,,18.0,27.0,
1359508,RA Tripathi,Sunrisers Hyderabad,15.0,21.0,,,
1359508,Abhishek Sharma,Sunrisers Hyderabad,5.0,5.0,,,
1359508,H Klaasen,Sunrisers Hyderabad,31.0,19.0,,,
1359509,WP Saha,Gujarat Titans,4.0,7.0,,,
1359509,Arjun Tendulkar,Mumbai Indians,13.0,9.0,12.0,9.0,1.0
1359509,Shubman Gill,Gujarat Titans,56.0,36.0,,,
1359509,JP Behrendorff,Mumbai Indians,3.0,4.0,26.0,35.0,1.0
1359509,HH Pandya,Gujarat Titans,13.0,14.0,12.0,10.0,1.0
1359509,RP Meredith,Mumbai Indians,0.0,2.0,26.0,47.0,1.0
1359509,C Green,Mumbai Indians,33.0,26.0,12.0,39.0,
1359509,PP Chawla,Mumbai Indians,18.0,12.0,25.0,33.0,2.0
1359509,V Shankar,Gujarat Titans,19.0,17.0,,,
1359509,K Kartikeya,Mumbai Indians,,,24.0,39.0,1.0
1359509,DA Miller,Gujarat Titans,46.0,23.0,,,
1359509,A Manohar,Gujarat Titans,42.0,21.0,,,
1359509,R Tewatia,Gujarat Titans,20.0,6.0,,,
1359509,Rashid Khan,Gujarat Titans,2.0,1.0,24.0,27.0,2.0
1359509,RG Sharma,Mumbai Indians,2.0,9.0,,,
1359509,Mohammed Shami,Gujarat Titans,,,25.0,17.0,
1359509,Ishan Kishan,Mumbai Indians,13.0,21.0,,,
1359509,Noor Ahmad,Gujarat Titans,,,24.0,37.0,3.0
1359509,Tilak Varma,Mumbai Indians,2.0,3.0,,,
1359509,SA Yadav,Mumbai Indians,23.0,12.0,,,
1359509,TH David,Mumbai Indians,0.0,2.0,,,
1359509,N Wadhera,Mumbai Indians,40.0,21.0,,,
1359509,MM Sharma,Gujarat Titans,,,24.0,38.0,2.0
1359509,J Little,Gujarat Titans,,,12.0,18.0,
1359510,JJ Roy,Kolkata Knight Riders,56.0,29.0,,,
1359510,Mohammed Siraj,Royal Challengers Bengaluru,,,24.0,33.0,1.0
1359510,N Jagadeesan,Kolkata Knight Riders,27.0,30.0,,,
1359510,DJ Willey,Royal Challengers Bengaluru,11.0,10.0,19.0,30.0,
1359510,PWH de Silva,Royal Challengers Bengaluru,5.0,4.0,24.0,24.0,2.0
1359510,Shahbaz Ahmed,Royal Challengers Bengaluru,2.0,5.0,6.0,25.0,
1359510,Vijaykumar Vyshak,Royal Challengers Bengaluru,13.0,9.0,27.0,38.0,2.0
1359510,HV Patel,Royal Challengers Bengaluru,,,25.0,43.0,
1359510,VR Iyer,Kolkata Knight Riders,31.0,29.0,,,
1359510,N Rana,Kolkata Knight Riders,48.0,22.0,6.0,8.0,
1359510,AD Russell,Kolkata Knight Riders,1.0,2.0,24.0,29.0,2.0
1359510,RK Singh,Kolkata Knight Riders,18.0,10.0,,,
1359510,D Wiese,Kolkata Knight Riders,12.0,3.0,,,
1359510,V Kohli,Royal Challengers Bengaluru,54.0,38.0,,,
1359510,VG Arora,Kolkata Knight Riders,,,13.0,20.0,
1359510,F du Plessis,Royal Challengers Bengaluru,17.0,7.0,,,
1359510,UT Yadav,Kolkata Knight Riders,,,6.0,19.0,
1359510,Suyash Sharma,Kolkata Knight Riders,,,25.0,29.0,2.0
1359510,CV Varun,Kolkata Knight Riders,,,24.0,27.0,3.0
1359510,GJ Maxwell,Royal Challengers Bengaluru,5.0,4.0,,,
1359510,MK Lomror,Royal Challengers Bengaluru,34.0,18.0,,,
1359510,SP Narine,Kolkata Knight Riders,,,24.0,41.0,
1359510,KD Karthik,Royal Challengers Bengaluru,22.0,18.0,,,
1359510,SS Prabhudessai,Royal Challengers Bengaluru,10.0,9.0,,,
1359511,YBK Jaiswal,Rajasthan Royals,77.0,44.0,,,
1359511,Akash Singh,Chennai Super Kings,,,12.0,32.0,
1359511,JC Buttler,Rajasthan Royals,27.0,22.0,,,
1359511,TU Deshpande,Chennai Super Kings,,,24.0,42.0,2.0
1359511,M Theekshana,Chennai Super Kings,,,25.0,23.0,1.0
1359511,RA Jadeja,Chennai Super Kings,23.0,15.0,25.0,31.0,1.0
1359511,SV Samson,Rajasthan Royals,17.0,18.0,,,
1359511,MM Ali,Chennai Super Kings,23.0,12.0,12.0,17.0,
1359511,M Pathirana,Chennai Super Kings,,,26.0,46.0,
1359511,SO Hetmyer,Rajasthan Royals,8.0,10.0,,,
1359511,Dhruv Jurel,Rajasthan Royals,34.0,15.0,,,
1359511,D Padikkal,Rajasthan Royals,27.0,14.0,,,
1359511,R Ashwin,Rajasthan Royals,1.0,1.0,24.0,35.0,2.0
1359511,RD Gaikwad,Chennai Super Kings,47.0,29.0,,,
1359511,Sandeep Sharma,Rajasthan Royals,,,24.0,24.0,
1359511,DP Conway,Chennai Super Kings,8.0,16.0,,,
1359511,K Yadav,Rajasthan Royals,,,18.0,18.0,1.0
1359511,JO Holder,Rajasthan Royals,,,25.0,48.0,
1359511,A Zampa,Rajasthan Royals,,,18.0,22.0,3.0
1359511,YS Chahal,Rajasthan Royals,,,12.0,21.0,
1359511,AM Rahane,Chennai Super Kings,15.0,13.0,,,
1359511,S Dube,Chennai Super Kings,52.0,34.0,,,
1359511,AT Rayudu,Chennai Super Kings,0.0,2.0,,,
1359512,KL Rahul,Lucknow Super Giants,12.0,9.0,,,
1359512,Gurnoor Brar,Punjab Kings,,,21.0,39.0,
1359512,KR Mayers,Lucknow Super Giants,54.0,26.0,6.0,4.0,
1359512,Arshdeep Singh,Punjab Kings,2.0,2.0,26.0,52.0,1.0
1359512,K Rabada,Punjab Kings,0.0,1.0,28.0,48.0,2.0
1359512,A Badoni,Lucknow Super Giants,43.0,25.0,1.0,0.0,
1359512,Sikandar Raza,Punjab Kings,36.0,22.0,6.0,17.0,
1359512,MP Stoinis,Lucknow Super Giants,72.0,40.0,15.0,17.0,1.0
1359512,RD Chahar,Punjab Kings,0.0,2.0,24.0,29.0,
1359512,SM Curran,Punjab Kings,21.0,12.0,18.0,38.0,1.0
1359512,LS Livingstone,Punjab Kings,23.0,14.0,6.0,19.0,1.0
1359512,N Pooran,Lucknow Super Giants,45.0,20.0,,,
1359512,DJ Hooda,Lucknow Super Giants,11.0,6.0,,,
1359512,KH Pandya,Lucknow Super Giants,5.0,3.0,7.0,12.0,
1359512,P Simran Singh,Punjab Kings,9.0,13.0,,,
1359512,S Dhawan,Punjab Kings,1.0,2.0,,,
1359512,Atharva Taide,Punjab Kings,66.0,40.0,,,
1359512,Naveen-ul-Haq,Lucknow Super Giants,,,26.0,28.0,3.0
1359512,Avesh Khan,Lucknow Super Giants,,,12.0,28.0,
1359512,A Mishra,Lucknow Super Giants,,,12.0,23.0,
1359512,Ravi Bishnoi,Lucknow Super Giants,,,25.0,40.0,2.0
1359512,Yash Thakur,Lucknow Super Giants,,,24.0,36.0,4.0
1359512,JM Sharma,Punjab Kings,24.0,10.0,,,
1359512,M Shahrukh Khan,Punjab Kings,6.0,10.0,,,
1359513,N Jagadeesan,Kolkata Knight Riders,19.0,16.0,,,
1359513,Mohammed Shami,Gujarat Titans,,,24.0,33.0,3.0
1359513,Rahmanullah Gurbaz,Kolkata Knight Riders,81.0,40.0,,,
1359513,HH Pandya,Gujarat Titans,26.0,20.0,19.0,33.0,
1359513,SN Thakur,Kolkata Knight Riders,0.0,4.0,,,
1359513,Rashid Khan,Gujarat Titans,,,25.0,53.0,
1359513,VR Iyer,Kolkata Knight Riders,11.0,15.0,,,
1359513,J Little,Gujarat Titans,,,24.0,25.0,2.0
1359513,Noor Ahmad,Gujarat Titans,,,25.0,20.0,2.0
1359513,N Rana,Kolkata Knight Riders,4.0,3.0,6.0,13.0,
1359513,RK Singh,Kolkata Knight Riders,19.0,20.0,,,
1359513,MM Sharma,Gujarat Titans,,,6.0,12.0,
1359513,AD Russell,Kolkata Knight Riders,34.0,19.0,19.0,28.0,1.0
1359513,D Wiese,Kolkata Knight Riders,8.0,6.0,,,
1359513,WP Saha,Gujarat Titans,10.0,10.0,,,
1359513,Harshit Rana,Kolkata Knight Riders,,,19.0,24.0,1.0
1359513,Shubman Gill,Gujarat Titans,49.0,36.0,,,
1359513,CV Varun,Kolkata Knight Riders,,,24.0,42.0,
1359513,Suyash Sharma,Kolkata Knight Riders,,,24.0,37.0,
1359513,SP Narine,Kolkata Knight Riders,,,18.0,24.0,1.0
1359513,V Shankar,Gujarat Titans,51.0,26.0,,,
1359513,DA Miller,Gujarat Titans,32.0,18.0,,,
1359514,Abhishek Sharma,Sunrisers Hyderabad,67.0,37.0,18.0,26.0,1.0
1359514,I Sharma,Delhi Capitals,,,18.0,31.0,1.0
1359514,MA Agarwal,Sunrisers Hyderabad,5.0,8.0,,,
1359514,A Nortje,Delhi Capitals,,,26.0,42.0,
1359514,RA Tripathi,Sunrisers Hyderabad,10.0,7.0,,,
1359514,Mukesh Kumar,Delhi Capitals,,,15.0,35.0,
1359514,MR Marsh,Delhi Capitals,63.0,39.0,26.0,25.0,4.0
1359514,AK Markram,Sunrisers Hyderabad,8.0,13.0,,,
1359514,Kuldeep Yadav,Delhi Capitals,,,18.0,27.0,
1359514,AR Patel,Delhi Capitals,29.0,17.0,26.0,27.0,1.0
1359514,HC Brook,Sunrisers Hyderabad,0.0,2.0,,,
1359514,H Klaasen,Sunrisers Hyderabad,53.0,30.0,,,
1359514,Abdul Samad,Sunrisers Hyderabad,28.0,21.0,,,
1359514,AJ Hosein,Sunrisers Hyderabad,16.0,11.0,24.0,40.0,1.0
1359514,DA Warner,Delhi Capitals,0.0,2.0,,,
1359514,B Kumar,Sunrisers Hyderabad,,,27.0,42.0,1.0
1359514,PD Salt,Delhi Capitals,59.0,35.0,,,
1359514,T Natarajan,Sunrisers Hyderabad,,,24.0,34.0,1.0
1359514,Umran Malik,Sunrisers Hyderabad,,,6.0,22.0,
1359514,M Markande,Sunrisers Hyderabad,,,24.0,20.0,2.0
1359514,MK Pandey,Delhi Capitals,1.0,3.0,,,
1359514,PK Garg,Delhi Capitals,12.0,9.0,,,
1359514,SN Khan,Delhi Capitals,9.0,10.0,,,
1359514,RV Patel,Delhi Capitals,11.0,8.0,,,
1359515,RD Gaikwad,Chennai Super Kings,37.0,34.0,,,
1359515,Arshdeep Singh,Punjab Kings,,,27.0,34.0,1.0
1359515,K Rabada,Punjab Kings,,,25.0,33.0,
1359515,DP Conway,Chennai Super Kings,92.0,54.0,,,
1359515,SM Curran,Punjab Kings,29.0,21.0,27.0,43.0,1.0
1359515,RD Chahar,Punjab Kings,,,24.0,35.0,1.0
1359515,Sikandar Raza,Punjab Kings,13.0,8.0,18.0,31.0,1.0
1359515,S Dube,Chennai Super Kings,28.0,19.0,,,
1359515,LS Livingstone,Punjab Kings,40.0,24.0,6.0,16.0,
1359515,MM Ali,Chennai Super Kings,10.0,6.0,6.0,10.0,
1359515,RA Jadeja,Chennai Super Kings,12.0,10.0,24.0,32.0,2.0
1359515,MS Dhoni,Chennai Super Kings,13.0,4.0,,,
1359515,P Simran Singh,Punjab Kings,42.0,24.0,,,
1359515,Akash Singh,Chennai Super Kings,,,19.0,34.0,
1359515,S Dhawan,Punjab Kings,28.0,16.0,,,
1359515,TU Deshpande,Chennai Super Kings,,,26.0,47.0,3.0
1359515,M Theekshana,Chennai Super Kings,,,25.0,34.0,
1359515,Atharva Taide,Punjab Kings,13.0,17.0,,,
1359515,M Pathirana,Chennai Super Kings,,,25.0,31.0,1.0
1359515,JM Sharma,Punjab Kings,21.0,12.0,,,
1359515,M Shahrukh Khan,Punjab Kings,2.0,3.0,,,
1359516,YBK Jaiswal,Rajasthan Royals,124.0,65.0,,,
1359516,C Green,Mumbai Indians,44.0,27.0,22.0,24.0,
1359516,JC Buttler,Rajasthan Royals,18.0,23.0,,,
1359516,JC Archer,Mumbai Indians,,,28.0,31.0,1.0
1359516,RP Meredith,Mumbai Indians,,,26.0,49.0,1.0
1359516,PP Chawla,Mumbai Indians,,,24.0,34.0,2.0
1359516,K Kartikeya,Mumbai Indians,,,12.0,14.0,
1359516,SV Samson,Rajasthan Royals,14.0,11.0,,,
1359516,Arshad Khan,Mumbai Indians,,,21.0,35.0,3.0
1359516,D Padikkal,Rajasthan Royals,2.0,5.0,,,
1359516,JO Holder,Rajasthan Royals,11.0,10.0,23.0,53.0,
1359516,SO Hetmyer,Rajasthan Royals,8.0,9.0,,,
1359516,Dhruv Jurel,Rajasthan Royals,2.0,3.0,,,
1359516,R Ashwin,Rajasthan Royals,8.0,6.0,25.0,26.0,2.0
1359516,TA Boult,Rajasthan Royals,0.0,1.0,26.0,41.0,1.0
1359516,RG Sharma,Mumbai Indians,3.0,6.0,,,
1359516,Ishan Kishan,Mumbai Indians,28.0,24.0,,,
1359516,Sandeep Sharma,Rajasthan Royals,,,26.0,33.0,1.0
1359516,YS Chahal,Rajasthan Royals,,,18.0,32.0,
1359516,SA Yadav,Mumbai Indians,55.0,29.0,,,
1359516,Tilak Varma,Mumbai Indians,29.0,24.0,,,
1359516,KR Sen,Rajasthan Royals,,,7.0,19.0,
1359516,TH David,Mumbai Indians,45.0,15.0,,,
1359517,V Kohli,Royal Challengers Bengaluru,31.0,32.0,,,
1359517,KH Pandya,Lucknow Super Giants,14.0,13.0,24.0,21.0,
1359517,F du Plessis,Royal Challengers Bengaluru,44.0,40.0,,,
1359517,MP Stoinis,Lucknow Super Giants,13.0,19.0,6.0,11.0,
1359517,Naveen-ul-Haq,Lucknow Super Giants,13.0,14.0,24.0,30.0,3.0
1359517,Ravi Bishnoi,Lucknow Super Giants,5.0,10.0,24.0,21.0,2.0
1359517,A Mishra,Lucknow Super Giants,19.0,30.0,18.0,21.0,2.0
1359517,Yash Thakur,Lucknow Super Giants,,,14.0,10.0,
1359517,K Gowtham,Lucknow Super Giants,23.0,13.0,12.0,10.0,1.0
1359517,Anuj Rawat,Royal Challengers Bengaluru,9.0,11.0,,,
1359517,GJ Maxwell,Royal Challengers Bengaluru,4.0,5.0,6.0,3.0,1.0
1359517,SS Prabhudessai,Royal Challengers Bengaluru,6.0,7.0,,,
1359517,KD Karthik,Royal Challengers Bengaluru,16.0,11.0,,,
1359517,MK Lomror,Royal Challengers Bengaluru,3.0,4.0,6.0,4.0,
1359517,PWH de Silva,Royal Challengers Bengaluru,8.0,7.0,24.0,20.0,1.0
1359517,KV Sharma,Royal Challengers Bengaluru,2.0,2.0,24.0,20.0,2.0
1359517,Mohammed Siraj,Royal Challengers Bengaluru,0.0,1.0,22.0,20.0,1.0
1359517,JR Hazlewood,Royal Challengers Bengaluru,1.0,2.0,19.0,14.0,2.0
1359517,KR Mayers,Lucknow Super Giants,0.0,2.0,,,
1359517,A Badoni,Lucknow Super Giants,4.0,11.0,,,
1359517,DJ Hooda,Lucknow Super Giants,1.0,2.0,,,
1359517,N Pooran,Lucknow Super Giants,9.0,7.0,,,
1359517,HV Patel,Royal Challengers Bengaluru,,,23.0,20.0,1.0
1359517,KL Rahul,Lucknow Super Giants,0.0,3.0,,,
1359518,PD Salt,Delhi Capitals,0.0,1.0,,,
1359518,Mohammed Shami,Gujarat Titans,,,24.0,11.0,4.0
1359518,PK Garg,Delhi Capitals,10.0,14.0,,,
1359518,DA Warner,Delhi Capitals,2.0,2.0,,,
1359518,HH Pandya,Gujarat Titans,59.0,53.0,7.0,9.0,
1359518,RR Rossouw,Delhi Capitals,8.0,6.0,,,
1359518,MK Pandey,Delhi Capitals,1.0,4.0,,,
1359518,J Little,Gujarat Titans,,,18.0,27.0,
1359518,AR Patel,Delhi Capitals,27.0,32.0,25.0,23.0,
1359518,Aman Hakim Khan,Delhi Capitals,51.0,44.0,,,
1359518,Rashid Khan,Gujarat Titans,3.0,2.0,25.0,27.0,1.0
1359518,Noor Ahmad,Gujarat Titans,,,26.0,18.0,
1359518,MM Sharma,Gujarat Titans,,,24.0,33.0,2.0
1359518,RV Patel,Delhi Capitals,23.0,14.0,,,
1359518,A Nortje,Delhi Capitals,3.0,6.0,26.0,37.0,1.0
1359518,Kuldeep Yadav,Delhi Capitals,0.0,1.0,24.0,15.0,1.0
1359518,WP Saha,Gujarat Titans,0.0,6.0,,,
1359518,KK Ahmed,Delhi Capitals,,,24.0,24.0,2.0
1359518,Shubman Gill,Gujarat Titans,6.0,7.0,,,
1359518,I Sharma,Delhi Capitals,,,25.0,21.0,2.0
1359518,V Shankar,Gujarat Titans,6.0,10.0,,,
1359518,DA Miller,Gujarat Titans,0.0,3.0,,,
1359518,A Manohar,Gujarat Titans,26.0,36.0,,,
1359518,R Tewatia,Gujarat Titans,20.0,7.0,,,
1359519,M Vohra,Lucknow Super Giants,10.0,11.0,,,
1359519,DL Chahar,Chennai Super Kings,,,24.0,41.0,
1359519,KR Mayers,Lucknow Super Giants,14.0,17.0,,,
1359519,TU Deshpande,Chennai Super Kings,,,6.0,1.0,
1359519,MM Ali,Chennai Super Kings,,,24.0,13.0,2.0
1359519,KS Sharma,Lucknow Super Giants,9.0,16.0,,,
1359519,M Theekshana,Chennai Super Kings,,,24.0,37.0,2.0
1359519,KH Pandya,Lucknow Super Giants,0.0,1.0,,,
1359519,MP Stoinis,Lucknow Super Giants,6.0,4.0,,,
1359519,RA Jadeja,Chennai Super Kings,,,18.0,11.0,1.0
1359519,N Pooran,Lucknow Super Giants,20.0,31.0,,,
1359519,A Badoni,Lucknow Super Giants,59.0,35.0,,,
1359519,M Pathirana,Chennai Super Kings,,,22.0,16.0,2.0
1359519,K Gowtham,Lucknow Super Giants,1.0,3.0,,,
1359520,P Simran Singh,Punjab Kings,9.0,7.0,,,
1359520,C Green,Mumbai Indians,23.0,19.0,12.0,15.0,
1359520,S Dhawan,Punjab Kings,30.0,22.0,,,
1359520,Arshad Khan,Mumbai Indians,,,25.0,47.0,1.0
1359520,MW Short,Punjab Kings,27.0,27.0,,,
1359520,JC Archer,Mumbai Indians,,,27.0,49.0,
1359520,PP Chawla,Mumbai Indians,,,24.0,29.0,2.0
1359520,K Kartikeya,Mumbai Indians,,,21.0,21.0,
1359520,LS Livingstone,Punjab Kings,82.0,43.0,,,
1359520,Akash Madhwal,Mumbai Indians,,,19.0,36.0,
1359520,JM Sharma,Punjab Kings,49.0,29.0,,,
1359520,RG Sharma,Mumbai Indians,0.0,3.0,,,
1359520,R Dhawan,Punjab Kings,,,18.0,20.0,1.0
1359520,Ishan Kishan,Mumbai Indians,75.0,41.0,,,
1359520,Arshdeep Singh,Punjab Kings,,,25.0,64.0,1.0
1359520,SM Curran,Punjab Kings,,,19.0,40.0,
1359520,NT Ellis,Punjab Kings,,,24.0,34.0,2.0
1359520,RD Chahar,Punjab Kings,,,18.0,30.0,
1359520,SA Yadav,Mumbai Indians,66.0,33.0,,,
1359520,Harpreet Brar,Punjab Kings,,,12.0,21.0,
1359520,TH David,Mumbai Indians,19.0,10.0,,,
1359520,Tilak Varma,Mumbai Indians,26.0,10.0,,,
1359521,JJ Roy,Kolkata Knight Riders,20.0,20.0,,,
1359521,B Kumar,Sunrisers Hyderabad,5.0,5.0,25.0,32.0,1.0
1359521,Rahmanullah Gurbaz,Kolkata Knight Riders,0.0,1.0,,,
1359521,M Jansen,Sunrisers Hyderabad,1.0,5.0,19.0,23.0,2.0
1359521,VR Iyer,Kolkata Knight Riders,7.0,4.0,,,
1359521,N Rana,Kolkata Knight Riders,42.0,31.0,,,
1359521,Kartik Tyagi,Sunrisers Hyderabad,,,15.0,27.0,1.0
1359521,RK Singh,Kolkata Knight Riders,46.0,38.0,,,
1359521,AK Markram,Sunrisers Hyderabad,41.0,42.0,18.0,24.0,1.0
1359521,T Natarajan,Sunrisers Hyderabad,,,26.0,28.0,2.0
1359521,M Markande,Sunrisers Hyderabad,1.0,2.0,24.0,29.0,1.0
1359521,AD Russell,Kolkata Knight Riders,24.0,15.0,7.0,14.0,1.0
1359521,SP Narine,Kolkata Knight Riders,1.0,2.0,12.0,16.0,
1359521,SN Thakur,Kolkata Knight Riders,8.0,7.0,18.0,23.0,2.0
1359521,AS Roy,Kolkata Knight Riders,13.0,7.0,19.0,25.0,1.0
1359521,Harshit Rana,Kolkata Knight Riders,0.0,1.0,26.0,25.0,1.0
1359521,VG Arora,Kolkata Knight Riders,2.0,1.0,21.0,29.0,2.0
1359521,Abhishek Sharma,Sunrisers Hyderabad,9.0,10.0,,,
1359521,MA Agarwal,Sunrisers Hyderabad,18.0,12.0,,,
1359521,RA Tripathi,Sunrisers Hyderabad,20.0,9.0,,,
1359521,HC Brook,Sunrisers Hyderabad,0.0,4.0,,,
1359521,H Klaasen,Sunrisers Hyderabad,36.0,20.0,,,
1359521,CV Varun,Kolkata Knight Riders,,,24.0,20.0,1.0
1359521,Abdul Samad,Sunrisers Hyderabad,21.0,18.0,,,
1359522,YBK Jaiswal,Rajasthan Royals,14.0,11.0,,,
1359522,Mohammed Shami,Gujarat Titans,,,26.0,25.0,1.0
1359522,JC Buttler,Rajasthan Royals,8.0,7.0,,,
1359522,HH Pandya,Gujarat Titans,39.0,15.0,12.0,22.0,1.0
1359522,SV Samson,Rajasthan Royals,30.0,20.0,,,
1359522,Rashid Khan,Gujarat Titans,,,26.0,12.0,3.0
1359522,D Padikkal,Rajasthan Royals,12.0,13.0,,,
1359522,J Little,Gujarat Titans,,,24.0,24.0,1.0
1359522,R Ashwin,Rajasthan Royals,2.0,6.0,6.0,8.0,
1359522,R Parag,Rajasthan Royals,4.0,6.0,,,
1359522,SO Hetmyer,Rajasthan Royals,7.0,14.0,,,
1359522,Noor Ahmad,Gujarat Titans,,,21.0,22.0,2.0
1359522,Dhruv Jurel,Rajasthan Royals,9.0,8.0,,,
1359522,TA Boult,Rajasthan Royals,15.0,13.0,18.0,28.0,
1359522,A Zampa,Rajasthan Royals,7.0,10.0,18.0,40.0,
1359522,Sandeep Sharma,Rajasthan Royals,2.0,6.0,19.0,18.0,
1359522,MM Sharma,Gujarat Titans,,,5.0,5.0,
1359522,WP Saha,Gujarat Titans,41.0,34.0,,,
1359522,Shubman Gill,Gujarat Titans,36.0,35.0,,,
1359522,YS Chahal,Rajasthan Royals,,,23.0,22.0,1.0
1359523,C Green,Mumbai Indians,6.0,4.0,8.0,8.0,
1359523,DL Chahar,Chennai Super Kings,,,18.0,18.0,2.0
1359523,Ishan Kishan,Mumbai Indians,7.0,9.0,,,
1359523,TU Deshpande,Chennai Super Kings,,,25.0,25.0,2.0
1359523,RG Sharma,Mumbai Indians,0.0,3.0,,,
1359523,N Wadhera,Mumbai Indians,64.0,51.0,,,
1359523,SA Yadav,Mumbai Indians,26.0,23.0,,,
1359523,RA Jadeja,Chennai Super Kings,,,25.0,35.0,1.0
1359523,MM Ali,Chennai Super Kings,,,6.0,10.0,
1359523,M Theekshana,Chennai Super Kings,,,24.0,28.0,
1359523,T Stubbs,Mumbai Indians,20.0,21.0,12.0,14.0,1.0
1359523,M Pathirana,Chennai Super Kings,,,24.0,15.0,3.0
1359523,TH David,Mumbai Indians,2.0,5.0,,,
1359523,Arshad Khan,Mumbai Indians,1.0,2.0,10.0,28.0,
1359523,JC Archer,Mumbai Indians,3.0,2.0,25.0,23.0,
1359523,PP Chawla,Mumbai Indians,2.0,2.0,24.0,25.0,2.0
1359523,RD Gaikwad,Chennai Super Kings,30.0,17.0,,,
1359523,DP Conway,Chennai Super Kings,44.0,43.0,,,
1359523,AM Rahane,Chennai Super Kings,21.0,17.0,,,
1359523,R Goyal,Mumbai Indians,,,24.0,33.0,
1359523,AT Rayudu,Chennai Super Kings,12.0,11.0,,,
1359523,S Dube,Chennai Super Kings,26.0,18.0,,,
1359523,Akash Madhwal,Mumbai Indians,,,6.0,4.0,1.0
1359523,MS Dhoni,Chennai Super Kings,2.0,3.0,,,
1359524,V Kohli,Royal Challengers Bengaluru,55.0,47.0,,,
1359524,KK Ahmed,Delhi Capitals,,,25.0,43.0,1.0
1359524,AR Patel,Delhi Capitals,8.0,3.0,18.0,17.0,
1359524,F du Plessis,Royal Challengers Bengaluru,45.0,33.0,,,
1359524,I Sharma,Delhi Capitals,,,20.0,27.0,
1359524,Mukesh Kumar,Delhi Capitals,,,19.0,29.0,1.0
1359524,MR Marsh,Delhi Capitals,26.0,17.0,19.0,20.0,2.0
1359524,Kuldeep Yadav,Delhi Capitals,,,24.0,37.0,
1359524,GJ Maxwell,Royal Challengers Bengaluru,0.0,1.0,10.0,14.0,
1359524,MK Lomror,Royal Challengers Bengaluru,54.0,32.0,6.0,13.0,
1359524,KD Karthik,Royal Challengers Bengaluru,11.0,9.0,,,
1359524,Anuj Rawat,Royal Challengers Bengaluru,8.0,3.0,,,
1359524,DA Warner,Delhi Capitals,22.0,14.0,,,
1359524,Mohammed Siraj,Royal Challengers Bengaluru,,,13.0,27.0,
1359524,PD Salt,Delhi Capitals,87.0,46.0,,,
1359524,JR Hazlewood,Royal Challengers Bengaluru,,,19.0,28.0,1.0
1359524,PWH de Silva,Royal Challengers Bengaluru,,,24.0,32.0,
1359524,KV Sharma,Royal Challengers Bengaluru,,,18.0,33.0,1.0
1359524,HV Patel,Royal Challengers Bengaluru,,,13.0,31.0,1.0
1359524,RR Rossouw,Delhi Capitals,35.0,23.0,,,
1359525,WP Saha,Gujarat Titans,81.0,45.0,,,
1359525,Mohsin Khan,Lucknow Super Giants,,,20.0,40.0,1.0
1359525,Shubman Gill,Gujarat Titans,94.0,53.0,,,
1359525,Avesh Khan,Lucknow Super Giants,,,24.0,34.0,1.0
1359525,KH Pandya,Lucknow Super Giants,0.0,1.0,24.0,38.0,
1359525,Yash Thakur,Lucknow Super Giants,,,25.0,47.0,
1359525,Ravi Bishnoi,Lucknow Super Giants,4.0,5.0,13.0,20.0,
1359525,KR Mayers,Lucknow Super Giants,48.0,35.0,7.0,15.0,
1359525,Swapnil Singh,Lucknow Super Giants,2.0,4.0,6.0,7.0,
1359525,HH Pandya,Gujarat Titans,25.0,15.0,20.0,35.0,
1359525,MP Stoinis,Lucknow Super Giants,4.0,9.0,6.0,20.0,
1359525,DA Miller,Gujarat Titans,21.0,12.0,,,
1359525,Mohammed Shami,Gujarat Titans,,,25.0,36.0,1.0
1359525,Q de Kock,Lucknow Super Giants,70.0,42.0,,,
1359525,Rashid Khan,Gujarat Titans,,,24.0,34.0,1.0
1359525,Noor Ahmad,Gujarat Titans,,,25.0,25.0,1.0
1359525,MM Sharma,Gujarat Titans,,,25.0,28.0,4.0
1359525,DJ Hooda,Lucknow Super Giants,11.0,11.0,,,
1359525,N Pooran,Lucknow Super Giants,3.0,6.0,,,
1359525,A Badoni,Lucknow Super Giants,21.0,12.0,,,
1359525,AS Joseph,Gujarat Titans,,,6.0,5.0,
1359526,YBK Jaiswal,Rajasthan Royals,35.0,19.0,,,
1359526,B Kumar,Sunrisers Hyderabad,,,26.0,42.0,1.0
1359526,JC Buttler,Rajasthan Royals,95.0,63.0,,,
1359526,M Jansen,Sunrisers Hyderabad,3.0,2.0,25.0,43.0,1.0
1359526,T Natarajan,Sunrisers Hyderabad,,,25.0,35.0,
1359526,SV Samson,Rajasthan Royals,66.0,38.0,,,
1359526,M Markande,Sunrisers Hyderabad,,,24.0,51.0,
1359526,Abhishek Sharma,Sunrisers Hyderabad,55.0,36.0,12.0,15.0,
1359526,Vivrant Sharma,Sunrisers Hyderabad,,,13.0,17.0,
1359526,SO Hetmyer,Rajasthan Royals,7.0,5.0,,,
1359526,Anmolpreet Singh,Sunrisers Hyderabad,33.0,25.0,,,
1359526,Sandeep Sharma,Rajasthan Royals,,,25.0,47.0,
1359526,K Yadav,Rajasthan Royals,,,24.0,50.0,1.0
1359526,R Ashwin,Rajasthan Royals,,,27.0,32.0,1.0
1359526,YS Chahal,Rajasthan Royals,,,24.0,29.0,4.0
1359526,RA Tripathi,Sunrisers Hyderabad,47.0,31.0,,,
1359526,M Ashwin,Rajasthan Royals,,,18.0,42.0,
1359526,H Klaasen,Sunrisers Hyderabad,26.0,12.0,,,
1359526,AK Markram,Sunrisers Hyderabad,6.0,5.0,,,
1359526,OC McCoy,Rajasthan Royals,,,7.0,12.0,
1359526,GD Phillips,Sunrisers Hyderabad,25.0,7.0,,,
1359526,Abdul Samad,Sunrisers Hyderabad,17.0,7.0,,,
1359527,P Simran Singh,Punjab Kings,12.0,8.0,,,
1359527,VG Arora,Kolkata Knight Riders,,,19.0,31.0,
1359527,S Dhawan,Punjab Kings,57.0,48.0,,,
1359527,Harshit Rana,Kolkata Knight Riders,,,19.0,32.0,2.0
1359527,PBB Rajapaksa,Punjab Kings,0.0,3.0,,,
1359527,LS Livingstone,Punjab Kings,15.0,9.0,12.0,27.0,
1359527,AD Russell,Kolkata Knight Riders,42.0,24.0,7.0,18.0,
1359527,CV Varun,Kolkata Knight Riders,,,25.0,25.0,3.0
1359527,JM Sharma,Punjab Kings,21.0,19.0,,,
1359527,Suyash Sharma,Kolkata Knight Riders,,,25.0,25.0,1.0
1359527,SP Narine,Kolkata Knight Riders,,,25.0,28.0,
1359527,SM Curran,Punjab Kings,4.0,9.0,19.0,43.0,
1359527,N Rana,Kolkata Knight Riders,51.0,39.0,6.0,7.0,1.0
1359527,R Dhawan,Punjab Kings,19.0,11.0,12.0,15.0,
1359527,M Shahrukh Khan,Punjab Kings,21.0,9.0,,,
1359527,Harpreet Brar,Punjab Kings,17.0,10.0,6.0,4.0,1.0
1359527,JJ Roy,Kolkata Knight Riders,38.0,24.0,,,
1359527,Rahmanullah Gurbaz,Kolkata Knight Riders,15.0,13.0,,,
1359527,Arshdeep Singh,Punjab Kings,,,25.0,38.0,
1359527,NT Ellis,Punjab Kings,,,24.0,29.0,1.0
1359527,VR Iyer,Kolkata Knight Riders,11.0,13.0,,,
1359527,RD Chahar,Punjab Kings,,,25.0,22.0,2.0
1359527,RK Singh,Kolkata Knight Riders,21.0,10.0,,,
1359528,V Kohli,Royal Challengers Bengaluru,1.0,4.0,,,
1359528,JP Behrendorff,Mumbai Indians,,,24.0,36.0,3.0
1359528,F du Plessis,Royal Challengers Bengaluru,65.0,43.0,,,
1359528,Anuj Rawat,Royal Challengers Bengaluru,6.0,4.0,,,
1359528,PP Chawla,Mumbai Indians,,,24.0,41.0,
1359528,GJ Maxwell,Royal Challengers Bengaluru,68.0,33.0,,,
1359528,C Green,Mumbai Indians,2.0,2.0,12.0,15.0,1.0
1359528,CJ Jordan,Mumbai Indians,,,25.0,47.0,1.0
1359528,K Kartikeya,Mumbai Indians,,,25.0,34.0,1.0
1359528,Akash Madhwal,Mumbai Indians,,,13.0,22.0,
1359528,MK Lomror,Royal Challengers Bengaluru,1.0,3.0,,,
1359528,KD Karthik,Royal Challengers Bengaluru,30.0,18.0,,,
1359528,KM Jadhav,Royal Challengers Bengaluru,12.0,10.0,,,
1359528,PWH de Silva,Royal Challengers Bengaluru,12.0,8.0,25.0,51.0,2.0
1359528,Ishan Kishan,Mumbai Indians,42.0,22.0,,,
1359528,Mohammed Siraj,Royal Challengers Bengaluru,,,19.0,30.0,
1359528,RG Sharma,Mumbai Indians,7.0,8.0,,,
1359528,JR Hazlewood,Royal Challengers Bengaluru,,,19.0,31.0,
1359528,SA Yadav,Mumbai Indians,83.0,36.0,,,
1359528,Vijaykumar Vyshak,Royal Challengers Bengaluru,,,20.0,35.0,2.0
1359528,N Wadhera,Mumbai Indians,52.0,37.0,,,
1359528,HV Patel,Royal Challengers Bengaluru,,,23.0,39.0,
1359528,TH David,Mumbai Indians,0.0,1.0,,,
1359529,RD Gaikwad,Chennai Super Kings,24.0,19.0,,,
1359529,KK Ahmed,Delhi Capitals,,,26.0,30.0,1.0
1359529,DP Conway,Chennai Super Kings,10.0,15.0,,,
1359529,I Sharma,Delhi Capitals,,,14.0,21.0,
1359529,Lalit Yadav,Delhi Capitals,12.0,5.0,18.0,34.0,1.0
1359529,AR Patel,Delhi Capitals,21.0,14.0,24.0,27.0,2.0
1359529,AM Rahane,Chennai Super Kings,21.0,20.0,,,
1359529,MM Ali,Chennai Super Kings,7.0,12.0,24.0,16.0,
1359529,Kuldeep Yadav,Delhi Capitals,0.0,1.0,27.0,25.0,1.0
1359529,S Dube,Chennai Super Kings,25.0,14.0,,,
1359529,AT Rayudu,Chennai Super Kings,23.0,18.0,,,
1359529,MR Marsh,Delhi Capitals,5.0,4.0,21.0,15.0,3.0
1359529,RA Jadeja,Chennai Super Kings,21.0,18.0,24.0,19.0,1.0
1359529,MS Dhoni,Chennai Super Kings,20.0,11.0,,,
1359529,DL Chahar,Chennai Super Kings,1.0,2.0,19.0,27.0,2.0
1359529,TU Deshpande,Chennai Super Kings,0.0,1.0,18.0,18.0,
1359529,DA Warner,Delhi Capitals,0.0,2.0,,,
1359529,PD Salt,Delhi Capitals,17.0,12.0,,,
1359529,MK Pandey,Delhi Capitals,27.0,29.0,,,
1359529,RR Rossouw,Delhi Capitals,35.0,37.0,,,
1359529,M Theekshana,Chennai Super Kings,,,12.0,16.0,
1359529,M Pathirana,Chennai Super Kings,,,28.0,33.0,3.0
1359529,RV Patel,Delhi Capitals,10.0,16.0,,,
1359529,Aman Hakim Khan,Delhi Capitals,2.0,5.0,,,
1359530,JJ Roy,Kolkata Knight Riders,10.0,8.0,,,
1359530,TA Boult,Rajasthan Royals,,,18.0,15.0,2.0
1359530,Rahmanullah Gurbaz,Kolkata Knight Riders,18.0,12.0,,,
1359530,Sandeep Sharma,Rajasthan Royals,,,24.0,34.0,1.0
1359530,VR Iyer,Kolkata Knight Riders,57.0,43.0,,,
1359530,N Rana,Kolkata Knight Riders,22.0,17.0,6.0,26.0,
1359530,R Ashwin,Rajasthan Royals,,,24.0,32.0,
1359530,JE Root,Rajasthan Royals,,,12.0,14.0,
1359530,YS Chahal,Rajasthan Royals,,,24.0,25.0,4.0
1359530,AD Russell,Kolkata Knight Riders,10.0,10.0,,,
1359530,KM Asif,Rajasthan Royals,,,19.0,26.0,1.0
1359530,RK Singh,Kolkata Knight Riders,16.0,18.0,,,
1359530,SN Thakur,Kolkata Knight Riders,1.0,2.0,7.0,18.0,
1359530,AS Roy,Kolkata Knight Riders,6.0,6.0,6.0,20.0,
1359530,SP Narine,Kolkata Knight Riders,6.0,5.0,12.0,13.0,
1359530,YBK Jaiswal,Rajasthan Royals,98.0,48.0,,,
1359530,JC Buttler,Rajasthan Royals,0.0,5.0,,,
1359530,Harshit Rana,Kolkata Knight Riders,,,14.0,20.0,
1359530,SV Samson,Rajasthan Royals,48.0,29.0,,,
1359530,CV Varun,Kolkata Knight Riders,,,19.0,27.0,
1359530,Suyash Sharma,Kolkata Knight Riders,,,18.0,22.0,
1359531,Ishan Kishan,Mumbai Indians,31.0,20.0,,,
1359531,Mohammed Shami,Gujarat Titans,,,24.0,53.0,
1359531,RG Sharma,Mumbai Indians,29.0,18.0,,,
1359531,MM Sharma,Gujarat Titans,,,24.0,43.0,1.0
1359531,Rashid Khan,Gujarat Titans,79.0,35.0,24.0,30.0,4.0
1359531,Noor Ahmad,Gujarat Titans,1.0,3.0,24.0,38.0,
1359531,SA Yadav,Mumbai Indians,103.0,49.0,,,
1359531,N Wadhera,Mumbai Indians,15.0,7.0,,,
1359531,AS Joseph,Gujarat Titans,7.0,12.0,24.0,52.0,
1359531,Vishnu Vinod,Mumbai Indians,30.0,20.0,,,
1359531,TH David,Mumbai Indians,5.0,3.0,,,
1359531,C Green,Mumbai Indians,3.0,3.0,6.0,13.0,
1359531,WP Saha,Gujarat Titans,2.0,5.0,,,
1359531,JP Behrendorff,Mumbai Indians,,,25.0,36.0,1.0
1359531,Shubman Gill,Gujarat Titans,6.0,9.0,,,
1359531,Akash Madhwal,Mumbai Indians,,,24.0,31.0,3.0
1359531,HH Pandya,Gujarat Titans,4.0,3.0,,,
1359531,V Shankar,Gujarat Titans,29.0,14.0,,,
1359531,DA Miller,Gujarat Titans,41.0,26.0,,,
1359531,CJ Jordan,Mumbai Indians,,,24.0,34.0,
1359531,PP Chawla,Mumbai Indians,,,24.0,36.0,2.0
1359531,A Manohar,Gujarat Titans,2.0,3.0,,,
1359531,K Kartikeya,Mumbai Indians,,,20.0,35.0,2.0
1359531,R Tewatia,Gujarat Titans,14.0,13.0,,,
1359532,Anmolpreet Singh,Sunrisers Hyderabad,36.0,27.0,,,
1359532,Yudhvir Singh,Lucknow Super Giants,,,19.0,23.0,1.0
1359532,Abhishek Sharma,Sunrisers Hyderabad,7.0,6.0,19.0,41.0,1.0
1359532,KR Mayers,Lucknow Super Giants,2.0,15.0,7.0,10.0,
1359532,RA Tripathi,Sunrisers Hyderabad,20.0,13.0,,,
1359532,KH Pandya,Lucknow Super Giants,,,24.0,24.0,2.0
1359532,Avesh Khan,Lucknow Super Giants,,,12.0,30.0,1.0
1359532,Yash Thakur,Lucknow Super Giants,,,24.0,28.0,1.0
1359532,AK Markram,Sunrisers Hyderabad,28.0,20.0,,,
1359532,A Mishra,Lucknow Super Giants,,,25.0,39.0,1.0
1359532,H Klaasen,Sunrisers Hyderabad,47.0,30.0,,,
1359532,Ravi Bishnoi,Lucknow Super Giants,,,12.0,23.0,
1359532,GD Phillips,Sunrisers Hyderabad,0.0,1.0,12.0,10.0,1.0
1359532,Abdul Samad,Sunrisers Hyderabad,37.0,25.0,,,
1359532,B Kumar,Sunrisers Hyderabad,2.0,1.0,24.0,30.0,
1359532,Q de Kock,Lucknow Super Giants,29.0,19.0,,,
1359532,Fazalhaq Farooqi,Sunrisers Hyderabad,,,24.0,28.0,
1359532,PN Mankad,Lucknow Super Giants,64.0,47.0,,,
1359532,T Natarajan,Sunrisers Hyderabad,,,24.0,31.0,
1359532,M Markande,Sunrisers Hyderabad,,,18.0,39.0,1.0
1359532,MP Stoinis,Lucknow Super Giants,40.0,27.0,,,
1359532,N Pooran,Lucknow Super Giants,44.0,13.0,,,
1359533,P Simran Singh,Punjab Kings,103.0,68.0,,,
1359533,KK Ahmed,Delhi Capitals,,,27.0,33.0,
1359533,S Dhawan,Punjab Kings,7.0,7.0,,,
1359533,I Sharma,Delhi Capitals,,,18.0,27.0,2.0
1359533,LS Livingstone,Punjab Kings,4.0,5.0,,,
1359533,AR Patel,Delhi Capitals,1.0,2.0,26.0,21.0,1.0
1359533,JM Sharma,Punjab Kings,5.0,5.0,,,
1359533,SM Curran,Punjab Kings,20.0,25.0,12.0,18.0,
1359533,P Dubey,Delhi Capitals,16.0,20.0,19.0,18.0,1.0
1359533,Kuldeep Yadav,Delhi Capitals,10.0,17.0,24.0,32.0,1.0
1359533,MR Marsh,Delhi Capitals,3.0,4.0,7.0,20.0,
1359533,Harpreet Brar,Punjab Kings,2.0,5.0,25.0,29.0,4.0
1359533,M Shahrukh Khan,Punjab Kings,2.0,4.0,,,
1359533,Mukesh Kumar,Delhi Capitals,6.0,8.0,6.0,3.0,1.0
1359533,Sikandar Raza,Punjab Kings,11.0,8.0,6.0,3.0,
1359533,DA Warner,Delhi Capitals,54.0,27.0,,,
1359533,R Dhawan,Punjab Kings,,,6.0,10.0,
1359533,PD Salt,Delhi Capitals,21.0,17.0,,,
1359533,NT Ellis,Punjab Kings,,,25.0,25.0,2.0
1359533,Arshdeep Singh,Punjab Kings,,,24.0,32.0,
1359533,RD Chahar,Punjab Kings,,,25.0,15.0,2.0
1359533,RR Rossouw,Delhi Capitals,5.0,7.0,,,
1359533,Aman Hakim Khan,Delhi Capitals,16.0,18.0,,,
1359533,MK Pandey,Delhi Capitals,0.0,3.0,,,
1359534,V Kohli,Royal Challengers Bengaluru,18.0,20.0,,,
1359534,Sandeep Sharma,Rajasthan Royals,0.0,1.0,25.0,33.0,1.0
1359534,F du Plessis,Royal Challengers Bengaluru,55.0,45.0,,,
1359534,A Zampa,Rajasthan Royals,2.0,6.0,24.0,25.0,2.0
1359534,YS Chahal,Rajasthan Royals,,,25.0,36.0,
1359534,R Ashwin,Rajasthan Royals,,,25.0,32.0,
1359534,KM Asif,Rajasthan Royals,0.0,2.0,25.0,40.0,2.0
1359534,GJ Maxwell,Royal Challengers Bengaluru,54.0,35.0,6.0,3.0,1.0
1359534,MK Lomror,Royal Challengers Bengaluru,1.0,2.0,,,
1359534,KD Karthik,Royal Challengers Bengaluru,0.0,2.0,,,
1359534,MG Bracewell,Royal Challengers Bengaluru,9.0,9.0,18.0,16.0,2.0
1359534,Anuj Rawat,Royal Challengers Bengaluru,29.0,11.0,,,
1359534,YBK Jaiswal,Rajasthan Royals,0.0,3.0,,,
1359534,Mohammed Siraj,Royal Challengers Bengaluru,,,13.0,9.0,1.0
1359534,SV Samson,Rajasthan Royals,4.0,5.0,,,
1359534,JC Buttler,Rajasthan Royals,0.0,3.0,,,
1359534,WD Parnell,Royal Challengers Bengaluru,,,19.0,9.0,3.0
1359534,JE Root,Rajasthan Royals,10.0,15.0,,,
1359534,D Padikkal,Rajasthan Royals,4.0,4.0,,,
1359534,SO Hetmyer,Rajasthan Royals,35.0,19.0,,,
1359534,Dhruv Jurel,Rajasthan Royals,1.0,7.0,,,
1359534,KV Sharma,Royal Challengers Bengaluru,,,9.0,19.0,2.0
1359535,RD Gaikwad,Chennai Super Kings,17.0,13.0,,,
1359535,VG Arora,Kolkata Knight Riders,,,26.0,28.0,1.0
1359535,DP Conway,Chennai Super Kings,30.0,28.0,,,
1359535,Harshit Rana,Kolkata Knight Riders,,,12.0,19.0,
1359535,CV Varun,Kolkata Knight Riders,,,25.0,34.0,2.0
1359535,AM Rahane,Chennai Super Kings,16.0,11.0,,,
1359535,SP Narine,Kolkata Knight Riders,,,24.0,15.0,2.0
1359535,AT Rayudu,Chennai Super Kings,4.0,7.0,,,
1359535,SN Thakur,Kolkata Knight Riders,,,19.0,14.0,1.0
1359535,S Dube,Chennai Super Kings,48.0,36.0,,,
1359535,MM Ali,Chennai Super Kings,1.0,2.0,24.0,31.0,
1359535,Suyash Sharma,Kolkata Knight Riders,,,19.0,28.0,
1359535,RA Jadeja,Chennai Super Kings,20.0,24.0,12.0,18.0,
1359535,MS Dhoni,Chennai Super Kings,2.0,4.0,,,
1359535,JJ Roy,Kolkata Knight Riders,12.0,16.0,,,
1359535,DL Chahar,Chennai Super Kings,,,20.0,25.0,3.0
1359535,Rahmanullah Gurbaz,Kolkata Knight Riders,1.0,5.0,,,
1359535,TU Deshpande,Chennai Super Kings,,,23.0,23.0,
1359535,VR Iyer,Kolkata Knight Riders,9.0,4.0,,,
1359535,N Rana,Kolkata Knight Riders,57.0,47.0,,,
1359535,RK Singh,Kolkata Knight Riders,54.0,44.0,,,
1359535,M Theekshana,Chennai Super Kings,,,18.0,22.0,
1359535,M Pathirana,Chennai Super Kings,,,21.0,16.0,
1359535,AD Russell,Kolkata Knight Riders,2.0,2.0,,,
1359536,WP Saha,Gujarat Titans,0.0,3.0,,,
1359536,B Kumar,Sunrisers Hyderabad,27.0,28.0,24.0,30.0,5.0
1359536,B Sai Sudharsan,Gujarat Titans,47.0,40.0,,,
1359536,Shubman Gill,Gujarat Titans,101.0,59.0,,,
1359536,M Jansen,Sunrisers Hyderabad,3.0,6.0,30.0,29.0,1.0
1359536,Fazalhaq Farooqi,Sunrisers Hyderabad,1.0,5.0,19.0,30.0,1.0
1359536,T Natarajan,Sunrisers Hyderabad,,,24.0,34.0,1.0
1359536,AK Markram,Sunrisers Hyderabad,10.0,10.0,6.0,13.0,
1359536,M Markande,Sunrisers Hyderabad,18.0,9.0,18.0,27.0,
1359536,Abhishek Sharma,Sunrisers Hyderabad,5.0,6.0,7.0,12.0,
1359536,HH Pandya,Gujarat Titans,8.0,6.0,,,
1359536,DA Miller,Gujarat Titans,7.0,5.0,,,
1359536,R Tewatia,Gujarat Titans,3.0,4.0,7.0,7.0,
1359536,MD Shanaka,Gujarat Titans,9.0,7.0,,,
1359536,Rashid Khan,Gujarat Titans,0.0,1.0,24.0,28.0,
1359536,Noor Ahmad,Gujarat Titans,0.0,1.0,18.0,34.0,
1359536,Mohammed Shami,Gujarat Titans,0.0,1.0,24.0,21.0,4.0
1359536,MM Sharma,Gujarat Titans,0.0,1.0,24.0,28.0,4.0
1359536,Anmolpreet Singh,Sunrisers Hyderabad,5.0,4.0,,,
1359536,Yash Dayal,Gujarat Titans,,,28.0,27.0,1.0
1359536,RA Tripathi,Sunrisers Hyderabad,1.0,2.0,,,
1359536,H Klaasen,Sunrisers Hyderabad,64.0,46.0,,,
1359536,Sanvir Singh,Sunrisers Hyderabad,7.0,6.0,,,
1359536,Abdul Samad,Sunrisers Hyderabad,4.0,3.0,,,
1359537,DJ Hooda,Lucknow Super Giants,5.0,7.0,,,
1359537,JP Behrendorff,Mumbai Indians,,,25.0,29.0,2.0
1359537,Q de Kock,Lucknow Super Giants,16.0,15.0,,,
1359537,CJ Jordan,Mumbai Indians,,,26.0,48.0,
1359537,PN Mankad,Lucknow Super Giants,0.0,1.0,,,
1359537,KH Pandya,Lucknow Super Giants,49.0,42.0,24.0,27.0,
1359537,HR Shokeen,Mumbai Indians,,,18.0,20.0,
1359537,PP Chawla,Mumbai Indians,,,18.0,26.0,1.0
1359537,MP Stoinis,Lucknow Super Giants,89.0,50.0,,,
1359537,Akash Madhwal,Mumbai Indians,,,26.0,28.0,
1359537,C Green,Mumbai Indians,4.0,7.0,12.0,16.0,
1359537,N Pooran,Lucknow Super Giants,8.0,10.0,,,
1359537,Ishan Kishan,Mumbai Indians,59.0,41.0,,,
1359537,RG Sharma,Mumbai Indians,37.0,27.0,,,
1359537,Mohsin Khan,Lucknow Super Giants,,,20.0,24.0,1.0
1359537,Naveen-ul-Haq,Lucknow Super Giants,,,25.0,36.0,
1359537,Yash Thakur,Lucknow Super Giants,,,30.0,34.0,2.0
1359537,Swapnil Singh,Lucknow Super Giants,,,6.0,11.0,
1359537,Ravi Bishnoi,Lucknow Super Giants,,,25.0,25.0,2.0
1359537,SA Yadav,Mumbai Indians,7.0,9.0,,,
1359537,N Wadhera,Mumbai Indians,16.0,21.0,,,
1359537,TH David,Mumbai Indians,32.0,21.0,,,
1359537,Vishnu Vinod,Mumbai Indians,2.0,4.0,,,
1359538,DA Warner,Delhi Capitals,46.0,31.0,,,
1359538,SM Curran,Punjab Kings,11.0,5.0,25.0,35.0,2.0
1359538,PP Shaw,Delhi Capitals,54.0,40.0,,,
1359538,K Rabada,Punjab Kings,,,18.0,36.0,
1359538,Arshdeep Singh,Punjab Kings,,,14.0,19.0,
1359538,NT Ellis,Punjab Kings,,,24.0,46.0,
1359538,RD Chahar,Punjab Kings,,,24.0,35.0,
1359538,RR Rossouw,Delhi Capitals,82.0,40.0,,,
1359538,Harpreet Brar,Punjab Kings,0.0,1.0,20.0,37.0,
1359538,PD Salt,Delhi Capitals,26.0,14.0,,,
1359538,P Simran Singh,Punjab Kings,22.0,19.0,,,
1359538,KK Ahmed,Delhi Capitals,,,19.0,19.0,1.0
1359538,S Dhawan,Punjab Kings,0.0,1.0,,,
1359538,I Sharma,Delhi Capitals,,,19.0,35.0,2.0
1359538,Atharva Taide,Punjab Kings,55.0,43.0,,,
1359538,A Nortje,Delhi Capitals,,,24.0,36.0,2.0
1359538,Mukesh Kumar,Delhi Capitals,,,25.0,51.0,1.0
1359538,AR Patel,Delhi Capitals,,,18.0,27.0,1.0
1359538,LS Livingstone,Punjab Kings,94.0,49.0,,,
1359538,Kuldeep Yadav,Delhi Capitals,,,19.0,20.0,
1359538,JM Sharma,Punjab Kings,0.0,3.0,,,
1359538,M Shahrukh Khan,Punjab Kings,6.0,3.0,,,
1359539,Abhishek Sharma,Sunrisers Hyderabad,11.0,15.0,19.0,27.0,
1359539,Mohammed Siraj,Royal Challengers Bengaluru,,,26.0,15.0,1.0
1359539,RA Tripathi,Sunrisers Hyderabad,15.0,12.0,,,
1359539,WD Parnell,Royal Challengers Bengaluru,,,24.0,35.0,
1359539,MG Bracewell,Royal Challengers Bengaluru,4.0,5.0,12.0,13.0,2.0
1359539,AK Markram,Sunrisers Hyderabad,18.0,20.0,,,
1359539,H Klaasen,Sunrisers Hyderabad,104.0,52.0,,,
1359539,Shahbaz Ahmed,Royal Challengers Bengaluru,,,18.0,38.0,1.0
1359539,HV Patel,Royal Challengers Bengaluru,,,25.0,35.0,1.0
1359539,KV Sharma,Royal Challengers Bengaluru,,,19.0,44.0,
1359539,HC Brook,Sunrisers Hyderabad,27.0,21.0,,,
1359539,GD Phillips,Sunrisers Hyderabad,5.0,4.0,6.0,10.0,
1359539,V Kohli,Royal Challengers Bengaluru,100.0,65.0,,,
1359539,B Kumar,Sunrisers Hyderabad,,,25.0,47.0,1.0
1359539,F du Plessis,Royal Challengers Bengaluru,71.0,48.0,,,
1359539,T Natarajan,Sunrisers Hyderabad,,,25.0,33.0,1.0
1359539,Kartik Tyagi,Sunrisers Hyderabad,,,9.0,20.0,
1359539,Nithish Kumar Reddy,Sunrisers Hyderabad,,,13.0,18.0,
1359539,Mayank Dagar,Sunrisers Hyderabad,,,24.0,25.0,
1359539,GJ Maxwell,Royal Challengers Bengaluru,5.0,3.0,,,
1359540,P Simran Singh,Punjab Kings,2.0,2.0,,,
1359540,TA Boult,Rajasthan Royals,1.0,2.0,25.0,34.0,1.0
1359540,Atharva Taide,Punjab Kings,19.0,12.0,,,
1359540,S Dhawan,Punjab Kings,17.0,13.0,,,
1359540,Sandeep Sharma,Rajasthan Royals,,,27.0,43.0,
1359540,Navdeep Saini,Rajasthan Royals,,,25.0,39.0,3.0
1359540,LS Livingstone,Punjab Kings,9.0,13.0,,,
1359540,A Zampa,Rajasthan Royals,,,24.0,26.0,1.0
1359540,SM Curran,Punjab Kings,49.0,34.0,26.0,44.0,1.0
1359540,JM Sharma,Punjab Kings,44.0,28.0,,,
1359540,YS Chahal,Rajasthan Royals,,,25.0,39.0,
1359540,M Shahrukh Khan,Punjab Kings,41.0,24.0,,,
1359540,YBK Jaiswal,Rajasthan Royals,50.0,38.0,,,
1359540,JC Buttler,Rajasthan Royals,0.0,4.0,,,
1359540,K Rabada,Punjab Kings,,,26.0,38.0,2.0
1359540,D Padikkal,Rajasthan Royals,51.0,30.0,,,
1359540,Arshdeep Singh,Punjab Kings,,,27.0,37.0,1.0
1359540,NT Ellis,Punjab Kings,,,25.0,33.0,1.0
1359540,RD Chahar,Punjab Kings,,,22.0,28.0,1.0
1359540,SV Samson,Rajasthan Royals,2.0,3.0,,,
1359540,SO Hetmyer,Rajasthan Royals,46.0,32.0,,,
1359540,R Parag,Rajasthan Royals,20.0,13.0,,,
1359540,Dhruv Jurel,Rajasthan Royals,10.0,4.0,,,
1359541,RD Gaikwad,Chennai Super Kings,79.0,51.0,,,
1359541,KK Ahmed,Delhi Capitals,,,27.0,42.0,1.0
1359541,DP Conway,Chennai Super Kings,87.0,53.0,,,
1359541,Lalit Yadav,Delhi Capitals,6.0,14.0,14.0,30.0,
1359541,AR Patel,Delhi Capitals,15.0,9.0,18.0,32.0,
1359541,A Nortje,Delhi Capitals,0.0,1.0,24.0,43.0,1.0
1359541,C Sakariya,Delhi Capitals,0.0,2.0,28.0,32.0,1.0
1359541,Kuldeep Yadav,Delhi Capitals,0.0,1.0,18.0,34.0,
1359541,S Dube,Chennai Super Kings,22.0,12.0,,,
1359541,RA Jadeja,Chennai Super Kings,20.0,8.0,25.0,49.0,1.0
1359541,MS Dhoni,Chennai Super Kings,5.0,5.0,,,
1359541,PP Shaw,Delhi Capitals,5.0,7.0,,,
1359541,DL Chahar,Chennai Super Kings,,,24.0,22.0,3.0
1359541,DA Warner,Delhi Capitals,86.0,60.0,,,
1359541,TU Deshpande,Chennai Super Kings,,,25.0,25.0,1.0
1359541,PD Salt,Delhi Capitals,3.0,6.0,,,
1359541,RR Rossouw,Delhi Capitals,0.0,1.0,,,
1359541,YV Dhull,Delhi Capitals,13.0,15.0,,,
1359541,M Theekshana,Chennai Super Kings,,,24.0,23.0,2.0
1359541,M Pathirana,Chennai Super Kings,,,29.0,16.0,2.0
1359541,Aman Hakim Khan,Delhi Capitals,7.0,11.0,,,
1359542,KS Sharma,Lucknow Super Giants,3.0,5.0,,,
1359542,Harshit Rana,Kolkata Knight Riders,,,18.0,21.0,1.0
1359542,Q de Kock,Lucknow Super Giants,28.0,27.0,,,
1359542,VG Arora,Kolkata Knight Riders,1.0,1.0,28.0,26.0,2.0
1359542,PN Mankad,Lucknow Super Giants,26.0,20.0,,,
1359542,CV Varun,Kolkata Knight Riders,,,24.0,38.0,1.0
1359542,MP Stoinis,Lucknow Super Giants,0.0,2.0,,,
1359542,KH Pandya,Lucknow Super Giants,9.0,8.0,24.0,30.0,1.0
1359542,N Rana,Kolkata Knight Riders,8.0,10.0,6.0,3.0,
1359542,SN Thakur,Kolkata Knight Riders,3.0,7.0,14.0,25.0,2.0
1359542,SP Narine,Kolkata Knight Riders,1.0,3.0,25.0,27.0,2.0
1359542,A Badoni,Lucknow Super Giants,25.0,22.0,,,
1359542,N Pooran,Lucknow Super Giants,58.0,33.0,,,
1359542,Suyash Sharma,Kolkata Knight Riders,,,6.0,12.0,
1359542,Ravi Bishnoi,Lucknow Super Giants,2.0,3.0,24.0,23.0,2.0
1359542,Naveen-ul-Haq,Lucknow Super Giants,2.0,3.0,24.0,46.0,
1359542,AD Russell,Kolkata Knight Riders,7.0,9.0,6.0,12.0,
1359542,K Gowtham,Lucknow Super Giants,11.0,4.0,26.0,24.0,1.0
1359542,JJ Roy,Kolkata Knight Riders,45.0,29.0,,,
1359542,Mohsin Khan,Lucknow Super Giants,,,6.0,15.0,
1359542,VR Iyer,Kolkata Knight Riders,24.0,15.0,,,
1359542,Rahmanullah Gurbaz,Kolkata Knight Riders,10.0,16.0,,,
1359542,RK Singh,Kolkata Knight Riders,67.0,35.0,,,
1359542,Yash Thakur,Lucknow Super Giants,,,21.0,28.0,2.0
1359543,Vivrant Sharma,Sunrisers Hyderabad,69.0,49.0,8.0,17.0,
1359543,JP Behrendorff,Mumbai Indians,,,21.0,33.0,
1359543,C Green,Mumbai Indians,100.0,47.0,6.0,2.0,
1359543,MA Agarwal,Sunrisers Hyderabad,83.0,49.0,,,
1359543,CJ Jordan,Mumbai Indians,,,25.0,41.0,1.0
1359543,Akash Madhwal,Mumbai Indians,,,25.0,36.0,4.0
1359543,PP Chawla,Mumbai Indians,,,24.0,39.0,
1359543,K Kartikeya,Mumbai Indians,,,25.0,37.0,
1359543,H Klaasen,Sunrisers Hyderabad,18.0,13.0,,,
1359543,GD Phillips,Sunrisers Hyderabad,1.0,4.0,,,
1359543,AK Markram,Sunrisers Hyderabad,13.0,7.0,1.0,1.0,
1359543,HC Brook,Sunrisers Hyderabad,0.0,1.0,,,
1359543,Sanvir Singh,Sunrisers Hyderabad,4.0,3.0,,,
1359543,Ishan Kishan,Mumbai Indians,14.0,12.0,,,
1359543,B Kumar,Sunrisers Hyderabad,,,24.0,26.0,1.0
1359543,RG Sharma,Mumbai Indians,56.0,38.0,,,
1359543,Nithish Kumar Reddy,Sunrisers Hyderabad,,,18.0,35.0,
1359543,Mayank Dagar,Sunrisers Hyderabad,,,24.0,37.0,1.0
1359543,Kartik Tyagi,Sunrisers Hyderabad,,,20.0,38.0,
1359543,Umran Malik,Sunrisers Hyderabad,,,18.0,41.0,
1359543,SA Yadav,Mumbai Indians,25.0,16.0,,,
1359544,V Kohli,Royal Challengers Bengaluru,101.0,63.0,,,
1359544,Mohammed Shami,Gujarat Titans,,,25.0,38.0,1.0
1359544,F du Plessis,Royal Challengers Bengaluru,28.0,19.0,,,
1359544,Yash Dayal,Gujarat Titans,,,24.0,39.0,1.0
1359544,Rashid Khan,Gujarat Titans,,,24.0,24.0,1.0
1359544,Noor Ahmad,Gujarat Titans,,,26.0,37.0,2.0
1359544,GJ Maxwell,Royal Challengers Bengaluru,11.0,5.0,,,
1359544,MK Lomror,Royal Challengers Bengaluru,1.0,4.0,,,
1359544,MG Bracewell,Royal Challengers Bengaluru,26.0,17.0,6.0,16.0,
1359544,MM Sharma,Gujarat Titans,,,26.0,52.0,
1359544,KD Karthik,Royal Challengers Bengaluru,0.0,1.0,,,
1359544,Anuj Rawat,Royal Challengers Bengaluru,23.0,16.0,,,
1359544,WP Saha,Gujarat Titans,12.0,15.0,,,
1359544,Mohammed Siraj,Royal Challengers Bengaluru,,,26.0,30.0,2.0
1359544,Shubman Gill,Gujarat Titans,104.0,56.0,,,
1359544,WD Parnell,Royal Challengers Bengaluru,,,21.0,40.0,
1359544,V Shankar,Gujarat Titans,53.0,36.0,,,
1359544,Vijaykumar Vyshak,Royal Challengers Bengaluru,,,26.0,38.0,1.0
1359544,H Sharma,Royal Challengers Bengaluru,,,18.0,28.0,
1359544,HV Patel,Royal Challengers Bengaluru,,,26.0,27.0,1.0
1359544,MD Shanaka,Gujarat Titans,0.0,3.0,,,
1359544,DA Miller,Gujarat Titans,6.0,8.0,,,
1359544,R Tewatia,Gujarat Titans,4.0,5.0,,,
1370350,RD Gaikwad,Chennai Super Kings,60.0,44.0,,,
1370350,Mohammed Shami,Gujarat Titans,5.0,7.0,25.0,27.0,2.0
1370350,DP Conway,Chennai Super Kings,40.0,34.0,,,
1370350,DG Nalkande,Gujarat Titans,0.0,1.0,25.0,43.0,1.0
1370350,Rashid Khan,Gujarat Titans,30.0,18.0,24.0,37.0,1.0
1370350,Noor Ahmad,Gujarat Titans,7.0,5.0,24.0,29.0,1.0
1370350,MM Sharma,Gujarat Titans,,,24.0,31.0,2.0
1370350,S Dube,Chennai Super Kings,1.0,3.0,,,
1370350,AM Rahane,Chennai Super Kings,17.0,10.0,,,
1370350,AT Rayudu,Chennai Super Kings,17.0,9.0,,,
1370350,RA Jadeja,Chennai Super Kings,22.0,16.0,24.0,18.0,2.0
1370350,MS Dhoni,Chennai Super Kings,1.0,2.0,,,
1370350,MM Ali,Chennai Super Kings,9.0,4.0,,,
1370350,WP Saha,Gujarat Titans,12.0,11.0,,,
1370350,DL Chahar,Chennai Super Kings,,,27.0,26.0,2.0
1370350,Shubman Gill,Gujarat Titans,42.0,41.0,,,
1370350,TU Deshpande,Chennai Super Kings,,,26.0,41.0,1.0
1370350,HH Pandya,Gujarat Titans,8.0,7.0,,,
1370350,M Theekshana,Chennai Super Kings,,,24.0,28.0,2.0
1370350,MD Shanaka,Gujarat Titans,17.0,16.0,,,
1370350,DA Miller,Gujarat Titans,4.0,7.0,,,
1370350,M Pathirana,Chennai Super Kings,,,31.0,29.0,2.0
1370350,V Shankar,Gujarat Titans,14.0,13.0,,,
1370350,R Tewatia,Gujarat Titans,3.0,6.0,,,
1370351,Ishan Kishan,Mumbai Indians,15.0,12.0,,,
1370351,KH Pandya,Lucknow Super Giants,8.0,11.0,24.0,38.0,
1370351,RG Sharma,Mumbai Indians,11.0,10.0,,,
1370351,K Gowtham,Lucknow Super Giants,2.0,3.0,6.0,8.0,
1370351,Naveen-ul-Haq,Lucknow Super Giants,1.0,5.0,27.0,35.0,4.0
1370351,C Green,Mumbai Indians,41.0,23.0,18.0,15.0,
1370351,Yash Thakur,Lucknow Super Giants,,,26.0,32.0,3.0
1370351,SA Yadav,Mumbai Indians,33.0,20.0,,,
1370351,Mohsin Khan,Lucknow Super Giants,0.0,7.0,18.0,24.0,1.0
1370351,Ravi Bishnoi,Lucknow Super Giants,3.0,6.0,25.0,29.0,
1370351,Tilak Varma,Mumbai Indians,26.0,25.0,,,
1370351,TH David,Mumbai Indians,13.0,16.0,,,
1370351,N Wadhera,Mumbai Indians,23.0,12.0,,,
1370351,CJ Jordan,Mumbai Indians,4.0,7.0,12.0,7.0,1.0
1370351,HR Shokeen,Mumbai Indians,0.0,1.0,7.0,17.0,
1370351,KR Mayers,Lucknow Super Giants,18.0,13.0,,,
1370351,JP Behrendorff,Mumbai Indians,,,18.0,21.0,
1370351,PN Mankad,Lucknow Super Giants,3.0,6.0,,,
1370351,Akash Madhwal,Mumbai Indians,,,21.0,5.0,5.0
1370351,MP Stoinis,Lucknow Super Giants,40.0,29.0,,,
1370351,PP Chawla,Mumbai Indians,,,26.0,26.0,1.0
1370351,A Badoni,Lucknow Super Giants,1.0,7.0,,,
1370351,N Pooran,Lucknow Super Giants,0.0,1.0,,,
1370351,DJ Hooda,Lucknow Super Giants,15.0,14.0,,,
1370352,WP Saha,Gujarat Titans,18.0,17.0,,,
1370352,JP Behrendorff,Mumbai Indians,3.0,5.0,24.0,28.0,
1370352,Shubman Gill,Gujarat Titans,129.0,63.0,,,
1370352,C Green,Mumbai Indians,30.0,21.0,18.0,35.0,
1370352,Akash Madhwal,Mumbai Indians,,,26.0,50.0,2.0
1370352,CJ Jordan,Mumbai Indians,2.0,6.0,28.0,51.0,
1370352,PP Chawla,Mumbai Indians,0.0,2.0,19.0,44.0,1.0
1370352,B Sai Sudharsan,Gujarat Titans,43.0,31.0,,,
1370352,K Kartikeya,Mumbai Indians,6.0,7.0,12.0,15.0,
1370352,HH Pandya,Gujarat Titans,28.0,13.0,13.0,23.0,
1370352,Rashid Khan,Gujarat Titans,5.0,3.0,25.0,32.0,2.0
1370352,RG Sharma,Mumbai Indians,8.0,7.0,,,
1370352,Mohammed Shami,Gujarat Titans,,,18.0,41.0,2.0
1370352,N Wadhera,Mumbai Indians,4.0,3.0,,,
1370352,SA Yadav,Mumbai Indians,61.0,39.0,,,
1370352,Tilak Varma,Mumbai Indians,43.0,14.0,,,
1370352,Noor Ahmad,Gujarat Titans,,,26.0,33.0,
1370352,J Little,Gujarat Titans,,,19.0,25.0,1.0
1370352,Vishnu Vinod,Mumbai Indians,5.0,8.0,,,
1370352,MM Sharma,Gujarat Titans,,,14.0,10.0,5.0
1370352,TH David,Mumbai Indians,2.0,3.0,,,
1370353,WP Saha,Gujarat Titans,54.0,40.0,,,
1370353,DL Chahar,Chennai Super Kings,,,24.0,38.0,1.0
1370353,Shubman Gill,Gujarat Titans,39.0,20.0,,,
1370353,TU Deshpande,Chennai Super Kings,,,24.0,56.0,
1370353,M Theekshana,Chennai Super Kings,,,24.0,36.0,
1370353,RA Jadeja,Chennai Super Kings,15.0,6.0,24.0,38.0,1.0
1370353,B Sai Sudharsan,Gujarat Titans,96.0,48.0,,,
1370353,M Pathirana,Chennai Super Kings,,,26.0,42.0,2.0
1370353,HH Pandya,Gujarat Titans,21.0,12.0,7.0,13.0,
1370353,Rashid Khan,Gujarat Titans,0.0,2.0,18.0,44.0,
1370353,RD Gaikwad,Chennai Super Kings,26.0,16.0,,,
1370353,Mohammed Shami,Gujarat Titans,,,18.0,29.0,
1370353,DP Conway,Chennai Super Kings,47.0,28.0,,,
1370353,Noor Ahmad,Gujarat Titans,,,21.0,14.0,2.0
1370353,J Little,Gujarat Titans,,,12.0,30.0,
1370353,S Dube,Chennai Super Kings,32.0,21.0,,,
1370353,AM Rahane,Chennai Super Kings,27.0,14.0,,,
1370353,MM Sharma,Gujarat Titans,,,18.0,36.0,3.0
1370353,AT Rayudu,Chennai Super Kings,19.0,8.0,,,
1370353,MS Dhoni,Chennai Super Kings,0.0,1.0,,,
1422119,V Kohli,Royal Challengers Bengaluru,21.0,21.0,,,
1422119,DL Chahar,Chennai Super Kings,,,26.0,35.0,1.0
1422119,F du Plessis,Royal Challengers Bengaluru,35.0,24.0,,,
1422119,TU Deshpande,Chennai Super Kings,,,29.0,41.0,
1422119,M Theekshana,Chennai Super Kings,,,24.0,36.0,
1422119,Mustafizur Rahman,Chennai Super Kings,,,26.0,27.0,4.0
1422119,RM Patidar,Royal Challengers Bengaluru,0.0,3.0,,,
1422119,GJ Maxwell,Royal Challengers Bengaluru,0.0,1.0,6.0,7.0,
1422119,C Green,Royal Challengers Bengaluru,18.0,22.0,21.0,24.0,2.0
1422119,RA Jadeja,Chennai Super Kings,25.0,18.0,24.0,21.0,
1422119,Anuj Rawat,Royal Challengers Bengaluru,48.0,26.0,,,
1422119,KD Karthik,Royal Challengers Bengaluru,38.0,32.0,,,
1422119,RD Gaikwad,Chennai Super Kings,15.0,15.0,,,
1422119,Mohammed Siraj,Royal Challengers Bengaluru,,,25.0,37.0,
1422119,R Ravindra,Chennai Super Kings,37.0,17.0,,,
1422119,Yash Dayal,Royal Challengers Bengaluru,,,18.0,28.0,1.0
1422119,AS Joseph,Royal Challengers Bengaluru,,,26.0,34.0,
1422119,AM Rahane,Chennai Super Kings,27.0,20.0,,,
1422119,KV Sharma,Royal Challengers Bengaluru,,,12.0,24.0,1.0
1422119,Mayank Dagar,Royal Challengers Bengaluru,,,12.0,6.0,
1422119,DJ Mitchell,Chennai Super Kings,22.0,18.0,,,
1422119,S Dube,Chennai Super Kings,34.0,32.0,,,
1422120,DA Warner,Delhi Capitals,29.0,22.0,,,
1422120,SM Curran,Punjab Kings,63.0,48.0,7.0,9.0,
1422120,MR Marsh,Delhi Capitals,20.0,14.0,25.0,51.0,
1422120,Arshdeep Singh,Punjab Kings,,,26.0,26.0,2.0
1422120,K Rabada,Punjab Kings,,,25.0,35.0,1.0
1422120,SD Hope,Delhi Capitals,33.0,25.0,,,
1422120,Harpreet Brar,Punjab Kings,2.0,2.0,18.0,14.0,1.0
1422120,RD Chahar,Punjab Kings,,,24.0,33.0,1.0
1422120,HV Patel,Punjab Kings,,,24.0,47.0,2.0
1422120,RR Pant,Delhi Capitals,18.0,13.0,,,
1422120,RK Bhui,Delhi Capitals,3.0,7.0,,,
1422120,T Stubbs,Delhi Capitals,5.0,8.0,,,
1422120,AR Patel,Delhi Capitals,21.0,13.0,24.0,25.0,
1422120,Sumit Kumar,Delhi Capitals,2.0,10.0,10.0,17.0,
1422120,Abishek Porel,Delhi Capitals,32.0,10.0,,,
1422120,Kuldeep Yadav,Delhi Capitals,1.0,2.0,24.0,20.0,2.0
1422120,S Dhawan,Punjab Kings,22.0,19.0,,,
1422120,KK Ahmed,Delhi Capitals,,,24.0,43.0,2.0
1422120,JM Bairstow,Punjab Kings,9.0,3.0,,,
1422120,I Sharma,Delhi Capitals,,,15.0,13.0,1.0
1422120,P Simran Singh,Punjab Kings,26.0,17.0,,,
1422120,JM Sharma,Punjab Kings,9.0,9.0,,,
1422120,LS Livingstone,Punjab Kings,38.0,23.0,,,
1422120,Shashank Singh,Punjab Kings,0.0,1.0,,,
1422121,PD Salt,Kolkata Knight Riders,54.0,42.0,,,
1422121,B Kumar,Sunrisers Hyderabad,,,27.0,48.0,
1422121,SP Narine,Kolkata Knight Riders,2.0,5.0,24.0,19.0,1.0
1422121,M Jansen,Sunrisers Hyderabad,1.0,1.0,19.0,39.0,
1422121,VR Iyer,Kolkata Knight Riders,7.0,5.0,,,
1422121,T Natarajan,Sunrisers Hyderabad,,,27.0,29.0,3.0
1422121,SS Iyer,Kolkata Knight Riders,0.0,2.0,,,
1422121,N Rana,Kolkata Knight Riders,9.0,11.0,,,
1422121,PJ Cummins,Sunrisers Hyderabad,0.0,1.0,24.0,32.0,1.0
1422121,M Markande,Sunrisers Hyderabad,,,24.0,39.0,2.0
1422121,Ramandeep Singh,Kolkata Knight Riders,35.0,17.0,,,
1422121,Shahbaz Ahmed,Sunrisers Hyderabad,16.0,5.0,7.0,13.0,
1422121,RK Singh,Kolkata Knight Riders,23.0,15.0,,,
1422121,AD Russell,Kolkata Knight Riders,64.0,28.0,12.0,25.0,2.0
1422121,MA Starc,Kolkata Knight Riders,6.0,3.0,26.0,47.0,
1422121,MA Agarwal,Sunrisers Hyderabad,32.0,22.0,,,
1422121,Harshit Rana,Kolkata Knight Riders,,,24.0,33.0,3.0
1422121,Abhishek Sharma,Sunrisers Hyderabad,32.0,19.0,,,
1422121,CV Varun,Kolkata Knight Riders,,,24.0,55.0,1.0
1422121,RA Tripathi,Sunrisers Hyderabad,20.0,20.0,,,
1422121,AK Markram,Sunrisers Hyderabad,18.0,13.0,,,
1422121,Suyash Sharma,Kolkata Knight Riders,,,12.0,18.0,
1422121,H Klaasen,Sunrisers Hyderabad,63.0,30.0,,,
1422121,Abdul Samad,Sunrisers Hyderabad,15.0,11.0,,,
1422122,YBK Jaiswal,Rajasthan Royals,24.0,12.0,,,
1422122,Mohsin Khan,Lucknow Super Giants,,,25.0,44.0,1.0
1422122,JC Buttler,Rajasthan Royals,11.0,10.0,,,
1422122,Naveen-ul-Haq,Lucknow Super Giants,,,28.0,37.0,2.0
1422122,SV Samson,Rajasthan Royals,82.0,53.0,,,
1422122,KH Pandya,Lucknow Super Giants,3.0,6.0,24.0,19.0,
1422122,R Parag,Rajasthan Royals,43.0,31.0,,,
1422122,Ravi Bishnoi,Lucknow Super Giants,,,24.0,38.0,1.0
1422122,Yash Thakur,Lucknow Super Giants,,,20.0,41.0,
1422122,SO Hetmyer,Rajasthan Royals,5.0,7.0,,,
1422122,A Badoni,Lucknow Super Giants,1.0,5.0,6.0,6.0,
1422122,Dhruv Jurel,Rajasthan Royals,20.0,14.0,,,
1422122,Q de Kock,Lucknow Super Giants,4.0,5.0,,,
1422122,TA Boult,Rajasthan Royals,,,24.0,35.0,2.0
1422122,D Padikkal,Lucknow Super Giants,0.0,3.0,,,
1422122,KL Rahul,Lucknow Super Giants,58.0,45.0,,,
1422122,N Burger,Rajasthan Royals,,,18.0,30.0,1.0
1422122,DJ Hooda,Lucknow Super Giants,26.0,13.0,,,
1422122,R Ashwin,Rajasthan Royals,,,25.0,30.0,1.0
1422122,Avesh Khan,Rajasthan Royals,,,19.0,19.0,
1422122,YS Chahal,Rajasthan Royals,,,19.0,24.0,1.0
1422122,N Pooran,Lucknow Super Giants,64.0,43.0,,,
1422122,Sandeep Sharma,Rajasthan Royals,,,19.0,21.0,1.0
1422122,MP Stoinis,Lucknow Super Giants,3.0,4.0,,,
1422123,WP Saha,Gujarat Titans,19.0,15.0,,,
1422123,HH Pandya,Mumbai Indians,11.0,4.0,18.0,30.0,
1422123,Shubman Gill,Gujarat Titans,31.0,23.0,,,
1422123,L Wood,Mumbai Indians,,,14.0,23.0,
1422123,JJ Bumrah,Mumbai Indians,1.0,1.0,24.0,14.0,3.0
1422123,SZ Mulani,Mumbai Indians,1.0,1.0,19.0,23.0,
1422123,B Sai Sudharsan,Gujarat Titans,45.0,40.0,,,
1422123,PP Chawla,Mumbai Indians,0.0,1.0,19.0,26.0,1.0
1422123,Azmatullah Omarzai,Gujarat Titans,17.0,11.0,20.0,25.0,2.0
1422123,Naman Dhir,Mumbai Indians,20.0,12.0,6.0,13.0,
1422123,G Coetzee,Mumbai Indians,1.0,3.0,24.0,27.0,2.0
1422123,DA Miller,Gujarat Titans,12.0,11.0,,,
1422123,V Shankar,Gujarat Titans,6.0,5.0,,,
1422123,R Tewatia,Gujarat Titans,22.0,16.0,,,
1422123,Rashid Khan,Gujarat Titans,4.0,3.0,24.0,23.0,
1422123,Ishan Kishan,Mumbai Indians,0.0,4.0,,,
1422123,UT Yadav,Gujarat Titans,,,18.0,31.0,2.0
1422123,RG Sharma,Mumbai Indians,43.0,29.0,,,
1422123,D Brevis,Mumbai Indians,46.0,38.0,,,
1422123,R Sai Kishore,Gujarat Titans,,,24.0,24.0,1.0
1422123,SH Johnson,Gujarat Titans,,,12.0,25.0,2.0
1422123,MM Sharma,Gujarat Titans,,,25.0,31.0,2.0
1422123,Tilak Varma,Mumbai Indians,25.0,19.0,,,
1422123,TH David,Mumbai Indians,11.0,11.0,,,
1422124,S Dhawan,Punjab Kings,45.0,38.0,,,
1422124,Mohammed Siraj,Royal Challengers Bengaluru,,,24.0,26.0,2.0
1422124,JM Bairstow,Punjab Kings,8.0,6.0,,,
1422124,Yash Dayal,Royal Challengers Bengaluru,,,26.0,21.0,1.0
1422124,P Simran Singh,Punjab Kings,25.0,17.0,,,
1422124,AS Joseph,Royal Challengers Bengaluru,,,26.0,40.0,1.0
1422124,C Green,Royal Challengers Bengaluru,3.0,5.0,13.0,18.0,
1422124,Mayank Dagar,Royal Challengers Bengaluru,,,18.0,34.0,
1422124,GJ Maxwell,Royal Challengers Bengaluru,3.0,6.0,18.0,29.0,2.0
1422124,LS Livingstone,Punjab Kings,17.0,14.0,,,
1422124,JM Sharma,Punjab Kings,27.0,20.0,,,
1422124,SM Curran,Punjab Kings,23.0,19.0,18.0,30.0,1.0
1422124,Shashank Singh,Punjab Kings,21.0,8.0,,,
1422124,Harpreet Brar,Punjab Kings,2.0,3.0,24.0,13.0,2.0
1422124,V Kohli,Royal Challengers Bengaluru,77.0,52.0,,,
1422124,F du Plessis,Royal Challengers Bengaluru,3.0,7.0,,,
1422124,Arshdeep Singh,Punjab Kings,,,23.0,37.0,
1422124,K Rabada,Punjab Kings,,,25.0,22.0,2.0
1422124,RM Patidar,Royal Challengers Bengaluru,18.0,19.0,,,
1422124,HV Patel,Punjab Kings,,,27.0,42.0,1.0
1422124,RD Chahar,Punjab Kings,,,6.0,16.0,
1422124,Anuj Rawat,Royal Challengers Bengaluru,11.0,14.0,,,
1422124,MK Lomror,Royal Challengers Bengaluru,17.0,8.0,,,
1422124,KD Karthik,Royal Challengers Bengaluru,28.0,12.0,,,
1422125,RD Gaikwad,Chennai Super Kings,46.0,37.0,,,
1422125,Azmatullah Omarzai,Gujarat Titans,11.0,11.0,19.0,29.0,
1422125,R Ravindra,Chennai Super Kings,46.0,22.0,,,
1422125,UT Yadav,Gujarat Titans,10.0,11.0,13.0,26.0,
1422125,Rashid Khan,Gujarat Titans,1.0,2.0,24.0,49.0,2.0
1422125,AM Rahane,Chennai Super Kings,12.0,12.0,,,
1422125,R Sai Kishore,Gujarat Titans,,,20.0,26.0,1.0
1422125,SH Johnson,Gujarat Titans,5.0,5.0,24.0,35.0,1.0
1422125,S Dube,Chennai Super Kings,51.0,25.0,,,
1422125,MM Sharma,Gujarat Titans,,,25.0,35.0,1.0
1422125,DJ Mitchell,Chennai Super Kings,24.0,20.0,13.0,17.0,1.0
1422125,Sameer Rizvi,Chennai Super Kings,14.0,6.0,,,
1422125,RA Jadeja,Chennai Super Kings,7.0,3.0,12.0,15.0,
1422125,WP Saha,Gujarat Titans,21.0,18.0,,,
1422125,DL Chahar,Chennai Super Kings,,,27.0,25.0,2.0
1422125,Shubman Gill,Gujarat Titans,8.0,5.0,,,
1422125,Mustafizur Rahman,Chennai Super Kings,,,24.0,30.0,2.0
1422125,B Sai Sudharsan,Gujarat Titans,37.0,35.0,,,
1422125,TU Deshpande,Chennai Super Kings,,,24.0,21.0,2.0
1422125,V Shankar,Gujarat Titans,12.0,12.0,,,
1422125,DA Miller,Gujarat Titans,21.0,17.0,,,
1422125,M Pathirana,Chennai Super Kings,,,28.0,24.0,1.0
1422125,R Tewatia,Gujarat Titans,6.0,12.0,,,
1422126,MA Agarwal,Sunrisers Hyderabad,11.0,14.0,,,
1422126,KT Maphaka,Mumbai Indians,,,27.0,63.0,
1422126,TM Head,Sunrisers Hyderabad,62.0,25.0,,,
1422126,HH Pandya,Mumbai Indians,24.0,20.0,24.0,46.0,1.0
1422126,JJ Bumrah,Mumbai Indians,,,26.0,34.0,
1422126,Abhishek Sharma,Sunrisers Hyderabad,63.0,23.0,,,
1422126,G Coetzee,Mumbai Indians,,,27.0,50.0,1.0
1422126,PP Chawla,Mumbai Indians,,,12.0,34.0,1.0
1422126,AK Markram,Sunrisers Hyderabad,42.0,33.0,,,
1422126,SZ Mulani,Mumbai Indians,,,14.0,31.0,
1422126,H Klaasen,Sunrisers Hyderabad,80.0,35.0,,,
1422126,RG Sharma,Mumbai Indians,26.0,12.0,,,
1422126,B Kumar,Sunrisers Hyderabad,,,24.0,53.0,
1422126,Ishan Kishan,Mumbai Indians,34.0,13.0,,,
1422126,JD Unadkat,Sunrisers Hyderabad,,,26.0,45.0,2.0
1422126,Shahbaz Ahmed,Sunrisers Hyderabad,,,18.0,39.0,1.0
1422126,Naman Dhir,Mumbai Indians,30.0,15.0,,,
1422126,PJ Cummins,Sunrisers Hyderabad,,,25.0,34.0,2.0
1422126,Tilak Varma,Mumbai Indians,64.0,36.0,,,
1422126,Umran Malik,Sunrisers Hyderabad,,,7.0,14.0,
1422126,M Markande,Sunrisers Hyderabad,,,26.0,50.0,
1422126,TH David,Mumbai Indians,42.0,24.0,,,
1422126,R Shepherd,Mumbai Indians,15.0,6.0,,,
1422127,YBK Jaiswal,Rajasthan Royals,5.0,7.0,,,
1422127,KK Ahmed,Delhi Capitals,,,26.0,22.0,1.0
1422127,JC Buttler,Rajasthan Royals,11.0,16.0,,,
1422127,Mukesh Kumar,Delhi Capitals,,,25.0,48.0,1.0
1422127,SV Samson,Rajasthan Royals,15.0,15.0,,,
1422127,A Nortje,Delhi Capitals,,,24.0,48.0,1.0
1422127,R Parag,Rajasthan Royals,84.0,47.0,,,
1422127,AR Patel,Delhi Capitals,15.0,15.0,24.0,21.0,1.0
1422127,Kuldeep Yadav,Delhi Capitals,,,26.0,39.0,1.0
1422127,R Ashwin,Rajasthan Royals,29.0,20.0,19.0,29.0,
1422127,Dhruv Jurel,Rajasthan Royals,20.0,12.0,,,
1422127,SO Hetmyer,Rajasthan Royals,14.0,8.0,,,
1422127,DA Warner,Delhi Capitals,49.0,34.0,,,
1422127,TA Boult,Rajasthan Royals,,,18.0,29.0,
1422127,MR Marsh,Delhi Capitals,23.0,12.0,,,
1422127,N Burger,Rajasthan Royals,,,18.0,29.0,2.0
1422127,RK Bhui,Delhi Capitals,0.0,2.0,,,
1422127,RR Pant,Delhi Capitals,28.0,27.0,,,
1422127,Avesh Khan,Rajasthan Royals,,,25.0,28.0,1.0
1422127,YS Chahal,Rajasthan Royals,,,18.0,19.0,2.0
1422127,Sandeep Sharma,Rajasthan Royals,,,26.0,34.0,
1422127,T Stubbs,Delhi Capitals,44.0,24.0,,,
1422127,Abishek Porel,Delhi Capitals,9.0,10.0,,,
1422128,V Kohli,Royal Challengers Bengaluru,83.0,60.0,,,
1422128,MA Starc,Kolkata Knight Riders,,,25.0,46.0,
1422128,F du Plessis,Royal Challengers Bengaluru,8.0,7.0,,,
1422128,Harshit Rana,Kolkata Knight Riders,,,25.0,38.0,2.0
1422128,C Green,Royal Challengers Bengaluru,33.0,21.0,6.0,7.0,
1422128,AS Roy,Kolkata Knight Riders,,,12.0,6.0,
1422128,SP Narine,Kolkata Knight Riders,47.0,23.0,24.0,40.0,1.0
1422128,AD Russell,Kolkata Knight Riders,,,25.0,28.0,2.0
1422128,CV Varun,Kolkata Knight Riders,,,12.0,20.0,
1422128,GJ Maxwell,Royal Challengers Bengaluru,28.0,19.0,,,
1422128,RM Patidar,Royal Challengers Bengaluru,3.0,5.0,,,
1422128,Anuj Rawat,Royal Challengers Bengaluru,3.0,3.0,,,
1422128,KD Karthik,Royal Challengers Bengaluru,20.0,8.0,,,
1422128,PD Salt,Kolkata Knight Riders,30.0,20.0,,,
1422128,Mohammed Siraj,Royal Challengers Bengaluru,,,20.0,44.0,
1422128,Yash Dayal,Royal Challengers Bengaluru,,,26.0,40.0,1.0
1422128,AS Joseph,Royal Challengers Bengaluru,,,12.0,34.0,
1422128,Mayank Dagar,Royal Challengers Bengaluru,,,17.0,23.0,1.0
1422128,VR Iyer,Kolkata Knight Riders,50.0,32.0,,,
1422128,Vijaykumar Vyshak,Royal Challengers Bengaluru,,,24.0,23.0,1.0
1422128,SS Iyer,Kolkata Knight Riders,39.0,24.0,,,
1422128,RK Singh,Kolkata Knight Riders,5.0,6.0,,,
1422129,Q de Kock,Lucknow Super Giants,54.0,39.0,,,
1422129,SM Curran,Punjab Kings,0.0,1.0,24.0,28.0,3.0
1422129,KL Rahul,Lucknow Super Giants,15.0,10.0,,,
1422129,Arshdeep Singh,Punjab Kings,,,19.0,29.0,2.0
1422129,K Rabada,Punjab Kings,,,24.0,38.0,1.0
1422129,D Padikkal,Lucknow Super Giants,9.0,6.0,,,
1422129,MP Stoinis,Lucknow Super Giants,19.0,12.0,,,
1422129,RD Chahar,Punjab Kings,,,18.0,42.0,1.0
1422129,Harpreet Brar,Punjab Kings,,,12.0,14.0,
1422129,N Pooran,Lucknow Super Giants,42.0,21.0,,,
1422129,HV Patel,Punjab Kings,,,28.0,41.0,
1422129,A Badoni,Lucknow Super Giants,8.0,10.0,,,
1422129,KH Pandya,Lucknow Super Giants,43.0,25.0,18.0,26.0,
1422129,Ravi Bishnoi,Lucknow Super Giants,0.0,1.0,18.0,25.0,
1422129,Mohsin Khan,Lucknow Super Giants,2.0,1.0,25.0,33.0,2.0
1422129,S Dhawan,Punjab Kings,70.0,50.0,,,
1422129,M Siddharth,Lucknow Super Giants,,,12.0,21.0,
1422129,Naveen-ul-Haq,Lucknow Super Giants,,,25.0,42.0,
1422129,JM Bairstow,Punjab Kings,42.0,29.0,,,
1422129,MP Yadav,Lucknow Super Giants,,,24.0,27.0,3.0
1422129,P Simran Singh,Punjab Kings,19.0,7.0,,,
1422129,JM Sharma,Punjab Kings,6.0,10.0,,,
1422129,LS Livingstone,Punjab Kings,28.0,18.0,,,
1422129,Shashank Singh,Punjab Kings,9.0,7.0,,,
1422130,MA Agarwal,Sunrisers Hyderabad,16.0,17.0,,,
1422130,Azmatullah Omarzai,Gujarat Titans,,,19.0,23.0,1.0
1422130,TM Head,Sunrisers Hyderabad,19.0,14.0,,,
1422130,UT Yadav,Gujarat Titans,,,18.0,28.0,1.0
1422130,Abhishek Sharma,Sunrisers Hyderabad,29.0,21.0,,,
1422130,Rashid Khan,Gujarat Titans,,,24.0,33.0,1.0
1422130,Noor Ahmad,Gujarat Titans,,,24.0,32.0,1.0
1422130,AK Markram,Sunrisers Hyderabad,17.0,19.0,,,
1422130,MM Sharma,Gujarat Titans,,,24.0,25.0,3.0
1422130,H Klaasen,Sunrisers Hyderabad,24.0,13.0,,,
1422130,Shahbaz Ahmed,Sunrisers Hyderabad,22.0,20.0,12.0,20.0,1.0
1422130,Abdul Samad,Sunrisers Hyderabad,29.0,15.0,,,
1422130,DG Nalkande,Gujarat Titans,,,13.0,17.0,
1422130,Washington Sundar,Sunrisers Hyderabad,0.0,1.0,18.0,27.0,
1422130,PJ Cummins,Sunrisers Hyderabad,2.0,2.0,25.0,27.0,1.0
1422130,WP Saha,Gujarat Titans,25.0,13.0,,,
1422130,B Kumar,Sunrisers Hyderabad,,,25.0,26.0,
1422130,Shubman Gill,Gujarat Titans,36.0,28.0,,,
1422130,JD Unadkat,Sunrisers Hyderabad,,,19.0,33.0,
1422130,B Sai Sudharsan,Gujarat Titans,45.0,38.0,,,
1422130,M Markande,Sunrisers Hyderabad,,,20.0,31.0,1.0
1422130,DA Miller,Gujarat Titans,44.0,29.0,,,
1422130,V Shankar,Gujarat Titans,14.0,11.0,,,
1422131,PP Shaw,Delhi Capitals,43.0,29.0,,,
1422131,DL Chahar,Chennai Super Kings,,,24.0,42.0,
1422131,DA Warner,Delhi Capitals,52.0,35.0,,,
1422131,TU Deshpande,Chennai Super Kings,,,26.0,22.0,
1422131,Mustafizur Rahman,Chennai Super Kings,,,27.0,44.0,1.0
1422131,RA Jadeja,Chennai Super Kings,21.0,18.0,24.0,43.0,1.0
1422131,M Pathirana,Chennai Super Kings,,,26.0,29.0,3.0
1422131,RR Pant,Delhi Capitals,51.0,33.0,,,
1422131,MR Marsh,Delhi Capitals,18.0,13.0,7.0,13.0,
1422131,T Stubbs,Delhi Capitals,0.0,2.0,,,
1422131,AR Patel,Delhi Capitals,7.0,8.0,18.0,20.0,1.0
1422131,Abishek Porel,Delhi Capitals,9.0,7.0,,,
1422131,RD Gaikwad,Chennai Super Kings,1.0,3.0,,,
1422131,KK Ahmed,Delhi Capitals,,,28.0,17.0,2.0
1422131,R Ravindra,Chennai Super Kings,2.0,12.0,,,
1422131,I Sharma,Delhi Capitals,,,20.0,21.0,
1422131,AM Rahane,Chennai Super Kings,45.0,31.0,,,
1422131,DJ Mitchell,Chennai Super Kings,34.0,26.0,,,
1422131,A Nortje,Delhi Capitals,,,25.0,42.0,
1422131,Rasikh Salam,Delhi Capitals,,,12.0,25.0,
1422131,S Dube,Chennai Super Kings,18.0,19.0,,,
1422131,Mukesh Kumar,Delhi Capitals,,,19.0,20.0,3.0
1422131,Sameer Rizvi,Chennai Super Kings,0.0,1.0,,,
1422131,MS Dhoni,Chennai Super Kings,37.0,19.0,,,
1422132,Ishan Kishan,Mumbai Indians,16.0,15.0,,,
1422132,TA Boult,Rajasthan Royals,,,25.0,21.0,3.0
1422132,RG Sharma,Mumbai Indians,0.0,1.0,,,
1422132,Naman Dhir,Mumbai Indians,0.0,1.0,,,
1422132,N Burger,Rajasthan Royals,,,25.0,31.0,2.0
1422132,D Brevis,Mumbai Indians,0.0,1.0,,,
1422132,Tilak Varma,Mumbai Indians,32.0,30.0,,,
1422132,HH Pandya,Mumbai Indians,34.0,21.0,,,
1422132,Avesh Khan,Rajasthan Royals,,,25.0,29.0,1.0
1422132,YS Chahal,Rajasthan Royals,,,24.0,11.0,3.0
1422132,R Ashwin,Rajasthan Royals,16.0,16.0,25.0,26.0,
1422132,PP Chawla,Mumbai Indians,3.0,6.0,18.0,18.0,
1422132,TH David,Mumbai Indians,17.0,26.0,,,
1422132,G Coetzee,Mumbai Indians,4.0,9.0,15.0,36.0,
1422132,JJ Bumrah,Mumbai Indians,8.0,9.0,29.0,17.0,
1422132,Akash Madhwal,Mumbai Indians,4.0,5.0,25.0,19.0,3.0
1422132,YBK Jaiswal,Rajasthan Royals,10.0,6.0,,,
1422132,KT Maphaka,Mumbai Indians,,,12.0,23.0,1.0
1422132,JC Buttler,Rajasthan Royals,13.0,19.0,,,
1422132,SV Samson,Rajasthan Royals,12.0,12.0,,,
1422132,R Parag,Rajasthan Royals,54.0,40.0,,,
1422132,SB Dubey,Rajasthan Royals,8.0,6.0,,,
1422133,Q de Kock,Lucknow Super Giants,81.0,57.0,,,
1422133,RJW Topley,Royal Challengers Bengaluru,3.0,6.0,25.0,38.0,1.0
1422133,KL Rahul,Lucknow Super Giants,20.0,15.0,,,
1422133,Yash Dayal,Royal Challengers Bengaluru,,,24.0,24.0,1.0
1422133,Mohammed Siraj,Royal Challengers Bengaluru,12.0,9.0,27.0,44.0,1.0
1422133,GJ Maxwell,Royal Challengers Bengaluru,0.0,2.0,25.0,22.0,2.0
1422133,D Padikkal,Lucknow Super Giants,6.0,14.0,,,
1422133,MP Stoinis,Lucknow Super Giants,24.0,15.0,7.0,4.0,1.0
1422133,Mayank Dagar,Royal Challengers Bengaluru,0.0,1.0,13.0,18.0,
1422133,C Green,Royal Challengers Bengaluru,9.0,10.0,12.0,25.0,
1422133,N Pooran,Lucknow Super Giants,40.0,22.0,,,
1422133,A Badoni,Lucknow Super Giants,0.0,3.0,,,
1422133,V Kohli,Royal Challengers Bengaluru,22.0,16.0,,,
1422133,M Siddharth,Lucknow Super Giants,,,18.0,21.0,1.0
1422133,F du Plessis,Royal Challengers Bengaluru,19.0,13.0,,,
1422133,KH Pandya,Lucknow Super Giants,,,6.0,10.0,
1422133,Naveen-ul-Haq,Lucknow Super Giants,,,23.0,24.0,2.0
1422133,RM Patidar,Royal Challengers Bengaluru,29.0,21.0,,,
1422133,MP Yadav,Lucknow Super Giants,,,24.0,14.0,3.0
1422133,Ravi Bishnoi,Lucknow Super Giants,,,20.0,31.0,
1422133,Anuj Rawat,Royal Challengers Bengaluru,11.0,22.0,,,
1422133,Yash Thakur,Lucknow Super Giants,,,24.0,38.0,1.0
1422133,MK Lomror,Royal Challengers Bengaluru,33.0,13.0,,,
1422133,KD Karthik,Royal Challengers Bengaluru,4.0,9.0,,,
1422134,PD Salt,Kolkata Knight Riders,18.0,14.0,,,
1422134,KK Ahmed,Delhi Capitals,,,31.0,34.0,1.0
1422134,SP Narine,Kolkata Knight Riders,85.0,42.0,24.0,29.0,1.0
1422134,I Sharma,Delhi Capitals,1.0,3.0,18.0,43.0,2.0
1422134,A Nortje,Delhi Capitals,4.0,7.0,26.0,57.0,3.0
1422134,A Raghuvanshi,Kolkata Knight Riders,54.0,28.0,,,
1422134,Rasikh Salam,Delhi Capitals,1.0,5.0,19.0,46.0,
1422134,Sumit Kumar,Delhi Capitals,7.0,7.0,12.0,19.0,
1422134,AR Patel,Delhi Capitals,0.0,1.0,6.0,18.0,
1422134,MR Marsh,Delhi Capitals,0.0,2.0,22.0,33.0,1.0
1422134,AD Russell,Kolkata Knight Riders,41.0,24.0,8.0,14.0,1.0
1422134,SS Iyer,Kolkata Knight Riders,18.0,11.0,,,
1422134,RK Singh,Kolkata Knight Riders,26.0,10.0,,,
1422134,Ramandeep Singh,Kolkata Knight Riders,2.0,2.0,,,
1422134,MA Starc,Kolkata Knight Riders,1.0,1.0,18.0,25.0,2.0
1422134,VR Iyer,Kolkata Knight Riders,5.0,2.0,6.0,28.0,
1422134,DA Warner,Delhi Capitals,18.0,14.0,,,
1422134,PP Shaw,Delhi Capitals,10.0,7.0,,,
1422134,VG Arora,Kolkata Knight Riders,,,27.0,24.0,3.0
1422134,Abishek Porel,Delhi Capitals,0.0,5.0,,,
1422134,T Stubbs,Delhi Capitals,54.0,33.0,,,
1422134,RR Pant,Delhi Capitals,55.0,26.0,,,
1422134,CV Varun,Kolkata Knight Riders,,,27.0,30.0,3.0
1422135,WP Saha,Gujarat Titans,11.0,14.0,,,
1422135,Harpreet Brar,Punjab Kings,1.0,3.0,24.0,33.0,1.0
1422135,Shubman Gill,Gujarat Titans,89.0,48.0,,,
1422135,Arshdeep Singh,Punjab Kings,,,24.0,33.0,
1422135,K Rabada,Punjab Kings,,,25.0,43.0,2.0
1422135,KS Williamson,Gujarat Titans,26.0,22.0,,,
1422135,SM Curran,Punjab Kings,5.0,8.0,12.0,18.0,
1422135,HV Patel,Punjab Kings,,,27.0,41.0,1.0
1422135,B Sai Sudharsan,Gujarat Titans,33.0,19.0,,,
1422135,Sikandar Raza,Punjab Kings,15.0,17.0,12.0,22.0,
1422135,V Shankar,Gujarat Titans,8.0,10.0,,,
1422135,R Tewatia,Gujarat Titans,23.0,11.0,,,
1422135,S Dhawan,Punjab Kings,1.0,2.0,,,
1422135,Azmatullah Omarzai,Gujarat Titans,,,25.0,40.0,1.0
1422135,JM Bairstow,Punjab Kings,22.0,13.0,,,
1422135,UT Yadav,Gujarat Titans,,,18.0,35.0,1.0
1422135,P Simran Singh,Punjab Kings,35.0,25.0,,,
1422135,Rashid Khan,Gujarat Titans,,,24.0,40.0,1.0
1422135,Noor Ahmad,Gujarat Titans,,,26.0,29.0,2.0
1422135,Shashank Singh,Punjab Kings,61.0,30.0,,,
1422135,MM Sharma,Gujarat Titans,,,24.0,38.0,1.0
1422135,JM Sharma,Punjab Kings,16.0,8.0,,,
1422135,Ashutosh Sharma,Punjab Kings,31.0,17.0,,,
1422135,DG Nalkande,Gujarat Titans,,,6.0,5.0,1.0
1422136,R Ravindra,Chennai Super Kings,12.0,9.0,6.0,3.0,
1422136,Abhishek Sharma,Sunrisers Hyderabad,37.0,12.0,6.0,7.0,
1422136,RD Gaikwad,Chennai Super Kings,26.0,21.0,,,
1422136,B Kumar,Sunrisers Hyderabad,,,24.0,28.0,1.0
1422136,T Natarajan,Sunrisers Hyderabad,,,24.0,39.0,1.0
1422136,AM Rahane,Chennai Super Kings,35.0,31.0,,,
1422136,PJ Cummins,Sunrisers Hyderabad,,,24.0,29.0,1.0
1422136,M Markande,Sunrisers Hyderabad,,,12.0,21.0,
1422136,Shahbaz Ahmed,Sunrisers Hyderabad,18.0,19.0,6.0,11.0,1.0
1422136,S Dube,Chennai Super Kings,45.0,24.0,,,
1422136,JD Unadkat,Sunrisers Hyderabad,,,25.0,28.0,1.0
1422136,RA Jadeja,Chennai Super Kings,31.0,23.0,24.0,30.0,
1422136,DJ Mitchell,Chennai Super Kings,13.0,11.0,,,
1422136,MS Dhoni,Chennai Super Kings,1.0,2.0,,,
1422136,TM Head,Sunrisers Hyderabad,31.0,24.0,,,
1422136,DL Chahar,Chennai Super Kings,,,19.0,32.0,1.0
1422136,Mukesh Choudhary,Chennai Super Kings,,,7.0,26.0,
1422136,AK Markram,Sunrisers Hyderabad,50.0,37.0,,,
1422136,M Theekshana,Chennai Super Kings,,,24.0,27.0,1.0
1422136,TU Deshpande,Chennai Super Kings,,,12.0,20.0,
1422136,MM Ali,Chennai Super Kings,,,19.0,22.0,2.0
1422136,H Klaasen,Sunrisers Hyderabad,10.0,11.0,,,
1422136,Nithish Kumar Reddy,Sunrisers Hyderabad,14.0,8.0,,,
1422137,V Kohli,Royal Challengers Bengaluru,113.0,77.0,,,
1422137,TA Boult,Rajasthan Royals,,,19.0,29.0,
1422137,F du Plessis,Royal Challengers Bengaluru,44.0,33.0,,,
1422137,N Burger,Rajasthan Royals,,,26.0,27.0,1.0
1422137,R Ashwin,Rajasthan Royals,,,25.0,27.0,
1422137,Avesh Khan,Rajasthan Royals,,,24.0,46.0,
1422137,YS Chahal,Rajasthan Royals,,,25.0,33.0,2.0
1422137,R Parag,Rajasthan Royals,4.0,4.0,6.0,10.0,
1422137,GJ Maxwell,Royal Challengers Bengaluru,1.0,3.0,,,
1422137,Saurav Chauhan,Royal Challengers Bengaluru,9.0,6.0,,,
1422137,C Green,Royal Challengers Bengaluru,5.0,6.0,20.0,26.0,
1422137,YBK Jaiswal,Rajasthan Royals,0.0,2.0,,,
1422137,RJW Topley,Royal Challengers Bengaluru,,,25.0,26.0,2.0
1422137,SV Samson,Rajasthan Royals,69.0,43.0,,,
1422137,JC Buttler,Rajasthan Royals,100.0,59.0,,,
1422137,Yash Dayal,Royal Challengers Bengaluru,,,24.0,37.0,1.0
1422137,Mohammed Siraj,Royal Challengers Bengaluru,,,25.0,34.0,1.0
1422137,Mayank Dagar,Royal Challengers Bengaluru,,,12.0,34.0,
1422137,H Sharma,Royal Challengers Bengaluru,,,12.0,29.0,
1422137,Dhruv Jurel,Rajasthan Royals,2.0,3.0,,,
1422137,SO Hetmyer,Rajasthan Royals,11.0,7.0,,,
1422138,RG Sharma,Mumbai Indians,49.0,29.0,,,
1422138,KK Ahmed,Delhi Capitals,,,24.0,39.0,1.0
1422138,Ishan Kishan,Mumbai Indians,42.0,23.0,,,
1422138,I Sharma,Delhi Capitals,,,22.0,32.0,
1422138,JA Richardson,Delhi Capitals,2.0,2.0,25.0,38.0,
1422138,AR Patel,Delhi Capitals,8.0,7.0,24.0,35.0,2.0
1422138,Lalit Yadav,Delhi Capitals,3.0,4.0,6.0,15.0,
1422138,A Nortje,Delhi Capitals,,,28.0,61.0,2.0
1422138,SA Yadav,Mumbai Indians,0.0,2.0,,,
1422138,HH Pandya,Mumbai Indians,39.0,35.0,,,
1422138,Tilak Varma,Mumbai Indians,6.0,5.0,,,
1422138,TH David,Mumbai Indians,45.0,23.0,,,
1422138,R Shepherd,Mumbai Indians,39.0,12.0,25.0,53.0,1.0
1422138,PP Shaw,Delhi Capitals,66.0,41.0,,,
1422138,G Coetzee,Mumbai Indians,,,24.0,34.0,4.0
1422138,JJ Bumrah,Mumbai Indians,,,24.0,22.0,2.0
1422138,DA Warner,Delhi Capitals,10.0,8.0,,,
1422138,Akash Madhwal,Mumbai Indians,,,25.0,44.0,
1422138,Abishek Porel,Delhi Capitals,41.0,31.0,,,
1422138,Mohammad Nabi,Mumbai Indians,,,12.0,17.0,
1422138,PP Chawla,Mumbai Indians,,,12.0,32.0,
1422138,T Stubbs,Delhi Capitals,71.0,25.0,,,
1422138,RR Pant,Delhi Capitals,1.0,3.0,,,
1422138,Kumar Kushagra,Delhi Capitals,0.0,1.0,,,
1422139,Q de Kock,Lucknow Super Giants,6.0,4.0,,,
1422139,UT Yadav,Gujarat Titans,2.0,4.0,18.0,22.0,2.0
1422139,D Padikkal,Lucknow Super Giants,7.0,7.0,,,
1422139,KL Rahul,Lucknow Super Giants,33.0,31.0,,,
1422139,SH Johnson,Gujarat Titans,0.0,1.0,25.0,31.0,
1422139,MP Stoinis,Lucknow Super Giants,58.0,43.0,,,
1422139,Rashid Khan,Gujarat Titans,0.0,3.0,24.0,28.0,1.0
1422139,MM Sharma,Gujarat Titans,,,18.0,34.0,
1422139,Noor Ahmad,Gujarat Titans,4.0,2.0,24.0,22.0,
1422139,DG Nalkande,Gujarat Titans,12.0,11.0,12.0,21.0,2.0
1422139,N Pooran,Lucknow Super Giants,32.0,22.0,,,
1422139,A Badoni,Lucknow Super Giants,20.0,12.0,,,
1422139,KH Pandya,Lucknow Super Giants,2.0,2.0,24.0,11.0,3.0
1422139,B Sai Sudharsan,Gujarat Titans,31.0,24.0,,,
1422139,M Siddharth,Lucknow Super Giants,,,28.0,24.0,
1422139,Shubman Gill,Gujarat Titans,19.0,21.0,,,
1422139,Naveen-ul-Haq,Lucknow Super Giants,,,26.0,35.0,1.0
1422139,MP Yadav,Lucknow Super Giants,,,6.0,13.0,
1422139,Yash Thakur,Lucknow Super Giants,,,25.0,28.0,5.0
1422139,KS Williamson,Gujarat Titans,1.0,5.0,,,
1422139,Ravi Bishnoi,Lucknow Super Giants,,,13.0,7.0,1.0
1422139,BR Sharath,Gujarat Titans,2.0,5.0,,,
1422139,V Shankar,Gujarat Titans,17.0,18.0,,,
1422139,R Tewatia,Gujarat Titans,30.0,28.0,,,
1426260,PD Salt,Kolkata Knight Riders,0.0,1.0,,,
1426260,TU Deshpande,Chennai Super Kings,,,26.0,31.0,3.0
1426260,A Raghuvanshi,Kolkata Knight Riders,24.0,18.0,,,
1426260,SP Narine,Kolkata Knight Riders,27.0,23.0,24.0,30.0,1.0
1426260,Mustafizur Rahman,Chennai Super Kings,,,27.0,19.0,2.0
1426260,SN Thakur,Chennai Super Kings,,,20.0,25.0,
1426260,M Theekshana,Chennai Super Kings,,,24.0,28.0,1.0
1426260,RA Jadeja,Chennai Super Kings,,,25.0,17.0,3.0
1426260,SS Iyer,Kolkata Knight Riders,34.0,33.0,,,
1426260,VR Iyer,Kolkata Knight Riders,3.0,8.0,,,
1426260,Ramandeep Singh,Kolkata Knight Riders,13.0,12.0,,,
1426260,R Ravindra,Chennai Super Kings,15.0,9.0,6.0,4.0,
1426260,RK Singh,Kolkata Knight Riders,9.0,14.0,,,
1426260,AD Russell,Kolkata Knight Riders,10.0,12.0,7.0,7.0,
1426260,AS Roy,Kolkata Knight Riders,3.0,3.0,10.0,18.0,
1426260,MA Starc,Kolkata Knight Riders,0.0,3.0,20.0,27.0,
1426260,VG Arora,Kolkata Knight Riders,1.0,1.0,24.0,28.0,2.0
1426260,RD Gaikwad,Chennai Super Kings,67.0,59.0,,,
1426260,DJ Mitchell,Chennai Super Kings,25.0,20.0,,,
1426260,CV Varun,Kolkata Knight Riders,,,24.0,26.0,
1426260,S Dube,Chennai Super Kings,28.0,18.0,,,
1426260,MS Dhoni,Chennai Super Kings,1.0,3.0,,,
1426261,TM Head,Sunrisers Hyderabad,21.0,15.0,,,
1426261,K Rabada,Punjab Kings,,,25.0,31.0,1.0
1426261,Abhishek Sharma,Sunrisers Hyderabad,16.0,12.0,,,
1426261,Arshdeep Singh,Punjab Kings,,,26.0,27.0,4.0
1426261,AK Markram,Sunrisers Hyderabad,0.0,2.0,,,
1426261,Nithish Kumar Reddy,Sunrisers Hyderabad,64.0,38.0,19.0,32.0,1.0
1426261,SM Curran,Punjab Kings,29.0,22.0,25.0,40.0,2.0
1426261,HV Patel,Punjab Kings,,,25.0,29.0,2.0
1426261,RA Tripathi,Sunrisers Hyderabad,11.0,14.0,,,
1426261,Harpreet Brar,Punjab Kings,,,24.0,48.0,
1426261,H Klaasen,Sunrisers Hyderabad,9.0,9.0,,,
1426261,Abdul Samad,Sunrisers Hyderabad,25.0,13.0,,,
1426261,Shahbaz Ahmed,Sunrisers Hyderabad,14.0,8.0,6.0,10.0,
1426261,PJ Cummins,Sunrisers Hyderabad,3.0,5.0,24.0,22.0,1.0
1426261,B Kumar,Sunrisers Hyderabad,6.0,8.0,26.0,30.0,2.0
1426261,JD Unadkat,Sunrisers Hyderabad,6.0,1.0,27.0,46.0,1.0
1426261,S Dhawan,Punjab Kings,14.0,16.0,,,
1426261,JM Bairstow,Punjab Kings,0.0,3.0,,,
1426261,P Simran Singh,Punjab Kings,4.0,6.0,,,
1426261,Sikandar Raza,Punjab Kings,28.0,22.0,,,
1426261,T Natarajan,Sunrisers Hyderabad,,,24.0,33.0,1.0
1426261,Shashank Singh,Punjab Kings,46.0,27.0,,,
1426261,JM Sharma,Punjab Kings,19.0,12.0,,,
1426261,Ashutosh Sharma,Punjab Kings,33.0,18.0,,,
1426262,YBK Jaiswal,Rajasthan Royals,24.0,19.0,,,
1426262,UT Yadav,Gujarat Titans,,,26.0,45.0,1.0
1426262,JC Buttler,Rajasthan Royals,8.0,10.0,,,
1426262,SH Johnson,Gujarat Titans,,,24.0,37.0,
1426262,SV Samson,Rajasthan Royals,68.0,43.0,,,
1426262,Rashid Khan,Gujarat Titans,24.0,14.0,24.0,18.0,1.0
1426262,R Parag,Rajasthan Royals,76.0,50.0,,,
1426262,Noor Ahmad,Gujarat Titans,,,25.0,42.0,
1426262,MM Sharma,Gujarat Titans,,,28.0,47.0,1.0
1426262,SO Hetmyer,Rajasthan Royals,13.0,5.0,,,
1426262,B Sai Sudharsan,Gujarat Titans,35.0,29.0,,,
1426262,TA Boult,Rajasthan Royals,,,12.0,8.0,
1426262,Avesh Khan,Rajasthan Royals,,,26.0,46.0,1.0
1426262,Shubman Gill,Gujarat Titans,72.0,45.0,,,
1426262,KA Maharaj,Rajasthan Royals,,,12.0,16.0,
1426262,R Ashwin,Rajasthan Royals,,,24.0,40.0,
1426262,YS Chahal,Rajasthan Royals,,,25.0,42.0,2.0
1426262,KR Sen,Rajasthan Royals,,,29.0,36.0,3.0
1426262,MS Wade,Gujarat Titans,4.0,7.0,,,
1426262,A Manohar,Gujarat Titans,1.0,2.0,,,
1426262,V Shankar,Gujarat Titans,16.0,11.0,,,
1426262,R Tewatia,Gujarat Titans,22.0,12.0,,,
1426262,M Shahrukh Khan,Gujarat Titans,14.0,8.0,,,
1426263,V Kohli,Royal Challengers Bengaluru,3.0,9.0,,,
1426263,Mohammad Nabi,Mumbai Indians,,,6.0,7.0,
1426263,F du Plessis,Royal Challengers Bengaluru,61.0,41.0,,,
1426263,G Coetzee,Mumbai Indians,,,27.0,39.0,1.0
1426263,JJ Bumrah,Mumbai Indians,,,24.0,21.0,5.0
1426263,WG Jacks,Royal Challengers Bengaluru,8.0,6.0,12.0,24.0,1.0
1426263,Akash Madhwal,Mumbai Indians,,,27.0,54.0,1.0
1426263,RM Patidar,Royal Challengers Bengaluru,50.0,28.0,,,
1426263,S Gopal,Mumbai Indians,,,24.0,32.0,1.0
1426263,R Shepherd,Mumbai Indians,,,12.0,22.0,
1426263,HH Pandya,Mumbai Indians,21.0,6.0,8.0,11.0,
1426263,GJ Maxwell,Royal Challengers Bengaluru,0.0,6.0,6.0,17.0,
1426263,KD Karthik,Royal Challengers Bengaluru,53.0,25.0,,,
1426263,MK Lomror,Royal Challengers Bengaluru,0.0,1.0,,,
1426263,Saurav Chauhan,Royal Challengers Bengaluru,9.0,9.0,,,
1426263,Vijaykumar Vyshak,Royal Challengers Bengaluru,0.0,1.0,18.0,32.0,1.0
1426263,Akash Deep,Royal Challengers Bengaluru,2.0,2.0,23.0,53.0,1.0
1426263,Ishan Kishan,Mumbai Indians,69.0,35.0,,,
1426263,RJW Topley,Royal Challengers Bengaluru,,,19.0,33.0,
1426263,RG Sharma,Mumbai Indians,38.0,26.0,,,
1426263,Mohammed Siraj,Royal Challengers Bengaluru,,,18.0,37.0,
1426263,SA Yadav,Mumbai Indians,52.0,19.0,,,
1426263,Tilak Varma,Mumbai Indians,16.0,10.0,,,
1426264,Q de Kock,Lucknow Super Giants,19.0,13.0,,,
1426264,KK Ahmed,Delhi Capitals,,,25.0,40.0,2.0
1426264,KL Rahul,Lucknow Super Giants,39.0,22.0,,,
1426264,I Sharma,Delhi Capitals,,,28.0,32.0,1.0
1426264,D Padikkal,Lucknow Super Giants,3.0,9.0,,,
1426264,MP Stoinis,Lucknow Super Giants,8.0,10.0,6.0,10.0,
1426264,Mukesh Kumar,Delhi Capitals,,,25.0,40.0,1.0
1426264,AR Patel,Delhi Capitals,,,24.0,26.0,
1426264,Kuldeep Yadav,Delhi Capitals,,,25.0,19.0,3.0
1426264,N Pooran,Lucknow Super Giants,0.0,1.0,,,
1426264,DJ Hooda,Lucknow Super Giants,10.0,13.0,,,
1426264,A Badoni,Lucknow Super Giants,55.0,38.0,,,
1426264,KH Pandya,Lucknow Super Giants,3.0,4.0,21.0,38.0,
1426264,Arshad Khan,Lucknow Super Giants,20.0,17.0,19.0,34.0,
1426264,PP Shaw,Delhi Capitals,32.0,22.0,,,
1426264,DA Warner,Delhi Capitals,8.0,9.0,,,
1426264,Naveen-ul-Haq,Lucknow Super Giants,,,18.0,24.0,1.0
1426264,Yash Thakur,Lucknow Super Giants,,,24.0,31.0,1.0
1426264,J Fraser-McGurk,Delhi Capitals,55.0,38.0,,,
1426264,Ravi Bishnoi,Lucknow Super Giants,,,24.0,25.0,2.0
1426264,RR Pant,Delhi Capitals,41.0,24.0,,,
1426264,T Stubbs,Delhi Capitals,15.0,9.0,,,
1426264,SD Hope,Delhi Capitals,11.0,10.0,,,
1426265,Atharva Taide,Punjab Kings,15.0,14.0,,,
1426265,TA Boult,Rajasthan Royals,,,26.0,19.0,1.0
1426265,JM Bairstow,Punjab Kings,15.0,19.0,,,
1426265,KR Sen,Rajasthan Royals,,,24.0,35.0,1.0
1426265,Avesh Khan,Rajasthan Royals,,,24.0,34.0,2.0
1426265,P Simran Singh,Punjab Kings,10.0,15.0,,,
1426265,YS Chahal,Rajasthan Royals,,,27.0,28.0,1.0
1426265,SM Curran,Punjab Kings,6.0,10.0,25.0,24.0,2.0
1426265,KA Maharaj,Rajasthan Royals,1.0,2.0,24.0,23.0,2.0
1426265,JM Sharma,Punjab Kings,29.0,25.0,,,
1426265,Shashank Singh,Punjab Kings,9.0,9.0,,,
1426265,LS Livingstone,Punjab Kings,21.0,14.0,19.0,20.0,1.0
1426265,Ashutosh Sharma,Punjab Kings,31.0,16.0,,,
1426265,Harpreet Brar,Punjab Kings,3.0,3.0,18.0,22.0,
1426265,YBK Jaiswal,Rajasthan Royals,39.0,30.0,,,
1426265,Arshdeep Singh,Punjab Kings,,,24.0,44.0,1.0
1426265,Tanush Kotian,Rajasthan Royals,24.0,32.0,,,
1426265,K Rabada,Punjab Kings,,,24.0,18.0,2.0
1426265,HV Patel,Punjab Kings,,,12.0,21.0,1.0
1426265,SV Samson,Rajasthan Royals,18.0,14.0,,,
1426265,R Parag,Rajasthan Royals,23.0,18.0,,,
1426265,Dhruv Jurel,Rajasthan Royals,6.0,11.0,,,
1426265,SO Hetmyer,Rajasthan Royals,27.0,10.0,,,
1426265,R Powell,Rajasthan Royals,11.0,5.0,,,
1426266,Q de Kock,Lucknow Super Giants,10.0,8.0,,,
1426266,MA Starc,Kolkata Knight Riders,,,25.0,27.0,3.0
1426266,KL Rahul,Lucknow Super Giants,39.0,29.0,,,
1426266,VG Arora,Kolkata Knight Riders,,,20.0,32.0,1.0
1426266,DJ Hooda,Lucknow Super Giants,8.0,10.0,,,
1426266,A Badoni,Lucknow Super Giants,29.0,27.0,,,
1426266,Harshit Rana,Kolkata Knight Riders,,,26.0,33.0,
1426266,SP Narine,Kolkata Knight Riders,6.0,6.0,24.0,17.0,1.0
1426266,CV Varun,Kolkata Knight Riders,,,26.0,28.0,1.0
1426266,AD Russell,Kolkata Knight Riders,,,6.0,16.0,1.0
1426266,MP Stoinis,Lucknow Super Giants,10.0,5.0,,,
1426266,N Pooran,Lucknow Super Giants,45.0,36.0,,,
1426266,KH Pandya,Lucknow Super Giants,7.0,8.0,6.0,14.0,
1426266,Arshad Khan (2),Lucknow Super Giants,5.0,4.0,13.0,22.0,
1426266,PD Salt,Kolkata Knight Riders,89.0,50.0,,,
1426266,S Joseph,Lucknow Super Giants,,,30.0,37.0,
1426266,Mohsin Khan,Lucknow Super Giants,,,25.0,28.0,2.0
1426266,A Raghuvanshi,Kolkata Knight Riders,7.0,6.0,,,
1426266,SS Iyer,Kolkata Knight Riders,38.0,43.0,,,
1426266,Yash Thakur,Lucknow Super Giants,,,13.0,24.0,
1426266,Ravi Bishnoi,Lucknow Super Giants,,,18.0,15.0,
1426267,AM Rahane,Chennai Super Kings,5.0,8.0,,,
1426267,Mohammad Nabi,Mumbai Indians,4.0,7.0,18.0,19.0,
1426267,R Ravindra,Chennai Super Kings,21.0,18.0,,,
1426267,G Coetzee,Mumbai Indians,,,25.0,34.0,1.0
1426267,RD Gaikwad,Chennai Super Kings,69.0,41.0,,,
1426267,JJ Bumrah,Mumbai Indians,,,26.0,25.0,
1426267,Akash Madhwal,Mumbai Indians,,,18.0,37.0,
1426267,S Gopal,Mumbai Indians,,,6.0,9.0,1.0
1426267,S Dube,Chennai Super Kings,66.0,38.0,,,
1426267,HH Pandya,Mumbai Indians,2.0,6.0,20.0,41.0,2.0
1426267,R Shepherd,Mumbai Indians,1.0,2.0,12.0,33.0,
1426267,DJ Mitchell,Chennai Super Kings,17.0,16.0,,,
1426267,MS Dhoni,Chennai Super Kings,20.0,4.0,,,
1426267,RG Sharma,Mumbai Indians,105.0,66.0,,,
1426267,TU Deshpande,Chennai Super Kings,,,24.0,29.0,1.0
1426267,Mustafizur Rahman,Chennai Super Kings,,,27.0,52.0,1.0
1426267,Ishan Kishan,Mumbai Indians,23.0,15.0,,,
1426267,SN Thakur,Chennai Super Kings,,,24.0,35.0,
1426267,RA Jadeja,Chennai Super Kings,,,24.0,37.0,
1426267,M Pathirana,Chennai Super Kings,,,25.0,26.0,4.0
1426267,SA Yadav,Mumbai Indians,0.0,2.0,,,
1426267,Tilak Varma,Mumbai Indians,31.0,20.0,,,
1426267,TH David,Mumbai Indians,13.0,6.0,,,
1426268,Abhishek Sharma,Sunrisers Hyderabad,34.0,23.0,6.0,10.0,
1426268,WG Jacks,Royal Challengers Bengaluru,7.0,4.0,19.0,30.0,
1426268,TM Head,Sunrisers Hyderabad,102.0,45.0,,,
1426268,RJW Topley,Royal Challengers Bengaluru,,,26.0,66.0,1.0
1426268,Yash Dayal,Royal Challengers Bengaluru,,,28.0,47.0,
1426268,LH Ferguson,Royal Challengers Bengaluru,,,24.0,52.0,2.0
1426268,Vijaykumar Vyshak,Royal Challengers Bengaluru,1.0,2.0,26.0,62.0,
1426268,H Klaasen,Sunrisers Hyderabad,67.0,35.0,,,
1426268,AK Markram,Sunrisers Hyderabad,32.0,18.0,,,
1426268,MK Lomror,Royal Challengers Bengaluru,19.0,14.0,9.0,15.0,
1426268,Abdul Samad,Sunrisers Hyderabad,37.0,11.0,,,
1426268,V Kohli,Royal Challengers Bengaluru,42.0,20.0,,,
1426268,F du Plessis,Royal Challengers Bengaluru,62.0,28.0,,,
1426268,B Kumar,Sunrisers Hyderabad,,,28.0,56.0,
1426268,Shahbaz Ahmed,Sunrisers Hyderabad,,,6.0,18.0,
1426268,T Natarajan,Sunrisers Hyderabad,,,28.0,43.0,1.0
1426268,PJ Cummins,Sunrisers Hyderabad,,,25.0,42.0,3.0
1426268,M Markande,Sunrisers Hyderabad,,,27.0,43.0,2.0
1426268,JD Unadkat,Sunrisers Hyderabad,,,13.0,36.0,
1426268,RM Patidar,Royal Challengers Bengaluru,9.0,6.0,,,
1426268,KD Karthik,Royal Challengers Bengaluru,83.0,43.0,,,
1426268,Saurav Chauhan,Royal Challengers Bengaluru,0.0,1.0,,,
1426268,Anuj Rawat,Royal Challengers Bengaluru,25.0,15.0,,,
1426269,PD Salt,Kolkata Knight Riders,10.0,13.0,,,
1426269,TA Boult,Rajasthan Royals,0.0,1.0,24.0,31.0,1.0
1426269,SP Narine,Kolkata Knight Riders,109.0,64.0,26.0,27.0,2.0
1426269,Avesh Khan,Rajasthan Royals,,,25.0,34.0,2.0
1426269,A Raghuvanshi,Kolkata Knight Riders,30.0,18.0,,,
1426269,KR Sen,Rajasthan Royals,,,26.0,44.0,2.0
1426269,YS Chahal,Rajasthan Royals,,,25.0,53.0,1.0
1426269,R Ashwin,Rajasthan Royals,8.0,12.0,29.0,40.0,
1426269,SS Iyer,Kolkata Knight Riders,11.0,7.0,,,
1426269,AD Russell,Kolkata Knight Riders,13.0,11.0,6.0,17.0,
1426269,RK Singh,Kolkata Knight Riders,20.0,9.0,,,
1426269,VR Iyer,Kolkata Knight Riders,8.0,6.0,,,
1426269,Ramandeep Singh,Kolkata Knight Riders,1.0,1.0,,,
1426269,YBK Jaiswal,Rajasthan Royals,19.0,10.0,,,
1426269,MA Starc,Kolkata Knight Riders,,,29.0,41.0,
1426269,JC Buttler,Rajasthan Royals,107.0,65.0,,,
1426269,VG Arora,Kolkata Knight Riders,,,19.0,44.0,1.0
1426269,SV Samson,Rajasthan Royals,12.0,8.0,,,
1426269,Harshit Rana,Kolkata Knight Riders,,,25.0,44.0,2.0
1426269,R Parag,Rajasthan Royals,34.0,16.0,,,
1426269,Dhruv Jurel,Rajasthan Royals,2.0,4.0,,,
1426269,CV Varun,Kolkata Knight Riders,,,25.0,35.0,2.0
1426269,SO Hetmyer,Rajasthan Royals,0.0,1.0,,,
1426269,R Powell,Rajasthan Royals,26.0,13.0,,,
1426270,WP Saha,Gujarat Titans,2.0,11.0,,,
1426270,KK Ahmed,Delhi Capitals,,,25.0,17.0,1.0
1426270,Shubman Gill,Gujarat Titans,8.0,6.0,,,
1426270,I Sharma,Delhi Capitals,,,13.0,7.0,2.0
1426270,B Sai Sudharsan,Gujarat Titans,12.0,10.0,,,
1426270,Mukesh Kumar,Delhi Capitals,,,18.0,11.0,3.0
1426270,DA Miller,Gujarat Titans,2.0,6.0,,,
1426270,A Manohar,Gujarat Titans,8.0,14.0,,,
1426270,R Tewatia,Gujarat Titans,10.0,16.0,,,
1426270,Kuldeep Yadav,Delhi Capitals,,,24.0,16.0,
1426270,T Stubbs,Delhi Capitals,,,7.0,10.0,2.0
1426270,M Shahrukh Khan,Gujarat Titans,0.0,2.0,,,
1426270,Rashid Khan,Gujarat Titans,31.0,24.0,12.0,12.0,1.0
1426270,AR Patel,Delhi Capitals,,,25.0,16.0,1.0
1426270,MM Sharma,Gujarat Titans,2.0,15.0,,,
1426270,Noor Ahmad,Gujarat Titans,1.0,7.0,11.0,14.0,
1426270,SH Johnson,Gujarat Titans,1.0,1.0,14.0,20.0,1.0
1426270,PP Shaw,Delhi Capitals,7.0,6.0,,,
1426270,S Sandeep Warrier,Gujarat Titans,,,18.0,40.0,2.0
1426270,J Fraser-McGurk,Delhi Capitals,20.0,11.0,,,
1426270,SD Hope,Delhi Capitals,19.0,10.0,,,
1426270,Abishek Porel,Delhi Capitals,15.0,8.0,,,
1426270,RR Pant,Delhi Capitals,16.0,11.0,,,
1426270,Sumit Kumar,Delhi Capitals,9.0,9.0,,,
1426271,Ishan Kishan,Mumbai Indians,8.0,8.0,,,
1426271,LS Livingstone,Punjab Kings,1.0,2.0,12.0,16.0,
1426271,RG Sharma,Mumbai Indians,36.0,26.0,,,
1426271,Arshdeep Singh,Punjab Kings,,,19.0,34.0,
1426271,K Rabada,Punjab Kings,8.0,4.0,24.0,42.0,1.0
1426271,SA Yadav,Mumbai Indians,78.0,54.0,,,
1426271,HV Patel,Punjab Kings,1.0,4.0,26.0,29.0,3.0
1426271,SM Curran,Punjab Kings,6.0,8.0,26.0,39.0,2.0
1426271,Harpreet Brar,Punjab Kings,21.0,22.0,18.0,21.0,
1426271,Tilak Varma,Mumbai Indians,34.0,18.0,,,
1426271,HH Pandya,Mumbai Indians,10.0,6.0,27.0,30.0,1.0
1426271,TH David,Mumbai Indians,14.0,10.0,,,
1426271,R Shepherd,Mumbai Indians,1.0,2.0,12.0,20.0,
1426271,Mohammad Nabi,Mumbai Indians,0.0,1.0,,,
1426271,G Coetzee,Mumbai Indians,,,26.0,26.0,3.0
1426271,P Simran Singh,Punjab Kings,0.0,1.0,,,
1426271,RR Rossouw,Punjab Kings,1.0,3.0,,,
1426271,JJ Bumrah,Mumbai Indians,,,26.0,19.0,3.0
1426271,Shashank Singh,Punjab Kings,41.0,29.0,,,
1426271,Harpreet Singh,Punjab Kings,13.0,15.0,,,
1426271,Akash Madhwal,Mumbai Indians,,,24.0,41.0,1.0
1426271,S Gopal,Mumbai Indians,,,12.0,26.0,1.0
1426271,JM Sharma,Punjab Kings,9.0,10.0,,,
1426271,Ashutosh Sharma,Punjab Kings,61.0,29.0,,,
1426272,AM Rahane,Chennai Super Kings,36.0,24.0,,,
1426272,MJ Henry,Lucknow Super Giants,,,18.0,26.0,
1426272,R Ravindra,Chennai Super Kings,0.0,1.0,,,
1426272,Mohsin Khan,Lucknow Super Giants,,,27.0,34.0,1.0
1426272,RD Gaikwad,Chennai Super Kings,17.0,13.0,,,
1426272,Yash Thakur,Lucknow Super Giants,,,24.0,45.0,1.0
1426272,RA Jadeja,Chennai Super Kings,57.0,40.0,19.0,31.0,
1426272,KH Pandya,Lucknow Super Giants,,,18.0,16.0,2.0
1426272,Ravi Bishnoi,Lucknow Super Giants,,,24.0,44.0,1.0
1426272,S Dube,Chennai Super Kings,3.0,8.0,,,
1426272,MP Stoinis,Lucknow Super Giants,8.0,9.0,12.0,7.0,1.0
1426272,Sameer Rizvi,Chennai Super Kings,1.0,5.0,,,
1426272,MM Ali,Chennai Super Kings,30.0,20.0,6.0,5.0,
1426272,MS Dhoni,Chennai Super Kings,28.0,12.0,,,
1426272,Q de Kock,Lucknow Super Giants,54.0,47.0,,,
1426272,DL Chahar,Chennai Super Kings,,,18.0,26.0,
1426272,KL Rahul,Lucknow Super Giants,82.0,55.0,,,
1426272,TU Deshpande,Chennai Super Kings,,,29.0,37.0,
1426272,Mustafizur Rahman,Chennai Super Kings,,,26.0,41.0,1.0
1426272,M Pathirana,Chennai Super Kings,,,26.0,27.0,1.0
1426272,N Pooran,Lucknow Super Giants,23.0,13.0,,,
1426273,TM Head,Sunrisers Hyderabad,89.0,33.0,,,
1426273,KK Ahmed,Delhi Capitals,,,18.0,51.0,
1426273,Abhishek Sharma,Sunrisers Hyderabad,46.0,12.0,,,
1426273,Lalit Yadav,Delhi Capitals,7.0,8.0,12.0,41.0,
1426273,A Nortje,Delhi Capitals,0.0,2.0,19.0,30.0,
1426273,Kuldeep Yadav,Delhi Capitals,0.0,1.0,26.0,53.0,4.0
1426273,Mukesh Kumar,Delhi Capitals,0.0,2.0,24.0,57.0,1.0
1426273,AK Markram,Sunrisers Hyderabad,1.0,3.0,,,
1426273,AR Patel,Delhi Capitals,6.0,8.0,24.0,29.0,1.0
1426273,H Klaasen,Sunrisers Hyderabad,15.0,9.0,,,
1426273,Shahbaz Ahmed,Sunrisers Hyderabad,59.0,29.0,6.0,22.0,
1426273,Nithish Kumar Reddy,Sunrisers Hyderabad,37.0,28.0,14.0,16.0,2.0
1426273,Abdul Samad,Sunrisers Hyderabad,13.0,8.0,,,
1426273,PJ Cummins,Sunrisers Hyderabad,1.0,1.0,24.0,35.0,
1426273,PP Shaw,Delhi Capitals,16.0,5.0,,,
1426273,Washington Sundar,Sunrisers Hyderabad,,,12.0,46.0,1.0
1426273,J Fraser-McGurk,Delhi Capitals,65.0,19.0,,,
1426273,DA Warner,Delhi Capitals,1.0,6.0,,,
1426273,B Kumar,Sunrisers Hyderabad,,,27.0,30.0,1.0
1426273,Abishek Porel,Delhi Capitals,42.0,24.0,,,
1426273,T Natarajan,Sunrisers Hyderabad,,,25.0,18.0,4.0
1426273,M Markande,Sunrisers Hyderabad,,,14.0,24.0,2.0
1426273,T Stubbs,Delhi Capitals,10.0,11.0,,,
1426273,RR Pant,Delhi Capitals,44.0,36.0,,,
1426274,PD Salt,Kolkata Knight Riders,48.0,14.0,,,
1426274,Mohammed Siraj,Royal Challengers Bengaluru,,,26.0,38.0,1.0
1426274,SP Narine,Kolkata Knight Riders,10.0,15.0,24.0,34.0,2.0
1426274,Yash Dayal,Royal Challengers Bengaluru,,,28.0,52.0,2.0
1426274,LH Ferguson,Royal Challengers Bengaluru,1.0,1.0,25.0,46.0,1.0
1426274,A Raghuvanshi,Kolkata Knight Riders,3.0,4.0,,,
1426274,VR Iyer,Kolkata Knight Riders,16.0,8.0,,,
1426274,SS Iyer,Kolkata Knight Riders,50.0,37.0,,,
1426274,KV Sharma,Royal Challengers Bengaluru,20.0,8.0,24.0,33.0,
1426274,C Green,Royal Challengers Bengaluru,6.0,4.0,26.0,33.0,2.0
1426274,RK Singh,Kolkata Knight Riders,24.0,17.0,,,
1426274,AD Russell,Kolkata Knight Riders,27.0,24.0,19.0,24.0,3.0
1426274,Ramandeep Singh,Kolkata Knight Riders,24.0,10.0,,,
1426274,V Kohli,Royal Challengers Bengaluru,18.0,7.0,,,
1426274,Harshit Rana,Kolkata Knight Riders,,,25.0,32.0,2.0
1426274,F du Plessis,Royal Challengers Bengaluru,7.0,8.0,,,
1426274,MA Starc,Kolkata Knight Riders,,,19.0,54.0,1.0
1426274,WG Jacks,Royal Challengers Bengaluru,55.0,32.0,,,
1426274,CV Varun,Kolkata Knight Riders,,,24.0,36.0,1.0
1426274,RM Patidar,Royal Challengers Bengaluru,52.0,24.0,,,
1426274,Suyash Sharma,Kolkata Knight Riders,,,13.0,32.0,
1426274,SS Prabhudessai,Royal Challengers Bengaluru,24.0,19.0,,,
1426274,MK Lomror,Royal Challengers Bengaluru,4.0,3.0,,,
1426274,KD Karthik,Royal Challengers Bengaluru,25.0,18.0,,,
1426275,SM Curran,Punjab Kings,20.0,20.0,12.0,18.0,1.0
1426275,Azmatullah Omarzai,Gujarat Titans,13.0,10.0,12.0,13.0,
1426275,P Simran Singh,Punjab Kings,35.0,21.0,,,
1426275,S Sandeep Warrier,Gujarat Titans,,,7.0,20.0,
1426275,MM Sharma,Gujarat Titans,,,25.0,31.0,2.0
1426275,Rashid Khan,Gujarat Titans,3.0,3.0,24.0,15.0,1.0
1426275,RR Rossouw,Punjab Kings,9.0,7.0,,,
1426275,Noor Ahmad,Gujarat Titans,,,24.0,20.0,2.0
1426275,JM Sharma,Punjab Kings,13.0,12.0,,,
1426275,LS Livingstone,Punjab Kings,6.0,9.0,25.0,18.0,2.0
1426275,Shashank Singh,Punjab Kings,8.0,12.0,,,
1426275,R Sai Kishore,Gujarat Titans,,,25.0,32.0,4.0
1426275,Ashutosh Sharma,Punjab Kings,3.0,8.0,,,
1426275,Harpreet Singh,Punjab Kings,14.0,19.0,,,
1426275,Harpreet Brar,Punjab Kings,29.0,13.0,24.0,35.0,
1426275,M Shahrukh Khan,Gujarat Titans,8.0,4.0,6.0,7.0,
1426275,HV Patel,Punjab Kings,0.0,1.0,18.0,15.0,3.0
1426275,K Rabada,Punjab Kings,1.0,1.0,24.0,40.0,
1426275,WP Saha,Gujarat Titans,13.0,11.0,,,
1426275,Shubman Gill,Gujarat Titans,35.0,29.0,,,
1426275,Arshdeep Singh,Punjab Kings,,,13.0,17.0,1.0
1426275,B Sai Sudharsan,Gujarat Titans,31.0,34.0,,,
1426275,DA Miller,Gujarat Titans,4.0,7.0,,,
1426275,R Tewatia,Gujarat Titans,36.0,18.0,,,
1426276,RG Sharma,Mumbai Indians,6.0,5.0,,,
1426276,TA Boult,Rajasthan Royals,,,27.0,29.0,2.0
1426276,SA Yadav,Mumbai Indians,10.0,8.0,,,
1426276,Ishan Kishan,Mumbai Indians,0.0,3.0,,,
1426276,Sandeep Sharma,Rajasthan Royals,,,24.0,18.0,5.0
1426276,Tilak Varma,Mumbai Indians,65.0,50.0,4.0,8.0,
1426276,Mohammad Nabi,Mumbai Indians,23.0,17.0,18.0,30.0,
1426276,Avesh Khan,Rajasthan Royals,,,27.0,46.0,1.0
1426276,R Ashwin,Rajasthan Royals,,,25.0,30.0,
1426276,YS Chahal,Rajasthan Royals,,,25.0,46.0,1.0
1426276,N Wadhera,Mumbai Indians,49.0,25.0,,,
1426276,HH Pandya,Mumbai Indians,10.0,10.0,12.0,21.0,
1426276,TH David,Mumbai Indians,3.0,7.0,,,
1426276,G Coetzee,Mumbai Indians,0.0,1.0,15.0,22.0,
1426276,PP Chawla,Mumbai Indians,1.0,1.0,24.0,33.0,1.0
1426276,JJ Bumrah,Mumbai Indians,2.0,1.0,26.0,35.0,
1426276,YBK Jaiswal,Rajasthan Royals,104.0,64.0,,,
1426276,JC Buttler,Rajasthan Royals,35.0,25.0,,,
1426276,N Thushara,Mumbai Indians,,,18.0,28.0,
1426276,SV Samson,Rajasthan Royals,38.0,28.0,,,
1426277,AM Rahane,Chennai Super Kings,1.0,3.0,,,
1426277,MJ Henry,Lucknow Super Giants,,,24.0,28.0,1.0
1426277,RD Gaikwad,Chennai Super Kings,108.0,61.0,,,
1426277,Mohsin Khan,Lucknow Super Giants,,,24.0,50.0,1.0
1426277,DJ Mitchell,Chennai Super Kings,11.0,10.0,,,
1426277,Ravi Bishnoi,Lucknow Super Giants,,,12.0,19.0,
1426277,Yash Thakur,Lucknow Super Giants,,,25.0,46.0,1.0
1426277,RA Jadeja,Chennai Super Kings,16.0,19.0,13.0,15.0,
1426277,MP Stoinis,Lucknow Super Giants,124.0,65.0,25.0,48.0,
1426277,KH Pandya,Lucknow Super Giants,,,12.0,15.0,
1426277,S Dube,Chennai Super Kings,66.0,28.0,,,
1426277,MS Dhoni,Chennai Super Kings,4.0,1.0,,,
1426277,Q de Kock,Lucknow Super Giants,0.0,3.0,,,
1426277,DL Chahar,Chennai Super Kings,,,12.0,11.0,1.0
1426277,KL Rahul,Lucknow Super Giants,16.0,14.0,,,
1426277,TU Deshpande,Chennai Super Kings,,,19.0,33.0,
1426277,Mustafizur Rahman,Chennai Super Kings,,,22.0,50.0,1.0
1426277,D Padikkal,Lucknow Super Giants,13.0,20.0,,,
1426277,SN Thakur,Chennai Super Kings,,,19.0,41.0,
1426277,MM Ali,Chennai Super Kings,,,12.0,21.0,
1426277,M Pathirana,Chennai Super Kings,,,26.0,33.0,2.0
1426277,N Pooran,Lucknow Super Giants,34.0,15.0,,,
1426277,DJ Hooda,Lucknow Super Giants,17.0,6.0,,,
1426278,PP Shaw,Delhi Capitals,11.0,7.0,,,
1426278,Azmatullah Omarzai,Gujarat Titans,1.0,2.0,24.0,33.0,
1426278,J Fraser-McGurk,Delhi Capitals,23.0,15.0,,,
1426278,S Sandeep Warrier,Gujarat Titans,,,19.0,14.0,3.0
1426278,AR Patel,Delhi Capitals,66.0,43.0,18.0,28.0,1.0
1426278,SD Hope,Delhi Capitals,5.0,6.0,,,
1426278,RR Pant,Delhi Capitals,88.0,45.0,,,
1426278,Rashid Khan,Gujarat Titans,21.0,12.0,24.0,35.0,
1426278,Noor Ahmad,Gujarat Titans,,,19.0,35.0,1.0
1426278,MM Sharma,Gujarat Titans,,,25.0,72.0,
1426278,M Shahrukh Khan,Gujarat Titans,8.0,5.0,6.0,8.0,
1426278,T Stubbs,Delhi Capitals,26.0,7.0,,,
1426278,R Sai Kishore,Gujarat Titans,13.0,6.0,6.0,22.0,
1426278,WP Saha,Gujarat Titans,39.0,27.0,,,
1426278,KK Ahmed,Delhi Capitals,,,13.0,25.0,
1426278,Shubman Gill,Gujarat Titans,6.0,5.0,,,
1426278,A Nortje,Delhi Capitals,,,18.0,48.0,1.0
1426278,B Sai Sudharsan,Gujarat Titans,65.0,39.0,,,
1426278,Rasikh Salam,Delhi Capitals,,,25.0,43.0,3.0
1426278,Mukesh Kumar,Delhi Capitals,,,25.0,40.0,1.0
1426278,Kuldeep Yadav,Delhi Capitals,,,25.0,28.0,2.0
1426278,DA Miller,Gujarat Titans,55.0,23.0,,,
1426278,R Tewatia,Gujarat Titans,4.0,5.0,,,
1426279,V Kohli,Royal Challengers Bengaluru,51.0,43.0,,,
1426279,Abhishek Sharma,Sunrisers Hyderabad,31.0,15.0,6.0,10.0,
1426279,F du Plessis,Royal Challengers Bengaluru,25.0,12.0,,,
1426279,B Kumar,Sunrisers Hyderabad,13.0,14.0,6.0,14.0,
1426279,PJ Cummins,Sunrisers Hyderabad,31.0,16.0,25.0,54.0,1.0
1426279,T Natarajan,Sunrisers Hyderabad,,,25.0,38.0,2.0
1426279,WG Jacks,Royal Challengers Bengaluru,6.0,9.0,12.0,23.0,1.0
1426279,Shahbaz Ahmed,Sunrisers Hyderabad,40.0,39.0,18.0,14.0,
1426279,M Markande,Sunrisers Hyderabad,,,19.0,41.0,1.0
1426279,RM Patidar,Royal Challengers Bengaluru,50.0,21.0,,,
1426279,JD Unadkat,Sunrisers Hyderabad,8.0,11.0,26.0,28.0,3.0
1426279,C Green,Royal Challengers Bengaluru,37.0,22.0,13.0,11.0,2.0
1426279,MK Lomror,Royal Challengers Bengaluru,7.0,5.0,,,
1426279,KD Karthik,Royal Challengers Bengaluru,11.0,7.0,,,
1426279,Swapnil Singh,Royal Challengers Bengaluru,12.0,6.0,19.0,39.0,2.0
1426279,TM Head,Sunrisers Hyderabad,1.0,3.0,,,
1426279,Mohammed Siraj,Royal Challengers Bengaluru,,,26.0,18.0,
1426279,AK Markram,Sunrisers Hyderabad,7.0,8.0,,,
1426279,Yash Dayal,Royal Challengers Bengaluru,,,21.0,15.0,1.0
1426279,Nithish Kumar Reddy,Sunrisers Hyderabad,13.0,14.0,,,
1426279,H Klaasen,Sunrisers Hyderabad,7.0,3.0,,,
1426279,KV Sharma,Royal Challengers Bengaluru,,,26.0,27.0,2.0
1426279,Abdul Samad,Sunrisers Hyderabad,10.0,6.0,,,
1426279,LH Ferguson,Royal Challengers Bengaluru,,,12.0,28.0,
1426280,PD Salt,Kolkata Knight Riders,75.0,39.0,,,
1426280,SM Curran,Punjab Kings,,,24.0,60.0,1.0
1426280,SP Narine,Kolkata Knight Riders,71.0,36.0,24.0,24.0,1.0
1426280,Arshdeep Singh,Punjab Kings,,,29.0,40.0,2.0
1426280,HV Patel,Punjab Kings,,,20.0,46.0,1.0
1426280,K Rabada,Punjab Kings,,,22.0,48.0,
1426280,RD Chahar,Punjab Kings,,,24.0,33.0,1.0
1426280,VR Iyer,Kolkata Knight Riders,39.0,24.0,,,
1426280,Harpreet Brar,Punjab Kings,,,12.0,21.0,
1426280,AD Russell,Kolkata Knight Riders,24.0,15.0,14.0,34.0,
1426280,SS Iyer,Kolkata Knight Riders,28.0,10.0,,,
1426280,RK Singh,Kolkata Knight Riders,5.0,4.0,,,
1426280,Ramandeep Singh,Kolkata Knight Riders,6.0,3.0,4.0,9.0,
1426280,P Simran Singh,Punjab Kings,54.0,21.0,,,
1426280,PVD Chameera,Kolkata Knight Riders,,,19.0,47.0,
1426280,JM Bairstow,Punjab Kings,108.0,48.0,,,
1426280,Harshit Rana,Kolkata Knight Riders,,,25.0,60.0,
1426280,AS Roy,Kolkata Knight Riders,,,12.0,36.0,
1426280,RR Rossouw,Punjab Kings,26.0,18.0,,,
1426280,CV Varun,Kolkata Knight Riders,,,18.0,46.0,
1426280,Shashank Singh,Punjab Kings,68.0,29.0,,,
1426281,J Fraser-McGurk,Delhi Capitals,84.0,28.0,,,
1426281,L Wood,Mumbai Indians,9.0,3.0,24.0,68.0,1.0
1426281,JJ Bumrah,Mumbai Indians,,,27.0,32.0,1.0
1426281,Abishek Porel,Delhi Capitals,36.0,28.0,,,
1426281,N Thushara,Mumbai Indians,,,26.0,54.0,
1426281,PP Chawla,Mumbai Indians,10.0,4.0,26.0,34.0,1.0
1426281,HH Pandya,Mumbai Indians,46.0,25.0,12.0,41.0,
1426281,SD Hope,Delhi Capitals,41.0,17.0,,,
1426281,Mohammad Nabi,Mumbai Indians,7.0,4.0,12.0,20.0,1.0
1426281,RR Pant,Delhi Capitals,29.0,20.0,,,
1426281,T Stubbs,Delhi Capitals,48.0,28.0,,,
1426281,AR Patel,Delhi Capitals,11.0,6.0,12.0,24.0,
1426281,Ishan Kishan,Mumbai Indians,20.0,14.0,,,
1426281,LB Williams,Delhi Capitals,,,22.0,25.0,
1426281,RG Sharma,Mumbai Indians,8.0,10.0,,,
1426281,KK Ahmed,Delhi Capitals,,,24.0,45.0,2.0
1426281,SA Yadav,Mumbai Indians,26.0,13.0,,,
1426281,Mukesh Kumar,Delhi Capitals,,,24.0,59.0,3.0
1426281,Tilak Varma,Mumbai Indians,63.0,34.0,,,
1426281,Kuldeep Yadav,Delhi Capitals,,,19.0,46.0,
1426281,Rasikh Salam,Delhi Capitals,,,27.0,31.0,3.0
1426281,N Wadhera,Mumbai Indians,4.0,2.0,,,
1426281,TH David,Mumbai Indians,37.0,19.0,,,
1426282,Q de Kock,Lucknow Super Giants,8.0,3.0,,,
1426282,TA Boult,Rajasthan Royals,,,26.0,35.0,1.0
1426282,MP Stoinis,Lucknow Super Giants,0.0,4.0,6.0,3.0,1.0
1426282,KL Rahul,Lucknow Super Giants,76.0,52.0,,,
1426282,Sandeep Sharma,Rajasthan Royals,,,25.0,30.0,2.0
1426282,DJ Hooda,Lucknow Super Giants,50.0,32.0,,,
1426282,Avesh Khan,Rajasthan Royals,,,26.0,40.0,1.0
1426282,R Ashwin,Rajasthan Royals,,,26.0,33.0,1.0
1426282,YS Chahal,Rajasthan Royals,,,25.0,40.0,
1426282,N Pooran,Lucknow Super Giants,11.0,11.0,,,
1426282,A Badoni,Lucknow Super Giants,18.0,15.0,,,
1426282,KH Pandya,Lucknow Super Giants,15.0,11.0,24.0,24.0,
1426282,YBK Jaiswal,Rajasthan Royals,24.0,18.0,,,
1426282,MJ Henry,Lucknow Super Giants,,,18.0,32.0,
1426282,JC Buttler,Rajasthan Royals,34.0,18.0,,,
1426282,Mohsin Khan,Lucknow Super Giants,,,24.0,52.0,
1426282,Yash Thakur,Lucknow Super Giants,,,26.0,48.0,1.0
1426282,SV Samson,Rajasthan Royals,71.0,35.0,,,
1426282,R Parag,Rajasthan Royals,14.0,11.0,,,
1426282,A Mishra,Lucknow Super Giants,,,12.0,20.0,1.0
1426282,Dhruv Jurel,Rajasthan Royals,52.0,34.0,,,
1426282,Ravi Bishnoi,Lucknow Super Giants,,,6.0,16.0,
1426283,WP Saha,Gujarat Titans,5.0,4.0,,,
1426283,Swapnil Singh,Royal Challengers Bengaluru,,,18.0,23.0,1.0
1426283,Shubman Gill,Gujarat Titans,16.0,19.0,,,
1426283,Mohammed Siraj,Royal Challengers Bengaluru,,,28.0,30.0,1.0
1426283,B Sai Sudharsan,Gujarat Titans,84.0,54.0,,,
1426283,Yash Dayal,Royal Challengers Bengaluru,,,28.0,30.0,
1426283,GJ Maxwell,Royal Challengers Bengaluru,,,18.0,28.0,1.0
1426283,M Shahrukh Khan,Gujarat Titans,58.0,31.0,,,
1426283,KV Sharma,Royal Challengers Bengaluru,,,19.0,37.0,
1426283,C Green,Royal Challengers Bengaluru,,,19.0,41.0,
1426283,DA Miller,Gujarat Titans,26.0,22.0,,,
1426283,V Kohli,Royal Challengers Bengaluru,70.0,45.0,,,
1426283,Azmatullah Omarzai,Gujarat Titans,,,12.0,18.0,
1426283,F du Plessis,Royal Challengers Bengaluru,24.0,13.0,,,
1426283,S Sandeep Warrier,Gujarat Titans,,,8.0,13.0,
1426283,R Sai Kishore,Gujarat Titans,,,18.0,30.0,1.0
1426283,WG Jacks,Royal Challengers Bengaluru,100.0,42.0,,,
1426283,Rashid Khan,Gujarat Titans,,,24.0,51.0,
1426283,Noor Ahmad,Gujarat Titans,,,25.0,42.0,
1426283,MM Sharma,Gujarat Titans,,,13.0,40.0,
1426284,AM Rahane,Chennai Super Kings,9.0,12.0,,,
1426284,B Kumar,Sunrisers Hyderabad,4.0,3.0,24.0,38.0,1.0
1426284,RD Gaikwad,Chennai Super Kings,98.0,57.0,,,
1426284,Nithish Kumar Reddy,Sunrisers Hyderabad,15.0,15.0,7.0,7.0,
1426284,DJ Mitchell,Chennai Super Kings,52.0,32.0,,,
1426284,Shahbaz Ahmed,Sunrisers Hyderabad,7.0,5.0,18.0,33.0,
1426284,T Natarajan,Sunrisers Hyderabad,,,27.0,40.0,1.0
1426284,JD Unadkat,Sunrisers Hyderabad,1.0,2.0,25.0,37.0,1.0
1426284,PJ Cummins,Sunrisers Hyderabad,5.0,7.0,25.0,48.0,
1426284,S Dube,Chennai Super Kings,39.0,23.0,,,
1426284,MS Dhoni,Chennai Super Kings,5.0,2.0,,,
1426284,TM Head,Sunrisers Hyderabad,13.0,7.0,,,
1426284,DL Chahar,Chennai Super Kings,,,18.0,22.0,
1426284,Abhishek Sharma,Sunrisers Hyderabad,15.0,9.0,,,
1426284,TU Deshpande,Chennai Super Kings,,,18.0,27.0,4.0
1426284,Anmolpreet Singh,Sunrisers Hyderabad,0.0,1.0,,,
1426284,AK Markram,Sunrisers Hyderabad,32.0,27.0,,,
1426284,Mustafizur Rahman,Chennai Super Kings,,,17.0,19.0,2.0
1426284,RA Jadeja,Chennai Super Kings,,,24.0,22.0,1.0
1426284,SN Thakur,Chennai Super Kings,,,25.0,26.0,1.0
1426284,H Klaasen,Sunrisers Hyderabad,20.0,22.0,,,
1426284,M Pathirana,Chennai Super Kings,,,14.0,15.0,2.0
1426284,Abdul Samad,Sunrisers Hyderabad,19.0,18.0,,,
1426285,PP Shaw,Delhi Capitals,13.0,8.0,,,
1426285,MA Starc,Kolkata Knight Riders,,,20.0,37.0,1.0
1426285,J Fraser-McGurk,Delhi Capitals,12.0,7.0,,,
1426285,VG Arora,Kolkata Knight Riders,,,27.0,26.0,2.0
1426285,Abishek Porel,Delhi Capitals,18.0,16.0,,,
1426285,SD Hope,Delhi Capitals,6.0,3.0,,,
1426285,RR Pant,Delhi Capitals,27.0,21.0,,,
1426285,Harshit Rana,Kolkata Knight Riders,,,25.0,27.0,2.0
1426285,SP Narine,Kolkata Knight Riders,15.0,10.0,24.0,24.0,1.0
1426285,AR Patel,Delhi Capitals,15.0,21.0,24.0,25.0,2.0
1426285,CV Varun,Kolkata Knight Riders,,,24.0,16.0,3.0
1426285,T Stubbs,Delhi Capitals,4.0,7.0,,,
1426285,Kumar Kushagra,Delhi Capitals,1.0,3.0,,,
1426285,Kuldeep Yadav,Delhi Capitals,35.0,28.0,24.0,34.0,
1426285,Rasikh Salam,Delhi Capitals,8.0,10.0,15.0,30.0,
1426285,LB Williams,Delhi Capitals,1.0,2.0,20.0,36.0,1.0
1426285,AD Russell,Kolkata Knight Riders,,,6.0,10.0,
1426285,PD Salt,Kolkata Knight Riders,68.0,34.0,,,
1426285,KK Ahmed,Delhi Capitals,,,18.0,28.0,
1426285,RK Singh,Kolkata Knight Riders,11.0,11.0,,,
1426285,SS Iyer,Kolkata Knight Riders,33.0,23.0,,,
1426285,VR Iyer,Kolkata Knight Riders,26.0,23.0,,,
1426286,Ishan Kishan,Mumbai Indians,32.0,38.0,,,
1426286,MP Stoinis,Lucknow Super Giants,62.0,46.0,19.0,18.0,1.0
1426286,RG Sharma,Mumbai Indians,4.0,5.0,,,
1426286,Mohsin Khan,Lucknow Super Giants,,,24.0,36.0,2.0
1426286,SA Yadav,Mumbai Indians,10.0,6.0,,,
1426286,Tilak Varma,Mumbai Indians,7.0,11.0,,,
1426286,Naveen-ul-Haq,Lucknow Super Giants,,,24.0,14.0,1.0
1426286,HH Pandya,Mumbai Indians,0.0,1.0,25.0,25.0,2.0
1426286,N Wadhera,Mumbai Indians,46.0,43.0,,,
1426286,MP Yadav,Lucknow Super Giants,,,22.0,28.0,1.0
1426286,Ravi Bishnoi,Lucknow Super Giants,,,25.0,27.0,1.0
1426286,DJ Hooda,Lucknow Super Giants,18.0,19.0,12.0,13.0,
1426286,TH David,Mumbai Indians,35.0,18.0,,,
1426286,Mohammad Nabi,Mumbai Indians,1.0,2.0,8.0,16.0,1.0
1426286,G Coetzee,Mumbai Indians,1.0,2.0,21.0,26.0,1.0
1426286,KL Rahul,Lucknow Super Giants,28.0,24.0,,,
1426286,N Thushara,Mumbai Indians,,,26.0,27.0,1.0
1426286,AA Kulkarni,Lucknow Super Giants,0.0,1.0,,,
1426286,JJ Bumrah,Mumbai Indians,,,24.0,17.0,
1426286,PP Chawla,Mumbai Indians,,,18.0,23.0,
1426286,N Pooran,Lucknow Super Giants,14.0,16.0,,,
1426286,AJ Turner,Lucknow Super Giants,5.0,9.0,,,
1426286,A Badoni,Lucknow Super Giants,6.0,6.0,,,
1426286,KH Pandya,Lucknow Super Giants,1.0,1.0,,,
1426287,AM Rahane,Chennai Super Kings,29.0,24.0,,,
1426287,K Rabada,Punjab Kings,,,25.0,22.0,1.0
1426287,RD Gaikwad,Chennai Super Kings,62.0,50.0,,,
1426287,Arshdeep Singh,Punjab Kings,,,29.0,47.0,1.0
1426287,SM Curran,Punjab Kings,26.0,24.0,19.0,36.0,
1426287,Harpreet Brar,Punjab Kings,,,25.0,16.0,2.0
1426287,RD Chahar,Punjab Kings,,,24.0,16.0,2.0
1426287,S Dube,Chennai Super Kings,0.0,2.0,6.0,14.0,1.0
1426287,RA Jadeja,Chennai Super Kings,2.0,4.0,18.0,22.0,
1426287,Sameer Rizvi,Chennai Super Kings,21.0,23.0,,,
1426287,HV Patel,Punjab Kings,,,7.0,7.0,
1426287,MM Ali,Chennai Super Kings,15.0,12.0,12.0,22.0,
1426287,MS Dhoni,Chennai Super Kings,14.0,13.0,,,
1426287,DJ Mitchell,Chennai Super Kings,1.0,1.0,,,
1426287,P Simran Singh,Punjab Kings,13.0,10.0,,,
1426287,DL Chahar,Chennai Super Kings,,,2.0,4.0,
1426287,SN Thakur,Chennai Super Kings,,,24.0,46.0,1.0
1426287,JM Bairstow,Punjab Kings,46.0,30.0,,,
1426287,RJ Gleeson,Chennai Super Kings,,,25.0,28.0,1.0
1426287,Mustafizur Rahman,Chennai Super Kings,,,29.0,17.0,
1426287,RR Rossouw,Punjab Kings,43.0,25.0,,,
1426287,Shashank Singh,Punjab Kings,25.0,27.0,,,
1426288,TM Head,Sunrisers Hyderabad,58.0,48.0,,,
1426288,TA Boult,Rajasthan Royals,,,25.0,32.0,
1426288,Abhishek Sharma,Sunrisers Hyderabad,12.0,10.0,,,
1426288,R Ashwin,Rajasthan Royals,2.0,2.0,25.0,35.0,
1426288,Avesh Khan,Rajasthan Royals,,,27.0,36.0,2.0
1426288,Anmolpreet Singh,Sunrisers Hyderabad,5.0,6.0,,,
1426288,Sandeep Sharma,Rajasthan Royals,,,26.0,29.0,1.0
1426288,Nithish Kumar Reddy,Sunrisers Hyderabad,76.0,45.0,8.0,10.0,
1426288,YS Chahal,Rajasthan Royals,,,25.0,61.0,
1426288,H Klaasen,Sunrisers Hyderabad,42.0,19.0,,,
1426288,YBK Jaiswal,Rajasthan Royals,67.0,40.0,,,
1426288,B Kumar,Sunrisers Hyderabad,,,24.0,41.0,3.0
1426288,JC Buttler,Rajasthan Royals,0.0,1.0,,,
1426288,SV Samson,Rajasthan Royals,0.0,3.0,,,
1426288,R Parag,Rajasthan Royals,77.0,56.0,,,
1426288,M Jansen,Sunrisers Hyderabad,,,29.0,38.0,
1426288,PJ Cummins,Sunrisers Hyderabad,,,24.0,34.0,2.0
1426288,T Natarajan,Sunrisers Hyderabad,,,27.0,32.0,2.0
1426288,JD Unadkat,Sunrisers Hyderabad,,,14.0,21.0,
1426288,Shahbaz Ahmed,Sunrisers Hyderabad,,,6.0,11.0,
1426288,SO Hetmyer,Rajasthan Royals,13.0,9.0,,,
1426288,R Powell,Rajasthan Royals,27.0,18.0,,,
1426288,Dhruv Jurel,Rajasthan Royals,1.0,3.0,,,
1426289,PD Salt,Kolkata Knight Riders,5.0,4.0,,,
1426289,N Thushara,Mumbai Indians,,,28.0,38.0,3.0
1426289,SP Narine,Kolkata Knight Riders,8.0,8.0,25.0,21.0,2.0
1426289,A Raghuvanshi,Kolkata Knight Riders,13.0,7.0,,,
1426289,JJ Bumrah,Mumbai Indians,1.0,1.0,23.0,18.0,3.0
1426289,SS Iyer,Kolkata Knight Riders,6.0,4.0,,,
1426289,G Coetzee,Mumbai Indians,8.0,7.0,12.0,24.0,
1426289,VR Iyer,Kolkata Knight Riders,70.0,53.0,,,
1426289,HH Pandya,Mumbai Indians,1.0,3.0,25.0,43.0,2.0
1426289,RK Singh,Kolkata Knight Riders,9.0,8.0,,,
1426289,Naman Dhir,Mumbai Indians,11.0,11.0,19.0,24.0,
1426289,PP Chawla,Mumbai Indians,0.0,1.0,18.0,15.0,1.0
1426289,MK Pandey,Kolkata Knight Riders,42.0,33.0,,,
1426289,AD Russell,Kolkata Knight Riders,7.0,2.0,25.0,29.0,2.0
1426289,Ramandeep Singh,Kolkata Knight Riders,2.0,4.0,,,
1426289,MA Starc,Kolkata Knight Riders,0.0,2.0,24.0,30.0,4.0
1426289,Ishan Kishan,Mumbai Indians,13.0,7.0,,,
1426289,VG Arora,Kolkata Knight Riders,,,20.0,33.0,
1426289,RG Sharma,Mumbai Indians,11.0,14.0,,,
1426289,CV Varun,Kolkata Knight Riders,,,24.0,22.0,2.0
1426289,SA Yadav,Mumbai Indians,56.0,35.0,,,
1426289,Tilak Varma,Mumbai Indians,4.0,6.0,,,
1426289,N Wadhera,Mumbai Indians,6.0,12.0,,,
1426289,TH David,Mumbai Indians,24.0,21.0,,,
1426290,WP Saha,Gujarat Titans,1.0,7.0,,,
1426290,Swapnil Singh,Royal Challengers Bengaluru,15.0,9.0,6.0,1.0,
1426290,Shubman Gill,Gujarat Titans,2.0,8.0,,,
1426290,Mohammed Siraj,Royal Challengers Bengaluru,,,27.0,26.0,2.0
1426290,B Sai Sudharsan,Gujarat Titans,6.0,15.0,,,
1426290,Yash Dayal,Royal Challengers Bengaluru,,,24.0,21.0,2.0
1426290,M Shahrukh Khan,Gujarat Titans,37.0,24.0,,,
1426290,C Green,Royal Challengers Bengaluru,1.0,2.0,24.0,28.0,1.0
1426290,DA Miller,Gujarat Titans,30.0,21.0,,,
1426290,Vijaykumar Vyshak,Royal Challengers Bengaluru,,,22.0,22.0,2.0
1426290,KV Sharma,Royal Challengers Bengaluru,,,18.0,42.0,1.0
1426290,R Tewatia,Gujarat Titans,35.0,21.0,,,
1426290,Rashid Khan,Gujarat Titans,18.0,14.0,10.0,25.0,
1426290,V Shankar,Gujarat Titans,10.0,8.0,,,
1426290,MJ Suthar,Gujarat Titans,1.0,2.0,12.0,26.0,
1426290,MM Sharma,Gujarat Titans,0.0,1.0,12.0,32.0,
1426290,V Kohli,Royal Challengers Bengaluru,42.0,27.0,,,
1426290,F du Plessis,Royal Challengers Bengaluru,64.0,23.0,,,
1426290,J Little,Gujarat Titans,,,25.0,44.0,4.0
1426290,WG Jacks,Royal Challengers Bengaluru,1.0,3.0,,,
1426290,Noor Ahmad,Gujarat Titans,,,24.0,23.0,2.0
1426290,RM Patidar,Royal Challengers Bengaluru,2.0,4.0,,,
1426290,GJ Maxwell,Royal Challengers Bengaluru,4.0,3.0,,,
1426290,KD Karthik,Royal Challengers Bengaluru,21.0,12.0,,,
1426291,AM Rahane,Chennai Super Kings,9.0,8.0,,,
1426291,K Rabada,Punjab Kings,11.0,12.0,19.0,23.0,
1426291,RD Gaikwad,Chennai Super Kings,32.0,21.0,,,
1426291,Arshdeep Singh,Punjab Kings,,,25.0,41.0,2.0
1426291,DJ Mitchell,Chennai Super Kings,30.0,19.0,,,
1426291,SM Curran,Punjab Kings,7.0,11.0,24.0,34.0,1.0
1426291,Harpreet Brar,Punjab Kings,17.0,13.0,6.0,19.0,
1426291,RD Chahar,Punjab Kings,16.0,10.0,25.0,22.0,3.0
1426291,S Dube,Chennai Super Kings,0.0,1.0,,,
1426291,MM Ali,Chennai Super Kings,17.0,20.0,,,
1426291,HV Patel,Punjab Kings,12.0,13.0,26.0,22.0,3.0
1426291,RA Jadeja,Chennai Super Kings,43.0,28.0,24.0,20.0,3.0
1426291,MJ Santner,Chennai Super Kings,11.0,11.0,18.0,10.0,1.0
1426291,SN Thakur,Chennai Super Kings,17.0,12.0,13.0,11.0,1.0
1426291,MS Dhoni,Chennai Super Kings,0.0,1.0,,,
1426291,TU Deshpande,Chennai Super Kings,0.0,2.0,25.0,34.0,2.0
1426291,RJ Gleeson,Chennai Super Kings,2.0,2.0,26.0,39.0,
1426291,P Simran Singh,Punjab Kings,30.0,23.0,,,
1426291,JM Bairstow,Punjab Kings,7.0,7.0,,,
1426291,RR Rossouw,Punjab Kings,0.0,3.0,,,
1426291,Shashank Singh,Punjab Kings,27.0,21.0,,,
1426291,Simarjeet Singh,Chennai Super Kings,,,18.0,16.0,2.0
1426291,JM Sharma,Punjab Kings,0.0,1.0,,,
1426291,Ashutosh Sharma,Punjab Kings,3.0,10.0,,,
1426292,PD Salt,Kolkata Knight Riders,32.0,14.0,,,
1426292,MP Stoinis,Lucknow Super Giants,36.0,22.0,12.0,29.0,
1426292,SP Narine,Kolkata Knight Riders,81.0,40.0,25.0,21.0,1.0
1426292,Mohsin Khan,Lucknow Super Giants,,,13.0,27.0,
1426292,Naveen-ul-Haq,Lucknow Super Giants,,,25.0,48.0,3.0
1426292,A Raghuvanshi,Kolkata Knight Riders,32.0,28.0,,,
1426292,Yash Thakur,Lucknow Super Giants,,,27.0,43.0,1.0
1426292,KH Pandya,Lucknow Super Giants,5.0,6.0,14.0,20.0,
1426292,Ravi Bishnoi,Lucknow Super Giants,2.0,3.0,26.0,31.0,1.0
1426292,AD Russell,Kolkata Knight Riders,12.0,11.0,15.0,14.0,2.0
1426292,RK Singh,Kolkata Knight Riders,16.0,11.0,,,
1426292,Yudhvir Singh,Lucknow Super Giants,7.0,7.0,12.0,24.0,1.0
1426292,SS Iyer,Kolkata Knight Riders,23.0,18.0,,,
1426292,Ramandeep Singh,Kolkata Knight Riders,25.0,6.0,,,
1426292,VR Iyer,Kolkata Knight Riders,1.0,1.0,,,
1426292,KL Rahul,Lucknow Super Giants,25.0,23.0,,,
1426292,VG Arora,Kolkata Knight Riders,,,13.0,20.0,
1426292,AA Kulkarni,Lucknow Super Giants,9.0,7.0,,,
1426292,MA Starc,Kolkata Knight Riders,,,12.0,22.0,1.0
1426292,Harshit Rana,Kolkata Knight Riders,,,20.0,23.0,3.0
1426292,DJ Hooda,Lucknow Super Giants,5.0,3.0,,,
1426292,CV Varun,Kolkata Knight Riders,,,18.0,30.0,3.0
1426292,N Pooran,Lucknow Super Giants,10.0,8.0,,,
1426292,A Badoni,Lucknow Super Giants,15.0,13.0,,,
1426292,AJ Turner,Lucknow Super Giants,16.0,11.0,,,
1426293,TM Head,Sunrisers Hyderabad,48.0,31.0,,,
1426293,N Thushara,Mumbai Indians,,,28.0,37.0,
1426293,Abhishek Sharma,Sunrisers Hyderabad,11.0,17.0,,,
1426293,A Kamboj,Mumbai Indians,,,27.0,39.0,1.0
1426293,JJ Bumrah,Mumbai Indians,,,25.0,22.0,1.0
1426293,MA Agarwal,Sunrisers Hyderabad,5.0,6.0,,,
1426293,HH Pandya,Mumbai Indians,,,25.0,30.0,3.0
1426293,Nithish Kumar Reddy,Sunrisers Hyderabad,20.0,15.0,12.0,16.0,
1426293,PP Chawla,Mumbai Indians,,,26.0,31.0,3.0
1426293,H Klaasen,Sunrisers Hyderabad,2.0,4.0,,,
1426293,M Jansen,Sunrisers Hyderabad,17.0,14.0,20.0,39.0,1.0
1426293,Shahbaz Ahmed,Sunrisers Hyderabad,10.0,12.0,6.0,11.0,
1426293,Abdul Samad,Sunrisers Hyderabad,3.0,5.0,,,
1426293,PJ Cummins,Sunrisers Hyderabad,35.0,19.0,25.0,34.0,1.0
1426293,Sanvir Singh,Sunrisers Hyderabad,8.0,8.0,,,
1426293,Ishan Kishan,Mumbai Indians,9.0,8.0,,,
1426293,B Kumar,Sunrisers Hyderabad,,,25.0,21.0,1.0
1426293,RG Sharma,Mumbai Indians,4.0,5.0,,,
1426293,Naman Dhir,Mumbai Indians,0.0,9.0,,,
1426293,SA Yadav,Mumbai Indians,102.0,53.0,,,
1426293,Tilak Varma,Mumbai Indians,37.0,33.0,,,
1426293,T Natarajan,Sunrisers Hyderabad,,,20.0,31.0,
1426294,J Fraser-McGurk,Delhi Capitals,50.0,20.0,,,
1426294,TA Boult,Rajasthan Royals,2.0,3.0,24.0,48.0,1.0
1426294,Abishek Porel,Delhi Capitals,65.0,36.0,,,
1426294,Sandeep Sharma,Rajasthan Royals,,,24.0,42.0,1.0
1426294,Avesh Khan,Rajasthan Royals,7.0,3.0,12.0,42.0,
1426294,R Ashwin,Rajasthan Royals,2.0,3.0,24.0,24.0,3.0
1426294,SD Hope,Delhi Capitals,1.0,1.0,,,
1426294,AR Patel,Delhi Capitals,15.0,11.0,18.0,25.0,1.0
1426294,R Parag,Rajasthan Royals,27.0,23.0,13.0,16.0,
1426294,YS Chahal,Rajasthan Royals,,,24.0,48.0,1.0
1426294,RR Pant,Delhi Capitals,15.0,13.0,,,
1426294,T Stubbs,Delhi Capitals,41.0,20.0,,,
1426294,Gulbadin Naib,Delhi Capitals,19.0,15.0,,,
1426294,Rasikh Salam,Delhi Capitals,9.0,3.0,19.0,35.0,1.0
1426294,Kuldeep Yadav,Delhi Capitals,5.0,2.0,25.0,24.0,2.0
1426294,YBK Jaiswal,Rajasthan Royals,4.0,2.0,,,
1426294,KK Ahmed,Delhi Capitals,,,31.0,40.0,2.0
1426294,SV Samson,Rajasthan Royals,86.0,52.0,,,
1426294,JC Buttler,Rajasthan Royals,19.0,18.0,,,
1426294,I Sharma,Delhi Capitals,,,19.0,33.0,
1426294,Mukesh Kumar,Delhi Capitals,,,19.0,29.0,2.0
1426294,SB Dubey,Rajasthan Royals,25.0,14.0,,,
1426294,R Powell,Rajasthan Royals,13.0,10.0,,,
1426294,D Ferreira,Rajasthan Royals,1.0,3.0,,,
1426295,KL Rahul,Lucknow Super Giants,29.0,33.0,,,
1426295,B Kumar,Sunrisers Hyderabad,,,24.0,12.0,2.0
1426295,Q de Kock,Lucknow Super Giants,2.0,5.0,,,
1426295,PJ Cummins,Sunrisers Hyderabad,,,24.0,47.0,1.0
1426295,MP Stoinis,Lucknow Super Giants,3.0,5.0,,,
1426295,Shahbaz Ahmed,Sunrisers Hyderabad,,,12.0,9.0,
1426295,KH Pandya,Lucknow Super Giants,24.0,21.0,,,
1426295,V Viyaskanth,Sunrisers Hyderabad,,,24.0,27.0,
1426295,JD Unadkat,Sunrisers Hyderabad,,,12.0,19.0,
1426295,N Pooran,Lucknow Super Giants,48.0,27.0,,,
1426295,T Natarajan,Sunrisers Hyderabad,,,27.0,47.0,
1426295,A Badoni,Lucknow Super Giants,55.0,32.0,6.0,19.0,
1426295,Abhishek Sharma,Sunrisers Hyderabad,75.0,30.0,,,
1426295,K Gowtham,Lucknow Super Giants,,,13.0,28.0,
1426295,TM Head,Sunrisers Hyderabad,89.0,30.0,,,
1426295,Yash Thakur,Lucknow Super Giants,,,17.0,46.0,
1426295,Ravi Bishnoi,Lucknow Super Giants,,,12.0,34.0,
1426295,Naveen-ul-Haq,Lucknow Super Giants,,,12.0,37.0,
1426296,V Kohli,Royal Challengers Bengaluru,92.0,52.0,,,
1426296,V Kaverappa,Punjab Kings,,,24.0,36.0,2.0
1426296,F du Plessis,Royal Challengers Bengaluru,9.0,7.0,,,
1426296,Arshdeep Singh,Punjab Kings,4.0,4.0,20.0,39.0,1.0
1426296,WG Jacks,Royal Challengers Bengaluru,12.0,7.0,6.0,5.0,
1426296,SM Curran,Punjab Kings,22.0,17.0,20.0,48.0,1.0
1426296,RM Patidar,Royal Challengers Bengaluru,55.0,24.0,,,
1426296,HV Patel,Punjab Kings,0.0,1.0,25.0,37.0,3.0
1426296,RD Chahar,Punjab Kings,5.0,5.0,19.0,46.0,
1426296,LS Livingstone,Punjab Kings,0.0,2.0,19.0,27.0,
1426296,C Green,Royal Challengers Bengaluru,46.0,27.0,6.0,16.0,
1426296,KD Karthik,Royal Challengers Bengaluru,18.0,7.0,,,
1426296,MK Lomror,Royal Challengers Bengaluru,0.0,2.0,,,
1426296,Swapnil Singh,Royal Challengers Bengaluru,1.0,1.0,18.0,28.0,2.0
1426296,P Simran Singh,Punjab Kings,6.0,4.0,,,
1426296,RR Rossouw,Punjab Kings,61.0,27.0,,,
1426296,JM Bairstow,Punjab Kings,27.0,17.0,,,
1426296,Mohammed Siraj,Royal Challengers Bengaluru,,,26.0,40.0,3.0
1426296,Yash Dayal,Royal Challengers Bengaluru,,,13.0,21.0,
1426296,LH Ferguson,Royal Challengers Bengaluru,,,18.0,29.0,2.0
1426296,Shashank Singh,Punjab Kings,37.0,19.0,,,
1426296,KV Sharma,Royal Challengers Bengaluru,,,18.0,36.0,2.0
1426296,JM Sharma,Punjab Kings,5.0,4.0,,,
1426296,Ashutosh Sharma,Punjab Kings,8.0,5.0,,,
1426297,B Sai Sudharsan,Gujarat Titans,103.0,51.0,,,
1426297,MJ Santner,Chennai Super Kings,0.0,2.0,12.0,31.0,
1426297,Shubman Gill,Gujarat Titans,104.0,58.0,,,
1426297,TU Deshpande,Chennai Super Kings,,,26.0,31.0,2.0
1426297,SN Thakur,Chennai Super Kings,3.0,4.0,24.0,25.0,
1426297,Simarjeet Singh,Chennai Super Kings,,,26.0,58.0,
1426297,RA Jadeja,Chennai Super Kings,18.0,10.0,12.0,29.0,
1426297,DJ Mitchell,Chennai Super Kings,63.0,34.0,25.0,51.0,
1426297,DA Miller,Gujarat Titans,16.0,13.0,,,
1426297,M Shahrukh Khan,Gujarat Titans,2.0,3.0,,,
1426297,AM Rahane,Chennai Super Kings,1.0,5.0,,,
1426297,UT Yadav,Gujarat Titans,,,18.0,20.0,1.0
1426297,R Ravindra,Chennai Super Kings,1.0,2.0,,,
1426297,S Sandeep Warrier,Gujarat Titans,,,18.0,28.0,1.0
1426297,RD Gaikwad,Chennai Super Kings,0.0,3.0,,,
1426297,MM Ali,Chennai Super Kings,56.0,39.0,,,
1426297,Kartik Tyagi,Gujarat Titans,,,26.0,49.0,
1426297,Noor Ahmad,Gujarat Titans,,,12.0,25.0,
1426297,Rashid Khan,Gujarat Titans,,,24.0,38.0,2.0
1426297,MM Sharma,Gujarat Titans,,,26.0,29.0,3.0
1426297,S Dube,Chennai Super Kings,21.0,14.0,,,
1426297,MS Dhoni,Chennai Super Kings,26.0,11.0,,,
1426298,PD Salt,Kolkata Knight Riders,6.0,5.0,,,
1426298,N Thushara,Mumbai Indians,,,20.0,29.0,1.0
1426298,VR Iyer,Kolkata Knight Riders,42.0,21.0,,,
1426298,SP Narine,Kolkata Knight Riders,0.0,1.0,18.0,21.0,1.0
1426298,JJ Bumrah,Mumbai Indians,,,24.0,39.0,2.0
1426298,SS Iyer,Kolkata Knight Riders,7.0,11.0,,,
1426298,A Kamboj,Mumbai Indians,2.0,2.0,19.0,23.0,1.0
1426298,N Rana,Kolkata Knight Riders,33.0,24.0,,,
1426298,HH Pandya,Mumbai Indians,2.0,4.0,18.0,32.0,
1426298,PP Chawla,Mumbai Indians,1.0,2.0,18.0,28.0,2.0
1426298,AD Russell,Kolkata Knight Riders,24.0,14.0,20.0,32.0,2.0
1426298,RK Singh,Kolkata Knight Riders,20.0,12.0,,,
1426298,Ramandeep Singh,Kolkata Knight Riders,17.0,9.0,,,
1426298,MA Starc,Kolkata Knight Riders,2.0,2.0,6.0,11.0,
1426298,Ishan Kishan,Mumbai Indians,40.0,23.0,,,
1426298,VG Arora,Kolkata Knight Riders,,,14.0,14.0,
1426298,RG Sharma,Mumbai Indians,19.0,25.0,,,
1426298,Harshit Rana,Kolkata Knight Riders,,,19.0,33.0,2.0
1426298,CV Varun,Kolkata Knight Riders,,,25.0,16.0,2.0
1426298,SA Yadav,Mumbai Indians,11.0,14.0,,,
1426298,Tilak Varma,Mumbai Indians,32.0,19.0,,,
1426298,TH David,Mumbai Indians,0.0,3.0,,,
1426298,N Wadhera,Mumbai Indians,3.0,4.0,,,
1426298,Naman Dhir,Mumbai Indians,17.0,6.0,,,
1426299,YBK Jaiswal,Rajasthan Royals,24.0,22.0,,,
1426299,TU Deshpande,Chennai Super Kings,,,24.0,30.0,2.0
1426299,JC Buttler,Rajasthan Royals,21.0,25.0,,,
1426299,M Theekshana,Chennai Super Kings,,,24.0,28.0,
1426299,SN Thakur,Chennai Super Kings,,,24.0,32.0,
1426299,Simarjeet Singh,Chennai Super Kings,,,28.0,22.0,3.0
1426299,SV Samson,Rajasthan Royals,15.0,20.0,,,
1426299,RA Jadeja,Chennai Super Kings,5.0,6.0,24.0,24.0,
1426299,R Parag,Rajasthan Royals,47.0,37.0,,,
1426299,Dhruv Jurel,Rajasthan Royals,28.0,18.0,,,
1426299,SB Dubey,Rajasthan Royals,0.0,1.0,,,
1426299,R Ashwin,Rajasthan Royals,1.0,1.0,25.0,34.0,2.0
1426299,R Ravindra,Chennai Super Kings,27.0,18.0,,,
1426299,TA Boult,Rajasthan Royals,,,15.0,23.0,
1426299,RD Gaikwad,Chennai Super Kings,42.0,43.0,,,
1426299,Sandeep Sharma,Rajasthan Royals,,,19.0,29.0,
1426299,DJ Mitchell,Chennai Super Kings,22.0,14.0,,,
1426299,N Burger,Rajasthan Royals,,,18.0,21.0,1.0
1426299,YS Chahal,Rajasthan Royals,,,25.0,21.0,1.0
1426299,MM Ali,Chennai Super Kings,10.0,14.0,,,
1426299,Avesh Khan,Rajasthan Royals,,,13.0,11.0,
1426299,S Dube,Chennai Super Kings,18.0,12.0,,,
1426299,Sameer Rizvi,Chennai Super Kings,15.0,8.0,,,
1426300,V Kohli,Royal Challengers Bengaluru,27.0,14.0,,,
1426300,I Sharma,Delhi Capitals,0.0,5.0,21.0,28.0,1.0
1426300,F du Plessis,Royal Challengers Bengaluru,6.0,7.0,,,
1426300,KK Ahmed,Delhi Capitals,,,24.0,31.0,2.0
1426300,Mukesh Kumar,Delhi Capitals,3.0,8.0,18.0,23.0,1.0
1426300,WG Jacks,Royal Challengers Bengaluru,41.0,30.0,6.0,16.0,
1426300,RM Patidar,Royal Challengers Bengaluru,52.0,34.0,,,
1426300,AR Patel,Delhi Capitals,57.0,40.0,18.0,24.0,
1426300,Kuldeep Yadav,Delhi Capitals,6.0,11.0,25.0,51.0,1.0
1426300,Rasikh Salam,Delhi Capitals,10.0,12.0,21.0,20.0,2.0
1426300,C Green,Royal Challengers Bengaluru,32.0,24.0,26.0,17.0,1.0
1426300,MK Lomror,Royal Challengers Bengaluru,13.0,10.0,,,
1426300,KD Karthik,Royal Challengers Bengaluru,0.0,2.0,,,
1426300,Swapnil Singh,Royal Challengers Bengaluru,0.0,2.0,6.0,9.0,1.0
1426300,KV Sharma,Royal Challengers Bengaluru,6.0,4.0,12.0,19.0,
1426300,DA Warner,Delhi Capitals,1.0,2.0,,,
1426300,J Fraser-McGurk,Delhi Capitals,21.0,8.0,,,
1426300,Abishek Porel,Delhi Capitals,2.0,3.0,,,
1426300,Mohammed Siraj,Royal Challengers Bengaluru,,,26.0,31.0,1.0
1426300,Yash Dayal,Royal Challengers Bengaluru,,,20.0,19.0,3.0
1426300,SD Hope,Delhi Capitals,29.0,24.0,,,
1426300,Kumar Kushagra,Delhi Capitals,2.0,3.0,,,
1426300,LH Ferguson,Royal Challengers Bengaluru,,,24.0,23.0,2.0
1426300,T Stubbs,Delhi Capitals,3.0,4.0,,,
1426302,J Fraser-McGurk,Delhi Capitals,0.0,4.0,,,
1426302,Arshad Khan,Lucknow Super Giants,58.0,34.0,23.0,40.0,1.0
1426302,SD Hope,Delhi Capitals,38.0,29.0,,,
1426302,Abishek Porel,Delhi Capitals,58.0,35.0,,,
1426302,Mohsin Khan,Lucknow Super Giants,,,24.0,29.0,
1426302,Yudhvir Singh,Lucknow Super Giants,14.0,7.0,12.0,28.0,
1426302,Naveen-ul-Haq,Lucknow Super Giants,2.0,4.0,25.0,50.0,2.0
1426302,Ravi Bishnoi,Lucknow Super Giants,2.0,2.0,24.0,26.0,1.0
1426302,KH Pandya,Lucknow Super Giants,18.0,20.0,13.0,19.0,
1426302,RR Pant,Delhi Capitals,33.0,24.0,,,
1426302,DJ Hooda,Lucknow Super Giants,0.0,2.0,7.0,8.0,
1426302,T Stubbs,Delhi Capitals,57.0,26.0,6.0,4.0,1.0
1426302,AR Patel,Delhi Capitals,14.0,10.0,6.0,20.0,1.0
1426302,Q de Kock,Lucknow Super Giants,12.0,10.0,,,
1426302,I Sharma,Delhi Capitals,,,26.0,32.0,3.0
1426302,KL Rahul,Lucknow Super Giants,5.0,3.0,,,
1426302,MP Stoinis,Lucknow Super Giants,5.0,7.0,,,
1426302,KK Ahmed,Delhi Capitals,,,13.0,21.0,1.0
1426302,N Pooran,Lucknow Super Giants,61.0,27.0,,,
1426302,A Badoni,Lucknow Super Giants,6.0,9.0,,,
1426302,Mukesh Kumar,Delhi Capitals,,,26.0,31.0,1.0
1426302,Kuldeep Yadav,Delhi Capitals,,,24.0,33.0,1.0
1426302,Gulbadin Naib,Delhi Capitals,,,6.0,12.0,
1426302,Rasikh Salam,Delhi Capitals,,,18.0,30.0,
1426303,YBK Jaiswal,Rajasthan Royals,4.0,4.0,,,
1426303,SM Curran,Punjab Kings,63.0,42.0,18.0,24.0,2.0
1426303,SV Samson,Rajasthan Royals,18.0,15.0,,,
1426303,T Kohler-Cadmore,Rajasthan Royals,18.0,23.0,,,
1426303,Arshdeep Singh,Punjab Kings,,,24.0,31.0,1.0
1426303,NT Ellis,Punjab Kings,,,24.0,24.0,1.0
1426303,HV Patel,Punjab Kings,,,25.0,27.0,2.0
1426303,R Parag,Rajasthan Royals,48.0,35.0,,,
1426303,RD Chahar,Punjab Kings,,,24.0,26.0,2.0
1426303,R Ashwin,Rajasthan Royals,28.0,19.0,24.0,31.0,
1426303,Harpreet Brar,Punjab Kings,,,6.0,10.0,
1426303,Dhruv Jurel,Rajasthan Royals,0.0,1.0,,,
1426303,R Powell,Rajasthan Royals,4.0,5.0,,,
1426303,D Ferreira,Rajasthan Royals,7.0,8.0,,,
1426303,TA Boult,Rajasthan Royals,12.0,9.0,18.0,27.0,1.0
1426303,Avesh Khan,Rajasthan Royals,3.0,2.0,23.0,28.0,2.0
1426303,P Simran Singh,Punjab Kings,6.0,4.0,,,
1426303,RR Rossouw,Punjab Kings,22.0,13.0,,,
1426303,JM Bairstow,Punjab Kings,14.0,22.0,,,
1426303,Sandeep Sharma,Rajasthan Royals,,,24.0,28.0,
1426303,Shashank Singh,Punjab Kings,0.0,2.0,,,
1426303,YS Chahal,Rajasthan Royals,,,25.0,30.0,2.0
1426303,JM Sharma,Punjab Kings,22.0,20.0,,,
1426303,Ashutosh Sharma,Punjab Kings,17.0,11.0,,,
1426305,KL Rahul,Lucknow Super Giants,55.0,42.0,,,
1426305,N Thushara,Mumbai Indians,,,26.0,26.0,3.0
1426305,D Padikkal,Lucknow Super Giants,0.0,1.0,,,
1426305,MP Stoinis,Lucknow Super Giants,28.0,25.0,,,
1426305,Arjun Tendulkar,Mumbai Indians,,,15.0,21.0,
1426305,A Kamboj,Mumbai Indians,,,22.0,44.0,
1426305,PP Chawla,Mumbai Indians,,,24.0,29.0,3.0
1426305,N Wadhera,Mumbai Indians,1.0,4.0,12.0,13.0,
1426305,DJ Hooda,Lucknow Super Giants,11.0,9.0,,,
1426305,N Pooran,Lucknow Super Giants,75.0,34.0,,,
1426305,HH Pandya,Mumbai Indians,16.0,13.0,12.0,27.0,
1426305,Naman Dhir,Mumbai Indians,62.0,30.0,4.0,17.0,
1426305,R Shepherd,Mumbai Indians,1.0,2.0,15.0,26.0,
1426305,Arshad Khan,Lucknow Super Giants,0.0,1.0,14.0,8.0,
1426305,KH Pandya,Lucknow Super Giants,12.0,8.0,25.0,28.0,1.0
1426305,A Badoni,Lucknow Super Giants,22.0,10.0,,,
1426305,RG Sharma,Mumbai Indians,68.0,40.0,,,
1426305,D Brevis,Mumbai Indians,23.0,21.0,,,
1426305,MJ Henry,Lucknow Super Giants,,,14.0,22.0,
1426305,Mohsin Khan,Lucknow Super Giants,,,26.0,42.0,1.0
1426305,Naveen-ul-Haq,Lucknow Super Giants,,,26.0,48.0,2.0
1426305,Ravi Bishnoi,Lucknow Super Giants,,,24.0,37.0,2.0
1426305,SA Yadav,Mumbai Indians,0.0,3.0,,,
1426305,Ishan Kishan,Mumbai Indians,14.0,16.0,,,
1426306,V Kohli,Royal Challengers Bengaluru,47.0,30.0,,,
1426306,TU Deshpande,Chennai Super Kings,,,28.0,45.0,1.0
1426306,F du Plessis,Royal Challengers Bengaluru,54.0,39.0,,,
1426306,SN Thakur,Chennai Super Kings,1.0,2.0,24.0,61.0,2.0
1426306,M Theekshana,Chennai Super Kings,,,25.0,24.0,
1426306,MJ Santner,Chennai Super Kings,3.0,5.0,24.0,23.0,1.0
1426306,RA Jadeja,Chennai Super Kings,42.0,22.0,18.0,40.0,
1426306,RM Patidar,Royal Challengers Bengaluru,41.0,25.0,,,
1426306,C Green,Royal Challengers Bengaluru,38.0,20.0,13.0,17.0,1.0
1426306,Simarjeet Singh,Chennai Super Kings,,,8.0,17.0,
1426306,KD Karthik,Royal Challengers Bengaluru,14.0,7.0,,,
1426306,GJ Maxwell,Royal Challengers Bengaluru,16.0,5.0,25.0,20.0,1.0
1426306,MK Lomror,Royal Challengers Bengaluru,0.0,1.0,,,
1426306,RD Gaikwad,Chennai Super Kings,0.0,1.0,,,
1426306,DJ Mitchell,Chennai Super Kings,4.0,7.0,,,
1426306,R Ravindra,Chennai Super Kings,61.0,38.0,,,
1426306,Mohammed Siraj,Royal Challengers Bengaluru,,,25.0,34.0,1.0
1426306,Yash Dayal,Royal Challengers Bengaluru,,,24.0,42.0,2.0
1426306,AM Rahane,Chennai Super Kings,33.0,22.0,,,
1426306,Swapnil Singh,Royal Challengers Bengaluru,,,13.0,12.0,
1426306,KV Sharma,Royal Challengers Bengaluru,,,6.0,14.0,
1426306,LH Ferguson,Royal Challengers Bengaluru,,,20.0,37.0,1.0
1426306,S Dube,Chennai Super Kings,7.0,15.0,,,
1426306,MS Dhoni,Chennai Super Kings,25.0,14.0,,,
1426307,Atharva Taide,Punjab Kings,46.0,27.0,1.0,4.0,
1426307,B Kumar,Sunrisers Hyderabad,,,24.0,36.0,
1426307,P Simran Singh,Punjab Kings,71.0,45.0,,,
1426307,PJ Cummins,Sunrisers Hyderabad,,,24.0,36.0,1.0
1426307,T Natarajan,Sunrisers Hyderabad,,,26.0,31.0,2.0
1426307,V Viyaskanth,Sunrisers Hyderabad,,,24.0,37.0,1.0
1426307,Shahbaz Ahmed,Sunrisers Hyderabad,3.0,6.0,6.0,13.0,
1426307,RR Rossouw,Punjab Kings,49.0,26.0,,,
1426307,Nithish Kumar Reddy,Sunrisers Hyderabad,37.0,26.0,21.0,51.0,
1426307,Shashank Singh,Punjab Kings,2.0,4.0,6.0,5.0,1.0
1426307,JM Sharma,Punjab Kings,32.0,16.0,,,
1426307,Ashutosh Sharma,Punjab Kings,2.0,4.0,,,
1426307,Shivam Singh,Punjab Kings,2.0,3.0,,,
1426307,TM Head,Sunrisers Hyderabad,0.0,1.0,,,
1426307,Arshdeep Singh,Punjab Kings,,,25.0,36.0,2.0
1426307,RA Tripathi,Sunrisers Hyderabad,33.0,19.0,,,
1426307,R Dhawan,Punjab Kings,,,19.0,34.0,
1426307,Abhishek Sharma,Sunrisers Hyderabad,66.0,30.0,,,
1426307,HV Patel,Punjab Kings,,,27.0,46.0,2.0
1426307,RD Chahar,Punjab Kings,,,25.0,42.0,
1426307,Harpreet Brar,Punjab Kings,,,19.0,31.0,1.0
1426307,H Klaasen,Sunrisers Hyderabad,42.0,28.0,,,
1426307,Abdul Samad,Sunrisers Hyderabad,11.0,8.0,,,
1426307,Sanvir Singh,Sunrisers Hyderabad,6.0,4.0,,,
1426309,TM Head,Sunrisers Hyderabad,0.0,2.0,10.0,32.0,
1426309,MA Starc,Kolkata Knight Riders,,,25.0,33.0,3.0
1426309,RA Tripathi,Sunrisers Hyderabad,55.0,37.0,,,
1426309,Abhishek Sharma,Sunrisers Hyderabad,3.0,5.0,,,
1426309,VG Arora,Kolkata Knight Riders,,,15.0,14.0,1.0
1426309,Nithish Kumar Reddy,Sunrisers Hyderabad,9.0,12.0,6.0,13.0,
1426309,Shahbaz Ahmed,Sunrisers Hyderabad,0.0,1.0,,,
1426309,Harshit Rana,Kolkata Knight Riders,,,25.0,26.0,1.0
1426309,H Klaasen,Sunrisers Hyderabad,32.0,21.0,,,
1426309,SP Narine,Kolkata Knight Riders,21.0,17.0,24.0,40.0,1.0
1426309,AD Russell,Kolkata Knight Riders,,,9.0,15.0,1.0
1426309,CV Varun,Kolkata Knight Riders,,,26.0,24.0,2.0
1426309,Abdul Samad,Sunrisers Hyderabad,16.0,12.0,,,
1426309,Sanvir Singh,Sunrisers Hyderabad,0.0,1.0,,,
1426309,PJ Cummins,Sunrisers Hyderabad,30.0,24.0,19.0,37.0,1.0
1426309,B Kumar,Sunrisers Hyderabad,0.0,4.0,18.0,28.0,
1426309,V Viyaskanth,Sunrisers Hyderabad,7.0,5.0,12.0,22.0,
1426309,Rahmanullah Gurbaz,Kolkata Knight Riders,23.0,15.0,,,
1426309,T Natarajan,Sunrisers Hyderabad,,,19.0,21.0,1.0
1426309,VR Iyer,Kolkata Knight Riders,51.0,28.0,,,
1426309,SS Iyer,Kolkata Knight Riders,58.0,24.0,,,
1426310,V Kohli,Royal Challengers Bengaluru,33.0,24.0,,,
1426310,TA Boult,Rajasthan Royals,,,24.0,16.0,1.0
1426310,F du Plessis,Royal Challengers Bengaluru,17.0,14.0,,,
1426310,Sandeep Sharma,Rajasthan Royals,,,24.0,48.0,1.0
1426310,Avesh Khan,Rajasthan Royals,,,24.0,44.0,3.0
1426310,C Green,Royal Challengers Bengaluru,27.0,22.0,24.0,28.0,1.0
1426310,R Ashwin,Rajasthan Royals,,,26.0,17.0,2.0
1426310,YS Chahal,Rajasthan Royals,,,24.0,43.0,1.0
1426310,RM Patidar,Royal Challengers Bengaluru,34.0,23.0,,,
1426310,GJ Maxwell,Royal Challengers Bengaluru,0.0,1.0,,,
1426310,MK Lomror,Royal Challengers Bengaluru,32.0,17.0,,,
1426310,KD Karthik,Royal Challengers Bengaluru,11.0,13.0,,,
1426310,Swapnil Singh,Royal Challengers Bengaluru,9.0,4.0,12.0,19.0,
1426310,KV Sharma,Royal Challengers Bengaluru,5.0,4.0,14.0,17.0,1.0
1426310,YBK Jaiswal,Rajasthan Royals,45.0,30.0,,,
1426310,T Kohler-Cadmore,Rajasthan Royals,20.0,15.0,,,
1426310,Mohammed Siraj,Royal Challengers Bengaluru,,,27.0,30.0,2.0
1426310,Yash Dayal,Royal Challengers Bengaluru,,,18.0,37.0,
1426310,LH Ferguson,Royal Challengers Bengaluru,,,24.0,37.0,1.0
1426310,SV Samson,Rajasthan Royals,17.0,14.0,,,
1426310,R Parag,Rajasthan Royals,36.0,29.0,,,
1426310,Dhruv Jurel,Rajasthan Royals,8.0,8.0,,,
1426310,SO Hetmyer,Rajasthan Royals,26.0,15.0,,,
1426310,R Powell,Rajasthan Royals,16.0,8.0,,,
1426311,TM Head,Sunrisers Hyderabad,34.0,28.0,,,
1426311,TA Boult,Rajasthan Royals,0.0,3.0,26.0,43.0,3.0
1426311,Abhishek Sharma,Sunrisers Hyderabad,12.0,5.0,24.0,24.0,2.0
1426311,R Ashwin,Rajasthan Royals,0.0,3.0,24.0,43.0,
1426311,RA Tripathi,Sunrisers Hyderabad,37.0,15.0,,,
1426311,AK Markram,Sunrisers Hyderabad,1.0,2.0,7.0,9.0,
1426311,Sandeep Sharma,Rajasthan Royals,,,25.0,24.0,2.0
1426311,H Klaasen,Sunrisers Hyderabad,50.0,37.0,,,
1426311,Avesh Khan,Rajasthan Royals,,,26.0,25.0,3.0
1426311,YS Chahal,Rajasthan Royals,,,26.0,32.0,
1426311,Nithish Kumar Reddy,Sunrisers Hyderabad,5.0,10.0,,,
1426311,Abdul Samad,Sunrisers Hyderabad,0.0,1.0,,,
1426311,Shahbaz Ahmed,Sunrisers Hyderabad,18.0,22.0,24.0,23.0,3.0
1426311,PJ Cummins,Sunrisers Hyderabad,5.0,5.0,25.0,29.0,1.0
1426311,JD Unadkat,Sunrisers Hyderabad,5.0,2.0,7.0,4.0,
1426311,YBK Jaiswal,Rajasthan Royals,42.0,22.0,,,
1426311,B Kumar,Sunrisers Hyderabad,,,18.0,33.0,
1426311,T Kohler-Cadmore,Rajasthan Royals,10.0,16.0,,,
1426311,T Natarajan,Sunrisers Hyderabad,,,19.0,12.0,1.0
1426311,SV Samson,Rajasthan Royals,10.0,12.0,,,
1426311,R Parag,Rajasthan Royals,6.0,10.0,,,
1426311,Dhruv Jurel,Rajasthan Royals,56.0,36.0,,,
1426311,SO Hetmyer,Rajasthan Royals,4.0,10.0,,,
1426311,R Powell,Rajasthan Royals,6.0,12.0,,,
1426312,Abhishek Sharma,Sunrisers Hyderabad,2.0,5.0,,,
1426312,MA Starc,Kolkata Knight Riders,,,18.0,14.0,2.0
1426312,RA Tripathi,Sunrisers Hyderabad,9.0,16.0,,,
1426312,VG Arora,Kolkata Knight Riders,,,22.0,20.0,1.0
1426312,TM Head,Sunrisers Hyderabad,0.0,1.0,,,
1426312,AK Markram,Sunrisers Hyderabad,20.0,25.0,6.0,5.0,
1426312,Nithish Kumar Reddy,Sunrisers Hyderabad,13.0,10.0,,,
1426312,Harshit Rana,Kolkata Knight Riders,,,25.0,23.0,2.0
1426312,SP Narine,Kolkata Knight Riders,6.0,2.0,24.0,16.0,1.0
1426312,H Klaasen,Sunrisers Hyderabad,16.0,17.0,,,
1426312,AD Russell,Kolkata Knight Riders,,,16.0,18.0,3.0
1426312,Shahbaz Ahmed,Sunrisers Hyderabad,8.0,7.0,15.0,22.0,1.0
1426312,CV Varun,Kolkata Knight Riders,,,12.0,9.0,1.0
1426312,Abdul Samad,Sunrisers Hyderabad,4.0,5.0,,,
1426312,PJ Cummins,Sunrisers Hyderabad,24.0,19.0,13.0,16.0,1.0
1426312,JD Unadkat,Sunrisers Hyderabad,4.0,11.0,6.0,9.0,
1426312,B Kumar,Sunrisers Hyderabad,0.0,1.0,13.0,24.0,
1426312,Rahmanullah Gurbaz,Kolkata Knight Riders,39.0,35.0,,,
1426312,VR Iyer,Kolkata Knight Riders,52.0,27.0,,,
1426312,T Natarajan,Sunrisers Hyderabad,,,14.0,27.0,
1426312,SS Iyer,Kolkata Knight Riders,6.0,3.0,,,
1473438,Q de Kock,Kolkata Knight Riders,4.0,5.0,,,
1473438,JR Hazlewood,Royal Challengers Bengaluru,,,24.0,22.0,2.0
1473438,AM Rahane,Kolkata Knight Riders,56.0,32.0,,,
1473438,SP Narine,Kolkata Knight Riders,44.0,28.0,24.0,27.0,1.0
1473438,Yash Dayal,Royal Challengers Bengaluru,,,18.0,25.0,1.0
1473438,Rasikh Salam,Royal Challengers Bengaluru,,,20.0,33.0,1.0
1473438,KH Pandya,Royal Challengers Bengaluru,,,25.0,28.0,3.0
1473438,Suyash Sharma,Royal Challengers Bengaluru,,,25.0,46.0,1.0
1473438,VR Iyer,Kolkata Knight Riders,6.0,8.0,,,
1473438,A Raghuvanshi,Kolkata Knight Riders,30.0,22.0,,,
1473438,RK Singh,Kolkata Knight Riders,12.0,10.0,,,
1473438,LS Livingstone,Royal Challengers Bengaluru,15.0,5.0,12.0,14.0,
1473438,AD Russell,Kolkata Knight Riders,4.0,3.0,,,
1473438,Ramandeep Singh,Kolkata Knight Riders,6.0,9.0,,,
1473438,Harshit Rana,Kolkata Knight Riders,5.0,6.0,18.0,32.0,
1473438,SH Johnson,Kolkata Knight Riders,1.0,1.0,14.0,31.0,
1473438,PD Salt,Royal Challengers Bengaluru,56.0,32.0,,,
1473438,VG Arora,Kolkata Knight Riders,,,19.0,41.0,1.0
1473438,V Kohli,Royal Challengers Bengaluru,59.0,36.0,,,
1473438,CV Varun,Kolkata Knight Riders,,,24.0,43.0,1.0
1473438,D Padikkal,Royal Challengers Bengaluru,10.0,10.0,,,
1473438,RM Patidar,Royal Challengers Bengaluru,34.0,16.0,,,
1473439,Abhishek Sharma,Sunrisers Hyderabad,24.0,11.0,12.0,17.0,
1473439,Fazalhaq Farooqi,Rajasthan Royals,,,18.0,49.0,
1473439,TM Head,Sunrisers Hyderabad,67.0,34.0,,,
1473439,M Theekshana,Rajasthan Royals,,,29.0,47.0,2.0
1473439,Ishan Kishan,Sunrisers Hyderabad,106.0,52.0,,,
1473439,JC Archer,Rajasthan Royals,1.0,1.0,27.0,73.0,
1473439,Sandeep Sharma,Rajasthan Royals,,,24.0,51.0,1.0
1473439,N Rana,Rajasthan Royals,11.0,8.0,6.0,9.0,
1473439,TU Deshpande,Rajasthan Royals,,,29.0,39.0,3.0
1473439,Nithish Kumar Reddy,Sunrisers Hyderabad,30.0,17.0,,,
1473439,H Klaasen,Sunrisers Hyderabad,34.0,14.0,,,
1473439,Aniket Verma,Sunrisers Hyderabad,7.0,3.0,,,
1473439,A Manohar,Sunrisers Hyderabad,0.0,1.0,,,
1473439,PJ Cummins,Sunrisers Hyderabad,0.0,1.0,26.0,58.0,
1473439,YBK Jaiswal,Rajasthan Royals,1.0,6.0,,,
1473439,Mohammed Shami,Sunrisers Hyderabad,,,19.0,32.0,1.0
1473439,SV Samson,Rajasthan Royals,66.0,38.0,,,
1473439,Simarjeet Singh,Sunrisers Hyderabad,,,21.0,43.0,2.0
1473439,R Parag,Rajasthan Royals,4.0,2.0,,,
1473439,Dhruv Jurel,Rajasthan Royals,70.0,37.0,,,
1473439,A Zampa,Sunrisers Hyderabad,,,25.0,47.0,1.0
1473439,HV Patel,Sunrisers Hyderabad,,,26.0,32.0,2.0
1473439,SB Dubey,Rajasthan Royals,34.0,11.0,,,
1473439,SO Hetmyer,Rajasthan Royals,42.0,26.0,,,
1473440,RG Sharma,Mumbai Indians,0.0,4.0,,,
1473440,KK Ahmed,Chennai Super Kings,,,25.0,28.0,3.0
1473440,WG Jacks,Mumbai Indians,11.0,7.0,25.0,29.0,1.0
1473440,RD Rickelton,Mumbai Indians,13.0,7.0,,,
1473440,SM Curran,Chennai Super Kings,4.0,9.0,6.0,13.0,
1473440,SA Yadav,Mumbai Indians,29.0,27.0,,,
1473440,NT Ellis,Chennai Super Kings,,,25.0,37.0,1.0
1473440,R Ashwin,Chennai Super Kings,,,24.0,31.0,1.0
1473440,Tilak Varma,Mumbai Indians,31.0,26.0,,,
1473440,RA Jadeja,Chennai Super Kings,17.0,18.0,18.0,21.0,
1473440,Noor Ahmad,Chennai Super Kings,,,27.0,15.0,4.0
1473440,R Minz,Mumbai Indians,3.0,10.0,,,
1473440,Naman Dhir,Mumbai Indians,17.0,12.0,18.0,12.0,
1473440,MJ Santner,Mumbai Indians,11.0,14.0,13.0,24.0,
1473440,DL Chahar,Mumbai Indians,28.0,15.0,12.0,18.0,1.0
1473440,TA Boult,Mumbai Indians,1.0,2.0,19.0,26.0,
1473440,PVSN Raju,Mumbai Indians,1.0,1.0,7.0,12.0,
1473440,R Ravindra,Chennai Super Kings,65.0,47.0,,,
1473440,RA Tripathi,Chennai Super Kings,2.0,3.0,,,
1473440,RD Gaikwad,Chennai Super Kings,53.0,26.0,,,
1473440,V Puthur,Mumbai Indians,,,24.0,32.0,3.0
1473440,S Dube,Chennai Super Kings,9.0,8.0,,,
1473440,DJ Hooda,Chennai Super Kings,3.0,5.0,,,
1473440,MS Dhoni,Chennai Super Kings,0.0,2.0,,,
1473441,AK Markram,Lucknow Super Giants,15.0,13.0,,,
1473441,MA Starc,Delhi Capitals,2.0,5.0,24.0,42.0,3.0
1473441,MR Marsh,Lucknow Super Giants,72.0,38.0,,,
1473441,AR Patel,Delhi Capitals,22.0,11.0,18.0,18.0,
1473441,V Nigam,Delhi Capitals,39.0,16.0,12.0,35.0,1.0
1473441,N Pooran,Lucknow Super Giants,75.0,31.0,,,
1473441,Mukesh Kumar,Delhi Capitals,,,13.0,21.0,1.0
1473441,Kuldeep Yadav,Delhi Capitals,5.0,5.0,24.0,20.0,2.0
1473441,MM Sharma,Delhi Capitals,1.0,2.0,28.0,38.0,
1473441,RR Pant,Lucknow Super Giants,0.0,6.0,,,
1473441,T Stubbs,Delhi Capitals,34.0,23.0,6.0,28.0,
1473441,DA Miller,Lucknow Super Giants,27.0,20.0,,,
1473441,A Badoni,Lucknow Super Giants,4.0,5.0,,,
1473441,SN Thakur,Lucknow Super Giants,0.0,2.0,13.0,18.0,2.0
1473441,Shahbaz Ahmed,Lucknow Super Giants,9.0,8.0,10.0,21.0,
1473441,Ravi Bishnoi,Lucknow Super Giants,0.0,2.0,24.0,53.0,2.0
1473441,J Fraser-McGurk,Delhi Capitals,1.0,2.0,,,
1473441,F du Plessis,Delhi Capitals,29.0,20.0,,,
1473441,Abishek Porel,Delhi Capitals,0.0,2.0,,,
1473441,Sameer Rizvi,Delhi Capitals,4.0,4.0,,,
1473441,M Siddharth,Lucknow Super Giants,,,24.0,39.0,2.0
1473441,DS Rathi,Lucknow Super Giants,,,25.0,26.0,2.0
1473441,Ashutosh Sharma,Delhi Capitals,66.0,31.0,,,
1473441,Prince Yadav,Lucknow Super Giants,,,25.0,46.0,
1473442,Priyansh Arya,Punjab Kings,47.0,24.0,,,
1473442,Mohammed Siraj,Gujarat Titans,,,27.0,51.0,
1473442,P Simran Singh,Punjab Kings,5.0,8.0,,,
1473442,K Rabada,Gujarat Titans,,,26.0,39.0,1.0
1473442,SS Iyer,Punjab Kings,97.0,45.0,,,
1473442,Arshad Khan,Gujarat Titans,1.0,1.0,7.0,20.0,
1473442,Rashid Khan,Gujarat Titans,,,24.0,48.0,1.0
1473442,Azmatullah Omarzai,Punjab Kings,16.0,15.0,12.0,29.0,
1473442,M Prasidh Krishna,Gujarat Titans,,,18.0,41.0,
1473442,R Sai Kishore,Gujarat Titans,,,24.0,30.0,3.0
1473442,GJ Maxwell,Punjab Kings,0.0,1.0,13.0,25.0,1.0
1473442,MP Stoinis,Punjab Kings,20.0,16.0,12.0,31.0,
1473442,Shashank Singh,Punjab Kings,44.0,17.0,,,
1473442,B Sai Sudharsan,Gujarat Titans,74.0,44.0,,,
1473442,Arshdeep Singh,Punjab Kings,,,24.0,36.0,2.0
1473442,Shubman Gill,Gujarat Titans,33.0,14.0,,,
1473442,M Jansen,Punjab Kings,,,25.0,43.0,1.0
1473442,JC Buttler,Gujarat Titans,54.0,33.0,,,
1473442,YS Chahal,Punjab Kings,,,19.0,33.0,
1473442,SE Rutherford,Gujarat Titans,46.0,33.0,,,
1473442,Vijaykumar Vyshak,Punjab Kings,,,23.0,23.0,
1473442,R Tewatia,Gujarat Titans,6.0,2.0,,,
1473442,M Shahrukh Khan,Gujarat Titans,6.0,1.0,,,
1473443,YBK Jaiswal,Rajasthan Royals,29.0,24.0,,,
1473443,SH Johnson,Kolkata Knight Riders,,,27.0,39.0,1.0
1473443,SV Samson,Rajasthan Royals,13.0,12.0,,,
1473443,VG Arora,Kolkata Knight Riders,,,25.0,32.0,2.0
1473443,R Parag,Rajasthan Royals,25.0,15.0,24.0,25.0,
1473443,Harshit Rana,Kolkata Knight Riders,,,24.0,36.0,2.0
1473443,MM Ali,Kolkata Knight Riders,5.0,14.0,24.0,23.0,2.0
1473443,CV Varun,Kolkata Knight Riders,,,24.0,17.0,2.0
1473443,N Rana,Rajasthan Royals,8.0,9.0,6.0,9.0,
1473443,PWH de Silva,Rajasthan Royals,4.0,4.0,18.0,34.0,1.0
1473443,Dhruv Jurel,Rajasthan Royals,33.0,28.0,,,
1473443,SB Dubey,Rajasthan Royals,9.0,12.0,,,
1473443,SO Hetmyer,Rajasthan Royals,7.0,10.0,,,
1473443,JC Archer,Rajasthan Royals,16.0,8.0,19.0,29.0,
1473443,M Theekshana,Rajasthan Royals,1.0,1.0,25.0,27.0,
1473443,TU Deshpande,Rajasthan Royals,2.0,1.0,6.0,7.0,
1473443,Q de Kock,Kolkata Knight Riders,97.0,64.0,,,
1473443,Sandeep Sharma,Rajasthan Royals,,,12.0,11.0,
1473443,AM Rahane,Kolkata Knight Riders,18.0,15.0,,,
1473443,A Raghuvanshi,Kolkata Knight Riders,22.0,17.0,,,
1473444,TM Head,Sunrisers Hyderabad,47.0,30.0,,,
1473444,SN Thakur,Lucknow Super Giants,,,26.0,32.0,4.0
1473444,Abhishek Sharma,Sunrisers Hyderabad,6.0,6.0,12.0,20.0,
1473444,Avesh Khan,Lucknow Super Giants,,,24.0,45.0,1.0
1473444,Ishan Kishan,Sunrisers Hyderabad,0.0,1.0,1.0,4.0,
1473444,Nithish Kumar Reddy,Sunrisers Hyderabad,32.0,30.0,,,
1473444,DS Rathi,Lucknow Super Giants,,,25.0,39.0,1.0
1473444,Ravi Bishnoi,Lucknow Super Giants,,,24.0,42.0,1.0
1473444,Prince Yadav,Lucknow Super Giants,,,28.0,25.0,1.0
1473444,H Klaasen,Sunrisers Hyderabad,26.0,18.0,,,
1473444,Aniket Verma,Sunrisers Hyderabad,36.0,14.0,,,
1473444,A Manohar,Sunrisers Hyderabad,2.0,6.0,,,
1473444,HV Patel,Sunrisers Hyderabad,12.0,11.0,16.0,24.0,1.0
1473444,PJ Cummins,Sunrisers Hyderabad,18.0,4.0,21.0,26.0,2.0
1473444,Mohammed Shami,Sunrisers Hyderabad,1.0,3.0,19.0,32.0,1.0
1473444,Simarjeet Singh,Sunrisers Hyderabad,3.0,4.0,12.0,28.0,
1473444,MR Marsh,Lucknow Super Giants,52.0,34.0,,,
1473444,AK Markram,Lucknow Super Giants,1.0,4.0,,,
1473444,N Pooran,Lucknow Super Giants,70.0,31.0,,,
1473444,A Zampa,Sunrisers Hyderabad,,,25.0,45.0,1.0
1473444,RR Pant,Lucknow Super Giants,15.0,16.0,,,
1473444,A Badoni,Lucknow Super Giants,6.0,6.0,,,
1473444,DA Miller,Lucknow Super Giants,13.0,7.0,,,
1473444,Abdul Samad,Lucknow Super Giants,22.0,8.0,,,
1473445,PD Salt,Royal Challengers Bengaluru,32.0,17.0,,,
1473445,KK Ahmed,Chennai Super Kings,,,24.0,28.0,1.0
1473445,R Ashwin,Chennai Super Kings,11.0,8.0,13.0,21.0,1.0
1473445,V Kohli,Royal Challengers Bengaluru,31.0,31.0,,,
1473445,SM Curran,Chennai Super Kings,8.0,13.0,20.0,32.0,
1473445,Noor Ahmad,Chennai Super Kings,0.0,2.0,25.0,35.0,3.0
1473445,D Padikkal,Royal Challengers Bengaluru,27.0,16.0,,,
1473445,RA Jadeja,Chennai Super Kings,25.0,20.0,19.0,36.0,
1473445,RM Patidar,Royal Challengers Bengaluru,51.0,34.0,,,
1473445,M Pathirana,Chennai Super Kings,,,27.0,33.0,2.0
1473445,LS Livingstone,Royal Challengers Bengaluru,10.0,9.0,24.0,28.0,2.0
1473445,JM Sharma,Royal Challengers Bengaluru,12.0,6.0,,,
1473445,TH David,Royal Challengers Bengaluru,22.0,9.0,,,
1473445,KH Pandya,Royal Challengers Bengaluru,0.0,4.0,12.0,26.0,
1473445,B Kumar,Royal Challengers Bengaluru,0.0,2.0,19.0,19.0,1.0
1473445,R Ravindra,Chennai Super Kings,41.0,32.0,,,
1473445,RA Tripathi,Chennai Super Kings,5.0,3.0,,,
1473445,JR Hazlewood,Royal Challengers Bengaluru,,,24.0,21.0,3.0
1473445,RD Gaikwad,Chennai Super Kings,0.0,4.0,,,
1473445,DJ Hooda,Chennai Super Kings,4.0,9.0,,,
1473445,Yash Dayal,Royal Challengers Bengaluru,,,18.0,18.0,2.0
1473445,Suyash Sharma,Royal Challengers Bengaluru,,,25.0,31.0,
1473445,S Dube,Chennai Super Kings,19.0,15.0,,,
1473445,MS Dhoni,Chennai Super Kings,30.0,16.0,,,
1473446,B Sai Sudharsan,Gujarat Titans,63.0,43.0,,,
1473446,TA Boult,Mumbai Indians,,,24.0,34.0,1.0
1473446,Shubman Gill,Gujarat Titans,38.0,28.0,,,
1473446,DL Chahar,Mumbai Indians,,,26.0,37.0,1.0
1473446,Mujeeb Ur Rahman,Mumbai Indians,,,13.0,23.0,1.0
1473446,HH Pandya,Mumbai Indians,11.0,17.0,27.0,26.0,2.0
1473446,MJ Santner,Mumbai Indians,18.0,9.0,18.0,25.0,
1473446,JC Buttler,Gujarat Titans,39.0,24.0,,,
1473446,PVSN Raju,Mumbai Indians,,,22.0,36.0,1.0
1473446,M Shahrukh Khan,Gujarat Titans,9.0,8.0,,,
1473446,SE Rutherford,Gujarat Titans,18.0,15.0,,,
1473446,K Rabada,Gujarat Titans,7.0,6.0,25.0,41.0,1.0
1473446,Rashid Khan,Gujarat Titans,6.0,5.0,13.0,9.0,
1473446,R Sai Kishore,Gujarat Titans,1.0,1.0,25.0,36.0,1.0
1473446,RG Sharma,Mumbai Indians,8.0,4.0,,,
1473446,Mohammed Siraj,Gujarat Titans,,,26.0,32.0,2.0
1473446,Tilak Varma,Mumbai Indians,39.0,39.0,,,
1473446,RD Rickelton,Mumbai Indians,6.0,11.0,,,
1473446,I Sharma,Gujarat Titans,,,14.0,15.0,
1473446,SA Yadav,Mumbai Indians,48.0,29.0,,,
1473446,M Prasidh Krishna,Gujarat Titans,,,24.0,18.0,2.0
1473446,R Minz,Mumbai Indians,3.0,6.0,,,
1473446,Naman Dhir,Mumbai Indians,18.0,12.0,,,
1473447,Abhishek Sharma,Sunrisers Hyderabad,1.0,1.0,18.0,27.0,
1473447,MA Starc,Delhi Capitals,,,24.0,29.0,5.0
1473447,TM Head,Sunrisers Hyderabad,22.0,13.0,,,
1473447,Ishan Kishan,Sunrisers Hyderabad,2.0,5.0,,,
1473447,Mukesh Kumar,Delhi Capitals,,,14.0,15.0,
1473447,Nithish Kumar Reddy,Sunrisers Hyderabad,0.0,3.0,,,
1473447,Aniket Verma,Sunrisers Hyderabad,74.0,42.0,,,
1473447,H Klaasen,Sunrisers Hyderabad,32.0,20.0,,,
1473447,AR Patel,Delhi Capitals,,,24.0,43.0,
1473447,V Nigam,Delhi Capitals,,,14.0,19.0,
1473447,MM Sharma,Delhi Capitals,,,19.0,24.0,1.0
1473447,Kuldeep Yadav,Delhi Capitals,,,24.0,22.0,3.0
1473447,A Manohar,Sunrisers Hyderabad,4.0,6.0,,,
1473447,PJ Cummins,Sunrisers Hyderabad,2.0,7.0,12.0,27.0,
1473447,PWA Mulder,Sunrisers Hyderabad,9.0,12.0,6.0,16.0,
1473447,HV Patel,Sunrisers Hyderabad,5.0,9.0,19.0,16.0,
1473447,Mohammed Shami,Sunrisers Hyderabad,1.0,1.0,19.0,30.0,
1473447,J Fraser-McGurk,Delhi Capitals,38.0,32.0,,,
1473447,F du Plessis,Delhi Capitals,50.0,28.0,,,
1473447,Zeeshan Ansari,Sunrisers Hyderabad,,,24.0,42.0,3.0
1473447,Abishek Porel,Delhi Capitals,34.0,18.0,,,
1473447,KL Rahul,Delhi Capitals,15.0,6.0,,,
1473447,T Stubbs,Delhi Capitals,21.0,14.0,,,
1473448,YBK Jaiswal,Rajasthan Royals,4.0,3.0,,,
1473448,KK Ahmed,Chennai Super Kings,,,25.0,37.0,2.0
1473448,N Rana,Rajasthan Royals,81.0,37.0,,,
1473448,J Overton,Chennai Super Kings,11.0,4.0,12.0,30.0,
1473448,SV Samson,Rajasthan Royals,20.0,16.0,,,
1473448,R Ashwin,Chennai Super Kings,,,25.0,45.0,1.0
1473448,Noor Ahmad,Chennai Super Kings,,,25.0,27.0,2.0
1473448,R Parag,Rajasthan Royals,37.0,31.0,,,
1473448,M Pathirana,Chennai Super Kings,,,28.0,23.0,2.0
1473448,Dhruv Jurel,Rajasthan Royals,3.0,7.0,,,
1473448,RA Jadeja,Chennai Super Kings,32.0,24.0,12.0,10.0,1.0
1473448,PWH de Silva,Rajasthan Royals,4.0,5.0,24.0,35.0,4.0
1473448,SO Hetmyer,Rajasthan Royals,19.0,18.0,,,
1473448,JC Archer,Rajasthan Royals,0.0,2.0,18.0,13.0,1.0
1473448,K Kartikeya,Rajasthan Royals,1.0,1.0,6.0,10.0,
1473448,M Theekshana,Rajasthan Royals,2.0,4.0,24.0,30.0,
1473448,TU Deshpande,Rajasthan Royals,1.0,3.0,26.0,43.0,
1473448,R Ravindra,Chennai Super Kings,0.0,4.0,,,
1473448,RD Gaikwad,Chennai Super Kings,63.0,44.0,,,
1473448,RA Tripathi,Chennai Super Kings,23.0,19.0,,,
1473448,Sandeep Sharma,Rajasthan Royals,,,25.0,41.0,1.0
1473448,S Dube,Chennai Super Kings,18.0,10.0,,,
1473448,V Shankar,Chennai Super Kings,9.0,6.0,,,
1473448,MS Dhoni,Chennai Super Kings,16.0,12.0,,,
1473449,Q de Kock,Kolkata Knight Riders,1.0,4.0,,,
1473449,TA Boult,Mumbai Indians,,,24.0,23.0,1.0
1473449,SP Narine,Kolkata Knight Riders,0.0,2.0,18.0,32.0,
1473449,AM Rahane,Kolkata Knight Riders,11.0,7.0,,,
1473449,DL Chahar,Mumbai Indians,,,13.0,18.0,2.0
1473449,A Raghuvanshi,Kolkata Knight Riders,26.0,16.0,,,
1473449,Ashwani Kumar,Mumbai Indians,,,20.0,22.0,4.0
1473449,VR Iyer,Kolkata Knight Riders,3.0,9.0,,,
1473449,RK Singh,Kolkata Knight Riders,17.0,14.0,,,
1473449,HH Pandya,Mumbai Indians,,,12.0,10.0,1.0
1473449,V Puthur,Mumbai Indians,,,12.0,21.0,1.0
1473449,MK Pandey,Kolkata Knight Riders,19.0,14.0,,,
1473449,MJ Santner,Mumbai Indians,,,21.0,15.0,1.0
1473449,AD Russell,Kolkata Knight Riders,5.0,12.0,18.0,34.0,2.0
1473449,Ramandeep Singh,Kolkata Knight Riders,22.0,13.0,,,
1473449,Harshit Rana,Kolkata Knight Riders,4.0,8.0,14.0,26.0,
1473449,SH Johnson,Kolkata Knight Riders,1.0,3.0,12.0,14.0,
1473449,RG Sharma,Mumbai Indians,13.0,12.0,,,
1473449,RD Rickelton,Mumbai Indians,62.0,42.0,,,
1473449,CV Varun,Kolkata Knight Riders,,,18.0,12.0,
1473449,WG Jacks,Mumbai Indians,16.0,17.0,,,
1473449,SA Yadav,Mumbai Indians,27.0,9.0,,,
1473450,AK Markram,Lucknow Super Giants,28.0,18.0,,,
1473450,Arshdeep Singh,Punjab Kings,,,26.0,40.0,3.0
1473450,MR Marsh,Lucknow Super Giants,0.0,1.0,,,
1473450,N Pooran,Lucknow Super Giants,44.0,31.0,,,
1473450,LH Ferguson,Punjab Kings,,,19.0,24.0,1.0
1473450,RR Pant,Lucknow Super Giants,2.0,5.0,,,
1473450,GJ Maxwell,Punjab Kings,,,18.0,22.0,1.0
1473450,A Badoni,Lucknow Super Giants,41.0,35.0,,,
1473450,M Jansen,Punjab Kings,,,25.0,27.0,1.0
1473450,MP Stoinis,Punjab Kings,,,12.0,15.0,
1473450,YS Chahal,Punjab Kings,,,24.0,36.0,1.0
1473450,DA Miller,Lucknow Super Giants,19.0,18.0,,,
1473450,Abdul Samad,Lucknow Super Giants,27.0,12.0,2.0,6.0,
1473450,SN Thakur,Lucknow Super Giants,3.0,3.0,19.0,38.0,
1473450,Avesh Khan,Lucknow Super Giants,0.0,1.0,19.0,29.0,
1473450,Priyansh Arya,Punjab Kings,8.0,9.0,,,
1473450,P Simran Singh,Punjab Kings,69.0,36.0,,,
1473450,DS Rathi,Lucknow Super Giants,,,24.0,30.0,2.0
1473450,SS Iyer,Punjab Kings,52.0,31.0,,,
1473450,Ravi Bishnoi,Lucknow Super Giants,,,18.0,43.0,
1473450,M Siddharth,Lucknow Super Giants,,,19.0,26.0,
1473450,N Wadhera,Punjab Kings,43.0,25.0,,,
1473451,PD Salt,Royal Challengers Bengaluru,14.0,13.0,,,
1473451,Mohammed Siraj,Gujarat Titans,,,25.0,18.0,3.0
1473451,V Kohli,Royal Challengers Bengaluru,7.0,6.0,,,
1473451,Arshad Khan,Gujarat Titans,,,13.0,16.0,1.0
1473451,D Padikkal,Royal Challengers Bengaluru,4.0,3.0,,,
1473451,RM Patidar,Royal Challengers Bengaluru,12.0,13.0,,,
1473451,LS Livingstone,Royal Challengers Bengaluru,54.0,40.0,6.0,12.0,
1473451,M Prasidh Krishna,Gujarat Titans,,,24.0,26.0,1.0
1473451,I Sharma,Gujarat Titans,,,12.0,27.0,1.0
1473451,JM Sharma,Royal Challengers Bengaluru,33.0,21.0,,,
1473451,R Sai Kishore,Gujarat Titans,,,25.0,21.0,2.0
1473451,Rashid Khan,Gujarat Titans,,,24.0,54.0,
1473451,KH Pandya,Royal Challengers Bengaluru,5.0,5.0,18.0,34.0,
1473451,TH David,Royal Challengers Bengaluru,32.0,19.0,,,
1473451,B Kumar,Royal Challengers Bengaluru,1.0,3.0,24.0,23.0,1.0
1473451,B Sai Sudharsan,Gujarat Titans,49.0,37.0,,,
1473451,Shubman Gill,Gujarat Titans,14.0,14.0,,,
1473451,JR Hazlewood,Royal Challengers Bengaluru,,,24.0,42.0,1.0
1473451,JC Buttler,Gujarat Titans,73.0,39.0,,,
1473451,Yash Dayal,Royal Challengers Bengaluru,,,18.0,20.0,
1473451,Rasikh Salam,Royal Challengers Bengaluru,,,18.0,35.0,
1473451,SE Rutherford,Gujarat Titans,30.0,18.0,,,
1473452,Q de Kock,Kolkata Knight Riders,1.0,7.0,,,
1473452,Mohammed Shami,Sunrisers Hyderabad,2.0,5.0,25.0,28.0,1.0
1473452,SP Narine,Kolkata Knight Riders,7.0,7.0,25.0,29.0,1.0
1473452,PJ Cummins,Sunrisers Hyderabad,14.0,15.0,24.0,44.0,1.0
1473452,AM Rahane,Kolkata Knight Riders,38.0,27.0,,,
1473452,A Raghuvanshi,Kolkata Knight Riders,50.0,32.0,,,
1473452,Simarjeet Singh,Sunrisers Hyderabad,0.0,1.0,24.0,47.0,
1473452,Zeeshan Ansari,Sunrisers Hyderabad,,,18.0,25.0,1.0
1473452,HV Patel,Sunrisers Hyderabad,3.0,6.0,26.0,41.0,1.0
1473452,VR Iyer,Kolkata Knight Riders,60.0,29.0,,,
1473452,PHKD Mendis,Sunrisers Hyderabad,27.0,20.0,6.0,4.0,1.0
1473452,RK Singh,Kolkata Knight Riders,32.0,19.0,,,
1473452,AD Russell,Kolkata Knight Riders,1.0,2.0,11.0,20.0,2.0
1473452,TM Head,Sunrisers Hyderabad,4.0,2.0,,,
1473452,VG Arora,Kolkata Knight Riders,,,24.0,29.0,3.0
1473452,Ishan Kishan,Sunrisers Hyderabad,2.0,6.0,,,
1473452,Abhishek Sharma,Sunrisers Hyderabad,2.0,6.0,,,
1473452,Harshit Rana,Kolkata Knight Riders,,,19.0,14.0,1.0
1473452,Nithish Kumar Reddy,Sunrisers Hyderabad,19.0,15.0,,,
1473452,CV Varun,Kolkata Knight Riders,,,26.0,20.0,3.0
1473452,H Klaasen,Sunrisers Hyderabad,33.0,21.0,,,
1473452,Aniket Verma,Sunrisers Hyderabad,6.0,8.0,,,
1473453,MR Marsh,Lucknow Super Giants,60.0,33.0,,,
1473453,TA Boult,Mumbai Indians,,,18.0,28.0,1.0
1473453,AK Markram,Lucknow Super Giants,53.0,42.0,,,
1473453,DL Chahar,Mumbai Indians,,,13.0,22.0,
1473453,Ashwani Kumar,Mumbai Indians,,,20.0,37.0,1.0
1473453,MJ Santner,Mumbai Indians,2.0,2.0,24.0,46.0,
1473453,V Puthur,Mumbai Indians,,,25.0,30.0,1.0
1473453,N Pooran,Lucknow Super Giants,12.0,6.0,,,
1473453,HH Pandya,Mumbai Indians,28.0,16.0,28.0,32.0,5.0
1473453,RR Pant,Lucknow Super Giants,2.0,6.0,,,
1473453,A Badoni,Lucknow Super Giants,30.0,20.0,,,
1473453,DA Miller,Lucknow Super Giants,27.0,14.0,,,
1473453,Abdul Samad,Lucknow Super Giants,4.0,2.0,,,
1473453,SN Thakur,Lucknow Super Giants,5.0,2.0,26.0,38.0,2.0
1473453,Akash Deep,Lucknow Super Giants,0.0,1.0,25.0,45.0,1.0
1473453,Avesh Khan,Lucknow Super Giants,2.0,2.0,25.0,39.0,1.0
1473453,WG Jacks,Mumbai Indians,5.0,7.0,,,
1473453,RD Rickelton,Mumbai Indians,10.0,5.0,,,
1473453,Naman Dhir,Mumbai Indians,46.0,24.0,,,
1473453,SA Yadav,Mumbai Indians,67.0,45.0,,,
1473453,DS Rathi,Lucknow Super Giants,,,24.0,21.0,1.0
1473453,Ravi Bishnoi,Lucknow Super Giants,,,24.0,40.0,
1473453,Tilak Varma,Mumbai Indians,25.0,25.0,,,
1473454,J Fraser-McGurk,Delhi Capitals,0.0,5.0,,,
1473454,KK Ahmed,Chennai Super Kings,,,24.0,25.0,2.0
1473454,Abishek Porel,Delhi Capitals,33.0,20.0,,,
1473454,Mukesh Choudhary,Chennai Super Kings,,,24.0,50.0,
1473454,KL Rahul,Delhi Capitals,77.0,52.0,,,
1473454,R Ashwin,Chennai Super Kings,,,18.0,21.0,
1473454,RA Jadeja,Chennai Super Kings,2.0,3.0,13.0,18.0,1.0
1473454,AR Patel,Delhi Capitals,21.0,14.0,6.0,5.0,
1473454,Noor Ahmad,Chennai Super Kings,,,18.0,36.0,1.0
1473454,Sameer Rizvi,Delhi Capitals,20.0,17.0,,,
1473454,M Pathirana,Chennai Super Kings,,,26.0,27.0,1.0
1473454,T Stubbs,Delhi Capitals,24.0,12.0,,,
1473454,Ashutosh Sharma,Delhi Capitals,1.0,1.0,,,
1473454,V Nigam,Delhi Capitals,1.0,2.0,24.0,27.0,2.0
1473454,R Ravindra,Chennai Super Kings,3.0,6.0,,,
1473454,MA Starc,Delhi Capitals,,,27.0,20.0,1.0
1473454,DP Conway,Chennai Super Kings,13.0,14.0,,,
1473454,Mukesh Kumar,Delhi Capitals,,,25.0,35.0,1.0
1473454,RD Gaikwad,Chennai Super Kings,5.0,5.0,,,
1473454,V Shankar,Chennai Super Kings,69.0,57.0,,,
1473454,MM Sharma,Delhi Capitals,,,22.0,23.0,
1473454,S Dube,Chennai Super Kings,18.0,15.0,,,
1473454,Kuldeep Yadav,Delhi Capitals,,,24.0,30.0,1.0
1473454,MS Dhoni,Chennai Super Kings,30.0,28.0,,,
1473455,YBK Jaiswal,Rajasthan Royals,67.0,47.0,,,
1473455,Arshdeep Singh,Punjab Kings,1.0,5.0,25.0,34.0,1.0
1473455,SV Samson,Rajasthan Royals,38.0,26.0,,,
1473455,M Jansen,Punjab Kings,3.0,7.0,25.0,44.0,1.0
1473455,LH Ferguson,Punjab Kings,4.0,1.0,26.0,34.0,2.0
1473455,GJ Maxwell,Punjab Kings,30.0,24.0,6.0,6.0,
1473455,YS Chahal,Punjab Kings,,,19.0,27.0,
1473455,MP Stoinis,Punjab Kings,1.0,7.0,24.0,48.0,
1473455,R Parag,Rajasthan Royals,43.0,26.0,,,
1473455,N Rana,Rajasthan Royals,12.0,9.0,,,
1473455,SO Hetmyer,Rajasthan Royals,20.0,12.0,,,
1473455,Dhruv Jurel,Rajasthan Royals,13.0,5.0,,,
1473455,Priyansh Arya,Punjab Kings,0.0,1.0,,,
1473455,JC Archer,Rajasthan Royals,,,25.0,24.0,3.0
1473455,SS Iyer,Punjab Kings,10.0,6.0,,,
1473455,P Simran Singh,Punjab Kings,17.0,17.0,,,
1473455,Yudhvir Singh,Rajasthan Royals,,,15.0,17.0,
1473455,Sandeep Sharma,Rajasthan Royals,,,25.0,20.0,2.0
1473455,N Wadhera,Punjab Kings,62.0,42.0,,,
1473455,M Theekshana,Rajasthan Royals,,,27.0,22.0,2.0
1473455,K Kartikeya,Rajasthan Royals,,,12.0,21.0,1.0
1473455,PWH de Silva,Rajasthan Royals,,,24.0,36.0,1.0
1473455,Suryansh Shedge,Punjab Kings,2.0,4.0,,,
1473455,Shashank Singh,Punjab Kings,10.0,14.0,,,
1473456,AK Markram,Lucknow Super Giants,47.0,28.0,,,
1473456,VG Arora,Kolkata Knight Riders,,,28.0,31.0,
1473456,MR Marsh,Lucknow Super Giants,81.0,52.0,,,
1473456,SH Johnson,Kolkata Knight Riders,,,20.0,44.0,
1473456,CV Varun,Kolkata Knight Riders,,,25.0,30.0,
1473456,Harshit Rana,Kolkata Knight Riders,10.0,9.0,24.0,51.0,2.0
1473456,SP Narine,Kolkata Knight Riders,30.0,18.0,19.0,37.0,
1473456,N Pooran,Lucknow Super Giants,87.0,40.0,,,
1473456,AD Russell,Kolkata Knight Riders,7.0,4.0,12.0,32.0,1.0
1473456,Abdul Samad,Lucknow Super Giants,6.0,4.0,,,
1473456,DA Miller,Lucknow Super Giants,4.0,4.0,,,
1473456,Q de Kock,Kolkata Knight Riders,15.0,10.0,,,
1473456,Akash Deep,Lucknow Super Giants,,,27.0,48.0,2.0
1473456,SN Thakur,Lucknow Super Giants,,,32.0,44.0,2.0
1473456,AM Rahane,Kolkata Knight Riders,61.0,40.0,,,
1473456,Avesh Khan,Lucknow Super Giants,,,24.0,45.0,1.0
1473456,DS Rathi,Lucknow Super Giants,,,26.0,31.0,1.0
1473456,VR Iyer,Kolkata Knight Riders,45.0,33.0,,,
1473456,Ravi Bishnoi,Lucknow Super Giants,,,27.0,44.0,1.0
1473456,Ramandeep Singh,Kolkata Knight Riders,1.0,2.0,,,
1473456,A Raghuvanshi,Kolkata Knight Riders,5.0,4.0,,,
1473456,RK Singh,Kolkata Knight Riders,38.0,16.0,,,
1473457,Abhishek Sharma,Sunrisers Hyderabad,18.0,16.0,7.0,17.0,
1473457,Mohammed Siraj,Gujarat Titans,,,24.0,17.0,4.0
1473457,TM Head,Sunrisers Hyderabad,8.0,5.0,,,
1473457,I Sharma,Gujarat Titans,,,24.0,53.0,
1473457,Ishan Kishan,Sunrisers Hyderabad,17.0,15.0,,,
1473457,Nithish Kumar Reddy,Sunrisers Hyderabad,31.0,35.0,,,
1473457,M Prasidh Krishna,Gujarat Titans,,,26.0,23.0,2.0
1473457,Rashid Khan,Gujarat Titans,,,24.0,31.0,
1473457,H Klaasen,Sunrisers Hyderabad,27.0,19.0,,,
1473457,R Sai Kishore,Gujarat Titans,,,24.0,24.0,2.0
1473457,Aniket Verma,Sunrisers Hyderabad,18.0,14.0,,,
1473457,PHKD Mendis,Sunrisers Hyderabad,1.0,5.0,6.0,12.0,
1473457,PJ Cummins,Sunrisers Hyderabad,22.0,9.0,22.0,26.0,1.0
1473457,Simarjeet Singh,Sunrisers Hyderabad,0.0,2.0,6.0,20.0,
1473457,Mohammed Shami,Sunrisers Hyderabad,6.0,2.0,26.0,26.0,2.0
1473457,B Sai Sudharsan,Gujarat Titans,5.0,10.0,,,
1473457,Shubman Gill,Gujarat Titans,61.0,43.0,,,
1473457,JC Buttler,Gujarat Titans,0.0,3.0,,,
1473457,Washington Sundar,Gujarat Titans,49.0,29.0,,,
1473457,JD Unadkat,Sunrisers Hyderabad,,,12.0,16.0,
1473457,Zeeshan Ansari,Sunrisers Hyderabad,,,24.0,33.0,
1473457,SE Rutherford,Gujarat Titans,35.0,18.0,,,
1473458,PD Salt,Royal Challengers Bengaluru,4.0,2.0,,,
1473458,TA Boult,Mumbai Indians,1.0,2.0,26.0,55.0,2.0
1473458,D Padikkal,Royal Challengers Bengaluru,37.0,22.0,,,
1473458,V Kohli,Royal Challengers Bengaluru,67.0,43.0,,,
1473458,DL Chahar,Mumbai Indians,0.0,1.0,13.0,28.0,
1473458,JJ Bumrah,Mumbai Indians,0.0,1.0,24.0,29.0,
1473458,WG Jacks,Mumbai Indians,22.0,18.0,6.0,10.0,
1473458,MJ Santner,Mumbai Indians,8.0,4.0,25.0,39.0,
1473458,HH Pandya,Mumbai Indians,42.0,18.0,27.0,42.0,2.0
1473458,V Puthur,Mumbai Indians,,,6.0,10.0,1.0
1473458,RM Patidar,Royal Challengers Bengaluru,64.0,36.0,,,
1473458,LS Livingstone,Royal Challengers Bengaluru,0.0,3.0,,,
1473458,JM Sharma,Royal Challengers Bengaluru,40.0,20.0,,,
1473458,TH David,Royal Challengers Bengaluru,1.0,1.0,,,
1473458,RG Sharma,Mumbai Indians,17.0,9.0,,,
1473458,B Kumar,Royal Challengers Bengaluru,,,25.0,47.0,1.0
1473458,RD Rickelton,Mumbai Indians,17.0,10.0,,,
1473458,Yash Dayal,Royal Challengers Bengaluru,,,24.0,46.0,2.0
1473458,JR Hazlewood,Royal Challengers Bengaluru,,,25.0,36.0,2.0
1473458,SA Yadav,Mumbai Indians,28.0,26.0,,,
1473458,Suyash Sharma,Royal Challengers Bengaluru,,,25.0,31.0,
1473458,KH Pandya,Royal Challengers Bengaluru,,,27.0,42.0,4.0
1473458,Tilak Varma,Mumbai Indians,56.0,31.0,,,
1473458,Naman Dhir,Mumbai Indians,11.0,6.0,,,
1473459,Priyansh Arya,Punjab Kings,103.0,43.0,,,
1473459,KK Ahmed,Chennai Super Kings,,,25.0,44.0,2.0
1473459,P Simran Singh,Punjab Kings,0.0,2.0,,,
1473459,Mukesh Choudhary,Chennai Super Kings,,,12.0,21.0,1.0
1473459,SS Iyer,Punjab Kings,9.0,7.0,,,
1473459,MP Stoinis,Punjab Kings,4.0,7.0,7.0,9.0,
1473459,R Ashwin,Chennai Super Kings,,,25.0,47.0,2.0
1473459,N Wadhera,Punjab Kings,9.0,7.0,,,
1473459,RA Jadeja,Chennai Super Kings,9.0,5.0,19.0,17.0,
1473459,GJ Maxwell,Punjab Kings,1.0,2.0,12.0,11.0,1.0
1473459,Shashank Singh,Punjab Kings,52.0,37.0,,,
1473459,Noor Ahmad,Chennai Super Kings,,,18.0,32.0,1.0
1473459,M Pathirana,Chennai Super Kings,,,25.0,51.0,
1473459,M Jansen,Punjab Kings,34.0,19.0,25.0,47.0,
1473459,R Ravindra,Chennai Super Kings,36.0,23.0,,,
1473459,Arshdeep Singh,Punjab Kings,,,25.0,38.0,
1473459,DP Conway,Chennai Super Kings,69.0,53.0,,,
1473459,Yash Thakur,Punjab Kings,,,25.0,38.0,1.0
1473459,RD Gaikwad,Chennai Super Kings,1.0,3.0,,,
1473459,LH Ferguson,Punjab Kings,,,29.0,34.0,3.0
1473459,S Dube,Chennai Super Kings,42.0,30.0,,,
1473459,MS Dhoni,Chennai Super Kings,27.0,13.0,,,
1473459,YS Chahal,Punjab Kings,,,6.0,9.0,
1473459,V Shankar,Chennai Super Kings,2.0,2.0,,,
1473460,B Sai Sudharsan,Gujarat Titans,82.0,59.0,,,
1473460,JC Archer,Rajasthan Royals,4.0,4.0,26.0,28.0,1.0
1473460,Shubman Gill,Gujarat Titans,2.0,4.0,,,
1473460,Fazalhaq Farooqi,Rajasthan Royals,,,24.0,38.0,
1473460,JC Buttler,Gujarat Titans,36.0,26.0,,,
1473460,TU Deshpande,Rajasthan Royals,3.0,3.0,31.0,46.0,2.0
1473460,Sandeep Sharma,Rajasthan Royals,6.0,6.0,27.0,38.0,1.0
1473460,M Theekshana,Rajasthan Royals,5.0,13.0,27.0,49.0,2.0
1473460,M Shahrukh Khan,Gujarat Titans,36.0,22.0,,,
1473460,SE Rutherford,Gujarat Titans,7.0,3.0,,,
1473460,R Tewatia,Gujarat Titans,24.0,15.0,,,
1473460,Rashid Khan,Gujarat Titans,12.0,6.0,26.0,35.0,2.0
1473460,YBK Jaiswal,Rajasthan Royals,6.0,10.0,,,
1473460,Mohammed Siraj,Gujarat Titans,,,28.0,26.0,1.0
1473460,SV Samson,Rajasthan Royals,41.0,28.0,,,
1473460,Arshad Khan,Gujarat Titans,,,13.0,18.0,1.0
1473460,N Rana,Rajasthan Royals,1.0,4.0,,,
1473460,R Parag,Rajasthan Royals,26.0,14.0,,,
1473460,M Prasidh Krishna,Gujarat Titans,,,24.0,24.0,3.0
1473460,K Khejroliya,Gujarat Titans,,,19.0,28.0,1.0
1473460,Dhruv Jurel,Rajasthan Royals,5.0,5.0,,,
1473460,SO Hetmyer,Rajasthan Royals,52.0,35.0,,,
1473460,SB Dubey,Rajasthan Royals,1.0,3.0,,,
1473460,R Sai Kishore,Gujarat Titans,,,15.0,19.0,2.0
1473461,PD Salt,Royal Challengers Bengaluru,37.0,18.0,,,
1473461,MA Starc,Delhi Capitals,,,20.0,29.0,
1473461,V Kohli,Royal Challengers Bengaluru,22.0,14.0,,,
1473461,AR Patel,Delhi Capitals,15.0,11.0,25.0,51.0,
1473461,D Padikkal,Royal Challengers Bengaluru,1.0,9.0,,,
1473461,V Nigam,Delhi Capitals,,,24.0,18.0,2.0
1473461,Mukesh Kumar,Delhi Capitals,,,21.0,23.0,1.0
1473461,RM Patidar,Royal Challengers Bengaluru,25.0,23.0,,,
1473461,LS Livingstone,Royal Challengers Bengaluru,4.0,6.0,6.0,14.0,
1473461,Kuldeep Yadav,Delhi Capitals,,,24.0,17.0,2.0
1473461,MM Sharma,Delhi Capitals,,,12.0,10.0,1.0
1473461,JM Sharma,Royal Challengers Bengaluru,3.0,11.0,,,
1473461,KH Pandya,Royal Challengers Bengaluru,18.0,18.0,12.0,19.0,
1473461,TH David,Royal Challengers Bengaluru,37.0,23.0,,,
1473461,B Kumar,Royal Challengers Bengaluru,1.0,4.0,25.0,25.0,2.0
1473461,F du Plessis,Delhi Capitals,2.0,7.0,,,
1473461,J Fraser-McGurk,Delhi Capitals,7.0,7.0,,,
1473461,Yash Dayal,Royal Challengers Bengaluru,,,25.0,39.0,1.0
1473461,KL Rahul,Delhi Capitals,93.0,55.0,,,
1473461,Abishek Porel,Delhi Capitals,7.0,7.0,,,
1473461,JR Hazlewood,Royal Challengers Bengaluru,,,18.0,40.0,
1473461,Suyash Sharma,Royal Challengers Bengaluru,,,24.0,25.0,1.0
1473461,T Stubbs,Delhi Capitals,38.0,23.0,,,
1473462,R Ravindra,Chennai Super Kings,4.0,9.0,,,
1473462,VG Arora,Kolkata Knight Riders,,,26.0,29.0,1.0
1473462,DP Conway,Chennai Super Kings,12.0,11.0,,,
1473462,MM Ali,Kolkata Knight Riders,,,25.0,19.0,1.0
1473462,RA Tripathi,Chennai Super Kings,16.0,22.0,,,
1473462,Harshit Rana,Kolkata Knight Riders,,,25.0,15.0,2.0
1473462,V Shankar,Chennai Super Kings,29.0,21.0,,,
1473462,CV Varun,Kolkata Knight Riders,,,24.0,22.0,2.0
1473462,SP Narine,Kolkata Knight Riders,44.0,20.0,24.0,13.0,3.0
1473462,S Dube,Chennai Super Kings,31.0,32.0,,,
1473462,R Ashwin,Chennai Super Kings,1.0,7.0,18.0,30.0,
1473462,RA Jadeja,Chennai Super Kings,0.0,2.0,2.0,8.0,
1473462,DJ Hooda,Chennai Super Kings,0.0,4.0,,,
1473462,MS Dhoni,Chennai Super Kings,1.0,4.0,,,
1473462,Noor Ahmad,Chennai Super Kings,1.0,8.0,12.0,8.0,1.0
1473462,A Kamboj,Chennai Super Kings,3.0,4.0,13.0,18.0,1.0
1473462,Q de Kock,Kolkata Knight Riders,23.0,16.0,,,
1473462,KK Ahmed,Chennai Super Kings,,,20.0,38.0,
1473462,AM Rahane,Kolkata Knight Riders,20.0,17.0,,,
1473462,RK Singh,Kolkata Knight Riders,15.0,12.0,,,
1473463,B Sai Sudharsan,Gujarat Titans,56.0,40.0,,,
1473463,SN Thakur,Lucknow Super Giants,,,27.0,31.0,2.0
1473463,Shubman Gill,Gujarat Titans,60.0,40.0,,,
1473463,Akash Deep,Lucknow Super Giants,,,19.0,32.0,
1473463,DS Rathi,Lucknow Super Giants,,,24.0,30.0,1.0
1473463,Avesh Khan,Lucknow Super Giants,,,24.0,32.0,1.0
1473463,Ravi Bishnoi,Lucknow Super Giants,,,28.0,32.0,2.0
1473463,AK Markram,Lucknow Super Giants,58.0,31.0,7.0,14.0,
1473463,JC Buttler,Gujarat Titans,16.0,14.0,,,
1473463,Washington Sundar,Gujarat Titans,2.0,4.0,24.0,28.0,1.0
1473463,SE Rutherford,Gujarat Titans,22.0,21.0,,,
1473463,M Shahrukh Khan,Gujarat Titans,11.0,7.0,,,
1473463,R Tewatia,Gujarat Titans,0.0,1.0,,,
1473463,Rashid Khan,Gujarat Titans,4.0,2.0,25.0,34.0,1.0
1473463,Mohammed Siraj,Gujarat Titans,,,25.0,45.0,
1473463,RR Pant,Lucknow Super Giants,21.0,20.0,,,
1473463,Arshad Khan,Gujarat Titans,,,12.0,11.0,
1473463,M Prasidh Krishna,Gujarat Titans,,,25.0,24.0,2.0
1473463,N Pooran,Lucknow Super Giants,61.0,34.0,,,
1473463,R Sai Kishore,Gujarat Titans,,,9.0,35.0,
1473463,A Badoni,Lucknow Super Giants,28.0,21.0,,,
1473463,DA Miller,Lucknow Super Giants,7.0,11.0,,,
1473463,Abdul Samad,Lucknow Super Giants,2.0,3.0,,,
1473464,Priyansh Arya,Punjab Kings,36.0,15.0,,,
1473464,Mohammed Shami,Sunrisers Hyderabad,,,24.0,75.0,
1473464,P Simran Singh,Punjab Kings,42.0,24.0,,,
1473464,PJ Cummins,Sunrisers Hyderabad,,,26.0,38.0,
1473464,HV Patel,Sunrisers Hyderabad,,,26.0,36.0,4.0
1473464,SS Iyer,Punjab Kings,82.0,39.0,,,
1473464,E Malinga,Sunrisers Hyderabad,,,26.0,43.0,2.0
1473464,N Wadhera,Punjab Kings,27.0,22.0,,,
1473464,Zeeshan Ansari,Sunrisers Hyderabad,,,26.0,39.0,
1473464,Shashank Singh,Punjab Kings,2.0,4.0,12.0,27.0,
1473464,GJ Maxwell,Punjab Kings,3.0,8.0,21.0,37.0,
1473464,MP Stoinis,Punjab Kings,34.0,11.0,5.0,5.0,
1473464,M Jansen,Punjab Kings,5.0,5.0,12.0,39.0,
1473464,TM Head,Sunrisers Hyderabad,66.0,41.0,,,
1473464,Arshdeep Singh,Punjab Kings,,,25.0,36.0,1.0
1473464,Abhishek Sharma,Sunrisers Hyderabad,141.0,59.0,,,
1473464,Yash Thakur,Punjab Kings,,,18.0,37.0,
1473464,LH Ferguson,Punjab Kings,,,2.0,1.0,
1473464,YS Chahal,Punjab Kings,,,25.0,55.0,1.0
1473464,H Klaasen,Sunrisers Hyderabad,21.0,14.0,,,
1473464,Ishan Kishan,Sunrisers Hyderabad,9.0,6.0,,,
1473465,YBK Jaiswal,Rajasthan Royals,75.0,48.0,,,
1473465,B Kumar,Royal Challengers Bengaluru,,,25.0,31.0,1.0
1473465,SV Samson,Rajasthan Royals,15.0,19.0,,,
1473465,Yash Dayal,Royal Challengers Bengaluru,,,24.0,36.0,1.0
1473465,JR Hazlewood,Royal Challengers Bengaluru,,,18.0,26.0,1.0
1473465,KH Pandya,Royal Challengers Bengaluru,,,24.0,29.0,1.0
1473465,R Parag,Rajasthan Royals,30.0,22.0,7.0,8.0,
1473465,LS Livingstone,Royal Challengers Bengaluru,,,6.0,8.0,
1473465,Suyash Sharma,Royal Challengers Bengaluru,,,25.0,38.0,
1473465,Dhruv Jurel,Rajasthan Royals,35.0,23.0,,,
1473465,SO Hetmyer,Rajasthan Royals,9.0,9.0,,,
1473465,N Rana,Rajasthan Royals,4.0,1.0,,,
1473465,PD Salt,Royal Challengers Bengaluru,65.0,34.0,,,
1473465,JC Archer,Rajasthan Royals,,,27.0,33.0,
1473465,V Kohli,Royal Challengers Bengaluru,62.0,47.0,,,
1473465,TU Deshpande,Rajasthan Royals,,,12.0,21.0,
1473465,Sandeep Sharma,Rajasthan Royals,,,16.0,28.0,
1473465,M Theekshana,Rajasthan Royals,,,12.0,21.0,
1473465,K Kartikeya,Rajasthan Royals,,,19.0,23.0,1.0
1473465,PWH de Silva,Rajasthan Royals,,,18.0,33.0,
1473465,D Padikkal,Royal Challengers Bengaluru,40.0,30.0,,,
1473466,RG Sharma,Mumbai Indians,18.0,12.0,,,
1473466,MA Starc,Delhi Capitals,1.0,2.0,19.0,42.0,
1473466,RD Rickelton,Mumbai Indians,41.0,27.0,,,
1473466,Mukesh Kumar,Delhi Capitals,,,25.0,37.0,1.0
1473466,V Nigam,Delhi Capitals,14.0,10.0,25.0,39.0,2.0
1473466,SA Yadav,Mumbai Indians,40.0,30.0,,,
1473466,Kuldeep Yadav,Delhi Capitals,1.0,1.0,24.0,23.0,2.0
1473466,Tilak Varma,Mumbai Indians,59.0,33.0,,,
1473466,AR Patel,Delhi Capitals,9.0,6.0,12.0,19.0,
1473466,MM Sharma,Delhi Capitals,0.0,1.0,19.0,39.0,
1473466,HH Pandya,Mumbai Indians,2.0,4.0,12.0,21.0,
1473466,Naman Dhir,Mumbai Indians,38.0,17.0,,,
1473466,WG Jacks,Mumbai Indians,1.0,1.0,,,
1473466,J Fraser-McGurk,Delhi Capitals,0.0,1.0,,,
1473466,DL Chahar,Mumbai Indians,,,18.0,24.0,1.0
1473466,KK Nair,Delhi Capitals,89.0,41.0,,,
1473466,Abishek Porel,Delhi Capitals,33.0,26.0,,,
1473466,TA Boult,Mumbai Indians,,,13.0,16.0,
1473466,JJ Bumrah,Mumbai Indians,,,24.0,44.0,1.0
1473466,MJ Santner,Mumbai Indians,,,27.0,40.0,2.0
1473466,KV Sharma,Mumbai Indians,,,25.0,35.0,3.0
1473466,KL Rahul,Delhi Capitals,15.0,13.0,,,
1473466,T Stubbs,Delhi Capitals,1.0,4.0,,,
1473466,Ashutosh Sharma,Delhi Capitals,17.0,14.0,,,
1473467,AK Markram,Lucknow Super Giants,6.0,6.0,24.0,25.0,1.0
1473467,KK Ahmed,Chennai Super Kings,,,24.0,38.0,1.0
1473467,MR Marsh,Lucknow Super Giants,30.0,26.0,,,
1473467,A Kamboj,Chennai Super Kings,,,18.0,20.0,1.0
1473467,N Pooran,Lucknow Super Giants,8.0,9.0,,,
1473467,RR Pant,Lucknow Super Giants,63.0,50.0,,,
1473467,J Overton,Chennai Super Kings,,,12.0,24.0,
1473467,RA Jadeja,Chennai Super Kings,7.0,12.0,18.0,24.0,2.0
1473467,Noor Ahmad,Chennai Super Kings,,,25.0,12.0,
1473467,A Badoni,Lucknow Super Giants,22.0,18.0,,,
1473467,M Pathirana,Chennai Super Kings,,,31.0,37.0,2.0
1473467,Abdul Samad,Lucknow Super Giants,20.0,13.0,,,
1473467,SN Thakur,Lucknow Super Giants,6.0,6.0,28.0,52.0,
1473467,SK Rasheed,Chennai Super Kings,27.0,21.0,,,
1473467,R Ravindra,Chennai Super Kings,37.0,22.0,,,
1473467,Akash Deep,Lucknow Super Giants,,,6.0,13.0,
1473467,DS Rathi,Lucknow Super Giants,,,26.0,21.0,1.0
1473467,Avesh Khan,Lucknow Super Giants,,,22.0,31.0,1.0
1473467,RA Tripathi,Chennai Super Kings,9.0,10.0,,,
1473467,Ravi Bishnoi,Lucknow Super Giants,,,20.0,16.0,2.0
1473467,S Dube,Chennai Super Kings,43.0,39.0,,,
1473467,V Shankar,Chennai Super Kings,9.0,9.0,,,
1473467,MS Dhoni,Chennai Super Kings,26.0,13.0,,,
1473468,Priyansh Arya,Punjab Kings,22.0,12.0,,,
1473468,VG Arora,Kolkata Knight Riders,0.0,7.0,15.0,26.0,1.0
1473468,P Simran Singh,Punjab Kings,30.0,15.0,,,
1473468,A Nortje,Kolkata Knight Riders,,,18.0,23.0,1.0
1473468,Harshit Rana,Kolkata Knight Riders,3.0,6.0,20.0,23.0,3.0
1473468,SS Iyer,Punjab Kings,0.0,2.0,,,
1473468,JP Inglis,Punjab Kings,2.0,6.0,,,
1473468,CV Varun,Kolkata Knight Riders,,,24.0,21.0,2.0
1473468,N Wadhera,Punjab Kings,10.0,10.0,,,
1473468,SP Narine,Kolkata Knight Riders,5.0,4.0,19.0,13.0,2.0
1473468,GJ Maxwell,Punjab Kings,7.0,11.0,12.0,5.0,1.0
1473468,Suryansh Shedge,Punjab Kings,4.0,4.0,,,
1473468,Shashank Singh,Punjab Kings,18.0,18.0,,,
1473468,M Jansen,Punjab Kings,1.0,2.0,19.0,17.0,3.0
1473468,XC Bartlett,Punjab Kings,11.0,15.0,18.0,30.0,1.0
1473468,Arshdeep Singh,Punjab Kings,1.0,1.0,18.0,11.0,1.0
1473468,Q de Kock,Kolkata Knight Riders,2.0,4.0,,,
1473468,A Raghuvanshi,Kolkata Knight Riders,37.0,29.0,,,
1473468,AM Rahane,Kolkata Knight Riders,17.0,17.0,,,
1473468,YS Chahal,Punjab Kings,,,25.0,27.0,4.0
1473468,VR Iyer,Kolkata Knight Riders,7.0,4.0,,,
1473468,RK Singh,Kolkata Knight Riders,2.0,9.0,,,
1473468,AD Russell,Kolkata Knight Riders,17.0,11.0,,,
1473468,Ramandeep Singh,Kolkata Knight Riders,0.0,1.0,,,
1473469,J Fraser-McGurk,Delhi Capitals,9.0,6.0,,,
1473469,JC Archer,Rajasthan Royals,,,26.0,30.0,2.0
1473469,Abishek Porel,Delhi Capitals,49.0,37.0,,,
1473469,TU Deshpande,Rajasthan Royals,,,18.0,38.0,
1473469,KK Nair,Delhi Capitals,0.0,3.0,,,
1473469,Sandeep Sharma,Rajasthan Royals,,,34.0,40.0,
1473469,KL Rahul,Delhi Capitals,45.0,36.0,,,
1473469,M Theekshana,Rajasthan Royals,,,24.0,40.0,1.0
1473469,PWH de Silva,Rajasthan Royals,,,24.0,38.0,1.0
1473469,R Parag,Rajasthan Royals,12.0,13.0,6.0,6.0,
1473469,T Stubbs,Delhi Capitals,40.0,19.0,6.0,12.0,
1473469,AR Patel,Delhi Capitals,34.0,14.0,18.0,23.0,1.0
1473469,Ashutosh Sharma,Delhi Capitals,15.0,17.0,,,
1473469,YBK Jaiswal,Rajasthan Royals,51.0,39.0,,,
1473469,MA Starc,Delhi Capitals,,,32.0,44.0,1.0
1473469,SV Samson,Rajasthan Royals,31.0,19.0,,,
1473469,Mukesh Kumar,Delhi Capitals,,,18.0,31.0,
1473469,MM Sharma,Delhi Capitals,,,25.0,37.0,
1473469,V Nigam,Delhi Capitals,,,7.0,12.0,
1473469,Kuldeep Yadav,Delhi Capitals,,,24.0,33.0,1.0
1473469,N Rana,Rajasthan Royals,51.0,28.0,,,
1473469,Dhruv Jurel,Rajasthan Royals,26.0,17.0,,,
1473469,SO Hetmyer,Rajasthan Royals,21.0,14.0,,,
1473470,Abhishek Sharma,Sunrisers Hyderabad,40.0,30.0,,,
1473470,DL Chahar,Mumbai Indians,,,26.0,45.0,
1473470,TM Head,Sunrisers Hyderabad,28.0,32.0,,,
1473470,TA Boult,Mumbai Indians,,,26.0,27.0,1.0
1473470,JJ Bumrah,Mumbai Indians,,,25.0,20.0,1.0
1473470,WG Jacks,Mumbai Indians,36.0,27.0,20.0,12.0,2.0
1473470,HH Pandya,Mumbai Indians,21.0,10.0,26.0,40.0,1.0
1473470,Ishan Kishan,Sunrisers Hyderabad,2.0,3.0,,,
1473470,Nithish Kumar Reddy,Sunrisers Hyderabad,19.0,21.0,,,
1473470,H Klaasen,Sunrisers Hyderabad,37.0,31.0,,,
1473470,MJ Santner,Mumbai Indians,0.0,1.0,6.0,8.0,
1473470,Aniket Verma,Sunrisers Hyderabad,18.0,8.0,,,
1473470,PJ Cummins,Sunrisers Hyderabad,8.0,4.0,25.0,25.0,3.0
1473470,RD Rickelton,Mumbai Indians,31.0,24.0,,,
1473470,Mohammed Shami,Sunrisers Hyderabad,,,18.0,28.0,
1473470,RG Sharma,Mumbai Indians,26.0,16.0,,,
1473470,E Malinga,Sunrisers Hyderabad,,,25.0,35.0,2.0
1473470,Zeeshan Ansari,Sunrisers Hyderabad,,,21.0,33.0,
1473470,HV Patel,Sunrisers Hyderabad,,,18.0,31.0,1.0
1473470,SA Yadav,Mumbai Indians,26.0,15.0,,,
1473470,RD Chahar,Sunrisers Hyderabad,,,6.0,9.0,
1473470,Tilak Varma,Mumbai Indians,21.0,17.0,,,
1473470,Naman Dhir,Mumbai Indians,0.0,3.0,,,
1473471,PD Salt,Royal Challengers Bengaluru,4.0,4.0,,,
1473471,Arshdeep Singh,Punjab Kings,,,18.0,23.0,2.0
1473471,RM Patidar,Royal Challengers Bengaluru,23.0,18.0,,,
1473471,XC Bartlett,Punjab Kings,,,18.0,26.0,1.0
1473471,V Kohli,Royal Challengers Bengaluru,1.0,3.0,,,
1473471,LS Livingstone,Royal Challengers Bengaluru,4.0,6.0,,,
1473471,M Jansen,Punjab Kings,,,18.0,10.0,2.0
1473471,JM Sharma,Royal Challengers Bengaluru,2.0,7.0,,,
1473471,YS Chahal,Punjab Kings,,,18.0,11.0,2.0
1473471,KH Pandya,Royal Challengers Bengaluru,1.0,2.0,6.0,10.0,
1473471,TH David,Royal Challengers Bengaluru,50.0,26.0,,,
1473471,MS Bhandage,Royal Challengers Bengaluru,1.0,4.0,,,
1473471,B Kumar,Royal Challengers Bengaluru,8.0,13.0,18.0,26.0,2.0
1473471,Harpreet Brar,Punjab Kings,,,13.0,24.0,2.0
1473471,Yash Dayal,Royal Challengers Bengaluru,0.0,1.0,15.0,16.0,
1473471,JR Hazlewood,Royal Challengers Bengaluru,0.0,1.0,18.0,14.0,3.0
1473471,Priyansh Arya,Punjab Kings,16.0,12.0,,,
1473471,P Simran Singh,Punjab Kings,13.0,9.0,,,
1473471,SS Iyer,Punjab Kings,7.0,10.0,,,
1473471,JP Inglis,Punjab Kings,14.0,18.0,,,
1473471,Suyash Sharma,Royal Challengers Bengaluru,,,18.0,25.0,
1473471,N Wadhera,Punjab Kings,33.0,19.0,,,
1473471,Shashank Singh,Punjab Kings,1.0,5.0,,,
1473471,MP Stoinis,Punjab Kings,7.0,2.0,,,
1473472,Abishek Porel,Delhi Capitals,18.0,11.0,,,
1473472,Mohammed Siraj,Gujarat Titans,,,27.0,44.0,1.0
1473472,KK Nair,Delhi Capitals,31.0,20.0,,,
1473472,Arshad Khan,Gujarat Titans,,,26.0,44.0,1.0
1473472,KL Rahul,Delhi Capitals,28.0,14.0,,,
1473472,M Prasidh Krishna,Gujarat Titans,,,26.0,39.0,4.0
1473472,AR Patel,Delhi Capitals,39.0,33.0,12.0,18.0,
1473472,Rashid Khan,Gujarat Titans,,,24.0,38.0,
1473472,T Stubbs,Delhi Capitals,31.0,22.0,,,
1473472,I Sharma,Gujarat Titans,,,19.0,18.0,1.0
1473472,Ashutosh Sharma,Delhi Capitals,37.0,22.0,,,
1473472,V Nigam,Delhi Capitals,0.0,1.0,25.0,33.0,
1473472,D Ferreira,Delhi Capitals,1.0,3.0,,,
1473472,MA Starc,Delhi Capitals,2.0,2.0,20.0,49.0,
1473472,R Sai Kishore,Gujarat Titans,,,7.0,8.0,1.0
1473472,Kuldeep Yadav,Delhi Capitals,4.0,1.0,25.0,29.0,1.0
1473472,B Sai Sudharsan,Gujarat Titans,36.0,21.0,,,
1473472,Shubman Gill,Gujarat Titans,7.0,5.0,,,
1473472,Mukesh Kumar,Delhi Capitals,,,27.0,37.0,1.0
1473472,JC Buttler,Gujarat Titans,97.0,56.0,,,
1473472,SE Rutherford,Gujarat Titans,43.0,36.0,,,
1473472,MM Sharma,Delhi Capitals,,,12.0,28.0,
1473472,R Tewatia,Gujarat Titans,11.0,3.0,,,
1473473,MR Marsh,Lucknow Super Giants,4.0,6.0,,,
1473473,JC Archer,Rajasthan Royals,,,25.0,31.0,1.0
1473473,AK Markram,Lucknow Super Giants,66.0,46.0,12.0,18.0,1.0
1473473,M Theekshana,Rajasthan Royals,,,25.0,31.0,
1473473,N Pooran,Lucknow Super Giants,11.0,8.0,,,
1473473,Sandeep Sharma,Rajasthan Royals,,,24.0,55.0,1.0
1473473,RR Pant,Lucknow Super Giants,3.0,9.0,,,
1473473,TU Deshpande,Rajasthan Royals,,,27.0,23.0,1.0
1473473,PWH de Silva,Rajasthan Royals,,,24.0,31.0,2.0
1473473,A Badoni,Lucknow Super Giants,50.0,37.0,,,
1473473,DA Miller,Lucknow Super Giants,7.0,9.0,,,
1473473,Abdul Samad,Lucknow Super Giants,30.0,10.0,,,
1473473,YBK Jaiswal,Rajasthan Royals,74.0,52.0,,,
1473473,SN Thakur,Lucknow Super Giants,,,18.0,34.0,1.0
1473473,V Suryavanshi,Rajasthan Royals,34.0,20.0,,,
1473473,Avesh Khan,Lucknow Super Giants,,,24.0,37.0,3.0
1473473,DS Rathi,Lucknow Super Giants,,,24.0,30.0,
1473473,Prince Yadav,Lucknow Super Giants,,,24.0,39.0,
1473473,Ravi Bishnoi,Lucknow Super Giants,,,19.0,18.0,
1473473,N Rana,Rajasthan Royals,8.0,7.0,,,
1473473,R Parag,Rajasthan Royals,39.0,27.0,,,
1473473,Dhruv Jurel,Rajasthan Royals,6.0,5.0,,,
1473473,SO Hetmyer,Rajasthan Royals,12.0,7.0,,,
1473473,SB Dubey,Rajasthan Royals,3.0,3.0,,,
1473474,Priyansh Arya,Punjab Kings,22.0,15.0,,,
1473474,B Kumar,Royal Challengers Bengaluru,,,25.0,25.0,
1473474,P Simran Singh,Punjab Kings,33.0,18.0,,,
1473474,Yash Dayal,Royal Challengers Bengaluru,,,12.0,22.0,
1473474,JR Hazlewood,Royal Challengers Bengaluru,,,24.0,39.0,
1473474,KH Pandya,Royal Challengers Bengaluru,,,25.0,23.0,2.0
1473474,SS Iyer,Punjab Kings,6.0,10.0,,,
1473474,JP Inglis,Punjab Kings,29.0,17.0,,,
1473474,R Shepherd,Royal Challengers Bengaluru,,,13.0,17.0,1.0
1473474,N Wadhera,Punjab Kings,5.0,7.0,5.0,9.0,
1473474,Suyash Sharma,Royal Challengers Bengaluru,,,24.0,26.0,2.0
1473474,Shashank Singh,Punjab Kings,31.0,33.0,,,
1473474,MP Stoinis,Punjab Kings,1.0,2.0,6.0,13.0,
1473474,M Jansen,Punjab Kings,25.0,21.0,19.0,19.0,
1473474,PD Salt,Royal Challengers Bengaluru,1.0,3.0,,,
1473474,Arshdeep Singh,Punjab Kings,,,18.0,26.0,1.0
1473474,V Kohli,Royal Challengers Bengaluru,73.0,55.0,,,
1473474,XC Bartlett,Punjab Kings,,,18.0,28.0,
1473474,D Padikkal,Royal Challengers Bengaluru,61.0,35.0,,,
1473474,Harpreet Brar,Punjab Kings,,,24.0,27.0,1.0
1473474,YS Chahal,Punjab Kings,,,24.0,36.0,1.0
1473474,RM Patidar,Royal Challengers Bengaluru,12.0,13.0,,,
1473474,JM Sharma,Royal Challengers Bengaluru,11.0,8.0,,,
1473475,SK Rasheed,Chennai Super Kings,19.0,20.0,,,
1473475,DL Chahar,Mumbai Indians,,,26.0,30.0,1.0
1473475,R Ravindra,Chennai Super Kings,5.0,9.0,,,
1473475,TA Boult,Mumbai Indians,,,25.0,42.0,
1473475,Ashwani Kumar,Mumbai Indians,,,12.0,42.0,1.0
1473475,A Mhatre,Chennai Super Kings,32.0,17.0,,,
1473475,MJ Santner,Mumbai Indians,,,20.0,12.0,1.0
1473475,RA Jadeja,Chennai Super Kings,53.0,37.0,18.0,28.0,1.0
1473475,JJ Bumrah,Mumbai Indians,,,25.0,24.0,2.0
1473475,S Dube,Chennai Super Kings,50.0,34.0,,,
1473475,WG Jacks,Mumbai Indians,,,6.0,4.0,
1473475,HH Pandya,Mumbai Indians,,,12.0,13.0,
1473475,MS Dhoni,Chennai Super Kings,4.0,6.0,,,
1473475,J Overton,Chennai Super Kings,4.0,3.0,17.0,24.0,
1473475,RD Rickelton,Mumbai Indians,24.0,19.0,,,
1473475,KK Ahmed,Chennai Super Kings,,,12.0,24.0,
1473475,RG Sharma,Mumbai Indians,76.0,53.0,,,
1473475,R Ashwin,Chennai Super Kings,,,24.0,25.0,
1473475,SA Yadav,Mumbai Indians,68.0,30.0,,,
1473475,Noor Ahmad,Chennai Super Kings,,,18.0,36.0,
1473475,M Pathirana,Chennai Super Kings,,,13.0,31.0,
1473476,B Sai Sudharsan,Gujarat Titans,52.0,38.0,,,
1473476,VG Arora,Kolkata Knight Riders,,,25.0,43.0,1.0
1473476,Shubman Gill,Gujarat Titans,90.0,56.0,,,
1473476,MM Ali,Kolkata Knight Riders,0.0,2.0,18.0,27.0,
1473476,Harshit Rana,Kolkata Knight Riders,1.0,2.0,26.0,43.0,1.0
1473476,CV Varun,Kolkata Knight Riders,,,24.0,33.0,
1473476,SP Narine,Kolkata Knight Riders,17.0,14.0,25.0,35.0,
1473476,AD Russell,Kolkata Knight Riders,21.0,17.0,6.0,13.0,1.0
1473476,JC Buttler,Gujarat Titans,41.0,23.0,,,
1473476,R Tewatia,Gujarat Titans,0.0,2.0,,,
1473476,M Shahrukh Khan,Gujarat Titans,11.0,5.0,,,
1473476,Rahmanullah Gurbaz,Kolkata Knight Riders,1.0,4.0,,,
1473476,Mohammed Siraj,Gujarat Titans,,,25.0,30.0,1.0
1473476,AM Rahane,Kolkata Knight Riders,50.0,38.0,,,
1473476,I Sharma,Gujarat Titans,,,12.0,18.0,1.0
1473476,M Prasidh Krishna,Gujarat Titans,,,25.0,24.0,2.0
1473476,Rashid Khan,Gujarat Titans,,,24.0,25.0,2.0
1473476,VR Iyer,Kolkata Knight Riders,14.0,19.0,,,
1473476,Washington Sundar,Gujarat Titans,,,19.0,35.0,1.0
1473476,R Sai Kishore,Gujarat Titans,,,20.0,17.0,1.0
1473476,RK Singh,Kolkata Knight Riders,17.0,14.0,,,
1473476,Ramandeep Singh,Kolkata Knight Riders,1.0,2.0,,,
1473476,A Raghuvanshi,Kolkata Knight Riders,27.0,13.0,,,
1473477,AK Markram,Lucknow Super Giants,52.0,33.0,19.0,29.0,2.0
1473477,AR Patel,Delhi Capitals,34.0,21.0,24.0,29.0,
1473477,MR Marsh,Lucknow Super Giants,45.0,36.0,,,
1473477,MA Starc,Delhi Capitals,,,24.0,25.0,1.0
1473477,Mukesh Kumar,Delhi Capitals,,,24.0,33.0,4.0
1473477,PVD Chameera,Delhi Capitals,,,18.0,25.0,1.0
1473477,V Nigam,Delhi Capitals,,,6.0,14.0,
1473477,Kuldeep Yadav,Delhi Capitals,,,25.0,32.0,
1473477,N Pooran,Lucknow Super Giants,9.0,5.0,,,
1473477,Abdul Samad,Lucknow Super Giants,2.0,8.0,,,
1473477,DA Miller,Lucknow Super Giants,14.0,16.0,,,
1473477,A Badoni,Lucknow Super Giants,36.0,21.0,,,
1473477,RR Pant,Lucknow Super Giants,0.0,2.0,,,
1473477,Abishek Porel,Delhi Capitals,51.0,36.0,,,
1473477,SN Thakur,Lucknow Super Giants,,,13.0,27.0,
1473477,KK Nair,Delhi Capitals,15.0,11.0,,,
1473477,DS Rathi,Lucknow Super Giants,,,24.0,24.0,
1473477,Prince Yadav,Lucknow Super Giants,,,17.0,23.0,
1473477,KL Rahul,Delhi Capitals,57.0,42.0,,,
1473477,Avesh Khan,Lucknow Super Giants,,,19.0,18.0,
1473477,Ravi Bishnoi,Lucknow Super Giants,,,18.0,36.0,
1473478,TM Head,Sunrisers Hyderabad,0.0,4.0,,,
1473478,DL Chahar,Mumbai Indians,,,25.0,11.0,2.0
1473478,Abhishek Sharma,Sunrisers Hyderabad,8.0,9.0,,,
1473478,TA Boult,Mumbai Indians,,,25.0,25.0,4.0
1473478,Ishan Kishan,Sunrisers Hyderabad,1.0,4.0,,,
1473478,Nithish Kumar Reddy,Sunrisers Hyderabad,2.0,6.0,,,
1473478,H Klaasen,Sunrisers Hyderabad,71.0,46.0,,,
1473478,Aniket Verma,Sunrisers Hyderabad,12.0,14.0,,,
1473478,JJ Bumrah,Mumbai Indians,,,24.0,39.0,1.0
1473478,MJ Santner,Mumbai Indians,,,24.0,19.0,
1473478,HH Pandya,Mumbai Indians,,,19.0,30.0,1.0
1473478,A Manohar,Sunrisers Hyderabad,43.0,37.0,,,
1473478,V Puthur,Mumbai Indians,,,6.0,15.0,
1473478,PJ Cummins,Sunrisers Hyderabad,1.0,2.0,18.0,31.0,
1473478,HV Patel,Sunrisers Hyderabad,1.0,1.0,18.0,21.0,
1473478,RD Rickelton,Mumbai Indians,11.0,8.0,,,
1473478,RG Sharma,Mumbai Indians,70.0,46.0,,,
1473478,JD Unadkat,Sunrisers Hyderabad,,,18.0,25.0,1.0
1473478,WG Jacks,Mumbai Indians,22.0,19.0,,,
1473478,E Malinga,Sunrisers Hyderabad,,,19.0,32.0,1.0
1473478,Zeeshan Ansari,Sunrisers Hyderabad,,,22.0,36.0,1.0
1473478,SA Yadav,Mumbai Indians,40.0,20.0,,,
1473478,Tilak Varma,Mumbai Indians,2.0,2.0,,,
1473479,PD Salt,Royal Challengers Bengaluru,26.0,25.0,,,
1473479,JC Archer,Rajasthan Royals,0.0,1.0,26.0,27.0,1.0
1473479,V Kohli,Royal Challengers Bengaluru,70.0,44.0,,,
1473479,Fazalhaq Farooqi,Rajasthan Royals,2.0,2.0,19.0,29.0,
1473479,TU Deshpande,Rajasthan Royals,1.0,2.0,14.0,34.0,
1473479,Sandeep Sharma,Rajasthan Royals,,,28.0,41.0,2.0
1473479,PWH de Silva,Rajasthan Royals,1.0,3.0,25.0,29.0,1.0
1473479,D Padikkal,Royal Challengers Bengaluru,50.0,30.0,,,
1473479,R Parag,Rajasthan Royals,22.0,10.0,18.0,30.0,
1473479,TH David,Royal Challengers Bengaluru,23.0,16.0,,,
1473479,RM Patidar,Royal Challengers Bengaluru,1.0,3.0,,,
1473479,JM Sharma,Royal Challengers Bengaluru,20.0,12.0,,,
1473479,YBK Jaiswal,Rajasthan Royals,49.0,19.0,,,
1473479,B Kumar,Royal Challengers Bengaluru,,,24.0,50.0,1.0
1473479,V Suryavanshi,Rajasthan Royals,16.0,13.0,,,
1473479,Yash Dayal,Royal Challengers Bengaluru,,,19.0,32.0,1.0
1473479,JR Hazlewood,Royal Challengers Bengaluru,,,25.0,32.0,4.0
1473479,N Rana,Rajasthan Royals,28.0,22.0,,,
1473479,R Shepherd,Royal Challengers Bengaluru,,,6.0,15.0,
1473479,Suyash Sharma,Royal Challengers Bengaluru,,,24.0,31.0,
1473479,KH Pandya,Royal Challengers Bengaluru,,,25.0,29.0,2.0
1473479,Dhruv Jurel,Rajasthan Royals,47.0,36.0,,,
1473479,SO Hetmyer,Rajasthan Royals,11.0,8.0,,,
1473479,SB Dubey,Rajasthan Royals,12.0,7.0,,,
1473480,SK Rasheed,Chennai Super Kings,0.0,1.0,,,
1473480,Mohammed Shami,Sunrisers Hyderabad,,,19.0,27.0,1.0
1473480,SM Curran,Chennai Super Kings,9.0,10.0,12.0,25.0,
1473480,A Mhatre,Chennai Super Kings,30.0,19.0,,,
1473480,PJ Cummins,Sunrisers Hyderabad,,,24.0,21.0,2.0
1473480,JD Unadkat,Sunrisers Hyderabad,,,18.0,20.0,2.0
1473480,HV Patel,Sunrisers Hyderabad,,,26.0,26.0,4.0
1473480,RA Jadeja,Chennai Super Kings,21.0,17.0,22.0,22.0,1.0
1473480,D Brevis,Chennai Super Kings,42.0,25.0,,,
1473480,Zeeshan Ansari,Sunrisers Hyderabad,,,18.0,27.0,
1473480,PHKD Mendis,Sunrisers Hyderabad,32.0,25.0,18.0,26.0,1.0
1473480,S Dube,Chennai Super Kings,12.0,9.0,,,
1473480,DJ Hooda,Chennai Super Kings,22.0,23.0,,,
1473480,MS Dhoni,Chennai Super Kings,6.0,10.0,,,
1473480,A Kamboj,Chennai Super Kings,2.0,4.0,18.0,16.0,1.0
1473480,Noor Ahmad,Chennai Super Kings,2.0,3.0,27.0,35.0,2.0
1473480,KK Ahmed,Chennai Super Kings,1.0,2.0,19.0,20.0,1.0
1473480,Abhishek Sharma,Sunrisers Hyderabad,0.0,2.0,,,
1473480,Ishan Kishan,Sunrisers Hyderabad,44.0,35.0,,,
1473480,TM Head,Sunrisers Hyderabad,19.0,16.0,,,
1473480,H Klaasen,Sunrisers Hyderabad,7.0,8.0,,,
1473480,Aniket Verma,Sunrisers Hyderabad,19.0,21.0,,,
1473480,M Pathirana,Chennai Super Kings,,,23.0,22.0,
1473480,Nithish Kumar Reddy,Sunrisers Hyderabad,19.0,14.0,,,
1473481,Priyansh Arya,Punjab Kings,69.0,36.0,,,
1473481,VG Arora,Kolkata Knight Riders,,,25.0,33.0,2.0
1473481,P Simran Singh,Punjab Kings,83.0,50.0,,,
1473481,C Sakariya,Kolkata Knight Riders,,,19.0,38.0,
1473481,Harshit Rana,Kolkata Knight Riders,,,12.0,27.0,
1473481,CV Varun,Kolkata Knight Riders,,,24.0,39.0,1.0
1473481,SP Narine,Kolkata Knight Riders,4.0,3.0,25.0,34.0,
1473481,AD Russell,Kolkata Knight Riders,,,18.0,27.0,1.0
1473481,SS Iyer,Punjab Kings,25.0,16.0,,,
1473481,GJ Maxwell,Punjab Kings,7.0,8.0,,,
1473481,M Jansen,Punjab Kings,3.0,7.0,7.0,5.0,
1473481,JP Inglis,Punjab Kings,11.0,6.0,,,
1473481,Rahmanullah Gurbaz,Kolkata Knight Riders,1.0,4.0,,,
1473482,RD Rickelton,Mumbai Indians,58.0,33.0,,,
1473482,MP Yadav,Lucknow Super Giants,,,28.0,36.0,2.0
1473482,Prince Yadav,Lucknow Super Giants,4.0,10.0,25.0,43.0,1.0
1473482,RG Sharma,Mumbai Indians,12.0,6.0,,,
1473482,WG Jacks,Mumbai Indians,29.0,21.0,12.0,18.0,2.0
1473482,DS Rathi,Lucknow Super Giants,1.0,4.0,24.0,48.0,1.0
1473482,Ravi Bishnoi,Lucknow Super Giants,13.0,14.0,24.0,41.0,1.0
1473482,Avesh Khan,Lucknow Super Giants,0.0,1.0,24.0,42.0,2.0
1473482,SA Yadav,Mumbai Indians,54.0,29.0,,,
1473482,Tilak Varma,Mumbai Indians,6.0,5.0,,,
1473482,HH Pandya,Mumbai Indians,5.0,7.0,6.0,10.0,
1473482,Naman Dhir,Mumbai Indians,25.0,13.0,,,
1473482,C Bosch,Mumbai Indians,20.0,10.0,27.0,23.0,1.0
1473482,DL Chahar,Mumbai Indians,1.0,1.0,20.0,36.0,
1473482,MR Marsh,Lucknow Super Giants,34.0,24.0,,,
1473482,TA Boult,Mumbai Indians,,,24.0,20.0,3.0
1473482,AK Markram,Lucknow Super Giants,9.0,11.0,,,
1473482,JJ Bumrah,Mumbai Indians,,,25.0,21.0,4.0
1473482,N Pooran,Lucknow Super Giants,27.0,17.0,,,
1473482,RR Pant,Lucknow Super Giants,4.0,2.0,,,
1473482,A Badoni,Lucknow Super Giants,35.0,22.0,,,
1473482,KV Sharma,Mumbai Indians,,,12.0,25.0,
1473482,DA Miller,Lucknow Super Giants,24.0,17.0,,,
1473482,Abdul Samad,Lucknow Super Giants,2.0,4.0,,,
1473483,Abishek Porel,Delhi Capitals,28.0,11.0,,,
1473483,B Kumar,Royal Challengers Bengaluru,,,24.0,33.0,3.0
1473483,F du Plessis,Delhi Capitals,22.0,27.0,,,
1473483,Yash Dayal,Royal Challengers Bengaluru,,,26.0,40.0,1.0
1473483,JR Hazlewood,Royal Challengers Bengaluru,,,25.0,35.0,2.0
1473483,KK Nair,Delhi Capitals,4.0,4.0,,,
1473483,KL Rahul,Delhi Capitals,41.0,39.0,,,
1473483,Suyash Sharma,Royal Challengers Bengaluru,,,24.0,22.0,
1473483,KH Pandya,Royal Challengers Bengaluru,73.0,49.0,24.0,28.0,1.0
1473483,AR Patel,Delhi Capitals,15.0,13.0,25.0,18.0,2.0
1473483,T Stubbs,Delhi Capitals,34.0,19.0,,,
1473483,Ashutosh Sharma,Delhi Capitals,2.0,3.0,,,
1473483,V Nigam,Delhi Capitals,12.0,6.0,7.0,11.0,
1473483,PVD Chameera,Delhi Capitals,0.0,1.0,19.0,23.0,1.0
1473483,JG Bethell,Royal Challengers Bengaluru,12.0,6.0,,,
1473483,V Kohli,Royal Challengers Bengaluru,51.0,47.0,,,
1473483,MA Starc,Delhi Capitals,,,18.0,31.0,
1473483,D Padikkal,Royal Challengers Bengaluru,0.0,2.0,,,
1473483,RM Patidar,Royal Challengers Bengaluru,6.0,6.0,,,
1473483,Mukesh Kumar,Delhi Capitals,,,22.0,50.0,
1473483,Kuldeep Yadav,Delhi Capitals,,,24.0,28.0,
1473483,TH David,Royal Challengers Bengaluru,19.0,5.0,,,
1473484,B Sai Sudharsan,Gujarat Titans,39.0,30.0,,,
1473484,JC Archer,Rajasthan Royals,,,24.0,49.0,1.0
1473484,Shubman Gill,Gujarat Titans,84.0,55.0,,,
1473484,M Theekshana,Rajasthan Royals,,,27.0,32.0,2.0
1473484,Yudhvir Singh,Rajasthan Royals,,,18.0,38.0,
1473484,Sandeep Sharma,Rajasthan Royals,,,28.0,29.0,1.0
1473484,R Parag,Rajasthan Royals,32.0,15.0,6.0,14.0,
1473484,PWH de Silva,Rajasthan Royals,,,25.0,38.0,
1473484,JC Buttler,Gujarat Titans,50.0,27.0,,,
1473484,Washington Sundar,Gujarat Titans,13.0,10.0,11.0,34.0,
1473484,R Tewatia,Gujarat Titans,9.0,4.0,,,
1473484,M Shahrukh Khan,Gujarat Titans,5.0,2.0,,,
1473484,YBK Jaiswal,Rajasthan Royals,70.0,40.0,,,
1473484,Mohammed Siraj,Gujarat Titans,,,14.0,22.0,
1473484,V Suryavanshi,Rajasthan Royals,101.0,42.0,,,
1473484,I Sharma,Gujarat Titans,,,14.0,34.0,
1473484,M Prasidh Krishna,Gujarat Titans,,,24.0,47.0,1.0
1473484,Rashid Khan,Gujarat Titans,,,24.0,24.0,1.0
1473484,Karim Janat,Gujarat Titans,,,6.0,30.0,
1473484,N Rana,Rajasthan Royals,4.0,2.0,,,
1473484,R Sai Kishore,Gujarat Titans,,,6.0,16.0,
1473485,Rahmanullah Gurbaz,Kolkata Knight Riders,26.0,12.0,,,
1473485,MA Starc,Delhi Capitals,0.0,1.0,25.0,42.0,3.0
1473485,SP Narine,Kolkata Knight Riders,27.0,19.0,24.0,29.0,3.0
1473485,PVD Chameera,Delhi Capitals,2.0,3.0,24.0,40.0,1.0
1473485,Mukesh Kumar,Delhi Capitals,,,14.0,15.0,
1473485,AM Rahane,Kolkata Knight Riders,26.0,15.0,,,
1473485,V Nigam,Delhi Capitals,38.0,19.0,26.0,39.0,2.0
1473485,A Raghuvanshi,Kolkata Knight Riders,44.0,32.0,,,
1473485,AR Patel,Delhi Capitals,43.0,25.0,25.0,26.0,2.0
1473485,VR Iyer,Kolkata Knight Riders,7.0,5.0,,,
1473485,RK Singh,Kolkata Knight Riders,36.0,27.0,,,
1473485,Kuldeep Yadav,Delhi Capitals,1.0,1.0,18.0,27.0,
1473485,AD Russell,Kolkata Knight Riders,17.0,12.0,14.0,20.0,1.0
1473485,R Powell,Kolkata Knight Riders,5.0,7.0,,,
1473485,AS Roy,Kolkata Knight Riders,0.0,1.0,25.0,26.0,1.0
1473485,Harshit Rana,Kolkata Knight Riders,0.0,1.0,24.0,49.0,
1473485,CV Varun,Kolkata Knight Riders,1.0,1.0,25.0,38.0,2.0
1473485,Abishek Porel,Delhi Capitals,4.0,2.0,,,
1473485,KK Nair,Delhi Capitals,15.0,14.0,,,
1473485,F du Plessis,Delhi Capitals,62.0,46.0,,,
1473485,VG Arora,Kolkata Knight Riders,,,13.0,18.0,1.0
1473485,KL Rahul,Delhi Capitals,7.0,5.0,,,
1473485,T Stubbs,Delhi Capitals,1.0,3.0,,,
1473485,Ashutosh Sharma,Delhi Capitals,7.0,6.0,,,
1473486,SK Rasheed,Chennai Super Kings,11.0,14.0,,,
1473486,Arshdeep Singh,Punjab Kings,,,26.0,19.0,2.0
1473486,A Mhatre,Chennai Super Kings,7.0,7.0,,,
1473486,M Jansen,Punjab Kings,4.0,2.0,26.0,28.0,2.0
1473486,SM Curran,Chennai Super Kings,88.0,51.0,18.0,27.0,
1473486,RA Jadeja,Chennai Super Kings,17.0,12.0,18.0,32.0,1.0
1473486,Azmatullah Omarzai,Punjab Kings,,,26.0,36.0,1.0
1473486,Harpreet Brar,Punjab Kings,,,12.0,21.0,1.0
1473486,D Brevis,Chennai Super Kings,32.0,28.0,,,
1473486,YS Chahal,Punjab Kings,,,19.0,31.0,4.0
1473486,Suryansh Shedge,Punjab Kings,1.0,4.0,19.0,39.0,
1473486,S Dube,Chennai Super Kings,6.0,7.0,,,
1473486,MS Dhoni,Chennai Super Kings,11.0,5.0,,,
1473486,DJ Hooda,Chennai Super Kings,2.0,2.0,,,
1473486,A Kamboj,Chennai Super Kings,0.0,1.0,12.0,20.0,
1473486,Noor Ahmad,Chennai Super Kings,0.0,1.0,24.0,39.0,1.0
1473486,Priyansh Arya,Punjab Kings,23.0,15.0,,,
1473486,KK Ahmed,Chennai Super Kings,,,23.0,27.0,2.0
1473486,P Simran Singh,Punjab Kings,54.0,36.0,,,
1473486,SS Iyer,Punjab Kings,72.0,43.0,,,
1473486,M Pathirana,Chennai Super Kings,,,26.0,43.0,2.0
1473486,N Wadhera,Punjab Kings,5.0,3.0,,,
1473486,Shashank Singh,Punjab Kings,23.0,12.0,,,
1473486,JP Inglis,Punjab Kings,6.0,6.0,,,
1473487,RD Rickelton,Mumbai Indians,61.0,40.0,,,
1473487,JC Archer,Rajasthan Royals,30.0,27.0,24.0,42.0,
1473487,RG Sharma,Mumbai Indians,53.0,37.0,,,
1473487,Fazalhaq Farooqi,Rajasthan Royals,,,25.0,53.0,
1473487,M Theekshana,Rajasthan Royals,2.0,9.0,27.0,44.0,1.0
1473487,K Kartikeya,Rajasthan Royals,2.0,4.0,12.0,22.0,
1473487,Akash Madhwal,Rajasthan Royals,4.0,9.0,25.0,38.0,
1473487,R Parag,Rajasthan Royals,16.0,8.0,13.0,11.0,1.0
1473487,SA Yadav,Mumbai Indians,48.0,24.0,,,
1473487,HH Pandya,Mumbai Indians,48.0,25.0,6.0,2.0,1.0
1473487,YBK Jaiswal,Rajasthan Royals,13.0,6.0,,,
1473487,DL Chahar,Mumbai Indians,,,14.0,6.0,1.0
1473487,V Suryavanshi,Rajasthan Royals,0.0,2.0,,,
1473487,N Rana,Rajasthan Royals,9.0,14.0,,,
1473487,TA Boult,Mumbai Indians,,,14.0,27.0,3.0
1473487,JJ Bumrah,Mumbai Indians,,,24.0,15.0,2.0
1473487,Dhruv Jurel,Rajasthan Royals,11.0,11.0,,,
1473487,SO Hetmyer,Rajasthan Royals,0.0,1.0,,,
1473487,SB Dubey,Rajasthan Royals,15.0,9.0,,,
1473487,C Bosch,Mumbai Indians,,,18.0,29.0,
1473487,KV Sharma,Mumbai Indians,,,24.0,23.0,3.0
1473488,B Sai Sudharsan,Gujarat Titans,48.0,23.0,,,
1473488,Mohammed Shami,Sunrisers Hyderabad,,,18.0,48.0,
1473488,Shubman Gill,Gujarat Titans,76.0,39.0,,,
1473488,JD Unadkat,Sunrisers Hyderabad,,,25.0,34.0,3.0
1473488,PJ Cummins,Sunrisers Hyderabad,19.0,10.0,25.0,39.0,1.0
1473488,HV Patel,Sunrisers Hyderabad,,,18.0,41.0,
1473488,Zeeshan Ansari,Sunrisers Hyderabad,,,25.0,41.0,1.0
1473488,JC Buttler,Gujarat Titans,64.0,38.0,,,
1473488,PHKD Mendis,Sunrisers Hyderabad,0.0,1.0,12.0,18.0,
1473488,Washington Sundar,Gujarat Titans,21.0,17.0,7.0,5.0,
1473488,M Shahrukh Khan,Gujarat Titans,6.0,2.0,,,
1473488,R Tewatia,Gujarat Titans,6.0,3.0,,,
1473488,Rashid Khan,Gujarat Titans,0.0,1.0,18.0,50.0,
1473488,TM Head,Sunrisers Hyderabad,20.0,19.0,,,
1473488,Mohammed Siraj,Gujarat Titans,,,26.0,31.0,2.0
1473488,Abhishek Sharma,Sunrisers Hyderabad,74.0,44.0,,,
1473488,I Sharma,Gujarat Titans,,,22.0,33.0,1.0
1473488,M Prasidh Krishna,Gujarat Titans,,,25.0,18.0,2.0
1473488,Ishan Kishan,Sunrisers Hyderabad,13.0,17.0,,,
1473488,G Coetzee,Gujarat Titans,,,25.0,35.0,1.0
1473488,H Klaasen,Sunrisers Hyderabad,23.0,18.0,,,
1473488,Aniket Verma,Sunrisers Hyderabad,3.0,7.0,,,
1473488,Nithish Kumar Reddy,Sunrisers Hyderabad,21.0,11.0,,,
1473488,R Sai Kishore,Gujarat Titans,,,4.0,1.0,
1473489,JG Bethell,Royal Challengers Bengaluru,55.0,33.0,,,
1473489,KK Ahmed,Chennai Super Kings,,,19.0,64.0,
1473489,A Kamboj,Chennai Super Kings,,,18.0,25.0,
1473489,V Kohli,Royal Challengers Bengaluru,62.0,33.0,,,
1473489,Noor Ahmad,Chennai Super Kings,,,24.0,26.0,1.0
1473489,RA Jadeja,Chennai Super Kings,77.0,45.0,19.0,25.0,
1473489,SM Curran,Chennai Super Kings,5.0,5.0,18.0,34.0,1.0
1473489,M Pathirana,Chennai Super Kings,,,27.0,33.0,3.0
1473489,D Padikkal,Royal Challengers Bengaluru,17.0,16.0,,,
1473489,RM Patidar,Royal Challengers Bengaluru,11.0,16.0,,,
1473489,JM Sharma,Royal Challengers Bengaluru,7.0,9.0,,,
1473489,TH David,Royal Challengers Bengaluru,2.0,3.0,,,
1473489,R Shepherd,Royal Challengers Bengaluru,53.0,15.0,6.0,18.0,
1473489,A Mhatre,Chennai Super Kings,94.0,48.0,,,
1473489,KH Pandya,Royal Challengers Bengaluru,,,18.0,24.0,1.0
1473489,SK Rasheed,Chennai Super Kings,14.0,11.0,,,
1473489,B Kumar,Royal Challengers Bengaluru,,,24.0,55.0,
1473489,Yash Dayal,Royal Challengers Bengaluru,,,25.0,40.0,1.0
1473489,L Ngidi,Royal Challengers Bengaluru,,,24.0,30.0,3.0
1473489,Suyash Sharma,Royal Challengers Bengaluru,,,24.0,43.0,
1473489,D Brevis,Chennai Super Kings,0.0,1.0,,,
1473489,MS Dhoni,Chennai Super Kings,12.0,8.0,,,
1473489,S Dube,Chennai Super Kings,8.0,3.0,,,
1473490,Rahmanullah Gurbaz,Kolkata Knight Riders,35.0,26.0,,,
1473490,JC Archer,Rajasthan Royals,12.0,8.0,25.0,29.0,1.0
1473490,SP Narine,Kolkata Knight Riders,11.0,10.0,24.0,27.0,
1473490,Yudhvir Singh,Rajasthan Royals,,,13.0,25.0,1.0
1473490,AM Rahane,Kolkata Knight Riders,30.0,26.0,,,
1473490,M Theekshana,Rajasthan Royals,,,24.0,41.0,1.0
1473490,Akash Madhwal,Rajasthan Royals,,,21.0,47.0,
1473490,PWH de Silva,Rajasthan Royals,0.0,2.0,25.0,34.0,
1473490,A Raghuvanshi,Kolkata Knight Riders,44.0,31.0,,,
1473490,R Parag,Rajasthan Royals,95.0,48.0,19.0,20.0,1.0
1473490,AD Russell,Kolkata Knight Riders,57.0,28.0,6.0,11.0,
1473490,RK Singh,Kolkata Knight Riders,19.0,6.0,,,
1473490,YBK Jaiswal,Rajasthan Royals,34.0,21.0,,,
1473490,VG Arora,Kolkata Knight Riders,,,24.0,50.0,1.0
1473490,V Suryavanshi,Rajasthan Royals,4.0,2.0,,,
1473490,KS Rathore,Rajasthan Royals,0.0,5.0,,,
1473490,MM Ali,Kolkata Knight Riders,,,20.0,41.0,2.0
1473490,Harshit Rana,Kolkata Knight Riders,,,27.0,38.0,2.0
1473490,CV Varun,Kolkata Knight Riders,,,24.0,32.0,2.0
1473490,Dhruv Jurel,Rajasthan Royals,0.0,1.0,,,
1473490,SO Hetmyer,Rajasthan Royals,29.0,24.0,,,
1473490,SB Dubey,Rajasthan Royals,25.0,14.0,,,
1473491,Priyansh Arya,Punjab Kings,1.0,4.0,,,
1473491,Akash Singh,Lucknow Super Giants,,,24.0,30.0,2.0
1473491,P Simran Singh,Punjab Kings,91.0,48.0,,,
1473491,JP Inglis,Punjab Kings,30.0,14.0,,,
1473491,MP Yadav,Lucknow Super Giants,,,25.0,59.0,
1473491,SS Iyer,Punjab Kings,45.0,27.0,,,
1473491,Avesh Khan,Lucknow Super Giants,19.0,10.0,26.0,55.0,
1473491,DS Rathi,Lucknow Super Giants,,,25.0,45.0,2.0
1473491,Prince Yadav,Lucknow Super Giants,1.0,1.0,25.0,42.0,1.0
1473491,N Wadhera,Punjab Kings,16.0,10.0,,,
1473491,Shashank Singh,Punjab Kings,33.0,17.0,,,
1473491,MP Stoinis,Punjab Kings,15.0,5.0,8.0,15.0,
1473491,AK Markram,Lucknow Super Giants,13.0,10.0,,,
1473491,Arshdeep Singh,Punjab Kings,,,25.0,15.0,3.0
1473491,MR Marsh,Lucknow Super Giants,0.0,5.0,,,
1473491,M Jansen,Punjab Kings,,,25.0,30.0,1.0
1473491,N Pooran,Lucknow Super Giants,6.0,5.0,,,
1473491,RR Pant,Lucknow Super Giants,18.0,17.0,,,
1473491,A Badoni,Lucknow Super Giants,74.0,45.0,,,
1473491,Azmatullah Omarzai,Punjab Kings,,,26.0,30.0,2.0
1473491,YS Chahal,Punjab Kings,,,26.0,48.0,1.0
1473491,DA Miller,Lucknow Super Giants,11.0,8.0,,,
1473491,Abdul Samad,Lucknow Super Giants,45.0,27.0,,,
1473491,Vijaykumar Vyshak,Punjab Kings,,,18.0,49.0,
1473492,KK Nair,Delhi Capitals,0.0,1.0,,,
1473492,PJ Cummins,Sunrisers Hyderabad,,,25.0,18.0,3.0
1473492,Abishek Porel,Delhi Capitals,8.0,10.0,,,
1473492,F du Plessis,Delhi Capitals,3.0,9.0,,,
1473492,JD Unadkat,Sunrisers Hyderabad,,,24.0,13.0,1.0
1473492,KL Rahul,Delhi Capitals,10.0,14.0,,,
1473492,AR Patel,Delhi Capitals,6.0,7.0,,,
1473492,HV Patel,Sunrisers Hyderabad,,,26.0,34.0,1.0
1473492,T Stubbs,Delhi Capitals,41.0,36.0,,,
1473492,E Malinga,Sunrisers Hyderabad,,,24.0,28.0,1.0
1473492,V Nigam,Delhi Capitals,18.0,17.0,,,
1473492,Zeeshan Ansari,Sunrisers Hyderabad,,,18.0,30.0,
1473492,Abhishek Sharma,Sunrisers Hyderabad,,,6.0,5.0,
1473492,Ashutosh Sharma,Delhi Capitals,41.0,28.0,,,
1473492,MA Starc,Delhi Capitals,1.0,1.0,,,
1473493,RD Rickelton,Mumbai Indians,2.0,2.0,,,
1473493,Mohammed Siraj,Gujarat Titans,,,18.0,29.0,1.0
1473493,WG Jacks,Mumbai Indians,53.0,35.0,7.0,14.0,
1473493,RG Sharma,Mumbai Indians,7.0,8.0,,,
1473493,Arshad Khan,Gujarat Titans,1.0,1.0,18.0,18.0,1.0
1473493,SA Yadav,Mumbai Indians,35.0,24.0,,,
1473493,M Prasidh Krishna,Gujarat Titans,,,24.0,37.0,1.0
1473493,R Sai Kishore,Gujarat Titans,,,25.0,33.0,2.0
1473493,Rashid Khan,Gujarat Titans,2.0,3.0,24.0,21.0,1.0
1473493,Tilak Varma,Mumbai Indians,7.0,8.0,,,
1473493,HH Pandya,Mumbai Indians,1.0,3.0,11.0,13.0,
1473493,Naman Dhir,Mumbai Indians,7.0,10.0,,,
1473493,G Coetzee,Gujarat Titans,12.0,6.0,12.0,10.0,1.0
1473493,C Bosch,Mumbai Indians,27.0,22.0,,,
1473493,DL Chahar,Mumbai Indians,8.0,8.0,20.0,30.0,1.0
1473493,KV Sharma,Mumbai Indians,1.0,1.0,12.0,13.0,
1473493,B Sai Sudharsan,Gujarat Titans,5.0,5.0,,,
1473493,Shubman Gill,Gujarat Titans,43.0,49.0,,,
1473493,TA Boult,Mumbai Indians,,,24.0,22.0,2.0
1473493,JC Buttler,Gujarat Titans,30.0,29.0,,,
1473493,JJ Bumrah,Mumbai Indians,,,25.0,18.0,2.0
1473493,Ashwani Kumar,Mumbai Indians,,,24.0,28.0,2.0
1473493,SE Rutherford,Gujarat Titans,28.0,16.0,,,
1473493,M Shahrukh Khan,Gujarat Titans,6.0,6.0,,,
1473493,R Tewatia,Gujarat Titans,11.0,8.0,,,
1473494,Rahmanullah Gurbaz,Kolkata Knight Riders,11.0,9.0,,,
1473494,KK Ahmed,Chennai Super Kings,,,13.0,13.0,
1473494,A Kamboj,Chennai Super Kings,4.0,1.0,18.0,38.0,1.0
1473494,AM Rahane,Kolkata Knight Riders,48.0,33.0,,,
1473494,SP Narine,Kolkata Knight Riders,26.0,18.0,24.0,28.0,
1473494,R Ashwin,Chennai Super Kings,8.0,7.0,18.0,19.0,
1473494,Noor Ahmad,Chennai Super Kings,2.0,2.0,25.0,30.0,4.0
1473494,A Raghuvanshi,Kolkata Knight Riders,1.0,2.0,,,
1473494,MK Pandey,Kolkata Knight Riders,36.0,29.0,,,
1473494,RA Jadeja,Chennai Super Kings,19.0,10.0,24.0,34.0,1.0
1473494,AD Russell,Kolkata Knight Riders,38.0,21.0,16.0,22.0,
1473494,M Pathirana,Chennai Super Kings,,,24.0,39.0,
1473494,RK Singh,Kolkata Knight Riders,9.0,6.0,,,
1473494,Ramandeep Singh,Kolkata Knight Riders,4.0,4.0,,,
1473494,A Mhatre,Chennai Super Kings,0.0,2.0,,,
1473494,VG Arora,Kolkata Knight Riders,,,20.0,46.0,3.0
1473494,Urvil Patel,Chennai Super Kings,31.0,12.0,,,
1473494,DP Conway,Chennai Super Kings,0.0,2.0,,,
1473494,MM Ali,Kolkata Knight Riders,,,12.0,23.0,1.0
1473494,Harshit Rana,Kolkata Knight Riders,,,25.0,42.0,2.0
1473494,CV Varun,Kolkata Knight Riders,,,25.0,17.0,2.0
1473494,S Dube,Chennai Super Kings,45.0,42.0,,,
1473494,D Brevis,Chennai Super Kings,52.0,25.0,,,
1473494,MS Dhoni,Chennai Super Kings,17.0,19.0,,,
1473495,Priyansh Arya,Punjab Kings,70.0,35.0,,,
1473495,MA Starc,Delhi Capitals,,,12.0,23.0,
1473495,P Simran Singh,Punjab Kings,50.0,28.0,,,
1473495,PVD Chameera,Delhi Capitals,,,13.0,26.0,
1473495,AR Patel,Delhi Capitals,,,12.0,25.0,
1473495,T Natarajan,Delhi Capitals,,,7.0,4.0,1.0
1473495,Kuldeep Yadav,Delhi Capitals,,,13.0,28.0,
1473495,M Tiwari,Delhi Capitals,,,6.0,14.0,
1473497,Priyansh Arya,Punjab Kings,9.0,7.0,,,
1473497,Fazalhaq Farooqi,Rajasthan Royals,,,18.0,39.0,
1473497,P Simran Singh,Punjab Kings,21.0,10.0,,,
1473497,TU Deshpande,Rajasthan Royals,,,25.0,36.0,2.0
1473497,MJ Owen,Punjab Kings,0.0,2.0,,,
1473497,KT Maphaka,Rajasthan Royals,8.0,3.0,18.0,32.0,1.0
1473497,SS Iyer,Punjab Kings,30.0,25.0,,,
1473497,N Wadhera,Punjab Kings,70.0,37.0,,,
1473497,R Parag,Rajasthan Royals,13.0,11.0,20.0,24.0,1.0
1473497,PWH de Silva,Rajasthan Royals,0.0,1.0,18.0,33.0,
1473497,Akash Madhwal,Rajasthan Royals,,,26.0,46.0,1.0
1473497,Shashank Singh,Punjab Kings,59.0,33.0,,,
1473497,Azmatullah Omarzai,Punjab Kings,21.0,11.0,24.0,44.0,2.0
1473497,YBK Jaiswal,Rajasthan Royals,50.0,25.0,,,
1473497,Arshdeep Singh,Punjab Kings,,,25.0,55.0,
1473497,V Suryavanshi,Rajasthan Royals,40.0,16.0,,,
1473497,M Jansen,Punjab Kings,,,20.0,39.0,2.0
1473497,XC Bartlett,Punjab Kings,,,6.0,12.0,
1473497,Harpreet Brar,Punjab Kings,,,24.0,22.0,3.0
1473497,SV Samson,Rajasthan Royals,20.0,16.0,,,
1473497,YS Chahal,Punjab Kings,,,24.0,30.0,
1473497,Dhruv Jurel,Rajasthan Royals,53.0,32.0,,,
1473497,SO Hetmyer,Rajasthan Royals,11.0,12.0,,,
1473497,SB Dubey,Rajasthan Royals,7.0,7.0,,,
1473498,KL Rahul,Delhi Capitals,112.0,66.0,,,
1473498,Mohammed Siraj,Gujarat Titans,,,25.0,36.0,
1473498,F du Plessis,Delhi Capitals,5.0,11.0,,,
1473498,Arshad Khan,Gujarat Titans,,,14.0,5.0,1.0
1473498,Abishek Porel,Delhi Capitals,30.0,21.0,,,
1473498,K Rabada,Gujarat Titans,,,12.0,34.0,
1473498,M Prasidh Krishna,Gujarat Titans,,,24.0,40.0,1.0
1473498,Rashid Khan,Gujarat Titans,,,25.0,31.0,
1473498,R Sai Kishore,Gujarat Titans,,,24.0,47.0,1.0
1473498,AR Patel,Delhi Capitals,25.0,16.0,18.0,35.0,
1473498,T Stubbs,Delhi Capitals,21.0,10.0,,,
1473498,B Sai Sudharsan,Gujarat Titans,108.0,62.0,,,
1473498,Shubman Gill,Gujarat Titans,93.0,55.0,,,
1473498,T Natarajan,Delhi Capitals,,,18.0,49.0,
1473498,Mustafizur Rahman,Delhi Capitals,,,18.0,24.0,
1473498,PVD Chameera,Delhi Capitals,,,13.0,21.0,
1473498,V Nigam,Delhi Capitals,,,25.0,36.0,
1473498,Kuldeep Yadav,Delhi Capitals,,,25.0,36.0,
1473499,MR Marsh,Lucknow Super Giants,65.0,41.0,,,
1473499,PJ Cummins,Sunrisers Hyderabad,,,25.0,33.0,
1473499,Harsh Dubey,Sunrisers Hyderabad,,,25.0,43.0,1.0
1473499,AK Markram,Lucknow Super Giants,61.0,39.0,6.0,14.0,
1473499,HV Patel,Sunrisers Hyderabad,,,29.0,44.0,1.0
1473499,E Malinga,Sunrisers Hyderabad,,,24.0,28.0,2.0
1473499,Zeeshan Ansari,Sunrisers Hyderabad,,,13.0,21.0,
1473499,RR Pant,Lucknow Super Giants,7.0,6.0,,,
1473499,Nithish Kumar Reddy,Sunrisers Hyderabad,5.0,2.0,15.0,25.0,1.0
1473499,N Pooran,Lucknow Super Giants,45.0,31.0,,,
1473499,A Badoni,Lucknow Super Giants,3.0,5.0,,,
1473499,Abdul Samad,Lucknow Super Giants,3.0,6.0,,,
1473499,SN Thakur,Lucknow Super Giants,4.0,2.0,24.0,39.0,1.0
1473499,Akash Deep,Lucknow Super Giants,6.0,1.0,23.0,28.0,
1473499,Atharva Taide,Sunrisers Hyderabad,13.0,11.0,,,
1473499,Abhishek Sharma,Sunrisers Hyderabad,59.0,23.0,,,
1473499,W O'Rourke,Lucknow Super Giants,,,14.0,31.0,1.0
1473499,Ishan Kishan,Sunrisers Hyderabad,35.0,30.0,,,
1473499,DS Rathi,Lucknow Super Giants,,,25.0,36.0,2.0
1473499,Avesh Khan,Lucknow Super Giants,,,20.0,23.0,
1473499,Ravi Bishnoi,Lucknow Super Giants,,,7.0,25.0,
1473499,H Klaasen,Sunrisers Hyderabad,47.0,30.0,,,
1473499,PHKD Mendis,Sunrisers Hyderabad,32.0,21.0,,,
1473499,Aniket Verma,Sunrisers Hyderabad,5.0,2.0,,,
1473500,A Mhatre,Chennai Super Kings,43.0,20.0,,,
1473500,TU Deshpande,Rajasthan Royals,,,24.0,33.0,1.0
1473500,DP Conway,Chennai Super Kings,10.0,8.0,,,
1473500,Yudhvir Singh,Rajasthan Royals,,,25.0,46.0,3.0
1473500,Urvil Patel,Chennai Super Kings,0.0,2.0,,,
1473500,R Ashwin,Chennai Super Kings,13.0,8.0,24.0,41.0,2.0
1473500,KT Maphaka,Rajasthan Royals,,,14.0,20.0,
1473500,RA Jadeja,Chennai Super Kings,1.0,5.0,12.0,27.0,
1473500,PWH de Silva,Rajasthan Royals,,,26.0,25.0,1.0
1473500,D Brevis,Chennai Super Kings,42.0,27.0,,,
1473500,S Dube,Chennai Super Kings,39.0,37.0,,,
1473500,R Parag,Rajasthan Royals,3.0,5.0,15.0,23.0,
1473500,Akash Madhwal,Rajasthan Royals,,,25.0,24.0,3.0
1473500,MS Dhoni,Chennai Super Kings,16.0,18.0,,,
1473500,A Kamboj,Chennai Super Kings,5.0,3.0,18.0,21.0,1.0
1473500,Noor Ahmad,Chennai Super Kings,2.0,1.0,21.0,35.0,1.0
1473500,YBK Jaiswal,Rajasthan Royals,36.0,19.0,,,
1473500,KK Ahmed,Chennai Super Kings,,,18.0,35.0,
1473500,V Suryavanshi,Rajasthan Royals,57.0,34.0,,,
1473500,SV Samson,Rajasthan Royals,41.0,31.0,,,
1473500,M Pathirana,Chennai Super Kings,,,14.0,21.0,
1473500,Dhruv Jurel,Rajasthan Royals,31.0,12.0,,,
1473500,SO Hetmyer,Rajasthan Royals,12.0,6.0,,,
1473501,RD Rickelton,Mumbai Indians,25.0,18.0,,,
1473501,Mukesh Kumar,Delhi Capitals,,,24.0,48.0,2.0
1473501,RG Sharma,Mumbai Indians,5.0,5.0,,,
1473501,PVD Chameera,Delhi Capitals,8.0,10.0,24.0,54.0,1.0
1473501,Mustafizur Rahman,Delhi Capitals,0.0,1.0,24.0,30.0,1.0
1473501,WG Jacks,Mumbai Indians,21.0,13.0,7.0,15.0,1.0
1473501,V Nigam,Delhi Capitals,20.0,11.0,24.0,25.0,
1473501,SA Yadav,Mumbai Indians,73.0,43.0,,,
1473501,Kuldeep Yadav,Delhi Capitals,7.0,8.0,25.0,21.0,1.0
1473501,Tilak Varma,Mumbai Indians,27.0,28.0,,,
1473501,HH Pandya,Mumbai Indians,3.0,6.0,,,
1473501,Naman Dhir,Mumbai Indians,24.0,8.0,,,
1473501,KL Rahul,Delhi Capitals,11.0,6.0,,,
1473501,TA Boult,Mumbai Indians,,,24.0,29.0,1.0
1473501,F du Plessis,Delhi Capitals,6.0,7.0,,,
1473501,DL Chahar,Mumbai Indians,,,18.0,22.0,1.0
1473501,Abishek Porel,Delhi Capitals,6.0,9.0,,,
1473501,Sameer Rizvi,Delhi Capitals,39.0,35.0,,,
1473501,MJ Santner,Mumbai Indians,,,24.0,11.0,3.0
1473501,JJ Bumrah,Mumbai Indians,,,20.0,12.0,3.0
1473501,KV Sharma,Mumbai Indians,,,18.0,31.0,1.0
1473501,T Stubbs,Delhi Capitals,2.0,4.0,,,
1473501,Ashutosh Sharma,Delhi Capitals,18.0,16.0,,,
1473501,M Tiwari,Delhi Capitals,3.0,4.0,,,
1473502,AK Markram,Lucknow Super Giants,36.0,25.0,,,
1473502,Mohammed Siraj,Gujarat Titans,,,26.0,35.0,
1473502,MR Marsh,Lucknow Super Giants,117.0,65.0,,,
1473502,Arshad Khan,Gujarat Titans,1.0,5.0,20.0,34.0,1.0
1473502,K Rabada,Gujarat Titans,2.0,3.0,25.0,44.0,
1473502,M Prasidh Krishna,Gujarat Titans,,,25.0,43.0,
1473502,R Sai Kishore,Gujarat Titans,1.0,2.0,18.0,34.0,1.0
1473502,N Pooran,Lucknow Super Giants,56.0,31.0,,,
1473502,Rashid Khan,Gujarat Titans,4.0,4.0,13.0,35.0,
1473502,RR Pant,Lucknow Super Giants,16.0,6.0,,,
1473502,B Sai Sudharsan,Gujarat Titans,21.0,17.0,,,
1473502,Akash Singh,Lucknow Super Giants,,,19.0,29.0,1.0
1473502,Shubman Gill,Gujarat Titans,35.0,22.0,,,
1473502,Akash Deep,Lucknow Super Giants,,,27.0,46.0,
1473502,W O'Rourke,Lucknow Super Giants,,,24.0,27.0,3.0
1473502,JC Buttler,Gujarat Titans,33.0,18.0,,,
1473502,Avesh Khan,Lucknow Super Giants,,,23.0,51.0,2.0
1473502,Shahbaz Ahmed,Lucknow Super Giants,,,28.0,37.0,1.0
1473502,SE Rutherford,Gujarat Titans,38.0,24.0,,,
1473502,M Shahrukh Khan,Gujarat Titans,57.0,29.0,,,
1473502,R Tewatia,Gujarat Titans,2.0,3.0,,,
1473502,A Badoni,Lucknow Super Giants,,,6.0,4.0,2.0
1473503,Abhishek Sharma,Sunrisers Hyderabad,34.0,17.0,,,
1473503,Yash Dayal,Royal Challengers Bengaluru,3.0,6.0,19.0,35.0,
1473503,TM Head,Sunrisers Hyderabad,17.0,10.0,,,
1473503,B Kumar,Royal Challengers Bengaluru,3.0,2.0,24.0,43.0,1.0
1473503,L Ngidi,Royal Challengers Bengaluru,0.0,2.0,24.0,51.0,1.0
1473503,H Klaasen,Sunrisers Hyderabad,24.0,13.0,,,
1473503,Ishan Kishan,Sunrisers Hyderabad,94.0,49.0,,,
1473503,Suyash Sharma,Royal Challengers Bengaluru,,,18.0,45.0,1.0
1473503,KH Pandya,Royal Challengers Bengaluru,8.0,6.0,24.0,38.0,1.0
1473503,Aniket Verma,Sunrisers Hyderabad,26.0,9.0,,,
1473503,Nithish Kumar Reddy,Sunrisers Hyderabad,4.0,7.0,12.0,13.0,1.0
1473503,R Shepherd,Royal Challengers Bengaluru,0.0,1.0,14.0,12.0,2.0
1473503,A Manohar,Sunrisers Hyderabad,12.0,12.0,,,
1473503,PJ Cummins,Sunrisers Hyderabad,13.0,6.0,26.0,26.0,3.0
1473503,PD Salt,Royal Challengers Bengaluru,62.0,34.0,,,
1473503,V Kohli,Royal Challengers Bengaluru,43.0,26.0,,,
1473503,JD Unadkat,Sunrisers Hyderabad,,,25.0,40.0,1.0
1473503,HV Patel,Sunrisers Hyderabad,,,25.0,37.0,1.0
1473503,E Malinga,Sunrisers Hyderabad,,,24.0,37.0,2.0
1473503,Harsh Dubey,Sunrisers Hyderabad,,,12.0,20.0,1.0
1473503,MA Agarwal,Royal Challengers Bengaluru,11.0,10.0,,,
1473503,RM Patidar,Royal Challengers Bengaluru,18.0,16.0,,,
1473503,JM Sharma,Royal Challengers Bengaluru,24.0,16.0,,,
1473503,TH David,Royal Challengers Bengaluru,1.0,5.0,,,
1473504,A Mhatre,Chennai Super Kings,34.0,18.0,,,
1473504,Mohammed Siraj,Gujarat Titans,3.0,5.0,26.0,45.0,
1473504,Arshad Khan,Gujarat Titans,20.0,16.0,13.0,41.0,
1473504,DP Conway,Chennai Super Kings,52.0,37.0,,,
1473504,M Prasidh Krishna,Gujarat Titans,,,26.0,20.0,2.0
1473504,Urvil Patel,Chennai Super Kings,37.0,20.0,,,
1473504,G Coetzee,Gujarat Titans,5.0,5.0,18.0,34.0,
1473504,R Sai Kishore,Gujarat Titans,3.0,7.0,12.0,23.0,1.0
1473504,Rashid Khan,Gujarat Titans,12.0,9.0,24.0,42.0,1.0
1473504,S Dube,Chennai Super Kings,17.0,8.0,13.0,28.0,
1473504,M Shahrukh Khan,Gujarat Titans,19.0,15.0,6.0,13.0,1.0
1473504,D Brevis,Chennai Super Kings,57.0,23.0,,,
1473504,RA Jadeja,Chennai Super Kings,21.0,19.0,18.0,17.0,2.0
1473504,B Sai Sudharsan,Gujarat Titans,41.0,30.0,,,
1473504,Shubman Gill,Gujarat Titans,13.0,9.0,,,
1473504,KK Ahmed,Chennai Super Kings,,,19.0,16.0,1.0
1473504,A Kamboj,Chennai Super Kings,,,15.0,13.0,3.0
1473504,JC Buttler,Gujarat Titans,5.0,7.0,,,
1473504,SE Rutherford,Gujarat Titans,0.0,4.0,,,
1473504,Noor Ahmad,Chennai Super Kings,,,25.0,20.0,3.0
1473504,R Tewatia,Gujarat Titans,14.0,10.0,,,
1473504,M Pathirana,Chennai Super Kings,,,20.0,27.0,1.0
1473504,DJ Hooda,Chennai Super Kings,,,7.0,14.0,
1473505,Abhishek Sharma,Sunrisers Hyderabad,32.0,18.0,12.0,25.0,
1473505,VG Arora,Kolkata Knight Riders,0.0,1.0,28.0,35.0,1.0
1473505,TM Head,Sunrisers Hyderabad,76.0,42.0,,,
1473505,A Nortje,Kolkata Knight Riders,,,27.0,53.0,
1473505,Harshit Rana,Kolkata Knight Riders,34.0,22.0,18.0,40.0,
1473505,SP Narine,Kolkata Knight Riders,31.0,17.0,24.0,42.0,2.0
1473505,H Klaasen,Sunrisers Hyderabad,105.0,42.0,,,
1473505,CV Varun,Kolkata Knight Riders,,,21.0,51.0,
1473505,AD Russell,Kolkata Knight Riders,0.0,1.0,13.0,33.0,
1473505,Ishan Kishan,Sunrisers Hyderabad,29.0,23.0,,,
1473505,Aniket Verma,Sunrisers Hyderabad,12.0,6.0,,,
1473505,Q de Kock,Kolkata Knight Riders,9.0,13.0,,,
1473505,PJ Cummins,Sunrisers Hyderabad,,,13.0,24.0,
1473505,JD Unadkat,Sunrisers Hyderabad,,,24.0,24.0,3.0
1473505,AM Rahane,Kolkata Knight Riders,15.0,8.0,,,
1473505,HV Patel,Sunrisers Hyderabad,,,13.0,20.0,
1473505,A Raghuvanshi,Kolkata Knight Riders,14.0,19.0,,,
1473505,E Malinga,Sunrisers Hyderabad,,,23.0,30.0,3.0
1473505,RK Singh,Kolkata Knight Riders,9.0,6.0,,,
1473505,Harsh Dubey,Sunrisers Hyderabad,,,24.0,34.0,3.0
1473505,Nithish Kumar Reddy,Sunrisers Hyderabad,,,7.0,5.0,
1473505,MK Pandey,Kolkata Knight Riders,37.0,24.0,,,
1473505,Ramandeep Singh,Kolkata Knight Riders,13.0,5.0,,,
1473506,RD Rickelton,Mumbai Indians,27.0,20.0,,,
1473506,Arshdeep Singh,Punjab Kings,,,24.0,28.0,2.0
1473506,RG Sharma,Mumbai Indians,24.0,23.0,,,
1473506,KA Jamieson,Punjab Kings,,,24.0,42.0,
1473506,M Jansen,Punjab Kings,,,28.0,30.0,2.0
1473506,Harpreet Brar,Punjab Kings,,,24.0,36.0,1.0
1473506,SA Yadav,Mumbai Indians,57.0,42.0,,,
1473506,Vijaykumar Vyshak,Punjab Kings,,,27.0,37.0,2.0
1473506,Tilak Varma,Mumbai Indians,1.0,4.0,,,
1473506,WG Jacks,Mumbai Indians,17.0,8.0,7.0,9.0,
1473506,HH Pandya,Mumbai Indians,26.0,17.0,13.0,28.0,
1473506,Naman Dhir,Mumbai Indians,20.0,12.0,,,
1473506,MJ Santner,Mumbai Indians,1.0,1.0,27.0,38.0,2.0
1473506,Priyansh Arya,Punjab Kings,62.0,37.0,,,
1473506,TA Boult,Mumbai Indians,,,21.0,36.0,
1473506,P Simran Singh,Punjab Kings,13.0,16.0,,,
1473506,DL Chahar,Mumbai Indians,,,19.0,27.0,
1473506,JJ Bumrah,Mumbai Indians,,,24.0,23.0,1.0
1473506,JP Inglis,Punjab Kings,73.0,46.0,,,
1473506,Ashwani Kumar,Mumbai Indians,,,7.0,15.0,
1473506,SS Iyer,Punjab Kings,26.0,17.0,,,
1473506,N Wadhera,Punjab Kings,2.0,2.0,,,
1473507,MR Marsh,Lucknow Super Giants,67.0,40.0,,,
1473507,N Thushara,Royal Challengers Bengaluru,,,26.0,24.0,1.0
1473507,MP Breetzke,Lucknow Super Giants,14.0,12.0,,,
1473507,KH Pandya,Royal Challengers Bengaluru,,,13.0,13.0,
1473507,RR Pant,Lucknow Super Giants,118.0,63.0,,,
1473507,Yash Dayal,Royal Challengers Bengaluru,,,19.0,43.0,
1473507,B Kumar,Royal Challengers Bengaluru,,,25.0,45.0,1.0
1473507,Suyash Sharma,Royal Challengers Bengaluru,,,18.0,39.0,
1473507,R Shepherd,Royal Challengers Bengaluru,,,26.0,49.0,1.0
1473507,N Pooran,Lucknow Super Giants,13.0,11.0,,,
1473507,Abdul Samad,Lucknow Super Giants,1.0,1.0,,,
1473507,PD Salt,Royal Challengers Bengaluru,30.0,19.0,,,
1473507,Akash Singh,Lucknow Super Giants,,,24.0,40.0,1.0
1473507,V Kohli,Royal Challengers Bengaluru,54.0,33.0,,,
1473507,W O'Rourke,Lucknow Super Giants,,,26.0,71.0,2.0
1473507,DS Rathi,Lucknow Super Giants,,,25.0,35.0,
1473507,Shahbaz Ahmed,Lucknow Super Giants,,,18.0,39.0,
1473507,Avesh Khan,Lucknow Super Giants,,,20.0,30.0,1.0
1473507,RM Patidar,Royal Challengers Bengaluru,14.0,7.0,,,
1473507,LS Livingstone,Royal Challengers Bengaluru,0.0,1.0,,,
1473507,MA Agarwal,Royal Challengers Bengaluru,41.0,23.0,,,
1473507,JM Sharma,Royal Challengers Bengaluru,85.0,34.0,,,
1473507,A Badoni,Lucknow Super Giants,,,4.0,9.0,
1473508,Priyansh Arya,Punjab Kings,7.0,5.0,,,
1473508,B Kumar,Royal Challengers Bengaluru,,,12.0,17.0,1.0
1473508,P Simran Singh,Punjab Kings,18.0,10.0,,,
1473508,Yash Dayal,Royal Challengers Bengaluru,,,25.0,25.0,2.0
1473508,JP Inglis,Punjab Kings,4.0,7.0,,,
1473508,JR Hazlewood,Royal Challengers Bengaluru,,,19.0,21.0,3.0
1473508,SS Iyer,Punjab Kings,2.0,3.0,,,
1473508,N Wadhera,Punjab Kings,8.0,10.0,,,
1473508,MP Stoinis,Punjab Kings,26.0,18.0,,,
1473508,Shashank Singh,Punjab Kings,3.0,5.0,,,
1473508,Suyash Sharma,Royal Challengers Bengaluru,,,19.0,12.0,3.0
1473508,Musheer Khan,Punjab Kings,0.0,3.0,12.0,27.0,1.0
1473508,Azmatullah Omarzai,Punjab Kings,18.0,12.0,6.0,10.0,
1473508,KH Pandya,Royal Challengers Bengaluru,,,6.0,10.0,
1473508,Harpreet Brar,Punjab Kings,4.0,11.0,12.0,18.0,
1473508,R Shepherd,Royal Challengers Bengaluru,,,6.0,5.0,1.0
1473508,KA Jamieson,Punjab Kings,0.0,3.0,18.0,27.0,1.0
1473508,PD Salt,Royal Challengers Bengaluru,56.0,27.0,,,
1473508,Arshdeep Singh,Punjab Kings,,,12.0,20.0,
1473508,V Kohli,Royal Challengers Bengaluru,12.0,12.0,,,
1473508,MA Agarwal,Royal Challengers Bengaluru,19.0,13.0,,,
1473508,RM Patidar,Royal Challengers Bengaluru,15.0,8.0,,,
1473509,RG Sharma,Mumbai Indians,81.0,50.0,,,
1473509,Mohammed Siraj,Gujarat Titans,,,25.0,36.0,1.0
1473509,JM Bairstow,Mumbai Indians,47.0,22.0,,,
1473509,M Prasidh Krishna,Gujarat Titans,,,24.0,53.0,2.0
1473509,R Sai Kishore,Gujarat Titans,,,24.0,42.0,2.0
1473509,Rashid Khan,Gujarat Titans,0.0,2.0,24.0,31.0,
1473509,SA Yadav,Mumbai Indians,33.0,20.0,,,
1473509,G Coetzee,Gujarat Titans,,,21.0,48.0,
1473509,Washington Sundar,Gujarat Titans,48.0,25.0,6.0,7.0,
1473509,Tilak Varma,Mumbai Indians,25.0,11.0,,,
1473509,HH Pandya,Mumbai Indians,22.0,12.0,18.0,37.0,
1473509,Naman Dhir,Mumbai Indians,9.0,7.0,6.0,9.0,
1473509,MJ Santner,Mumbai Indians,0.0,2.0,6.0,10.0,1.0
1473509,B Sai Sudharsan,Gujarat Titans,80.0,50.0,,,
1473509,TA Boult,Mumbai Indians,,,25.0,55.0,2.0
1473509,Shubman Gill,Gujarat Titans,1.0,2.0,,,
1473509,BKG Mendis,Gujarat Titans,20.0,11.0,,,
1473509,JJ Bumrah,Mumbai Indians,,,25.0,26.0,1.0
1473509,RJ Gleeson,Mumbai Indians,,,22.0,38.0,1.0
1473509,Ashwani Kumar,Mumbai Indians,,,22.0,27.0,1.0
1473509,SE Rutherford,Gujarat Titans,24.0,15.0,,,
1473509,R Tewatia,Gujarat Titans,16.0,12.0,,,
1473509,M Shahrukh Khan,Gujarat Titans,13.0,7.0,,,
1473510,RG Sharma,Mumbai Indians,8.0,7.0,,,
1473510,Arshdeep Singh,Punjab Kings,,,26.0,42.0,
1473510,JM Bairstow,Mumbai Indians,38.0,27.0,,,
1473510,KA Jamieson,Punjab Kings,,,25.0,29.0,1.0
1473510,MP Stoinis,Punjab Kings,2.0,2.0,7.0,13.0,1.0
1473510,Tilak Varma,Mumbai Indians,44.0,30.0,,,
1473510,Azmatullah Omarzai,Punjab Kings,,,25.0,42.0,2.0
1473510,Vijaykumar Vyshak,Punjab Kings,,,19.0,29.0,1.0
1473510,YS Chahal,Punjab Kings,,,24.0,39.0,1.0
1473510,SA Yadav,Mumbai Indians,44.0,26.0,,,
1473510,HH Pandya,Mumbai Indians,15.0,13.0,12.0,19.0,1.0
1473510,Naman Dhir,Mumbai Indians,37.0,18.0,,,
1473510,RA Bawa,Mumbai Indians,8.0,4.0,,,
1473510,MJ Santner,Mumbai Indians,0.0,1.0,12.0,15.0,
1473510,Priyansh Arya,Punjab Kings,20.0,10.0,,,
1473510,TA Boult,Mumbai Indians,,,25.0,37.0,1.0
1473510,P Simran Singh,Punjab Kings,6.0,9.0,,,
1473510,RJW Topley,Mumbai Indians,,,18.0,40.0,
1473510,JP Inglis,Punjab Kings,38.0,21.0,,,
1473510,JJ Bumrah,Mumbai Indians,,,24.0,40.0,
1473510,Ashwani Kumar,Mumbai Indians,,,27.0,52.0,2.0
1473510,SS Iyer,Punjab Kings,87.0,42.0,,,
1473510,N Wadhera,Punjab Kings,48.0,31.0,,,
1473510,Shashank Singh,Punjab Kings,2.0,3.0,,,
1473511,PD Salt,Royal Challengers Bengaluru,16.0,10.0,,,
1473511,Arshdeep Singh,Punjab Kings,,,26.0,38.0,3.0
1473511,V Kohli,Royal Challengers Bengaluru,43.0,36.0,,,
1473511,KA Jamieson,Punjab Kings,0.0,2.0,27.0,45.0,3.0
1473511,MA Agarwal,Royal Challengers Bengaluru,24.0,19.0,,,
1473511,Azmatullah Omarzai,Punjab Kings,1.0,2.0,26.0,33.0,1.0
1473511,Vijaykumar Vyshak,Punjab Kings,,,26.0,28.0,1.0
1473511,YS Chahal,Punjab Kings,,,24.0,37.0,1.0
1473511,RM Patidar,Royal Challengers Bengaluru,26.0,16.0,,,
1473511,LS Livingstone,Royal Challengers Bengaluru,25.0,20.0,,,
1473511,JM Sharma,Royal Challengers Bengaluru,24.0,11.0,,,
1473511,R Shepherd,Royal Challengers Bengaluru,17.0,9.0,19.0,29.0,1.0
1473511,KH Pandya,Royal Challengers Bengaluru,4.0,5.0,24.0,17.0,2.0
1473511,B Kumar,Royal Challengers Bengaluru,1.0,2.0,24.0,38.0,2.0
1473511,Yash Dayal,Royal Challengers Bengaluru,1.0,1.0,18.0,18.0,1.0
1473511,Priyansh Arya,Punjab Kings,24.0,20.0,,,
1473511,P Simran Singh,Punjab Kings,26.0,22.0,,,
1473511,JR Hazlewood,Royal Challengers Bengaluru,,,26.0,52.0,1.0
1473511,JP Inglis,Punjab Kings,39.0,23.0,,,
1473511,Suyash Sharma,Royal Challengers Bengaluru,,,12.0,19.0,
1473511,SS Iyer,Punjab Kings,1.0,2.0,,,
1473511,N Wadhera,Punjab Kings,15.0,20.0,,,
1473511,Shashank Singh,Punjab Kings,61.0,30.0,,,
1473511,MP Stoinis,Punjab Kings,6.0,2.0,,,
1485779,Priyansh Arya,Punjab Kings,6.0,10.0,,,
1485779,Mukesh Kumar,Delhi Capitals,,,28.0,45.0,1.0
1485779,P Simran Singh,Punjab Kings,28.0,18.0,,,
1485779,Mustafizur Rahman,Delhi Capitals,,,24.0,33.0,3.0
1485779,JP Inglis,Punjab Kings,32.0,13.0,,,
1485779,MM Sharma,Delhi Capitals,,,26.0,45.0,
1485779,V Nigam,Delhi Capitals,,,25.0,37.0,2.0
1485779,SS Iyer,Punjab Kings,53.0,35.0,,,
1485779,Kuldeep Yadav,Delhi Capitals,,,25.0,38.0,2.0
1485779,N Wadhera,Punjab Kings,16.0,16.0,,,
1485779,Shashank Singh,Punjab Kings,11.0,10.0,,,
1485779,MP Stoinis,Punjab Kings,44.0,19.0,10.0,20.0,
1485779,Azmatullah Omarzai,Punjab Kings,1.0,3.0,24.0,46.0,
1485779,M Jansen,Punjab Kings,0.0,2.0,26.0,39.0,1.0
1485779,Harpreet Brar,Punjab Kings,7.0,2.0,25.0,40.0,2.0
1485779,KL Rahul,Delhi Capitals,35.0,21.0,,,
1485779,Arshdeep Singh,Punjab Kings,,,24.0,35.0,
1485779,F du Plessis,Delhi Capitals,23.0,15.0,,,
1485779,KK Nair,Delhi Capitals,44.0,28.0,,,
1485779,Sediqullah Atal,Delhi Capitals,22.0,16.0,,,
1485779,P Dubey,Punjab Kings,,,12.0,20.0,1.0
1485779,Sameer Rizvi,Delhi Capitals,58.0,27.0,,,
1485779,T Stubbs,Delhi Capitals,18.0,14.0,,,
1527674,TM Head,Sunrisers Hyderabad,11.0,9.0,,,
1527674,JA Duffy,Royal Challengers Bengaluru,,,25.0,21.0,3.0
1527674,Abhishek Sharma,Sunrisers Hyderabad,7.0,11.0,,,
1527674,B Kumar,Royal Challengers Bengaluru,,,26.0,29.0,1.0
1527674,Ishan Kishan,Sunrisers Hyderabad,80.0,38.0,,,
1527674,Nithish Kumar Reddy,Sunrisers Hyderabad,1.0,6.0,12.0,19.0,
1527674,H Klaasen,Sunrisers Hyderabad,31.0,22.0,,,
1527674,Abhinandan Singh,Royal Challengers Bengaluru,,,18.0,38.0,1.0
1527674,R Shepherd,Royal Challengers Bengaluru,,,25.0,53.0,3.0
1527674,Suyash Sharma,Royal Challengers Bengaluru,,,18.0,28.0,1.0
1527674,KH Pandya,Royal Challengers Bengaluru,,,12.0,26.0,
1527674,S Arora,Sunrisers Hyderabad,9.0,6.0,,,
1527674,Aniket Verma,Sunrisers Hyderabad,43.0,18.0,,,
1527674,Harsh Dubey,Sunrisers Hyderabad,3.0,4.0,18.0,35.0,1.0
1527674,HV Patel,Sunrisers Hyderabad,0.0,2.0,17.0,38.0,
1527674,DA Payne,Sunrisers Hyderabad,6.0,5.0,19.0,34.0,2.0
1527674,JD Unadkat,Sunrisers Hyderabad,4.0,3.0,19.0,28.0,1.0
1527674,PD Salt,Royal Challengers Bengaluru,8.0,7.0,,,
1527674,D Padikkal,Royal Challengers Bengaluru,61.0,26.0,,,
1527674,V Kohli,Royal Challengers Bengaluru,69.0,40.0,,,
1527674,E Malinga,Sunrisers Hyderabad,,,16.0,31.0,
1527674,RM Patidar,Royal Challengers Bengaluru,31.0,15.0,,,
1527674,JM Sharma,Royal Challengers Bengaluru,0.0,1.0,,,
1527674,TH David,Royal Challengers Bengaluru,16.0,12.0,,,
1527675,AM Rahane,Kolkata Knight Riders,67.0,43.0,,,
1527675,TA Boult,Mumbai Indians,,,27.0,35.0,
1527675,FH Allen,Kolkata Knight Riders,37.0,18.0,,,
1527675,HH Pandya,Mumbai Indians,18.0,11.0,20.0,37.0,1.0
1527675,AM Ghazanfar,Mumbai Indians,,,25.0,50.0,
1527675,JJ Bumrah,Mumbai Indians,,,26.0,33.0,
1527675,SN Thakur,Mumbai Indians,,,24.0,39.0,3.0
1527675,C Green,Kolkata Knight Riders,18.0,10.0,,,
1527675,M Markande,Mumbai Indians,,,6.0,16.0,
1527675,A Raghuvanshi,Kolkata Knight Riders,51.0,30.0,,,
1527675,RK Singh,Kolkata Knight Riders,33.0,23.0,,,
1527675,Ramandeep Singh,Kolkata Knight Riders,4.0,4.0,,,
1527675,RD Rickelton,Mumbai Indians,81.0,44.0,,,
1527675,VG Arora,Kolkata Knight Riders,,,25.0,51.0,1.0
1527675,RG Sharma,Mumbai Indians,78.0,39.0,,,
1527675,B Muzarabani,Kolkata Knight Riders,,,18.0,34.0,
1527675,CV Varun,Kolkata Knight Riders,,,25.0,47.0,
1527675,Kartik Tyagi,Kolkata Knight Riders,,,25.0,42.0,1.0
1527675,SP Narine,Kolkata Knight Riders,,,18.0,30.0,1.0
1527675,SA Yadav,Mumbai Indians,16.0,9.0,,,
1527675,AS Roy,Kolkata Knight Riders,,,8.0,14.0,
1527675,Tilak Varma,Mumbai Indians,20.0,14.0,,,
1527675,Naman Dhir,Mumbai Indians,5.0,2.0,,,
1527676,SV Samson,Chennai Super Kings,6.0,7.0,,,
1527676,JC Archer,Rajasthan Royals,,,25.0,18.0,2.0
1527676,RD Gaikwad,Chennai Super Kings,6.0,13.0,,,
1527676,N Burger,Rajasthan Royals,,,28.0,22.0,2.0
1527676,A Mhatre,Chennai Super Kings,0.0,1.0,,,
1527676,SN Khan,Chennai Super Kings,17.0,13.0,,,
1527676,MW Short,Chennai Super Kings,2.0,8.0,1.0,1.0,
1527676,Brijesh Sharma,Rajasthan Royals,,,20.0,15.0,1.0
1527676,Sandeep Sharma,Rajasthan Royals,,,16.0,22.0,1.0
1527676,Kartik Sharma,Chennai Super Kings,18.0,16.0,,,
1527676,Ravi Bishnoi,Rajasthan Royals,,,18.0,16.0,1.0
1527676,RA Jadeja,Rajasthan Royals,,,18.0,18.0,2.0
1527676,S Dube,Chennai Super Kings,6.0,4.0,,,
1527676,J Overton,Chennai Super Kings,43.0,37.0,6.0,14.0,
1527676,Noor Ahmad,Chennai Super Kings,1.0,9.0,12.0,24.0,
1527676,MJ Henry,Chennai Super Kings,5.0,7.0,19.0,39.0,
1527676,A Kamboj,Chennai Super Kings,7.0,10.0,18.0,27.0,2.0
1527676,YBK Jaiswal,Rajasthan Royals,38.0,36.0,,,
1527676,V Suryavanshi,Rajasthan Royals,52.0,17.0,,,
1527676,KK Ahmed,Chennai Super Kings,,,18.0,17.0,
1527676,Dhruv Jurel,Rajasthan Royals,18.0,9.0,,,
1527676,R Parag,Rajasthan Royals,14.0,12.0,,,
1527677,B Sai Sudharsan,Gujarat Titans,13.0,12.0,,,
1527677,Arshdeep Singh,Punjab Kings,,,32.0,33.0,
1527677,Shubman Gill,Gujarat Titans,39.0,29.0,,,
1527677,XC Bartlett,Punjab Kings,11.0,5.0,25.0,35.0,
1527677,M Jansen,Punjab Kings,9.0,12.0,24.0,20.0,1.0
1527677,JC Buttler,Gujarat Titans,38.0,33.0,,,
1527677,Vijaykumar Vyshak,Punjab Kings,,,25.0,33.0,3.0
1527677,YS Chahal,Punjab Kings,,,25.0,27.0,2.0
1527677,GD Phillips,Gujarat Titans,25.0,17.0,,,
1527677,Washington Sundar,Gujarat Titans,18.0,18.0,19.0,27.0,1.0
1527677,M Shahrukh Khan,Gujarat Titans,4.0,6.0,,,
1527677,R Tewatia,Gujarat Titans,11.0,12.0,,,
1527677,Rashid Khan,Gujarat Titans,0.0,4.0,24.0,29.0,1.0
1527677,Priyansh Arya,Punjab Kings,7.0,8.0,,,
1527677,Mohammed Siraj,Gujarat Titans,,,12.0,15.0,
1527677,K Rabada,Gujarat Titans,,,18.0,34.0,1.0
1527677,C Connolly,Punjab Kings,72.0,46.0,,,
1527677,P Simran Singh,Punjab Kings,37.0,24.0,,,
1527677,Ashok Sharma,Gujarat Titans,,,20.0,29.0,1.0
1527677,SS Iyer,Punjab Kings,18.0,11.0,,,
1527677,M Prasidh Krishna,Gujarat Titans,,,26.0,27.0,3.0
1527677,N Wadhera,Punjab Kings,3.0,6.0,,,
1527677,Shashank Singh,Punjab Kings,4.0,5.0,,,
1527677,MP Stoinis,Punjab Kings,0.0,2.0,,,
1527678,MR Marsh,Lucknow Super Giants,35.0,29.0,,,
1527678,Mukesh Kumar,Delhi Capitals,,,20.0,15.0,
1527678,RR Pant,Lucknow Super Giants,7.0,10.0,,,
1527678,L Ngidi,Delhi Capitals,,,22.0,27.0,3.0
1527678,AK Markram,Lucknow Super Giants,11.0,8.0,6.0,13.0,
1527678,AR Patel,Delhi Capitals,0.0,2.0,18.0,17.0,1.0
1527678,A Badoni,Lucknow Super Giants,0.0,3.0,,,
1527678,T Natarajan,Delhi Capitals,,,24.0,29.0,3.0
1527678,N Pooran,Lucknow Super Giants,8.0,8.0,,,
1527678,Kuldeep Yadav,Delhi Capitals,,,24.0,31.0,2.0
1527678,Abdul Samad,Lucknow Super Giants,36.0,25.0,1.0,6.0,
1527678,MD Choudhary,Lucknow Super Giants,14.0,11.0,,,
1527678,V Nigam,Delhi Capitals,,,6.0,8.0,
1527678,Shahbaz Ahmed,Lucknow Super Giants,15.0,16.0,6.0,16.0,
1527678,Mohammed Shami,Lucknow Super Giants,1.0,2.0,28.0,24.0,1.0
1527678,A Nortje,Lucknow Super Giants,0.0,1.0,27.0,32.0,
1527678,Mohsin Khan,Lucknow Super Giants,0.0,1.0,25.0,18.0,1.0
1527678,KL Rahul,Delhi Capitals,0.0,1.0,,,
1527678,N Rana,Delhi Capitals,15.0,21.0,,,
1527678,P Nissanka,Delhi Capitals,1.0,7.0,,,
1527678,Prince Yadav,Lucknow Super Giants,,,22.0,16.0,2.0
1527678,Sameer Rizvi,Delhi Capitals,70.0,51.0,,,
1527678,T Stubbs,Delhi Capitals,39.0,33.0,,,
1527679,TM Head,Sunrisers Hyderabad,46.0,23.0,,,
1527679,VG Arora,Kolkata Knight Riders,1.0,2.0,26.0,45.0,2.0
1527679,Abhishek Sharma,Sunrisers Hyderabad,48.0,22.0,6.0,15.0,
1527679,B Muzarabani,Kolkata Knight Riders,,,26.0,39.0,4.0
1527679,SP Narine,Kolkata Knight Riders,12.0,6.0,24.0,39.0,
1527679,CV Varun,Kolkata Knight Riders,0.0,1.0,13.0,30.0,
1527679,Kartik Tyagi,Kolkata Knight Riders,5.0,5.0,26.0,46.0,1.0
1527679,Ishan Kishan,Sunrisers Hyderabad,14.0,9.0,,,
1527679,H Klaasen,Sunrisers Hyderabad,52.0,39.0,,,
1527679,Aniket Verma,Sunrisers Hyderabad,1.0,5.0,,,
1527679,AS Roy,Kolkata Knight Riders,0.0,2.0,14.0,14.0,1.0
1527679,Nithish Kumar Reddy,Sunrisers Hyderabad,39.0,24.0,12.0,17.0,2.0
1527679,S Arora,Sunrisers Hyderabad,0.0,1.0,,,
1527679,Harsh Dubey,Sunrisers Hyderabad,9.0,4.0,13.0,15.0,1.0
1527679,Shivang Kumar,Sunrisers Hyderabad,4.0,2.0,24.0,41.0,
1527679,AM Rahane,Kolkata Knight Riders,8.0,11.0,,,
1527679,DA Payne,Sunrisers Hyderabad,,,12.0,35.0,
1527679,FH Allen,Kolkata Knight Riders,28.0,7.0,,,
1527679,A Raghuvanshi,Kolkata Knight Riders,52.0,31.0,,,
1527679,JD Unadkat,Sunrisers Hyderabad,,,18.0,21.0,3.0
1527679,E Malinga,Sunrisers Hyderabad,,,17.0,9.0,2.0
1527679,C Green,Kolkata Knight Riders,2.0,3.0,,,
1527679,RK Singh,Kolkata Knight Riders,35.0,25.0,,,
1527679,Ramandeep Singh,Kolkata Knight Riders,10.0,9.0,,,
1527680,SV Samson,Chennai Super Kings,7.0,8.0,,,
1527680,Arshdeep Singh,Punjab Kings,,,27.0,38.0,
1527680,RD Gaikwad,Chennai Super Kings,28.0,22.0,,,
1527680,XC Bartlett,Punjab Kings,,,26.0,46.0,1.0
1527680,M Jansen,Punjab Kings,,,26.0,37.0,1.0
1527680,A Mhatre,Chennai Super Kings,73.0,46.0,,,
1527680,Vijaykumar Vyshak,Punjab Kings,,,24.0,38.0,2.0
1527680,YS Chahal,Punjab Kings,,,21.0,17.0,1.0
1527680,MP Stoinis,Punjab Kings,9.0,3.0,7.0,16.0,
1527680,S Dube,Chennai Super Kings,45.0,32.0,,,
1527680,Kartik Sharma,Chennai Super Kings,1.0,3.0,,,
1527680,SN Khan,Chennai Super Kings,32.0,13.0,,,
1527680,PR Veer,Chennai Super Kings,6.0,7.0,,,
1527680,Priyansh Arya,Punjab Kings,39.0,12.0,,,
1527680,KK Ahmed,Chennai Super Kings,,,21.0,25.0,
1527680,P Simran Singh,Punjab Kings,43.0,36.0,,,
1527680,MJ Henry,Chennai Super Kings,,,24.0,54.0,2.0
1527680,A Kamboj,Chennai Super Kings,,,24.0,41.0,2.0
1527680,C Connolly,Punjab Kings,36.0,22.0,,,
1527680,Noor Ahmad,Chennai Super Kings,,,26.0,36.0,
1527680,RD Chahar,Chennai Super Kings,,,25.0,45.0,
1527680,SS Iyer,Punjab Kings,50.0,31.0,,,
1527680,N Wadhera,Punjab Kings,10.0,9.0,,,
1527680,Shashank Singh,Punjab Kings,14.0,7.0,,,
1527681,RD Rickelton,Mumbai Indians,9.0,11.0,,,
1527681,Mukesh Kumar,Delhi Capitals,,,19.0,25.0,2.0
1527681,RG Sharma,Mumbai Indians,35.0,27.0,,,
1527681,L Ngidi,Delhi Capitals,,,25.0,33.0,1.0
1527681,Tilak Varma,Mumbai Indians,0.0,2.0,,,
1527681,SA Yadav,Mumbai Indians,51.0,38.0,,,
1527681,AR Patel,Delhi Capitals,,,25.0,21.0,1.0
1527681,V Nigam,Delhi Capitals,,,19.0,23.0,1.0
1527681,Kuldeep Yadav,Delhi Capitals,,,18.0,31.0,
1527681,SE Rutherford,Mumbai Indians,5.0,7.0,,,
1527681,Naman Dhir,Mumbai Indians,28.0,21.0,,,
1527681,T Natarajan,Delhi Capitals,,,18.0,24.0,1.0
1527681,MJ Santner,Mumbai Indians,18.0,14.0,18.0,22.0,1.0
1527681,C Bosch,Mumbai Indians,11.0,4.0,20.0,38.0,1.0
1527681,KL Rahul,Delhi Capitals,1.0,3.0,,,
1527681,DL Chahar,Mumbai Indians,,,18.0,20.0,1.0
1527681,P Nissanka,Delhi Capitals,44.0,30.0,,,
1527681,N Rana,Delhi Capitals,0.0,3.0,,,
1527681,JJ Bumrah,Mumbai Indians,,,25.0,20.0,
1527681,Sameer Rizvi,Delhi Capitals,90.0,54.0,,,
1527681,SN Thakur,Mumbai Indians,,,19.0,40.0,
1527681,M Markande,Mumbai Indians,,,13.0,19.0,
1527681,DA Miller,Delhi Capitals,21.0,19.0,,,
1527681,T Stubbs,Delhi Capitals,3.0,4.0,,,
1527682,YBK Jaiswal,Rajasthan Royals,55.0,37.0,,,
1527682,Mohammed Siraj,Gujarat Titans,,,25.0,47.0,1.0
1527682,V Suryavanshi,Rajasthan Royals,31.0,20.0,,,
1527682,K Rabada,Gujarat Titans,23.0,17.0,27.0,39.0,2.0
1527682,Ashok Sharma,Gujarat Titans,0.0,1.0,26.0,35.0,1.0
1527682,M Prasidh Krishna,Gujarat Titans,,,25.0,42.0,1.0
1527682,Rashid Khan,Gujarat Titans,24.0,16.0,26.0,33.0,1.0
1527682,Dhruv Jurel,Rajasthan Royals,75.0,46.0,,,
1527682,R Parag,Rajasthan Royals,8.0,4.0,6.0,11.0,1.0
1527682,SO Hetmyer,Rajasthan Royals,18.0,9.0,,,
1527682,D Ferreira,Rajasthan Royals,1.0,3.0,,,
1527682,RA Jadeja,Rajasthan Royals,7.0,8.0,12.0,25.0,
1527682,JC Archer,Rajasthan Royals,1.0,2.0,25.0,33.0,
1527682,B Sai Sudharsan,Gujarat Titans,73.0,46.0,,,
1527682,Kumar Kushagra,Gujarat Titans,18.0,14.0,,,
1527682,N Burger,Rajasthan Royals,,,19.0,28.0,1.0
1527682,Sandeep Sharma,Rajasthan Royals,,,18.0,34.0,
1527682,TU Deshpande,Rajasthan Royals,,,19.0,23.0,1.0
1527682,JC Buttler,Gujarat Titans,26.0,14.0,,,
1527682,Ravi Bishnoi,Rajasthan Royals,,,25.0,40.0,4.0
1527682,GD Phillips,Gujarat Titans,3.0,4.0,,,
1527682,Washington Sundar,Gujarat Titans,4.0,2.0,,,
1527682,R Tewatia,Gujarat Titans,12.0,6.0,,,
1527682,M Shahrukh Khan,Gujarat Titans,11.0,4.0,,,
1527683,TM Head,Sunrisers Hyderabad,7.0,8.0,,,
1527683,Mohammed Shami,Lucknow Super Giants,,,25.0,8.0,2.0
1527683,Abhishek Sharma,Sunrisers Hyderabad,0.0,2.0,,,
1527683,DS Rathi,Lucknow Super Giants,,,25.0,45.0,1.0
1527683,Ishan Kishan,Sunrisers Hyderabad,1.0,4.0,,,
1527683,LS Livingstone,Sunrisers Hyderabad,14.0,21.0,,,
1527683,Prince Yadav,Lucknow Super Giants,,,24.0,34.0,2.0
1527683,H Klaasen,Sunrisers Hyderabad,62.0,42.0,,,
1527683,M Siddharth,Lucknow Super Giants,,,25.0,28.0,1.0
1527683,Avesh Khan,Lucknow Super Giants,,,24.0,36.0,2.0
1527683,Nithish Kumar Reddy,Sunrisers Hyderabad,56.0,34.0,6.0,14.0,
1527683,Aniket Verma,Sunrisers Hyderabad,2.0,5.0,,,
1527683,Harsh Dubey,Sunrisers Hyderabad,0.0,1.0,24.0,18.0,2.0
1527683,Shivang Kumar,Sunrisers Hyderabad,5.0,4.0,24.0,30.0,1.0
1527683,HV Patel,Sunrisers Hyderabad,4.0,2.0,18.0,16.0,
1527683,AK Markram,Lucknow Super Giants,45.0,27.0,,,
1527683,MR Marsh,Lucknow Super Giants,14.0,12.0,,,
1527683,JD Unadkat,Sunrisers Hyderabad,,,23.0,50.0,
1527683,E Malinga,Sunrisers Hyderabad,,,24.0,30.0,1.0
1527683,RR Pant,Lucknow Super Giants,68.0,50.0,,,
1527683,A Badoni,Lucknow Super Giants,12.0,9.0,,,
1527683,N Pooran,Lucknow Super Giants,1.0,4.0,,,
1527683,Abdul Samad,Lucknow Super Giants,16.0,12.0,,,
1527683,MD Choudhary,Lucknow Super Giants,2.0,5.0,,,
1527684,PD Salt,Royal Challengers Bengaluru,46.0,31.0,,,
1527684,KK Ahmed,Chennai Super Kings,,,25.0,36.0,
1527684,V Kohli,Royal Challengers Bengaluru,28.0,18.0,,,
1527684,MJ Henry,Chennai Super Kings,2.0,3.0,18.0,36.0,
1527684,A Kamboj,Chennai Super Kings,19.0,13.0,26.0,50.0,1.0
1527684,D Padikkal,Royal Challengers Bengaluru,50.0,30.0,,,
1527684,Noor Ahmad,Chennai Super Kings,8.0,9.0,24.0,49.0,
1527684,J Overton,Chennai Super Kings,37.0,16.0,18.0,42.0,1.0
1527684,S Dube,Chennai Super Kings,18.0,13.0,13.0,29.0,1.0
1527684,RM Patidar,Royal Challengers Bengaluru,48.0,20.0,,,
1527684,TH David,Royal Challengers Bengaluru,70.0,25.0,,,
1527684,SV Samson,Chennai Super Kings,9.0,5.0,,,
1527684,JA Duffy,Royal Challengers Bengaluru,,,27.0,55.0,2.0
1527684,RD Gaikwad,Chennai Super Kings,7.0,3.0,,,
1527684,A Mhatre,Chennai Super Kings,1.0,3.0,,,
1527684,B Kumar,Royal Challengers Bengaluru,,,26.0,39.0,3.0
1527684,SN Khan,Chennai Super Kings,50.0,26.0,,,
1527684,Kartik Sharma,Chennai Super Kings,6.0,3.0,,,
1527684,Abhinandan Singh,Royal Challengers Bengaluru,,,22.0,30.0,2.0
1527684,KH Pandya,Royal Challengers Bengaluru,,,18.0,36.0,2.0
1527684,PR Veer,Chennai Super Kings,43.0,29.0,,,
1527684,Suyash Sharma,Royal Challengers Bengaluru,,,24.0,21.0,1.0
1527684,R Shepherd,Royal Challengers Bengaluru,,,6.0,19.0,
1527685,AM Rahane,Kolkata Knight Riders,8.0,6.0,,,
1527685,Arshdeep Singh,Punjab Kings,,,12.0,16.0,
1527685,FH Allen,Kolkata Knight Riders,6.0,7.0,,,
1527685,XC Bartlett,Punjab Kings,,,10.0,9.0,2.0
1527685,C Green,Kolkata Knight Riders,4.0,2.0,,,
1527685,A Raghuvanshi,Kolkata Knight Riders,7.0,7.0,,,
1527686,YBK Jaiswal,Rajasthan Royals,77.0,36.0,,,
1527686,DL Chahar,Mumbai Indians,6.0,5.0,6.0,22.0,
1527686,V Suryavanshi,Rajasthan Royals,39.0,15.0,,,
1527686,JJ Bumrah,Mumbai Indians,5.0,2.0,19.0,31.0,
1527686,TA Boult,Mumbai Indians,1.0,2.0,7.0,21.0,
1527686,HH Pandya,Mumbai Indians,9.0,6.0,12.0,17.0,
1527686,SN Thakur,Mumbai Indians,8.0,9.0,15.0,33.0,1.0
1527686,AM Ghazanfar,Mumbai Indians,,,13.0,20.0,2.0
1527686,Dhruv Jurel,Rajasthan Royals,2.0,3.0,,,
1527686,R Parag,Rajasthan Royals,20.0,10.0,,,
1527686,SO Hetmyer,Rajasthan Royals,6.0,8.0,,,
1527686,RD Rickelton,Mumbai Indians,8.0,4.0,,,
1527686,JC Archer,Rajasthan Royals,,,12.0,17.0,1.0
1527686,RG Sharma,Mumbai Indians,5.0,6.0,,,
1527686,N Burger,Rajasthan Royals,,,13.0,20.0,2.0
1527686,SA Yadav,Mumbai Indians,6.0,4.0,,,
1527686,Tilak Varma,Mumbai Indians,14.0,11.0,,,
1527686,Sandeep Sharma,Rajasthan Royals,,,21.0,23.0,2.0
1527686,TU Deshpande,Rajasthan Royals,,,13.0,28.0,1.0
1527686,Ravi Bishnoi,Rajasthan Royals,,,13.0,24.0,2.0
1527686,Naman Dhir,Mumbai Indians,25.0,13.0,,,
1527686,SE Rutherford,Mumbai Indians,25.0,10.0,,,
1527687,B Sai Sudharsan,Gujarat Titans,12.0,8.0,,,
1527687,Mukesh Kumar,Delhi Capitals,,,26.0,53.0,2.0
1527687,Shubman Gill,Gujarat Titans,70.0,46.0,,,
1527687,L Ngidi,Delhi Capitals,,,26.0,22.0,1.0
1527687,JC Buttler,Gujarat Titans,52.0,28.0,,,
1527687,AR Patel,Delhi Capitals,2.0,3.0,19.0,31.0,
1527687,Kuldeep Yadav,Delhi Capitals,1.0,1.0,24.0,42.0,1.0
1527687,Washington Sundar,Gujarat Titans,55.0,33.0,6.0,11.0,
1527687,T Natarajan,Delhi Capitals,,,24.0,34.0,
1527687,V Nigam,Delhi Capitals,12.0,7.0,7.0,22.0,
1527687,GD Phillips,Gujarat Titans,14.0,10.0,,,
1527687,R Tewatia,Gujarat Titans,1.0,1.0,,,
1527687,P Nissanka,Delhi Capitals,41.0,25.0,,,
1527687,Mohammed Siraj,Gujarat Titans,,,28.0,48.0,1.0
1527687,KL Rahul,Delhi Capitals,92.0,57.0,,,
1527687,K Rabada,Gujarat Titans,,,26.0,30.0,
1527687,Rashid Khan,Gujarat Titans,,,24.0,17.0,3.0
1527687,Ashok Sharma,Gujarat Titans,,,20.0,43.0,
1527687,M Prasidh Krishna,Gujarat Titans,,,24.0,52.0,2.0
1527687,N Rana,Delhi Capitals,5.0,6.0,,,
1527687,Sameer Rizvi,Delhi Capitals,0.0,1.0,,,
1527687,DA Miller,Delhi Capitals,41.0,22.0,,,
1527687,T Stubbs,Delhi Capitals,7.0,6.0,,,
1527688,AM Rahane,Kolkata Knight Riders,41.0,24.0,,,
1527688,Mohammed Shami,Lucknow Super Giants,1.0,3.0,25.0,26.0,
1527688,FH Allen,Kolkata Knight Riders,9.0,9.0,,,
1527688,Prince Yadav,Lucknow Super Giants,,,27.0,44.0,1.0
1527688,A Raghuvanshi,Kolkata Knight Riders,45.0,35.0,,,
1527688,M Siddharth,Lucknow Super Giants,,,25.0,32.0,1.0
1527688,DS Rathi,Lucknow Super Giants,,,24.0,25.0,1.0
1527688,Avesh Khan,Lucknow Super Giants,1.0,3.0,25.0,43.0,1.0
1527688,C Green,Kolkata Knight Riders,32.0,25.0,14.0,26.0,1.0
1527688,RK Singh,Kolkata Knight Riders,4.0,7.0,,,
1527688,R Powell,Kolkata Knight Riders,39.0,26.0,,,
1527688,MR Marsh,Lucknow Super Giants,15.0,12.0,,,
1527688,VG Arora,Kolkata Knight Riders,,,24.0,38.0,2.0
1527688,AK Markram,Lucknow Super Giants,22.0,16.0,,,
1527688,AS Roy,Kolkata Knight Riders,,,28.0,28.0,2.0
1527688,Navdeep Saini,Kolkata Knight Riders,,,19.0,36.0,
1527688,RR Pant,Lucknow Super Giants,10.0,9.0,,,
1527688,A Badoni,Lucknow Super Giants,54.0,35.0,,,
1527688,SP Narine,Kolkata Knight Riders,,,24.0,13.0,1.0
1527688,Kartik Tyagi,Kolkata Knight Riders,,,18.0,31.0,1.0
1527688,N Pooran,Lucknow Super Giants,13.0,17.0,,,
1527688,Abdul Samad,Lucknow Super Giants,2.0,5.0,,,
1527688,MD Choudhary,Lucknow Super Giants,54.0,27.0,,,
1527689,PD Salt,Royal Challengers Bengaluru,0.0,1.0,,,
1527689,JC Archer,Rajasthan Royals,,,18.0,33.0,2.0
1527689,D Padikkal,Royal Challengers Bengaluru,14.0,7.0,,,
1527689,V Kohli,Royal Challengers Bengaluru,32.0,17.0,,,
1527689,N Burger,Rajasthan Royals,,,19.0,27.0,
1527689,Sandeep Sharma,Rajasthan Royals,,,26.0,45.0,1.0
1527689,RM Patidar,Royal Challengers Bengaluru,63.0,40.0,,,
1527689,Ravi Bishnoi,Rajasthan Royals,,,24.0,32.0,2.0
1527689,KH Pandya,Royal Challengers Bengaluru,1.0,6.0,24.0,30.0,2.0
1527689,JM Sharma,Royal Challengers Bengaluru,5.0,8.0,,,
1527689,RA Jadeja,Rajasthan Royals,24.0,26.0,12.0,14.0,1.0
1527689,Brijesh Sharma,Rajasthan Royals,,,24.0,37.0,2.0
1527689,TH David,Royal Challengers Bengaluru,13.0,9.0,6.0,18.0,
1527689,R Shepherd,Royal Challengers Bengaluru,22.0,11.0,12.0,18.0,
1527689,VR Iyer,Royal Challengers Bengaluru,29.0,16.0,,,
1527689,B Kumar,Royal Challengers Bengaluru,9.0,8.0,24.0,37.0,
1527689,YBK Jaiswal,Rajasthan Royals,13.0,8.0,,,
1527689,V Suryavanshi,Rajasthan Royals,78.0,26.0,,,
1527689,JR Hazlewood,Royal Challengers Bengaluru,,,24.0,44.0,2.0
1527689,Abhinandan Singh,Royal Challengers Bengaluru,,,20.0,52.0,
1527689,Dhruv Jurel,Rajasthan Royals,81.0,44.0,,,
1527689,SO Hetmyer,Rajasthan Royals,0.0,1.0,,,
1527689,R Parag,Rajasthan Royals,3.0,5.0,,,
1527690,Abhishek Sharma,Sunrisers Hyderabad,74.0,34.0,5.0,7.0,
1527690,Arshdeep Singh,Punjab Kings,,,30.0,44.0,2.0
1527690,TM Head,Sunrisers Hyderabad,38.0,24.0,,,
1527690,XC Bartlett,Punjab Kings,,,25.0,41.0,1.0
1527690,M Jansen,Punjab Kings,,,25.0,39.0,
1527690,Vijaykumar Vyshak,Punjab Kings,,,12.0,33.0,
1527690,Shashank Singh,Punjab Kings,16.0,9.0,19.0,19.0,2.0
1527690,YS Chahal,Punjab Kings,,,21.0,30.0,
1527690,Ishan Kishan,Sunrisers Hyderabad,27.0,17.0,,,
1527690,H Klaasen,Sunrisers Hyderabad,39.0,37.0,,,
1527690,Aniket Verma,Sunrisers Hyderabad,18.0,9.0,,,
1527690,S Arora,Sunrisers Hyderabad,9.0,8.0,,,
1527690,Nithish Kumar Reddy,Sunrisers Hyderabad,0.0,1.0,12.0,20.0,
1527690,Harsh Dubey,Sunrisers Hyderabad,1.0,2.0,26.0,36.0,1.0
1527690,Priyansh Arya,Punjab Kings,57.0,21.0,,,
1527690,P Simran Singh,Punjab Kings,51.0,27.0,,,
1527690,JD Unadkat,Sunrisers Hyderabad,,,18.0,40.0,
1527690,E Malinga,Sunrisers Hyderabad,,,20.0,44.0,
1527690,HV Patel,Sunrisers Hyderabad,,,12.0,39.0,
1527690,Shivang Kumar,Sunrisers Hyderabad,,,25.0,32.0,3.0
1527690,C Connolly,Punjab Kings,11.0,13.0,,,
1527690,SS Iyer,Punjab Kings,69.0,34.0,,,
1527690,N Wadhera,Punjab Kings,14.0,14.0,,,
1527691,SV Samson,Chennai Super Kings,115.0,59.0,,,
1527691,Auqib Nabi,Delhi Capitals,4.0,2.0,13.0,16.0,
1527691,RD Gaikwad,Chennai Super Kings,15.0,18.0,,,
1527691,Mukesh Kumar,Delhi Capitals,,,25.0,36.0,
1527691,AR Patel,Delhi Capitals,1.0,2.0,24.0,39.0,1.0
1527691,T Natarajan,Delhi Capitals,1.0,2.0,25.0,53.0,1.0
1527691,L Ngidi,Delhi Capitals,3.0,5.0,24.0,41.0,
1527691,A Mhatre,Chennai Super Kings,59.0,36.0,,,
1527691,Kuldeep Yadav,Delhi Capitals,4.0,7.0,12.0,24.0,
1527691,S Dube,Chennai Super Kings,20.0,10.0,,,
1527691,P Nissanka,Delhi Capitals,41.0,24.0,,,
1527691,AJ Hosein,Chennai Super Kings,,,14.0,18.0,
1527691,KL Rahul,Delhi Capitals,18.0,10.0,,,
1527691,KK Ahmed,Chennai Super Kings,,,19.0,39.0,1.0
1527691,A Kamboj,Chennai Super Kings,,,25.0,34.0,3.0
1527691,Sameer Rizvi,Delhi Capitals,6.0,9.0,,,
1527691,Gurjapneet Singh,Chennai Super Kings,,,25.0,34.0,1.0
1527691,DA Miller,Delhi Capitals,17.0,18.0,,,
1527691,J Overton,Chennai Super Kings,,,26.0,16.0,4.0
1527691,Noor Ahmad,Chennai Super Kings,,,20.0,33.0,1.0
1527691,T Stubbs,Delhi Capitals,60.0,40.0,,,
1527691,Ashutosh Sharma,Delhi Capitals,19.0,10.0,,,
1527692,AK Markram,Lucknow Super Giants,30.0,21.0,10.0,15.0,
1527692,Mohammed Siraj,Gujarat Titans,,,25.0,18.0,1.0
1527692,MR Marsh,Lucknow Super Giants,11.0,4.0,,,
1527692,K Rabada,Gujarat Titans,,,24.0,54.0,1.0
1527692,RR Pant,Lucknow Super Giants,18.0,11.0,,,
1527692,A Badoni,Lucknow Super Giants,9.0,12.0,,,
1527692,Ashok Sharma,Gujarat Titans,,,25.0,30.0,2.0
1527692,M Prasidh Krishna,Gujarat Titans,,,24.0,28.0,4.0
1527692,Rashid Khan,Gujarat Titans,,,24.0,25.0,
1527692,N Pooran,Lucknow Super Giants,19.0,21.0,,,
1527692,Abdul Samad,Lucknow Super Giants,18.0,22.0,,,
1527692,MD Choudhary,Lucknow Super Giants,18.0,14.0,,,
1527692,GF Linde,Lucknow Super Giants,16.0,10.0,18.0,28.0,
1527692,Mohammed Shami,Lucknow Super Giants,12.0,5.0,24.0,36.0,1.0
1527692,Avesh Khan,Lucknow Super Giants,4.0,2.0,13.0,23.0,
1527692,B Sai Sudharsan,Gujarat Titans,15.0,14.0,,,
1527692,Shubman Gill,Gujarat Titans,56.0,41.0,,,
1527692,Prince Yadav,Lucknow Super Giants,,,25.0,30.0,1.0
1527692,DS Rathi,Lucknow Super Giants,,,25.0,30.0,1.0
1527692,JC Buttler,Gujarat Titans,60.0,38.0,,,
1527692,Washington Sundar,Gujarat Titans,21.0,13.0,,,
1527692,R Tewatia,Gujarat Titans,10.0,9.0,,,
1527693,PD Salt,Royal Challengers Bengaluru,78.0,38.0,,,
1527693,TA Boult,Mumbai Indians,,,26.0,48.0,1.0
1527693,V Kohli,Royal Challengers Bengaluru,50.0,41.0,,,
1527693,HH Pandya,Mumbai Indians,40.0,24.0,26.0,37.0,1.0
1527693,JJ Bumrah,Mumbai Indians,,,25.0,34.0,
1527693,MJ Santner,Mumbai Indians,8.0,7.0,25.0,42.0,1.0
1527693,M Markande,Mumbai Indians,,,12.0,40.0,
1527693,SN Thakur,Mumbai Indians,,,18.0,26.0,1.0
1527693,RM Patidar,Royal Challengers Bengaluru,53.0,26.0,,,
1527693,TH David,Royal Challengers Bengaluru,34.0,16.0,,,
1527693,JM Sharma,Royal Challengers Bengaluru,10.0,9.0,,,
1527693,R Shepherd,Royal Challengers Bengaluru,2.0,2.0,10.0,25.0,
1527693,RD Rickelton,Mumbai Indians,37.0,22.0,,,
1527693,JA Duffy,Royal Challengers Bengaluru,,,28.0,54.0,1.0
1527693,RG Sharma,Mumbai Indians,19.0,14.0,,,
1527693,B Kumar,Royal Challengers Bengaluru,,,26.0,36.0,
1527693,Rasikh Salam,Royal Challengers Bengaluru,,,17.0,23.0,1.0
1527693,KH Pandya,Royal Challengers Bengaluru,,,25.0,25.0,1.0
1527693,SA Yadav,Mumbai Indians,33.0,22.0,,,
1527693,Suyash Sharma,Royal Challengers Bengaluru,,,24.0,47.0,2.0
1527693,Tilak Varma,Mumbai Indians,1.0,3.0,,,
1527693,SE Rutherford,Mumbai Indians,71.0,36.0,,,
1527693,Naman Dhir,Mumbai Indians,1.0,2.0,,,
1529264,Abhishek Sharma,Sunrisers Hyderabad,0.0,1.0,,,
1529264,JC Archer,Rajasthan Royals,2.0,6.0,24.0,37.0,2.0
1529264,Ishan Kishan,Sunrisers Hyderabad,91.0,46.0,,,
1529264,TM Head,Sunrisers Hyderabad,18.0,18.0,,,
1529264,N Burger,Rajasthan Royals,3.0,5.0,24.0,31.0,
1529264,Sandeep Sharma,Rajasthan Royals,,,28.0,48.0,1.0
1529264,TU Deshpande,Rajasthan Royals,25.0,11.0,28.0,51.0,1.0
1529264,R Parag,Rajasthan Royals,4.0,7.0,6.0,5.0,1.0
1529264,H Klaasen,Sunrisers Hyderabad,40.0,28.0,,,
1529264,Ravi Bishnoi,Rajasthan Royals,0.0,1.0,18.0,35.0,
1529264,Nithish Kumar Reddy,Sunrisers Hyderabad,28.0,14.0,13.0,18.0,
1529264,S Arora,Sunrisers Hyderabad,24.0,15.0,,,
1529264,Aniket Verma,Sunrisers Hyderabad,6.0,6.0,,,
1529264,YBK Jaiswal,Rajasthan Royals,1.0,6.0,,,
1529264,PP Hinge,Sunrisers Hyderabad,,,26.0,32.0,4.0
1529264,V Suryavanshi,Rajasthan Royals,0.0,1.0,,,
1529264,Dhruv Jurel,Rajasthan Royals,0.0,2.0,,,
1529264,LG Pretorius,Rajasthan Royals,0.0,2.0,,,
1529264,Sakib Hussain,Sunrisers Hyderabad,,,27.0,21.0,4.0
1529264,RA Jadeja,Rajasthan Royals,45.0,37.0,,,
1529264,D Ferreira,Rajasthan Royals,69.0,45.0,,,
1529264,E Malinga,Sunrisers Hyderabad,,,25.0,30.0,2.0
1529264,Shivang Kumar,Sunrisers Hyderabad,,,18.0,28.0,
1529264,Harsh Dubey,Sunrisers Hyderabad,,,14.0,20.0,
1529265,SV Samson,Chennai Super Kings,48.0,32.0,,,
1529265,VG Arora,Kolkata Knight Riders,,,28.0,51.0,1.0
1529265,RD Gaikwad,Chennai Super Kings,7.0,8.0,,,
1529265,C Green,Kolkata Knight Riders,0.0,1.0,13.0,28.0,
1529265,AS Roy,Kolkata Knight Riders,1.0,1.0,22.0,17.0,1.0
1529265,A Mhatre,Chennai Super Kings,38.0,17.0,,,
1529265,SP Narine,Kolkata Knight Riders,24.0,17.0,24.0,21.0,1.0
1529265,D Brevis,Chennai Super Kings,41.0,33.0,,,
1529265,CV Varun,Kolkata Knight Riders,,,18.0,26.0,
1529265,Kartik Tyagi,Kolkata Knight Riders,,,25.0,34.0,2.0
1529265,SN Khan,Chennai Super Kings,23.0,19.0,,,
1529265,S Dube,Chennai Super Kings,13.0,15.0,,,
1529265,J Overton,Chennai Super Kings,7.0,6.0,20.0,30.0,
1529265,FH Allen,Kolkata Knight Riders,1.0,3.0,,,
1529265,KK Ahmed,Chennai Super Kings,,,23.0,24.0,1.0
1529265,A Kamboj,Chennai Super Kings,,,26.0,30.0,2.0
1529265,AM Rahane,Kolkata Knight Riders,28.0,23.0,,,
1529265,A Raghuvanshi,Kolkata Knight Riders,27.0,19.0,,,
1529265,AJ Hosein,Chennai Super Kings,,,24.0,26.0,1.0
1529265,Noor Ahmad,Chennai Super Kings,,,24.0,21.0,3.0
1529265,Gurjapneet Singh,Chennai Super Kings,,,8.0,22.0,
1529265,RK Singh,Kolkata Knight Riders,6.0,12.0,,,
1529265,R Powell,Kolkata Knight Riders,31.0,24.0,,,
1529265,Ramandeep Singh,Kolkata Knight Riders,35.0,25.0,,,
1529266,MR Marsh,Lucknow Super Giants,40.0,34.0,,,
1529266,B Kumar,Royal Challengers Bengaluru,,,25.0,26.0,3.0
1529266,AK Markram,Lucknow Super Giants,12.0,8.0,,,
1529266,JR Hazlewood,Royal Challengers Bengaluru,,,25.0,19.0,1.0
1529266,Rasikh Salam,Royal Challengers Bengaluru,,,24.0,24.0,4.0
1529266,RR Pant,Lucknow Super Giants,1.0,6.0,,,
1529266,N Pooran,Lucknow Super Giants,1.0,7.0,,,
1529266,A Badoni,Lucknow Super Giants,38.0,24.0,,,
1529266,KH Pandya,Royal Challengers Bengaluru,,,26.0,36.0,2.0
1529266,Suyash Sharma,Royal Challengers Bengaluru,,,24.0,34.0,
1529266,Abdul Samad,Lucknow Super Giants,0.0,2.0,,,
1529266,MD Choudhary,Lucknow Super Giants,39.0,30.0,,,
1529266,GF Linde,Lucknow Super Giants,7.0,7.0,7.0,9.0,
1529266,Mohammed Shami,Lucknow Super Giants,0.0,1.0,18.0,30.0,
1529266,Avesh Khan,Lucknow Super Giants,1.0,2.0,24.0,23.0,2.0
1529266,DS Rathi,Lucknow Super Giants,0.0,3.0,24.0,51.0,
1529266,PD Salt,Royal Challengers Bengaluru,7.0,8.0,,,
1529266,V Kohli,Royal Challengers Bengaluru,49.0,35.0,,,
1529266,Prince Yadav,Lucknow Super Giants,,,19.0,31.0,3.0
1529266,D Padikkal,Royal Challengers Bengaluru,10.0,11.0,,,
1529266,RM Patidar,Royal Challengers Bengaluru,27.0,13.0,,,
1529266,JM Sharma,Royal Challengers Bengaluru,23.0,9.0,,,
1529266,TH David,Royal Challengers Bengaluru,14.0,8.0,,,
1529266,R Shepherd,Royal Challengers Bengaluru,14.0,8.0,,,
1529267,RD Rickelton,Mumbai Indians,2.0,8.0,,,
1529267,Arshdeep Singh,Punjab Kings,,,25.0,21.0,3.0
1529267,M Jansen,Punjab Kings,,,25.0,29.0,1.0
1529267,Q de Kock,Mumbai Indians,112.0,64.0,,,
1529267,SA Yadav,Mumbai Indians,0.0,1.0,,,
1529267,Naman Dhir,Mumbai Indians,50.0,31.0,,,
1529267,XC Bartlett,Punjab Kings,,,24.0,39.0,
1529267,Vijaykumar Vyshak,Punjab Kings,,,19.0,35.0,
1529267,YS Chahal,Punjab Kings,,,19.0,44.0,
1529267,Shashank Singh,Punjab Kings,,,12.0,19.0,1.0
1529267,HH Pandya,Mumbai Indians,14.0,12.0,19.0,38.0,
1529267,SE Rutherford,Mumbai Indians,1.0,5.0,,,
1529267,Tilak Varma,Mumbai Indians,8.0,3.0,,,
1529267,Priyansh Arya,Punjab Kings,15.0,10.0,,,
1529267,DL Chahar,Mumbai Indians,,,18.0,42.0,
1529267,P Simran Singh,Punjab Kings,80.0,42.0,,,
1529267,JJ Bumrah,Mumbai Indians,,,26.0,39.0,
1529267,AM Ghazanfar,Mumbai Indians,,,24.0,31.0,2.0
1529267,C Connolly,Punjab Kings,17.0,12.0,,,
1529267,SS Iyer,Punjab Kings,66.0,37.0,,,
1529267,SN Thakur,Mumbai Indians,,,22.0,38.0,1.0
1529267,MP Stoinis,Punjab Kings,10.0,8.0,,,
1529268,TL Seifert,Kolkata Knight Riders,19.0,14.0,,,
1529268,Mohammed Siraj,Gujarat Titans,,,24.0,23.0,2.0
1529268,AM Rahane,Kolkata Knight Riders,0.0,1.0,,,
1529268,A Raghuvanshi,Kolkata Knight Riders,8.0,5.0,,,
1529268,K Rabada,Gujarat Titans,,,25.0,28.0,3.0
1529268,C Green,Kolkata Knight Riders,79.0,59.0,,,
1529268,R Powell,Kolkata Knight Riders,27.0,21.0,,,
1529268,M Prasidh Krishna,Gujarat Titans,,,26.0,30.0,1.0
1529268,Ashok Sharma,Gujarat Titans,,,27.0,42.0,2.0
1529268,Rashid Khan,Gujarat Titans,,,25.0,43.0,1.0
1529268,AS Roy,Kolkata Knight Riders,9.0,7.0,19.0,36.0,
1529268,RK Singh,Kolkata Knight Riders,1.0,2.0,,,
1529268,Ramandeep Singh,Kolkata Knight Riders,17.0,8.0,5.0,4.0,1.0
1529268,SP Narine,Kolkata Knight Riders,0.0,5.0,24.0,28.0,1.0
1529268,Kartik Tyagi,Kolkata Knight Riders,6.0,4.0,25.0,39.0,
1529268,VG Arora,Kolkata Knight Riders,0.0,1.0,25.0,34.0,1.0
1529268,B Sai Sudharsan,Gujarat Titans,22.0,16.0,,,
1529268,Shubman Gill,Gujarat Titans,86.0,51.0,,,
1529268,JC Buttler,Gujarat Titans,25.0,15.0,,,
1529268,CV Varun,Kolkata Knight Riders,,,24.0,34.0,2.0
1529268,Washington Sundar,Gujarat Titans,13.0,14.0,,,
1529268,GD Phillips,Gujarat Titans,19.0,18.0,,,
1529268,R Tewatia,Gujarat Titans,7.0,6.0,,,
1529268,M Shahrukh Khan,Gujarat Titans,3.0,2.0,,,
1529269,PD Salt,Royal Challengers Bengaluru,63.0,38.0,,,
1529269,Auqib Nabi,Delhi Capitals,,,19.0,35.0,
1529269,V Kohli,Royal Challengers Bengaluru,19.0,15.0,,,
1529269,Mukesh Kumar,Delhi Capitals,,,29.0,27.0,1.0
1529269,L Ngidi,Delhi Capitals,,,25.0,38.0,2.0
1529269,D Padikkal,Royal Challengers Bengaluru,18.0,14.0,,,
1529269,Kuldeep Yadav,Delhi Capitals,,,25.0,31.0,2.0
1529269,T Natarajan,Delhi Capitals,,,13.0,15.0,
1529269,AR Patel,Delhi Capitals,26.0,19.0,18.0,18.0,2.0
1529269,TH David,Royal Challengers Bengaluru,26.0,18.0,,,
1529269,RM Patidar,Royal Challengers Bengaluru,8.0,5.0,,,
1529269,JM Sharma,Royal Challengers Bengaluru,14.0,21.0,,,
1529269,R Shepherd,Royal Challengers Bengaluru,1.0,4.0,5.0,17.0,
1529269,KH Pandya,Royal Challengers Bengaluru,12.0,12.0,24.0,24.0,1.0
1529269,B Kumar,Royal Challengers Bengaluru,3.0,2.0,24.0,26.0,3.0
1529269,P Nissanka,Delhi Capitals,1.0,2.0,,,
1529269,KL Rahul,Delhi Capitals,57.0,35.0,,,
1529269,KK Nair,Delhi Capitals,5.0,5.0,,,
1529269,JR Hazlewood,Royal Challengers Bengaluru,,,24.0,38.0,
1529269,Sameer Rizvi,Delhi Capitals,2.0,3.0,,,
1529269,T Stubbs,Delhi Capitals,60.0,48.0,,,
1529269,Rasikh Salam,Royal Challengers Bengaluru,,,27.0,37.0,
1529269,Suyash Sharma,Royal Challengers Bengaluru,,,18.0,31.0,
1529269,DA Miller,Delhi Capitals,22.0,10.0,,,
1529270,Abhishek Sharma,Sunrisers Hyderabad,59.0,23.0,6.0,13.0,
1529270,MW Short,Chennai Super Kings,34.0,31.0,19.0,37.0,
1529270,TM Head,Sunrisers Hyderabad,23.0,21.0,,,
1529270,Mukesh Choudhary,Chennai Super Kings,,,12.0,21.0,2.0
1529270,A Kamboj,Chennai Super Kings,13.0,9.0,18.0,22.0,3.0
1529270,Ishan Kishan,Sunrisers Hyderabad,0.0,1.0,,,
1529270,Noor Ahmad,Chennai Super Kings,1.0,1.0,25.0,32.0,
1529270,H Klaasen,Sunrisers Hyderabad,59.0,40.0,,,
1529270,J Overton,Chennai Super Kings,16.0,16.0,25.0,36.0,3.0
1529270,Gurjapneet Singh,Chennai Super Kings,,,25.0,33.0,1.0
1529270,Aniket Verma,Sunrisers Hyderabad,2.0,4.0,,,
1529270,Nithish Kumar Reddy,Sunrisers Hyderabad,12.0,8.0,27.0,28.0,2.0
1529270,S Arora,Sunrisers Hyderabad,13.0,12.0,,,
1529270,LS Livingstone,Sunrisers Hyderabad,1.0,5.0,,,
1529270,Shivang Kumar,Sunrisers Hyderabad,12.0,9.0,18.0,18.0,1.0
1529270,PP Hinge,Sunrisers Hyderabad,0.0,1.0,28.0,56.0,1.0
1529270,SV Samson,Chennai Super Kings,7.0,3.0,,,
1529270,RD Gaikwad,Chennai Super Kings,19.0,16.0,,,
1529270,A Mhatre,Chennai Super Kings,30.0,16.0,,,
1529270,Sakib Hussain,Sunrisers Hyderabad,,,29.0,23.0,1.0
1529270,E Malinga,Sunrisers Hyderabad,,,25.0,28.0,3.0
1529270,SN Khan,Chennai Super Kings,25.0,20.0,,,
1529270,D Brevis,Chennai Super Kings,0.0,4.0,,,
1529270,S Dube,Chennai Super Kings,21.0,17.0,,,
1529271,YBK Jaiswal,Rajasthan Royals,39.0,33.0,,,
1529271,VG Arora,Kolkata Knight Riders,,,25.0,36.0,
1529271,V Suryavanshi,Rajasthan Royals,46.0,30.0,,,
1529271,Kartik Tyagi,Kolkata Knight Riders,,,25.0,21.0,3.0
1529271,C Green,Kolkata Knight Riders,27.0,14.0,16.0,23.0,
1529271,SP Narine,Kolkata Knight Riders,,,24.0,26.0,2.0
1529271,CV Varun,Kolkata Knight Riders,,,24.0,14.0,3.0
1529271,Dhruv Jurel,Rajasthan Royals,5.0,7.0,,,
1529271,Ramandeep Singh,Kolkata Knight Riders,10.0,13.0,16.0,22.0,
1529271,R Parag,Rajasthan Royals,12.0,14.0,7.0,9.0,
1529271,SO Hetmyer,Rajasthan Royals,15.0,19.0,,,
1529271,D Ferreira,Rajasthan Royals,7.0,7.0,,,
1529271,RA Jadeja,Rajasthan Royals,9.0,9.0,18.0,8.0,2.0
1529271,JC Archer,Rajasthan Royals,8.0,6.0,26.0,33.0,1.0
1529271,Ravi Bishnoi,Rajasthan Royals,0.0,2.0,28.0,37.0,1.0
1529271,Brijesh Sharma,Rajasthan Royals,1.0,3.0,11.0,20.0,
1529271,TL Seifert,Kolkata Knight Riders,0.0,1.0,,,
1529271,A Raghuvanshi,Kolkata Knight Riders,10.0,20.0,,,
1529271,AM Rahane,Kolkata Knight Riders,0.0,2.0,,,
1529271,N Burger,Rajasthan Royals,,,12.0,20.0,1.0
1529271,R Powell,Kolkata Knight Riders,23.0,21.0,,,
1529271,Yash Raj Punja,Rajasthan Royals,,,24.0,25.0,1.0
1529271,RK Singh,Kolkata Knight Riders,53.0,38.0,,,
1529271,AS Roy,Kolkata Knight Riders,29.0,17.0,,,
1529272,Priyansh Arya,Punjab Kings,93.0,39.0,,,
1529272,Mohammed Shami,Lucknow Super Giants,,,29.0,51.0,1.0
1529272,P Simran Singh,Punjab Kings,0.0,1.0,,,
1529272,C Connolly,Punjab Kings,87.0,47.0,,,
1529272,Mohsin Khan,Lucknow Super Giants,,,24.0,43.0,1.0
1529272,Prince Yadav,Lucknow Super Giants,,,24.0,25.0,2.0
1529272,A Badoni,Lucknow Super Giants,35.0,22.0,6.0,14.0,
1529272,Avesh Khan,Lucknow Super Giants,,,18.0,46.0,
1529272,M Siddharth,Lucknow Super Giants,,,18.0,35.0,2.0
1529272,AK Markram,Lucknow Super Giants,42.0,23.0,7.0,31.0,
1529272,SS Iyer,Punjab Kings,5.0,6.0,,,
1529272,MP Stoinis,Punjab Kings,29.0,18.0,,,
1529272,N Wadhera,Punjab Kings,13.0,7.0,,,
1529272,Shashank Singh,Punjab Kings,17.0,7.0,,,
1529272,M Jansen,Punjab Kings,1.0,1.0,24.0,37.0,2.0
1529272,MR Marsh,Lucknow Super Giants,40.0,29.0,,,
1529272,Arshdeep Singh,Punjab Kings,,,25.0,40.0,1.0
1529272,XC Bartlett,Punjab Kings,,,26.0,52.0,
1529272,Vijaykumar Vyshak,Punjab Kings,,,28.0,26.0,1.0
1529272,RR Pant,Lucknow Super Giants,43.0,25.0,,,
1529272,YS Chahal,Punjab Kings,,,24.0,36.0,1.0
1529272,N Pooran,Lucknow Super Giants,9.0,10.0,,,
1529272,MD Choudhary,Lucknow Super Giants,21.0,17.0,,,
1529272,Himmat Singh,Lucknow Super Giants,1.0,1.0,,,
1529273,Q de Kock,Mumbai Indians,13.0,11.0,,,
1529273,Mohammed Siraj,Gujarat Titans,0.0,4.0,24.0,25.0,1.0
1529273,DV Malewar,Mumbai Indians,2.0,4.0,,,
1529273,K Rabada,Gujarat Titans,12.0,14.0,25.0,32.0,3.0
1529273,Naman Dhir,Mumbai Indians,45.0,32.0,,,
1529273,SA Yadav,Mumbai Indians,15.0,11.0,,,
1529273,Tilak Varma,Mumbai Indians,101.0,46.0,,,
1529273,Ashok Sharma,Gujarat Titans,1.0,4.0,18.0,38.0,
1529273,Rashid Khan,Gujarat Titans,4.0,6.0,24.0,31.0,
1529273,M Prasidh Krishna,Gujarat Titans,,,25.0,53.0,1.0
1529273,Washington Sundar,Gujarat Titans,26.0,19.0,6.0,13.0,
1529273,HH Pandya,Mumbai Indians,15.0,16.0,8.0,16.0,1.0
1529273,SE Rutherford,Mumbai Indians,1.0,2.0,,,
1529273,B Sai Sudharsan,Gujarat Titans,0.0,1.0,,,
1529273,JJ Bumrah,Mumbai Indians,,,20.0,13.0,1.0
1529273,JC Buttler,Gujarat Titans,5.0,6.0,,,
1529273,Shubman Gill,Gujarat Titans,14.0,14.0,,,
1529273,Krish Bhagat,Mumbai Indians,,,12.0,10.0,
1529273,Ashwani Kumar,Mumbai Indians,,,26.0,22.0,4.0
1529273,GD Phillips,Gujarat Titans,6.0,8.0,,,
1529273,AM Ghazanfar,Mumbai Indians,,,18.0,16.0,2.0
1529273,MJ Santner,Mumbai Indians,,,18.0,16.0,2.0
1529273,R Tewatia,Gujarat Titans,8.0,12.0,,,
1529273,M Shahrukh Khan,Gujarat Titans,17.0,14.0,,,
1529274,Abhishek Sharma,Sunrisers Hyderabad,135.0,74.0,,,
1529274,Mukesh Kumar,Delhi Capitals,,,25.0,52.0,
1529274,TM Head,Sunrisers Hyderabad,37.0,27.0,,,
1529274,N Rana,Delhi Capitals,57.0,34.0,26.0,53.0,
1529274,L Ngidi,Delhi Capitals,0.0,1.0,26.0,39.0,
1529274,AR Patel,Delhi Capitals,2.0,3.0,12.0,23.0,1.0
1529274,Kuldeep Yadav,Delhi Capitals,1.0,2.0,12.0,30.0,
1529274,Ishan Kishan,Sunrisers Hyderabad,25.0,14.0,,,
1529274,T Natarajan,Delhi Capitals,,,27.0,37.0,
1529274,H Klaasen,Sunrisers Hyderabad,37.0,13.0,,,
1529274,P Nissanka,Delhi Capitals,8.0,6.0,,,
1529274,D Madushanka,Sunrisers Hyderabad,,,28.0,32.0,1.0
1529274,KL Rahul,Delhi Capitals,37.0,24.0,,,
1529274,Nithish Kumar Reddy,Sunrisers Hyderabad,,,25.0,56.0,
1529274,E Malinga,Sunrisers Hyderabad,,,26.0,30.0,4.0
1529274,Sakib Hussain,Sunrisers Hyderabad,,,24.0,29.0,1.0
1529274,Shivang Kumar,Sunrisers Hyderabad,,,12.0,28.0,
1529274,Sameer Rizvi,Delhi Capitals,41.0,28.0,,,
1529274,DA Miller,Delhi Capitals,0.0,1.0,,,
1529274,T Stubbs,Delhi Capitals,27.0,16.0,,,
1529274,Ashutosh Sharma,Delhi Capitals,14.0,12.0,,,
1529274,Harsh Dubey,Sunrisers Hyderabad,,,12.0,12.0,3.0
1529275,YBK Jaiswal,Rajasthan Royals,22.0,14.0,,,
1529275,Mohammed Shami,Lucknow Super Giants,6.0,4.0,27.0,27.0,2.0
1529275,Prince Yadav,Lucknow Super Giants,,,24.0,29.0,2.0
1529275,V Suryavanshi,Rajasthan Royals,8.0,11.0,,,
1529275,Dhruv Jurel,Rajasthan Royals,0.0,1.0,,,
1529275,Mohsin Khan,Lucknow Super Giants,0.0,3.0,24.0,17.0,2.0
1529275,R Parag,Rajasthan Royals,20.0,20.0,,,
1529275,SO Hetmyer,Rajasthan Royals,22.0,19.0,,,
1529275,MP Yadav,Lucknow Super Giants,5.0,6.0,25.0,55.0,
1529275,DS Rathi,Lucknow Super Giants,2.0,2.0,24.0,26.0,
1529275,RA Jadeja,Rajasthan Royals,43.0,29.0,25.0,28.0,1.0
1529275,D Ferreira,Rajasthan Royals,20.0,19.0,,,
1529275,SB Dubey,Rajasthan Royals,19.0,11.0,,,
1529275,MR Marsh,Lucknow Super Giants,55.0,42.0,,,
1529275,JC Archer,Rajasthan Royals,,,25.0,19.0,3.0
1529275,A Badoni,Lucknow Super Giants,0.0,1.0,,,
1529275,N Burger,Rajasthan Royals,,,24.0,27.0,2.0
1529275,RR Pant,Lucknow Super Giants,0.0,3.0,,,
1529275,AK Markram,Lucknow Super Giants,0.0,6.0,,,
1529275,N Pooran,Lucknow Super Giants,22.0,27.0,,,
1529275,Brijesh Sharma,Rajasthan Royals,,,19.0,17.0,2.0
1529275,Ravi Bishnoi,Rajasthan Royals,,,20.0,21.0,1.0
1529275,Himmat Singh,Lucknow Super Giants,15.0,16.0,,,
1529275,MD Choudhary,Lucknow Super Giants,7.0,3.0,,,
1529276,SV Samson,Chennai Super Kings,101.0,55.0,,,
1529276,JJ Bumrah,Mumbai Indians,2.0,6.0,26.0,29.0,1.0
1529276,RD Gaikwad,Chennai Super Kings,22.0,15.0,,,
1529276,HH Pandya,Mumbai Indians,1.0,2.0,15.0,35.0,
1529276,AM Ghazanfar,Mumbai Indians,,,24.0,25.0,2.0
1529276,SN Khan,Chennai Super Kings,14.0,8.0,,,
1529276,MJ Santner,Mumbai Indians,,,26.0,42.0,1.0
1529276,S Dube,Chennai Super Kings,5.0,8.0,,,
1529276,Ashwani Kumar,Mumbai Indians,1.0,6.0,25.0,36.0,2.0
1529276,D Brevis,Chennai Super Kings,21.0,12.0,,,
1529276,Kartik Sharma,Chennai Super Kings,18.0,20.0,,,
1529276,Krish Bhagat,Mumbai Indians,7.0,15.0,12.0,31.0,
1529276,J Overton,Chennai Super Kings,15.0,8.0,12.0,14.0,1.0
1529276,AJ Hosein,Chennai Super Kings,2.0,2.0,24.0,17.0,4.0
1529276,Q de Kock,Mumbai Indians,7.0,10.0,,,
1529276,DV Malewar,Mumbai Indians,0.0,1.0,,,
1529276,Mukesh Choudhary,Chennai Super Kings,,,27.0,28.0,1.0
1529276,SA Yadav,Mumbai Indians,36.0,31.0,,,
1529276,Naman Dhir,Mumbai Indians,0.0,3.0,,,
1529276,Tilak Varma,Mumbai Indians,37.0,32.0,,,
1529276,A Kamboj,Chennai Super Kings,,,19.0,9.0,1.0
1529276,Noor Ahmad,Chennai Super Kings,,,25.0,22.0,2.0
1529276,SE Rutherford,Mumbai Indians,0.0,1.0,,,
1529276,SN Thakur,Mumbai Indians,6.0,12.0,,,
1529276,Gurjapneet Singh,Chennai Super Kings,,,12.0,7.0,1.0
1529277,B Sai Sudharsan,Gujarat Titans,100.0,60.0,,,
1529277,B Kumar,Royal Challengers Bengaluru,,,24.0,31.0,1.0
1529277,Shubman Gill,Gujarat Titans,32.0,25.0,,,
1529277,JR Hazlewood,Royal Challengers Bengaluru,,,25.0,39.0,1.0
1529277,Rasikh Salam,Royal Challengers Bengaluru,,,18.0,28.0,
1529277,KH Pandya,Royal Challengers Bengaluru,23.0,12.0,25.0,49.0,
1529277,R Shepherd,Royal Challengers Bengaluru,,,6.0,17.0,
1529277,Suyash Sharma,Royal Challengers Bengaluru,,,25.0,35.0,1.0
1529277,JC Buttler,Gujarat Titans,25.0,16.0,,,
1529277,Washington Sundar,Gujarat Titans,19.0,12.0,,,
1529277,JO Holder,Gujarat Titans,23.0,10.0,24.0,34.0,1.0
1529277,JG Bethell,Royal Challengers Bengaluru,14.0,10.0,,,
1529277,Mohammed Siraj,Gujarat Titans,,,18.0,25.0,1.0
1529277,V Kohli,Royal Challengers Bengaluru,81.0,45.0,,,
1529277,K Rabada,Gujarat Titans,,,25.0,44.0,
1529277,D Padikkal,Royal Challengers Bengaluru,55.0,28.0,,,
1529277,M Prasidh Krishna,Gujarat Titans,,,12.0,31.0,
1529277,Rashid Khan,Gujarat Titans,,,25.0,48.0,2.0
1529277,RM Patidar,Royal Challengers Bengaluru,8.0,5.0,,,
1529277,JM Sharma,Royal Challengers Bengaluru,10.0,6.0,,,
1529277,MJ Suthar,Gujarat Titans,,,12.0,19.0,1.0
1529277,TH David,Royal Challengers Bengaluru,10.0,10.0,,,
1529278,P Nissanka,Delhi Capitals,11.0,7.0,,,
1529278,Arshdeep Singh,Punjab Kings,,,24.0,49.0,1.0
1529278,KL Rahul,Delhi Capitals,152.0,72.0,,,
1529278,XC Bartlett,Punjab Kings,,,25.0,68.0,1.0
1529278,N Rana,Delhi Capitals,91.0,45.0,,,
1529278,M Jansen,Punjab Kings,,,24.0,45.0,
1529278,Vijaykumar Vyshak,Punjab Kings,,,19.0,47.0,
1529278,YS Chahal,Punjab Kings,,,27.0,39.0,
1529278,MP Stoinis,Punjab Kings,,,8.0,9.0,
1529278,DA Miller,Delhi Capitals,3.0,3.0,,,
1529278,Priyansh Arya,Punjab Kings,43.0,19.0,,,
1529278,Auqib Nabi,Delhi Capitals,,,14.0,39.0,
1529278,P Simran Singh,Punjab Kings,76.0,29.0,,,
1529278,Mukesh Kumar,Delhi Capitals,,,19.0,54.0,
1529278,AR Patel,Delhi Capitals,,,25.0,43.0,1.0
1529278,T Natarajan,Delhi Capitals,,,29.0,48.0,
1529278,C Connolly,Punjab Kings,17.0,10.0,,,
1529278,Kuldeep Yadav,Delhi Capitals,,,26.0,44.0,2.0
1529278,SS Iyer,Punjab Kings,71.0,38.0,,,
1529278,N Wadhera,Punjab Kings,25.0,19.0,,,
1529278,V Nigam,Delhi Capitals,,,13.0,23.0,1.0
1529278,Shashank Singh,Punjab Kings,19.0,11.0,,,
1529279,YBK Jaiswal,Rajasthan Royals,10.0,8.0,,,
1529279,PP Hinge,Sunrisers Hyderabad,,,25.0,48.0,1.0
1529279,V Suryavanshi,Rajasthan Royals,103.0,37.0,,,
1529279,PJ Cummins,Sunrisers Hyderabad,,,24.0,27.0,1.0
1529279,E Malinga,Sunrisers Hyderabad,,,25.0,37.0,2.0
1529279,Dhruv Jurel,Rajasthan Royals,51.0,39.0,,,
1529279,Sakib Hussain,Sunrisers Hyderabad,,,26.0,60.0,1.0
1529279,Shivang Kumar,Sunrisers Hyderabad,,,12.0,31.0,
1529279,Nithish Kumar Reddy,Sunrisers Hyderabad,36.0,18.0,14.0,18.0,1.0
1529279,R Parag,Rajasthan Royals,7.0,9.0,6.0,12.0,
1529279,D Ferreira,Rajasthan Royals,33.0,17.0,6.0,14.0,1.0
1529279,SO Hetmyer,Rajasthan Royals,11.0,11.0,,,
1529279,RA Jadeja,Rajasthan Royals,4.0,3.0,7.0,10.0,
1529279,JC Archer,Rajasthan Royals,2.0,2.0,25.0,33.0,2.0
1529279,TM Head,Sunrisers Hyderabad,6.0,6.0,,,
1529279,Ishan Kishan,Sunrisers Hyderabad,74.0,33.0,,,
1529279,Abhishek Sharma,Sunrisers Hyderabad,57.0,33.0,,,
1529279,N Burger,Rajasthan Royals,,,24.0,43.0,
1529279,TU Deshpande,Rajasthan Royals,,,19.0,42.0,
1529279,Brijesh Sharma,Rajasthan Royals,,,27.0,41.0,2.0
1529279,Ravi Bishnoi,Rajasthan Royals,,,6.0,16.0,
1529279,H Klaasen,Sunrisers Hyderabad,29.0,25.0,,,
1529279,S Arora,Sunrisers Hyderabad,8.0,3.0,,,
1529279,Aniket Verma,Sunrisers Hyderabad,1.0,2.0,,,
1529280,SV Samson,Chennai Super Kings,11.0,15.0,,,
1529280,Mohammed Siraj,Gujarat Titans,,,24.0,23.0,1.0
1529280,K Rabada,Gujarat Titans,,,24.0,25.0,3.0
1529280,RD Gaikwad,Chennai Super Kings,74.0,63.0,,,
1529280,Urvil Patel,Chennai Super Kings,4.0,3.0,,,
1529280,SN Khan,Chennai Super Kings,0.0,1.0,,,
1529280,D Brevis,Chennai Super Kings,2.0,9.0,,,
1529280,MJ Suthar,Gujarat Titans,,,20.0,20.0,1.0
1529280,JO Holder,Gujarat Titans,,,25.0,21.0,
1529280,S Dube,Chennai Super Kings,22.0,18.0,6.0,7.0,
1529280,Arshad Khan,Gujarat Titans,,,26.0,41.0,2.0
1529280,Rashid Khan,Gujarat Titans,,,7.0,16.0,
1529280,Kartik Sharma,Chennai Super Kings,15.0,9.0,,,
1529280,J Overton,Chennai Super Kings,18.0,8.0,13.0,27.0,
1529280,B Sai Sudharsan,Gujarat Titans,87.0,46.0,,,
1529280,AJ Hosein,Chennai Super Kings,,,22.0,46.0,1.0
1529280,Shubman Gill,Gujarat Titans,33.0,24.0,,,
1529280,A Kamboj,Chennai Super Kings,,,18.0,16.0,
1529280,Gurjapneet Singh,Chennai Super Kings,,,18.0,36.0,
1529280,Noor Ahmad,Chennai Super Kings,,,25.0,28.0,1.0
1529280,JC Buttler,Gujarat Titans,39.0,31.0,,,
1529280,Washington Sundar,Gujarat Titans,1.0,1.0,,,
1529281,AM Rahane,Kolkata Knight Riders,10.0,16.0,,,
1529281,Mohammed Shami,Lucknow Super Giants,11.0,7.0,25.0,33.0,
1529281,Mohsin Khan,Lucknow Super Giants,,,25.0,22.0,5.0
1529281,TL Seifert,Kolkata Knight Riders,0.0,3.0,,,
1529281,A Raghuvanshi,Kolkata Knight Riders,9.0,8.0,,,
1529281,C Green,Kolkata Knight Riders,34.0,22.0,12.0,12.0,1.0
1529281,Prince Yadav,Lucknow Super Giants,0.0,1.0,28.0,25.0,
1529281,DS Rathi,Lucknow Super Giants,,,26.0,44.0,
1529281,R Powell,Kolkata Knight Riders,1.0,4.0,,,
1529281,RK Singh,Kolkata Knight Riders,87.0,57.0,,,
1529281,GF Linde,Lucknow Super Giants,8.0,4.0,12.0,18.0,1.0
1529281,AK Markram,Lucknow Super Giants,31.0,29.0,12.0,9.0,
1529281,AS Roy,Kolkata Knight Riders,0.0,1.0,12.0,19.0,1.0
1529281,Ramandeep Singh,Kolkata Knight Riders,6.0,11.0,,,
1529281,SP Narine,Kolkata Knight Riders,4.0,6.0,27.0,24.0,3.0
1529281,MR Marsh,Lucknow Super Giants,2.0,3.0,,,
1529281,VG Arora,Kolkata Knight Riders,,,25.0,23.0,2.0
1529281,RR Pant,Lucknow Super Giants,43.0,39.0,,,
1529281,CV Varun,Kolkata Knight Riders,,,26.0,31.0,2.0
1529281,Kartik Tyagi,Kolkata Knight Riders,,,26.0,39.0,1.0
1529281,N Pooran,Lucknow Super Giants,9.0,14.0,,,
1529281,A Badoni,Lucknow Super Giants,24.0,19.0,,,
1529281,MD Choudhary,Lucknow Super Giants,1.0,2.0,,,
1529281,Himmat Singh,Lucknow Super Giants,19.0,10.0,,,
1529282,SU Parakh,Delhi Capitals,0.0,2.0,,,
1529282,B Kumar,Royal Challengers Bengaluru,,,19.0,4.0,3.0
1529282,N Rana,Delhi Capitals,1.0,9.0,,,
1529282,KL Rahul,Delhi Capitals,1.0,3.0,,,
1529282,JR Hazlewood,Royal Challengers Bengaluru,,,21.0,12.0,4.0
1529282,Sameer Rizvi,Delhi Capitals,0.0,1.0,,,
1529282,T Stubbs,Delhi Capitals,5.0,3.0,,,
1529282,AR Patel,Delhi Capitals,0.0,3.0,6.0,5.0,
1529282,Abishek Porel,Delhi Capitals,30.0,34.0,,,
1529282,DA Miller,Delhi Capitals,19.0,18.0,,,
1529282,Rasikh Salam,Royal Challengers Bengaluru,,,12.0,21.0,1.0
1529282,R Shepherd,Royal Challengers Bengaluru,,,12.0,21.0,
1529282,Suyash Sharma,Royal Challengers Bengaluru,,,27.0,4.0,1.0
1529282,KA Jamieson,Delhi Capitals,12.0,14.0,18.0,42.0,1.0
1529282,KH Pandya,Royal Challengers Bengaluru,,,12.0,9.0,1.0
1529282,Kuldeep Yadav,Delhi Capitals,3.0,13.0,,,
1529282,PVD Chameera,Delhi Capitals,0.0,3.0,12.0,18.0,
1529282,JG Bethell,Royal Challengers Bengaluru,20.0,11.0,,,
1529282,V Kohli,Royal Challengers Bengaluru,23.0,15.0,,,
1529282,D Padikkal,Royal Challengers Bengaluru,34.0,13.0,,,
1529282,T Natarajan,Delhi Capitals,,,3.0,12.0,
1529283,P Simran Singh,Punjab Kings,59.0,44.0,,,
1529283,JC Archer,Rajasthan Royals,,,24.0,40.0,1.0
1529283,Priyansh Arya,Punjab Kings,29.0,11.0,,,
1529283,N Burger,Rajasthan Royals,,,24.0,59.0,1.0
1529283,C Connolly,Punjab Kings,30.0,15.0,,,
1529283,Brijesh Sharma,Rajasthan Royals,,,25.0,41.0,
1529283,Yash Raj Punja,Rajasthan Royals,,,24.0,41.0,2.0
1529283,RA Jadeja,Rajasthan Royals,,,24.0,32.0,
1529283,SS Iyer,Punjab Kings,30.0,27.0,,,
1529283,MP Stoinis,Punjab Kings,62.0,22.0,,,
1529283,Suryansh Shedge,Punjab Kings,3.0,2.0,,,
1529283,YBK Jaiswal,Rajasthan Royals,51.0,28.0,,,
1529283,Arshdeep Singh,Punjab Kings,,,25.0,67.0,1.0
1529283,V Suryavanshi,Rajasthan Royals,43.0,17.0,,,
1529283,LH Ferguson,Punjab Kings,,,25.0,56.0,
1529283,M Jansen,Punjab Kings,,,21.0,40.0,
1529283,Dhruv Jurel,Rajasthan Royals,16.0,20.0,,,
1529283,Harpreet Brar,Punjab Kings,,,24.0,25.0,
1529283,YS Chahal,Punjab Kings,,,26.0,34.0,3.0
1529283,R Parag,Rajasthan Royals,29.0,16.0,,,
1529283,D Ferreira,Rajasthan Royals,52.0,27.0,,,
1529283,SB Dubey,Rajasthan Royals,31.0,13.0,,,
1529284,WG Jacks,Mumbai Indians,46.0,23.0,6.0,19.0,
1529284,PJ Cummins,Sunrisers Hyderabad,,,25.0,38.0,
1529284,RD Rickelton,Mumbai Indians,123.0,59.0,,,
1529284,PP Hinge,Sunrisers Hyderabad,,,24.0,54.0,2.0
1529284,E Malinga,Sunrisers Hyderabad,,,28.0,25.0,1.0
1529284,Harsh Dubey,Sunrisers Hyderabad,,,18.0,50.0,
1529284,Sakib Hussain,Sunrisers Hyderabad,,,19.0,38.0,1.0
1529284,Nithish Kumar Reddy,Sunrisers Hyderabad,21.0,17.0,13.0,30.0,1.0
1529284,SA Yadav,Mumbai Indians,5.0,5.0,,,
1529284,Naman Dhir,Mumbai Indians,22.0,18.0,,,
1529284,HH Pandya,Mumbai Indians,31.0,16.0,25.0,36.0,1.0
1529284,Tilak Varma,Mumbai Indians,7.0,5.0,,,
1529284,R Minz,Mumbai Indians,1.0,1.0,,,
1529284,Abhishek Sharma,Sunrisers Hyderabad,45.0,29.0,,,
1529284,TA Boult,Mumbai Indians,,,26.0,39.0,1.0
1529284,TM Head,Sunrisers Hyderabad,76.0,30.0,,,
1529284,JJ Bumrah,Mumbai Indians,,,26.0,52.0,
1529284,AM Ghazanfar,Mumbai Indians,,,24.0,51.0,2.0
1529284,Ashwani Kumar,Mumbai Indians,,,13.0,40.0,
1529284,Ishan Kishan,Sunrisers Hyderabad,0.0,1.0,,,
1529284,H Klaasen,Sunrisers Hyderabad,65.0,33.0,,,
1529284,S Arora,Sunrisers Hyderabad,30.0,10.0,,,
1529285,JG Bethell,Royal Challengers Bengaluru,5.0,5.0,,,
1529285,Mohammed Siraj,Gujarat Titans,,,24.0,38.0,1.0
1529285,V Kohli,Royal Challengers Bengaluru,28.0,14.0,,,
1529285,K Rabada,Gujarat Titans,,,25.0,43.0,1.0
1529285,D Padikkal,Royal Challengers Bengaluru,40.0,24.0,,,
1529285,RM Patidar,Royal Challengers Bengaluru,19.0,15.0,,,
1529285,JO Holder,Gujarat Titans,12.0,10.0,24.0,29.0,2.0
1529285,Arshad Khan,Gujarat Titans,,,21.0,21.0,3.0
1529285,JM Sharma,Royal Challengers Bengaluru,1.0,3.0,,,
1529285,TH David,Royal Challengers Bengaluru,9.0,6.0,,,
1529285,Rashid Khan,Gujarat Titans,7.0,6.0,24.0,19.0,2.0
1529285,KH Pandya,Royal Challengers Bengaluru,4.0,4.0,,,
1529285,R Shepherd,Royal Challengers Bengaluru,17.0,15.0,26.0,28.0,2.0
1529285,B Kumar,Royal Challengers Bengaluru,15.0,15.0,24.0,28.0,3.0
1529285,VR Iyer,Royal Challengers Bengaluru,12.0,16.0,,,
1529285,JR Hazlewood,Royal Challengers Bengaluru,0.0,1.0,24.0,56.0,
1529285,B Sai Sudharsan,Gujarat Titans,6.0,5.0,,,
1529285,Shubman Gill,Gujarat Titans,43.0,18.0,,,
1529285,JC Buttler,Gujarat Titans,39.0,20.0,,,
1529285,Washington Sundar,Gujarat Titans,12.0,12.0,,,
1529285,Suyash Sharma,Royal Challengers Bengaluru,,,25.0,42.0,1.0
1529285,M Shahrukh Khan,Gujarat Titans,8.0,8.0,,,
1529285,R Tewatia,Gujarat Titans,27.0,20.0,,,
1529286,YBK Jaiswal,Rajasthan Royals,6.0,3.0,,,
1529286,MA Starc,Delhi Capitals,,,27.0,37.0,3.0
1529286,Dhruv Jurel,Rajasthan Royals,42.0,30.0,,,
1529286,KA Jamieson,Delhi Capitals,,,24.0,48.0,1.0
1529286,V Suryavanshi,Rajasthan Royals,4.0,2.0,,,
1529286,R Parag,Rajasthan Royals,90.0,52.0,,,
1529286,AR Patel,Delhi Capitals,,,24.0,39.0,1.0
1529286,Kuldeep Yadav,Delhi Capitals,,,24.0,41.0,
1529286,T Natarajan,Delhi Capitals,,,27.0,51.0,1.0
1529286,RA Jadeja,Rajasthan Royals,20.0,15.0,18.0,33.0,1.0
1529286,D Ferreira,Rajasthan Royals,47.0,15.0,,,
1529286,SB Dubey,Rajasthan Royals,6.0,8.0,,,
1529286,JC Archer,Rajasthan Royals,1.0,1.0,26.0,44.0,1.0
1529286,P Nissanka,Delhi Capitals,62.0,34.0,,,
1529286,KL Rahul,Delhi Capitals,75.0,40.0,,,
1529286,N Burger,Rajasthan Royals,,,18.0,41.0,
1529286,TU Deshpande,Rajasthan Royals,,,27.0,35.0,1.0
1529286,Brijesh Sharma,Rajasthan Royals,,,22.0,32.0,
1529286,Ravi Bishnoi,Rajasthan Royals,,,12.0,28.0,
1529286,N Rana,Delhi Capitals,33.0,17.0,,,
1529286,T Stubbs,Delhi Capitals,18.0,14.0,,,
1529286,Ashutosh Sharma,Delhi Capitals,25.0,18.0,,,
1529287,WG Jacks,Mumbai Indians,1.0,5.0,,,
1529287,Mukesh Choudhary,Chennai Super Kings,,,18.0,25.0,
1529287,RD Rickelton,Mumbai Indians,37.0,24.0,,,
1529287,A Kamboj,Chennai Super Kings,,,25.0,31.0,3.0
1529287,Naman Dhir,Mumbai Indians,57.0,37.0,,,
1529287,PR Veer,Chennai Super Kings,,,12.0,25.0,
1529287,Noor Ahmad,Chennai Super Kings,,,24.0,26.0,2.0
1529287,SA Yadav,Mumbai Indians,21.0,12.0,,,
1529287,RS Ghosh,Chennai Super Kings,,,18.0,24.0,1.0
1529287,Tilak Varma,Mumbai Indians,5.0,8.0,,,
1529287,J Overton,Chennai Super Kings,,,24.0,23.0,1.0
1529287,HH Pandya,Mumbai Indians,18.0,24.0,13.0,16.0,
1529287,R Minz,Mumbai Indians,5.0,3.0,,,
1529287,Krish Bhagat,Mumbai Indians,3.0,6.0,12.0,22.0,
1529287,TA Boult,Mumbai Indians,7.0,2.0,21.0,35.0,
1529287,SV Samson,Chennai Super Kings,11.0,9.0,,,
1529287,RD Gaikwad,Chennai Super Kings,67.0,52.0,,,
1529287,JJ Bumrah,Mumbai Indians,,,19.0,19.0,1.0
1529287,Urvil Patel,Chennai Super Kings,24.0,12.0,,,
1529287,AM Ghazanfar,Mumbai Indians,,,24.0,40.0,1.0
1529287,Kartik Sharma,Chennai Super Kings,54.0,40.0,,,
1529287,Raghu Sharma,Mumbai Indians,,,24.0,24.0,
1529288,Abhishek Sharma,Sunrisers Hyderabad,15.0,10.0,12.0,14.0,
1529288,SP Narine,Kolkata Knight Riders,,,24.0,31.0,2.0
1529288,TM Head,Sunrisers Hyderabad,61.0,30.0,,,
1529288,VG Arora,Kolkata Knight Riders,,,19.0,24.0,1.0
1529288,Kartik Tyagi,Kolkata Knight Riders,,,25.0,29.0,2.0
1529288,Ishan Kishan,Sunrisers Hyderabad,42.0,30.0,,,
1529288,C Green,Kolkata Knight Riders,3.0,3.0,19.0,33.0,1.0
1529288,CV Varun,Kolkata Knight Riders,,,25.0,35.0,3.0
1529288,H Klaasen,Sunrisers Hyderabad,11.0,8.0,,,
1529288,R Smaran,Sunrisers Hyderabad,4.0,4.0,,,
1529288,Aniket Verma,Sunrisers Hyderabad,6.0,8.0,,,
1529288,S Arora,Sunrisers Hyderabad,2.0,6.0,,,
1529288,PJ Cummins,Sunrisers Hyderabad,10.0,8.0,26.0,40.0,1.0
1529288,AS Roy,Kolkata Knight Riders,,,6.0,8.0,1.0
1529288,Shivang Kumar,Sunrisers Hyderabad,1.0,2.0,24.0,31.0,1.0
1529288,E Malinga,Sunrisers Hyderabad,2.0,7.0,22.0,40.0,
1529288,HV Patel,Sunrisers Hyderabad,6.0,5.0,13.0,16.0,
1529288,AM Rahane,Kolkata Knight Riders,43.0,37.0,,,
1529288,FH Allen,Kolkata Knight Riders,29.0,14.0,,,
1529288,A Raghuvanshi,Kolkata Knight Riders,59.0,50.0,,,
1529288,Sakib Hussain,Sunrisers Hyderabad,,,20.0,15.0,1.0
1529288,RK Singh,Kolkata Knight Riders,22.0,13.0,,,
1529289,Priyansh Arya,Punjab Kings,2.0,2.0,,,
1529289,Mohammed Siraj,Gujarat Titans,,,25.0,27.0,2.0
1529289,C Connolly,Punjab Kings,0.0,1.0,,,
1529289,SS Iyer,Punjab Kings,19.0,22.0,,,
1529289,P Simran Singh,Punjab Kings,15.0,14.0,,,
1529289,K Rabada,Gujarat Titans,,,25.0,20.0,2.0
1529289,N Wadhera,Punjab Kings,0.0,6.0,,,
1529289,JO Holder,Gujarat Titans,5.0,7.0,25.0,23.0,4.0
1529289,Suryansh Shedge,Punjab Kings,57.0,29.0,,,
1529289,Arshad Khan,Gujarat Titans,8.0,6.0,20.0,27.0,
1529289,MP Stoinis,Punjab Kings,40.0,34.0,18.0,25.0,1.0
1529289,Rashid Khan,Gujarat Titans,,,25.0,31.0,1.0
1529289,MJ Suthar,Gujarat Titans,,,6.0,27.0,
1529289,M Jansen,Punjab Kings,20.0,13.0,25.0,32.0,1.0
1529289,XC Bartlett,Punjab Kings,0.0,1.0,25.0,33.0,
1529289,Vijaykumar Vyshak,Punjab Kings,1.0,3.0,24.0,31.0,2.0
1529289,Arshdeep Singh,Punjab Kings,1.0,1.0,24.0,24.0,2.0
1529289,B Sai Sudharsan,Gujarat Titans,57.0,42.0,,,
1529289,Shubman Gill,Gujarat Titans,5.0,4.0,,,
1529289,JC Buttler,Gujarat Titans,26.0,23.0,,,
1529289,N Sindhu,Gujarat Titans,15.0,11.0,,,
1529289,Washington Sundar,Gujarat Titans,40.0,23.0,,,
1529289,YS Chahal,Punjab Kings,,,6.0,13.0,
1529289,R Tewatia,Gujarat Titans,2.0,6.0,,,
1529290,MR Marsh,Lucknow Super Giants,44.0,25.0,,,
1529290,DL Chahar,Mumbai Indians,,,26.0,41.0,
1529290,JJ Bumrah,Mumbai Indians,,,29.0,39.0,
1529290,JP Inglis,Lucknow Super Giants,13.0,5.0,,,
1529290,AM Ghazanfar,Mumbai Indians,,,24.0,50.0,1.0
1529290,N Pooran,Lucknow Super Giants,63.0,22.0,,,
1529290,WG Jacks,Mumbai Indians,10.0,5.0,13.0,33.0,1.0
1529290,C Bosch,Mumbai Indians,,,14.0,18.0,2.0
1529290,RR Pant,Lucknow Super Giants,15.0,12.0,,,
1529290,AK Markram,Lucknow Super Giants,31.0,25.0,,,
1529290,Raghu Sharma,Mumbai Indians,,,24.0,36.0,1.0
1529290,Akshat Raghuwanshi,Lucknow Super Giants,11.0,7.0,,,
1529290,Himmat Singh,Lucknow Super Giants,40.0,34.0,,,
1529290,RD Rickelton,Mumbai Indians,83.0,33.0,,,
1529290,Mohammed Shami,Lucknow Super Giants,,,24.0,53.0,1.0
1529290,RG Sharma,Mumbai Indians,84.0,44.0,,,
1529290,Mohsin Khan,Lucknow Super Giants,,,25.0,46.0,1.0
1529290,Prince Yadav,Lucknow Super Giants,,,19.0,23.0,
1529290,Avesh Khan,Lucknow Super Giants,,,24.0,54.0,
1529290,M Siddharth,Lucknow Super Giants,,,24.0,47.0,2.0
1529290,Tilak Varma,Mumbai Indians,11.0,13.0,,,
1529290,SA Yadav,Mumbai Indians,12.0,9.0,,,
1529290,Naman Dhir,Mumbai Indians,23.0,12.0,,,
1529291,P Nissanka,Delhi Capitals,19.0,15.0,,,
1529291,AJ Hosein,Chennai Super Kings,,,24.0,19.0,1.0
1529291,KL Rahul,Delhi Capitals,12.0,13.0,,,
1529291,Mukesh Choudhary,Chennai Super Kings,,,25.0,30.0,1.0
1529291,A Kamboj,Chennai Super Kings,,,24.0,49.0,
1529291,N Rana,Delhi Capitals,15.0,13.0,,,
1529291,KK Nair,Delhi Capitals,13.0,13.0,,,
1529291,Noor Ahmad,Chennai Super Kings,,,18.0,22.0,2.0
1529291,Gurjapneet Singh,Chennai Super Kings,,,25.0,28.0,1.0
1529291,AR Patel,Delhi Capitals,2.0,6.0,25.0,20.0,1.0
1529291,T Stubbs,Delhi Capitals,38.0,33.0,,,
1529291,Sameer Rizvi,Delhi Capitals,40.0,24.0,,,
1529291,J Overton,Chennai Super Kings,,,6.0,5.0,1.0
1529291,Ashutosh Sharma,Delhi Capitals,14.0,5.0,,,
1529291,SV Samson,Chennai Super Kings,87.0,53.0,,,
1529291,MA Starc,Delhi Capitals,,,25.0,29.0,
1529291,RD Gaikwad,Chennai Super Kings,6.0,14.0,,,
1529291,L Ngidi,Delhi Capitals,,,25.0,29.0,1.0
1529291,Urvil Patel,Chennai Super Kings,17.0,9.0,,,
1529291,Kartik Sharma,Chennai Super Kings,41.0,32.0,,,
1529291,Kuldeep Yadav,Delhi Capitals,,,18.0,34.0,
1529291,T Natarajan,Delhi Capitals,,,15.0,39.0,
1529292,Abhishek Sharma,Sunrisers Hyderabad,35.0,13.0,,,
1529292,Arshdeep Singh,Punjab Kings,,,25.0,42.0,1.0
1529292,TM Head,Sunrisers Hyderabad,38.0,22.0,,,
1529292,M Jansen,Punjab Kings,19.0,17.0,26.0,59.0,
1529292,LH Ferguson,Punjab Kings,,,25.0,40.0,1.0
1529292,Ishan Kishan,Sunrisers Hyderabad,55.0,33.0,,,
1529292,YS Chahal,Punjab Kings,,,25.0,31.0,1.0
1529292,H Klaasen,Sunrisers Hyderabad,69.0,44.0,,,
1529292,Vijaykumar Vyshak,Punjab Kings,1.0,1.0,24.0,54.0,1.0
1529292,Nithish Kumar Reddy,Sunrisers Hyderabad,29.0,13.0,12.0,11.0,1.0
1529292,Priyansh Arya,Punjab Kings,1.0,3.0,,,
1529292,PJ Cummins,Sunrisers Hyderabad,,,25.0,33.0,2.0
1529292,P Simran Singh,Punjab Kings,3.0,4.0,,,
1529292,SS Iyer,Punjab Kings,5.0,5.0,,,
1529292,C Connolly,Punjab Kings,107.0,64.0,,,
1529292,E Malinga,Sunrisers Hyderabad,,,25.0,35.0,1.0
1529292,MP Stoinis,Punjab Kings,28.0,15.0,,,
1529292,Sakib Hussain,Sunrisers Hyderabad,,,27.0,37.0,1.0
1529292,Shivang Kumar,Sunrisers Hyderabad,,,26.0,43.0,2.0
1529292,Suryansh Shedge,Punjab Kings,25.0,17.0,,,
1529292,Harsh Dubey,Sunrisers Hyderabad,,,14.0,34.0,
1529292,Shashank Singh,Punjab Kings,4.0,3.0,,,
1529293,MR Marsh,Lucknow Super Giants,111.0,58.0,,,
1529293,B Kumar,Royal Challengers Bengaluru,,,24.0,34.0,
1529293,AA Kulkarni,Lucknow Super Giants,17.0,24.0,,,
1529293,JR Hazlewood,Royal Challengers Bengaluru,,,27.0,46.0,1.0
1529293,KH Pandya,Royal Challengers Bengaluru,28.0,16.0,25.0,30.0,1.0
1529293,Rasikh Salam,Royal Challengers Bengaluru,,,25.0,52.0,1.0
1529293,Suyash Sharma,Royal Challengers Bengaluru,,,12.0,21.0,
1529293,N Pooran,Lucknow Super Giants,38.0,24.0,,,
1529293,R Shepherd,Royal Challengers Bengaluru,23.0,16.0,6.0,16.0,
1529293,RR Pant,Lucknow Super Giants,32.0,12.0,,,
1529293,AK Markram,Lucknow Super Giants,1.0,1.0,,,
1529293,JG Bethell,Royal Challengers Bengaluru,4.0,8.0,,,
1529293,Mohammed Shami,Lucknow Super Giants,,,27.0,30.0,1.0
1529293,D Padikkal,Royal Challengers Bengaluru,34.0,25.0,,,
1529293,V Kohli,Royal Challengers Bengaluru,0.0,2.0,,,
1529293,Prince Yadav,Lucknow Super Giants,,,24.0,33.0,3.0
1529293,RM Patidar,Royal Challengers Bengaluru,61.0,32.0,,,
1529293,MP Yadav,Lucknow Super Giants,,,25.0,49.0,
1529293,DS Rathi,Lucknow Super Giants,,,25.0,49.0,
1529293,JM Sharma,Royal Challengers Bengaluru,1.0,3.0,,,
1529293,TH David,Royal Challengers Bengaluru,40.0,20.0,,,
1529293,Shahbaz Ahmed,Lucknow Super Giants,,,21.0,30.0,2.0
1529294,P Nissanka,Delhi Capitals,50.0,30.0,,,
1529294,AS Roy,Kolkata Knight Riders,,,26.0,29.0,2.0
1529294,KL Rahul,Delhi Capitals,23.0,14.0,,,
1529294,VG Arora,Kolkata Knight Riders,,,18.0,29.0,1.0
1529294,SP Narine,Kolkata Knight Riders,,,24.0,17.0,1.0
1529294,Kartik Tyagi,Kolkata Knight Riders,,,24.0,25.0,2.0
1529294,N Rana,Delhi Capitals,8.0,10.0,,,
1529294,CV Varun,Kolkata Knight Riders,,,24.0,28.0,
1529294,C Green,Kolkata Knight Riders,33.0,27.0,6.0,12.0,1.0
1529294,Sameer Rizvi,Delhi Capitals,3.0,7.0,,,
1529294,T Stubbs,Delhi Capitals,2.0,4.0,,,
1529294,AR Patel,Delhi Capitals,11.0,23.0,24.0,27.0,1.0
1529294,Ashutosh Sharma,Delhi Capitals,39.0,28.0,,,
1529294,V Nigam,Delhi Capitals,3.0,3.0,12.0,34.0,
1529294,MA Starc,Delhi Capitals,0.0,2.0,18.0,31.0,
1529294,L Ngidi,Delhi Capitals,1.0,1.0,12.0,7.0,
1529294,AM Rahane,Kolkata Knight Riders,13.0,9.0,,,
1529294,FH Allen,Kolkata Knight Riders,100.0,47.0,,,
1529294,A Raghuvanshi,Kolkata Knight Riders,1.0,3.0,,,
1529294,Kuldeep Yadav,Delhi Capitals,,,18.0,41.0,
1529294,Mukesh Kumar,Delhi Capitals,,,2.0,7.0,
1529295,B Sai Sudharsan,Gujarat Titans,55.0,39.0,,,
1529295,JC Archer,Rajasthan Royals,5.0,6.0,24.0,36.0,
1529295,Shubman Gill,Gujarat Titans,84.0,49.0,,,
1529295,TU Deshpande,Rajasthan Royals,1.0,3.0,27.0,49.0,
1529295,Brijesh Sharma,Rajasthan Royals,1.0,1.0,26.0,45.0,2.0
1529295,Yash Raj Punja,Rajasthan Royals,,,26.0,35.0,1.0
1529295,RA Jadeja,Rajasthan Royals,38.0,25.0,24.0,34.0,1.0
1529295,JC Buttler,Gujarat Titans,13.0,10.0,,,
1529295,Washington Sundar,Gujarat Titans,37.0,22.0,12.0,10.0,
1529295,D Ferreira,Rajasthan Royals,4.0,2.0,6.0,11.0,
1529295,JO Holder,Gujarat Titans,7.0,8.0,15.0,12.0,3.0
1529295,R Tewatia,Gujarat Titans,14.0,5.0,,,
1529295,YBK Jaiswal,Rajasthan Royals,3.0,4.0,,,
1529295,Mohammed Siraj,Gujarat Titans,,,26.0,53.0,1.0
1529295,V Suryavanshi,Rajasthan Royals,36.0,17.0,,,
1529295,K Rabada,Gujarat Titans,,,18.0,33.0,2.0
1529295,Dhruv Jurel,Rajasthan Royals,24.0,10.0,,,
1529295,SO Hetmyer,Rajasthan Royals,6.0,7.0,,,
1529295,R Sai Kishore,Gujarat Titans,,,6.0,8.0,
1529295,Rashid Khan,Gujarat Titans,,,24.0,33.0,4.0
1529295,SB Dubey,Rajasthan Royals,15.0,14.0,,,
1529295,MD Shanaka,Rajasthan Royals,16.0,12.0,,,
1529296,JP Inglis,Lucknow Super Giants,85.0,34.0,,,
1529296,AJ Hosein,Chennai Super Kings,,,24.0,49.0,
1529296,MR Marsh,Lucknow Super Giants,10.0,11.0,,,
1529296,Mukesh Choudhary,Chennai Super Kings,,,26.0,43.0,
1529296,A Kamboj,Chennai Super Kings,,,26.0,45.0,2.0
1529296,N Pooran,Lucknow Super Giants,1.0,3.0,,,
1529296,Noor Ahmad,Chennai Super Kings,,,24.0,24.0,1.0
1529296,RR Pant,Lucknow Super Giants,15.0,12.0,,,
1529296,J Overton,Chennai Super Kings,,,26.0,34.0,3.0
1529296,AK Markram,Lucknow Super Giants,6.0,7.0,4.0,12.0,
1529296,Akshat Raghuwanshi,Lucknow Super Giants,18.0,20.0,,,
1529296,Shahbaz Ahmed,Lucknow Super Giants,43.0,25.0,18.0,30.0,2.0
1529296,Himmat Singh,Lucknow Super Giants,17.0,13.0,,,
1529296,Mohammed Shami,Lucknow Super Giants,0.0,1.0,24.0,37.0,
1529296,SV Samson,Chennai Super Kings,28.0,14.0,,,
1529296,RD Gaikwad,Chennai Super Kings,42.0,29.0,,,
1529296,Prince Yadav,Lucknow Super Giants,,,25.0,34.0,
1529296,DS Rathi,Lucknow Super Giants,,,25.0,44.0,2.0
1529296,Urvil Patel,Chennai Super Kings,65.0,24.0,,,
1529296,Avesh Khan,Lucknow Super Giants,,,28.0,40.0,1.0
1529296,Kartik Sharma,Chennai Super Kings,20.0,20.0,,,
1529296,D Brevis,Chennai Super Kings,10.0,13.0,,,
1529296,PR Veer,Chennai Super Kings,17.0,13.0,,,
1529296,S Dube,Chennai Super Kings,15.0,11.0,,,
1529297,RD Rickelton,Mumbai Indians,2.0,4.0,,,
1529297,B Kumar,Royal Challengers Bengaluru,7.0,3.0,25.0,22.0,4.0
1529297,RG Sharma,Mumbai Indians,22.0,10.0,,,
1529297,JR Hazlewood,Royal Challengers Bengaluru,,,25.0,32.0,1.0
1529297,Naman Dhir,Mumbai Indians,47.0,33.0,,,
1529297,SA Yadav,Mumbai Indians,0.0,1.0,,,
1529297,Tilak Varma,Mumbai Indians,57.0,44.0,,,
1529297,Rasikh Salam,Royal Challengers Bengaluru,3.0,3.0,24.0,42.0,1.0
1529297,R Shepherd,Royal Challengers Bengaluru,4.0,12.0,18.0,18.0,1.0
1529297,KH Pandya,Royal Challengers Bengaluru,73.0,50.0,19.0,25.0,
1529297,Suyash Sharma,Royal Challengers Bengaluru,,,12.0,21.0,
1529297,WG Jacks,Mumbai Indians,10.0,10.0,13.0,12.0,
1529297,RA Bawa,Mumbai Indians,16.0,14.0,24.0,32.0,1.0
1529297,C Bosch,Mumbai Indians,5.0,5.0,24.0,26.0,4.0
1529297,DL Chahar,Mumbai Indians,1.0,2.0,26.0,31.0,2.0
1529297,JG Bethell,Royal Challengers Bengaluru,27.0,28.0,,,
1529297,V Kohli,Royal Challengers Bengaluru,0.0,2.0,,,
1529297,D Padikkal,Royal Challengers Bengaluru,12.0,11.0,,,
1529297,JJ Bumrah,Mumbai Indians,,,26.0,18.0,
1529297,RM Patidar,Royal Challengers Bengaluru,8.0,9.0,,,
1529297,AM Ghazanfar,Mumbai Indians,,,18.0,33.0,1.0
1529297,JM Sharma,Royal Challengers Bengaluru,18.0,12.0,,,
1529297,TH David,Royal Challengers Bengaluru,0.0,1.0,,,
1529298,Priyansh Arya,Punjab Kings,56.0,34.0,,,
1529298,MA Starc,Delhi Capitals,,,27.0,50.0,2.0
1529298,P Simran Singh,Punjab Kings,18.0,17.0,,,
1529298,Auqib Nabi,Delhi Capitals,10.0,2.0,26.0,30.0,
1529298,L Ngidi,Delhi Capitals,,,24.0,46.0,
1529298,Mukesh Kumar,Delhi Capitals,,,26.0,29.0,1.0
1529298,SS Iyer,Punjab Kings,59.0,38.0,,,
1529298,M Tiwari,Delhi Capitals,18.0,8.0,26.0,38.0,2.0
1529298,C Connolly,Punjab Kings,38.0,29.0,,,
1529298,MP Stoinis,Punjab Kings,1.0,2.0,20.0,42.0,1.0
1529298,Shashank Singh,Punjab Kings,0.0,1.0,,,
1529298,Suryansh Shedge,Punjab Kings,21.0,8.0,,,
1529298,KL Rahul,Delhi Capitals,9.0,8.0,,,
1529298,Arshdeep Singh,Punjab Kings,,,26.0,17.0,2.0
1529298,Abishek Porel,Delhi Capitals,5.0,6.0,,,
1529298,Yash Thakur,Punjab Kings,,,26.0,49.0,2.0
1529298,SU Parakh,Delhi Capitals,13.0,6.0,,,
1529298,T Stubbs,Delhi Capitals,12.0,17.0,,,
1529298,AR Patel,Delhi Capitals,56.0,38.0,,,
1529298,M Jansen,Punjab Kings,,,25.0,44.0,
1529298,BJ Dwarshuis,Punjab Kings,,,26.0,46.0,1.0
1529298,DA Miller,Delhi Capitals,51.0,28.0,,,
1529298,Ashutosh Sharma,Delhi Capitals,24.0,10.0,,,
1529299,B Sai Sudharsan,Gujarat Titans,61.0,46.0,,,
1529299,PJ Cummins,Sunrisers Hyderabad,19.0,9.0,24.0,20.0,1.0
1529299,Shubman Gill,Gujarat Titans,5.0,7.0,,,
1529299,Nithish Kumar Reddy,Sunrisers Hyderabad,2.0,5.0,18.0,27.0,
1529299,PP Hinge,Sunrisers Hyderabad,3.0,8.0,18.0,17.0,2.0
1529299,JC Buttler,Gujarat Titans,7.0,11.0,,,
1529299,N Sindhu,Gujarat Titans,22.0,14.0,,,
1529299,E Malinga,Sunrisers Hyderabad,0.0,3.0,25.0,45.0,
1529299,Sakib Hussain,Sunrisers Hyderabad,,,27.0,34.0,2.0
1529299,Washington Sundar,Gujarat Titans,50.0,35.0,,,
1529299,Shivang Kumar,Sunrisers Hyderabad,4.0,6.0,14.0,17.0,
1529299,JO Holder,Gujarat Titans,11.0,12.0,25.0,19.0,3.0
1529299,R Tewatia,Gujarat Titans,4.0,1.0,,,
1529299,TM Head,Sunrisers Hyderabad,0.0,4.0,,,
1529299,Mohammed Siraj,Gujarat Titans,,,18.0,11.0,1.0
1529299,Ishan Kishan,Sunrisers Hyderabad,11.0,7.0,,,
1529299,Abhishek Sharma,Sunrisers Hyderabad,6.0,4.0,,,
1529299,K Rabada,Gujarat Titans,,,24.0,28.0,3.0
1529299,R Smaran,Sunrisers Hyderabad,9.0,15.0,,,
1529299,H Klaasen,Sunrisers Hyderabad,14.0,16.0,,,
1529299,S Arora,Sunrisers Hyderabad,16.0,13.0,,,
1529299,M Prasidh Krishna,Gujarat Titans,,,18.0,23.0,2.0
1529299,Rashid Khan,Gujarat Titans,,,5.0,3.0,1.0
1529300,AM Rahane,Kolkata Knight Riders,19.0,13.0,,,
1529300,B Kumar,Royal Challengers Bengaluru,,,24.0,34.0,1.0
1529300,FH Allen,Kolkata Knight Riders,18.0,8.0,,,
1529300,JA Duffy,Royal Challengers Bengaluru,,,24.0,48.0,
1529300,A Raghuvanshi,Kolkata Knight Riders,71.0,47.0,,,
1529300,JR Hazlewood,Royal Challengers Bengaluru,,,24.0,35.0,1.0
1529300,C Green,Kolkata Knight Riders,32.0,25.0,13.0,21.0,
1529300,Rasikh Salam,Royal Challengers Bengaluru,,,25.0,34.0,1.0
1529300,KH Pandya,Royal Challengers Bengaluru,,,25.0,38.0,
1529300,RK Singh,Kolkata Knight Riders,49.0,29.0,,,
1529300,JG Bethell,Royal Challengers Bengaluru,15.0,12.0,,,
1529300,SR Dubey,Kolkata Knight Riders,,,13.0,21.0,
1529300,V Kohli,Royal Challengers Bengaluru,105.0,64.0,,,
1529300,VG Arora,Kolkata Knight Riders,,,26.0,46.0,
1529300,Kartik Tyagi,Kolkata Knight Riders,,,25.0,31.0,3.0
1529300,D Padikkal,Royal Challengers Bengaluru,39.0,30.0,,,
1529300,SP Narine,Kolkata Knight Riders,,,24.0,31.0,1.0
1529300,AS Roy,Kolkata Knight Riders,,,23.0,30.0,
1529300,RM Patidar,Royal Challengers Bengaluru,11.0,9.0,,,
1529300,TH David,Royal Challengers Bengaluru,2.0,4.0,,,
1529300,JM Sharma,Royal Challengers Bengaluru,8.0,5.0,,,
1529301,Priyansh Arya,Punjab Kings,22.0,17.0,,,
1529301,DL Chahar,Mumbai Indians,,,24.0,36.0,2.0
1529301,P Simran Singh,Punjab Kings,57.0,34.0,,,
1529301,JJ Bumrah,Mumbai Indians,,,26.0,33.0,
1529301,SN Thakur,Mumbai Indians,,,26.0,37.0,4.0
1529301,C Connolly,Punjab Kings,21.0,23.0,,,
1529301,C Bosch,Mumbai Indians,,,24.0,42.0,1.0
1529301,Raghu Sharma,Mumbai Indians,,,12.0,22.0,
1529301,WG Jacks,Mumbai Indians,25.0,10.0,7.0,8.0,
1529301,SS Iyer,Punjab Kings,4.0,2.0,,,
1529301,Suryansh Shedge,Punjab Kings,8.0,5.0,,,
1529301,RA Bawa,Mumbai Indians,,,8.0,9.0,1.0
1529301,Shashank Singh,Punjab Kings,2.0,5.0,,,
1529301,Azmatullah Omarzai,Punjab Kings,38.0,18.0,25.0,35.0,2.0
1529301,M Jansen,Punjab Kings,2.0,7.0,24.0,55.0,1.0
1529301,Vishnu Vinod,Punjab Kings,15.0,8.0,,,
1529301,XC Bartlett,Punjab Kings,18.0,8.0,23.0,53.0,
1529301,RG Sharma,Mumbai Indians,25.0,27.0,,,
1529301,Arshdeep Singh,Punjab Kings,,,25.0,28.0,
1529301,RD Rickelton,Mumbai Indians,48.0,23.0,,,
1529301,Naman Dhir,Mumbai Indians,9.0,6.0,,,
1529301,YS Chahal,Punjab Kings,,,25.0,31.0,1.0
1529301,Tilak Varma,Mumbai Indians,75.0,34.0,,,
1529301,SE Rutherford,Mumbai Indians,20.0,22.0,,,
1529302,SV Samson,Chennai Super Kings,20.0,21.0,,,
1529302,Mohammed Shami,Lucknow Super Giants,,,25.0,40.0,1.0
1529302,RD Gaikwad,Chennai Super Kings,13.0,9.0,,,
1529302,Akash Singh,Lucknow Super Giants,,,25.0,25.0,3.0
1529302,Urvil Patel,Chennai Super Kings,6.0,9.0,,,
1529302,Prince Yadav,Lucknow Super Giants,,,26.0,47.0,
1529302,Kartik Sharma,Chennai Super Kings,71.0,43.0,,,
1529302,MP Yadav,Lucknow Super Giants,,,27.0,23.0,
1529302,D Brevis,Chennai Super Kings,25.0,17.0,,,
1529302,Shahbaz Ahmed,Lucknow Super Giants,,,24.0,45.0,1.0
1529302,S Dube,Chennai Super Kings,32.0,16.0,,,
1529302,PR Veer,Chennai Super Kings,13.0,12.0,,,
1529302,MR Marsh,Lucknow Super Giants,90.0,40.0,,,
1529302,Mukesh Choudhary,Chennai Super Kings,,,19.0,23.0,1.0
1529302,JP Inglis,Lucknow Super Giants,36.0,33.0,,,
1529302,SH Johnson,Chennai Super Kings,,,26.0,37.0,1.0
1529302,A Kamboj,Chennai Super Kings,,,16.0,63.0,
1529302,Noor Ahmad,Chennai Super Kings,,,24.0,21.0,
1529302,Gurjapneet Singh,Chennai Super Kings,,,18.0,34.0,
1529302,N Pooran,Lucknow Super Giants,32.0,17.0,,,
1529302,Abdul Samad,Lucknow Super Giants,7.0,3.0,,,
1529302,MD Choudhary,Lucknow Super Giants,13.0,10.0,,,
1529303,AM Rahane,Kolkata Knight Riders,14.0,14.0,,,
1529303,Mohammed Siraj,Gujarat Titans,,,27.0,47.0,1.0
1529303,FH Allen,Kolkata Knight Riders,93.0,36.0,,,
1529303,K Rabada,Gujarat Titans,,,25.0,39.0,
1529303,A Raghuvanshi,Kolkata Knight Riders,82.0,47.0,,,
1529303,JO Holder,Gujarat Titans,,,25.0,38.0,
1529303,Rashid Khan,Gujarat Titans,,,24.0,57.0,
1529303,R Sai Kishore,Gujarat Titans,,,18.0,38.0,1.0
1529303,Arshad Khan,Gujarat Titans,,,6.0,22.0,
1529303,C Green,Kolkata Knight Riders,52.0,28.0,18.0,25.0,1.0
1529303,B Sai Sudharsan,Gujarat Titans,53.0,32.0,,,
1529303,SR Dubey,Kolkata Knight Riders,,,20.0,15.0,1.0
1529303,Shubman Gill,Gujarat Titans,85.0,51.0,,,
1529303,Kartik Tyagi,Kolkata Knight Riders,,,24.0,59.0,
1529303,N Sindhu,Gujarat Titans,1.0,5.0,,,
1529303,M Pathirana,Kolkata Knight Riders,,,10.0,7.0,
1529303,SP Narine,Kolkata Knight Riders,,,24.0,29.0,2.0
1529303,JC Buttler,Gujarat Titans,57.0,35.0,,,
1529303,CV Varun,Kolkata Knight Riders,,,25.0,46.0,
1529303,AS Roy,Kolkata Knight Riders,,,6.0,17.0,
1529303,R Tewatia,Gujarat Titans,2.0,4.0,,,
1529304,JG Bethell,Royal Challengers Bengaluru,11.0,7.0,,,
1529304,Arshdeep Singh,Punjab Kings,,,25.0,42.0,1.0
1529304,V Kohli,Royal Challengers Bengaluru,58.0,38.0,,,
1529304,Azmatullah Omarzai,Punjab Kings,14.0,10.0,25.0,37.0,
1529304,Harpreet Brar,Punjab Kings,5.0,3.0,25.0,34.0,2.0
1529304,D Padikkal,Royal Challengers Bengaluru,45.0,27.0,,,
1529304,LH Ferguson,Punjab Kings,,,20.0,41.0,
1529304,YS Chahal,Punjab Kings,,,19.0,41.0,1.0
1529304,Shashank Singh,Punjab Kings,56.0,30.0,12.0,20.0,
1529304,VR Iyer,Royal Challengers Bengaluru,73.0,41.0,,,
1529304,TH David,Royal Challengers Bengaluru,28.0,13.0,,,
1529304,Priyansh Arya,Punjab Kings,0.0,4.0,,,
1529304,B Kumar,Royal Challengers Bengaluru,,,25.0,37.0,2.0
1529304,C Connolly,Punjab Kings,37.0,22.0,,,
1529304,P Simran Singh,Punjab Kings,2.0,5.0,,,
1529304,JR Hazlewood,Royal Challengers Bengaluru,,,26.0,34.0,1.0
1529304,SS Iyer,Punjab Kings,1.0,3.0,,,
1529304,Rasikh Salam,Royal Challengers Bengaluru,,,27.0,33.0,3.0
1529304,Suryansh Shedge,Punjab Kings,35.0,24.0,,,
1529304,Suyash Sharma,Royal Challengers Bengaluru,,,25.0,49.0,1.0
1529304,R Shepherd,Royal Challengers Bengaluru,,,6.0,8.0,1.0
1529304,MP Stoinis,Punjab Kings,37.0,27.0,,,
1529304,KH Pandya,Royal Challengers Bengaluru,,,19.0,26.0,
1529305,YBK Jaiswal,Rajasthan Royals,12.0,9.0,,,
1529305,MA Starc,Delhi Capitals,,,25.0,39.0,4.0
1529305,V Suryavanshi,Rajasthan Royals,46.0,23.0,,,
1529305,L Ngidi,Delhi Capitals,,,24.0,24.0,2.0
1529305,Dhruv Jurel,Rajasthan Royals,53.0,42.0,,,
1529305,T Vijay,Delhi Capitals,,,12.0,29.0,
1529305,Mukesh Kumar,Delhi Capitals,,,13.0,39.0,
1529305,M Tiwari,Delhi Capitals,,,28.0,23.0,2.0
1529305,R Parag,Rajasthan Royals,51.0,28.0,,,
1529305,AR Patel,Delhi Capitals,34.0,20.0,24.0,31.0,
1529305,D Ferreira,Rajasthan Royals,0.0,1.0,6.0,16.0,
1529305,Ravi Singh,Rajasthan Royals,4.0,2.0,,,
1529305,SB Dubey,Rajasthan Royals,5.0,9.0,,,
1529305,MD Shanaka,Rajasthan Royals,10.0,8.0,18.0,29.0,1.0
1529305,JC Archer,Rajasthan Royals,2.0,2.0,27.0,28.0,2.0
1529305,AF Milne,Rajasthan Royals,2.0,2.0,21.0,39.0,
1529305,Abishek Porel,Delhi Capitals,51.0,34.0,,,
1529305,KL Rahul,Delhi Capitals,56.0,43.0,,,
1529305,Brijesh Sharma,Rajasthan Royals,,,26.0,41.0,2.0
1529305,Yash Raj Punja,Rajasthan Royals,,,25.0,28.0,
1529305,SU Parakh,Delhi Capitals,9.0,8.0,,,
1529305,T Stubbs,Delhi Capitals,4.0,6.0,,,
1529305,DA Miller,Delhi Capitals,9.0,6.0,,,
1529305,Ashutosh Sharma,Delhi Capitals,18.0,6.0,,,
1529306,SV Samson,Chennai Super Kings,27.0,13.0,,,
1529306,Nithish Kumar Reddy,Sunrisers Hyderabad,11.0,8.0,14.0,33.0,
1529306,RD Gaikwad,Chennai Super Kings,15.0,22.0,,,
1529306,PP Hinge,Sunrisers Hyderabad,,,21.0,34.0,1.0
1529306,PJ Cummins,Sunrisers Hyderabad,,,25.0,27.0,3.0
1529306,Urvil Patel,Chennai Super Kings,13.0,9.0,,,
1529306,E Malinga,Sunrisers Hyderabad,,,24.0,26.0,1.0
1529306,Sakib Hussain,Sunrisers Hyderabad,,,27.0,31.0,2.0
1529306,Kartik Sharma,Chennai Super Kings,32.0,19.0,,,
1529306,Shivang Kumar,Sunrisers Hyderabad,,,18.0,20.0,
1529306,D Brevis,Chennai Super Kings,44.0,28.0,,,
1529306,S Dube,Chennai Super Kings,26.0,26.0,7.0,11.0,
1529306,PR Veer,Chennai Super Kings,11.0,11.0,,,
1529306,AJ Hosein,Chennai Super Kings,3.0,1.0,19.0,20.0,1.0
1529306,Abhishek Sharma,Sunrisers Hyderabad,26.0,22.0,,,
1529306,Mukesh Choudhary,Chennai Super Kings,,,27.0,33.0,2.0
1529306,SH Johnson,Chennai Super Kings,,,18.0,26.0,
1529306,TM Head,Sunrisers Hyderabad,6.0,6.0,,,
1529306,Ishan Kishan,Sunrisers Hyderabad,70.0,47.0,,,
1529306,A Kamboj,Chennai Super Kings,,,25.0,45.0,1.0
1529306,Noor Ahmad,Chennai Super Kings,,,24.0,40.0,1.0
1529306,H Klaasen,Sunrisers Hyderabad,47.0,28.0,,,
1529306,S Arora,Sunrisers Hyderabad,10.0,7.0,,,
1529306,R Smaran,Sunrisers Hyderabad,5.0,2.0,,,
1529307,MR Marsh,Lucknow Super Giants,96.0,59.0,,,
1529307,JC Archer,Rajasthan Royals,,,24.0,39.0,1.0
1529307,JP Inglis,Lucknow Super Giants,60.0,31.0,,,
1529307,SS Mishra,Rajasthan Royals,,,30.0,40.0,
1529307,Sandeep Sharma,Rajasthan Royals,,,18.0,43.0,
1529307,Brijesh Sharma,Rajasthan Royals,,,27.0,41.0,
1529307,Yash Raj Punja,Rajasthan Royals,,,24.0,35.0,2.0
1529307,N Pooran,Lucknow Super Giants,16.0,15.0,,,
1529307,MD Shanaka,Rajasthan Royals,,,7.0,9.0,
1529307,RR Pant,Lucknow Super Giants,35.0,24.0,,,
1529307,A Badoni,Lucknow Super Giants,0.0,1.0,,,
1529307,YBK Jaiswal,Rajasthan Royals,43.0,26.0,,,
1529307,Akash Singh,Lucknow Super Giants,,,23.0,45.0,1.0
1529307,V Suryavanshi,Rajasthan Royals,93.0,41.0,,,
1529307,Mohsin Khan,Lucknow Super Giants,,,24.0,31.0,1.0
1529307,MP Yadav,Lucknow Super Giants,,,24.0,50.0,
1529307,Prince Yadav,Lucknow Super Giants,,,25.0,42.0,
1529307,Dhruv Jurel,Rajasthan Royals,53.0,38.0,,,
1529307,DS Rathi,Lucknow Super Giants,,,24.0,38.0,
1529307,LG Pretorius,Rajasthan Royals,7.0,6.0,,,
1529307,D Ferreira,Rajasthan Royals,16.0,10.0,,,
1529307,Shahbaz Ahmed,Lucknow Super Giants,,,1.0,6.0,
1529308,RD Rickelton,Mumbai Indians,6.0,8.0,,,
1529308,AS Roy,Kolkata Knight Riders,4.0,4.0,6.0,6.0,
1529308,RG Sharma,Mumbai Indians,15.0,13.0,,,
1529308,SR Dubey,Kolkata Knight Riders,,,26.0,32.0,2.0
1529308,C Green,Kolkata Knight Riders,4.0,8.0,18.0,23.0,2.0
1529308,Naman Dhir,Mumbai Indians,0.0,3.0,,,
1529308,Tilak Varma,Mumbai Indians,20.0,33.0,,,
1529308,SA Yadav,Mumbai Indians,15.0,6.0,,,
1529308,HH Pandya,Mumbai Indians,26.0,27.0,13.0,12.0,
1529308,Kartik Tyagi,Kolkata Knight Riders,,,24.0,37.0,2.0
1529308,SP Narine,Kolkata Knight Riders,,,24.0,13.0,1.0
1529308,CV Varun,Kolkata Knight Riders,,,25.0,27.0,
1529308,WG Jacks,Mumbai Indians,14.0,8.0,5.0,7.0,
1529308,C Bosch,Mumbai Indians,32.0,18.0,19.0,29.0,3.0
1529308,DL Chahar,Mumbai Indians,10.0,7.0,20.0,21.0,1.0
1529308,AM Rahane,Kolkata Knight Riders,21.0,18.0,,,
1529308,FH Allen,Kolkata Knight Riders,8.0,6.0,,,
1529308,JJ Bumrah,Mumbai Indians,,,25.0,25.0,1.0
1529308,MK Pandey,Kolkata Knight Riders,45.0,34.0,,,
1529308,AM Ghazanfar,Mumbai Indians,,,24.0,25.0,1.0
1529308,R Powell,Kolkata Knight Riders,40.0,31.0,,,
1529308,Raghu Sharma,Mumbai Indians,,,12.0,23.0,
1529308,T Dahiya,Kolkata Knight Riders,11.0,12.0,,,
1529308,RK Singh,Kolkata Knight Riders,9.0,5.0,,,
1529309,B Sai Sudharsan,Gujarat Titans,84.0,57.0,,,
1529309,Mukesh Choudhary,Chennai Super Kings,2.0,2.0,24.0,36.0,1.0
1529309,Shubman Gill,Gujarat Titans,64.0,39.0,,,
1529309,SH Johnson,Chennai Super Kings,0.0,1.0,27.0,40.0,1.0
1529309,Gurjapneet Singh,Chennai Super Kings,,,28.0,27.0,
1529309,A Kamboj,Chennai Super Kings,19.0,8.0,25.0,55.0,1.0
1529309,Noor Ahmad,Chennai Super Kings,1.0,5.0,19.0,39.0,
1529309,S Dube,Chennai Super Kings,47.0,19.0,6.0,15.0,
1529309,JC Buttler,Gujarat Titans,57.0,29.0,,,
1529309,R Tewatia,Gujarat Titans,0.0,1.0,,,
1529309,Washington Sundar,Gujarat Titans,7.0,3.0,,,
1529309,SV Samson,Chennai Super Kings,0.0,1.0,,,
1529309,Mohammed Siraj,Gujarat Titans,,,18.0,26.0,3.0
1529309,RD Gaikwad,Chennai Super Kings,16.0,7.0,,,
1529309,MW Short,Chennai Super Kings,24.0,15.0,,,
1529309,K Rabada,Gujarat Titans,,,23.0,31.0,3.0
1529309,Urvil Patel,Chennai Super Kings,0.0,2.0,,,
1529309,Kartik Sharma,Chennai Super Kings,19.0,15.0,,,
1529309,D Brevis,Chennai Super Kings,8.0,11.0,,,
1529309,Arshad Khan,Gujarat Titans,,,14.0,22.0,
1529309,JO Holder,Gujarat Titans,,,12.0,27.0,
1529309,Rashid Khan,Gujarat Titans,,,13.0,17.0,3.0
1529309,M Prasidh Krishna,Gujarat Titans,,,6.0,13.0,
1529310,Abhishek Sharma,Sunrisers Hyderabad,56.0,24.0,,,
1529310,B Kumar,Royal Challengers Bengaluru,,,26.0,48.0,
1529310,TM Head,Sunrisers Hyderabad,26.0,16.0,6.0,7.0,1.0
1529310,JR Hazlewood,Royal Challengers Bengaluru,,,28.0,51.0,
1529310,Rasikh Salam,Royal Challengers Bengaluru,,,27.0,49.0,2.0
1529310,Ishan Kishan,Sunrisers Hyderabad,79.0,51.0,,,
1529310,Suyash Sharma,Royal Challengers Bengaluru,,,19.0,35.0,1.0
1529310,R Shepherd,Royal Challengers Bengaluru,,,20.0,35.0,
1529310,H Klaasen,Sunrisers Hyderabad,51.0,27.0,,,
1529310,KH Pandya,Royal Challengers Bengaluru,41.0,32.0,13.0,23.0,1.0
1529310,Nithish Kumar Reddy,Sunrisers Hyderabad,29.0,15.0,7.0,9.0,
1529310,VR Iyer,Royal Challengers Bengaluru,44.0,20.0,,,
1529310,PJ Cummins,Sunrisers Hyderabad,,,27.0,44.0,
1529310,V Kohli,Royal Challengers Bengaluru,15.0,12.0,,,
1529310,E Malinga,Sunrisers Hyderabad,,,24.0,33.0,2.0
1529310,Shivang Kumar,Sunrisers Hyderabad,,,13.0,31.0,
1529310,D Padikkal,Royal Challengers Bengaluru,21.0,14.0,,,
1529310,Sakib Hussain,Sunrisers Hyderabad,,,24.0,31.0,1.0
1529310,RM Patidar,Royal Challengers Bengaluru,56.0,40.0,,,
1529310,HV Patel,Sunrisers Hyderabad,,,24.0,37.0,
1529310,TH David,Royal Challengers Bengaluru,15.0,7.0,,,
1529311,JP Inglis,Lucknow Super Giants,72.0,48.0,,,
1529311,Arshdeep Singh,Punjab Kings,,,22.0,48.0,
1529311,AA Kulkarni,Lucknow Super Giants,0.0,1.0,,,
1529311,Azmatullah Omarzai,Punjab Kings,,,19.0,28.0,1.0
1529311,N Pooran,Lucknow Super Giants,2.0,7.0,,,
1529311,M Jansen,Punjab Kings,,,25.0,32.0,2.0
1529311,A Badoni,Lucknow Super Giants,43.0,19.0,,,
1529311,YS Chahal,Punjab Kings,,,24.0,25.0,2.0
1529311,RR Pant,Lucknow Super Giants,26.0,22.0,,,
1529311,Vijaykumar Vyshak,Punjab Kings,,,19.0,25.0,
1529311,Shashank Singh,Punjab Kings,,,19.0,28.0,1.0
1529311,Abdul Samad,Lucknow Super Giants,37.0,23.0,,,
1529311,MD Choudhary,Lucknow Super Giants,1.0,3.0,,,
1529311,Arjun Tendulkar,Lucknow Super Giants,5.0,5.0,24.0,36.0,1.0
1529311,Priyansh Arya,Punjab Kings,0.0,1.0,,,
1529311,Mohammed Shami,Lucknow Super Giants,,,26.0,43.0,2.0
1529311,C Connolly,Punjab Kings,18.0,12.0,,,
1529311,P Simran Singh,Punjab Kings,69.0,39.0,,,
1529311,Prince Yadav,Lucknow Super Giants,,,19.0,31.0,
1529311,SS Iyer,Punjab Kings,101.0,52.0,,,
1529311,Mohsin Khan,Lucknow Super Giants,,,24.0,48.0,
1529311,DS Rathi,Lucknow Super Giants,,,18.0,39.0,
1529311,Suryansh Shedge,Punjab Kings,9.0,7.0,,,
1529312,YBK Jaiswal,Rajasthan Royals,27.0,17.0,,,
1529312,DL Chahar,Mumbai Indians,8.0,5.0,24.0,43.0,2.0
1529312,V Suryavanshi,Rajasthan Royals,4.0,8.0,,,
1529312,WG Jacks,Mumbai Indians,33.0,18.0,14.0,10.0,1.0
1529312,Dhruv Jurel,Rajasthan Royals,38.0,26.0,,,
1529312,R Parag,Rajasthan Royals,14.0,8.0,,,
1529312,AM Ghazanfar,Mumbai Indians,2.0,3.0,19.0,42.0,1.0
1529312,Raghu Sharma,Mumbai Indians,,,18.0,25.0,
1529312,MD Shanaka,Rajasthan Royals,29.0,16.0,13.0,20.0,
1529312,SN Thakur,Mumbai Indians,10.0,12.0,26.0,39.0,2.0
1529312,C Bosch,Mumbai Indians,2.0,4.0,25.0,37.0,1.0
1529312,D Ferreira,Rajasthan Royals,18.0,15.0,,,
1529312,JC Archer,Rajasthan Royals,32.0,15.0,24.0,17.0,3.0
1529312,SB Dubey,Rajasthan Royals,5.0,6.0,,,
1529312,RA Jadeja,Rajasthan Royals,19.0,12.0,12.0,24.0,
1529312,N Burger,Rajasthan Royals,10.0,3.0,26.0,41.0,2.0
1529312,RG Sharma,Mumbai Indians,0.0,4.0,,,
1529312,Naman Dhir,Mumbai Indians,6.0,5.0,,,
1529312,RD Rickelton,Mumbai Indians,12.0,7.0,,,
1529312,SA Yadav,Mumbai Indians,60.0,44.0,,,
1529312,Tilak Varma,Mumbai Indians,3.0,7.0,,,
1529312,Brijesh Sharma,Rajasthan Royals,,,25.0,25.0,2.0
1529312,Yash Raj Punja,Rajasthan Royals,,,25.0,43.0,2.0
1529312,HH Pandya,Mumbai Indians,34.0,16.0,,,
1529313,Abishek Porel,Delhi Capitals,22.0,20.0,,,
1529313,AS Roy,Kolkata Knight Riders,9.0,9.0,14.0,21.0,1.0
1529313,KL Rahul,Delhi Capitals,60.0,32.0,,,
1529313,SR Dubey,Kolkata Knight Riders,4.0,2.0,28.0,24.0,2.0
1529313,C Green,Kolkata Knight Riders,2.0,3.0,12.0,21.0,
1529313,Kartik Tyagi,Kolkata Knight Riders,0.0,1.0,25.0,54.0,
1529313,SU Parakh,Delhi Capitals,24.0,17.0,,,
1529313,SP Narine,Kolkata Knight Riders,,,24.0,38.0,1.0
1529313,CV Varun,Kolkata Knight Riders,5.0,5.0,26.0,33.0,1.0
1529313,AR Patel,Delhi Capitals,39.0,27.0,24.0,38.0,1.0
1529313,DA Miller,Delhi Capitals,28.0,21.0,,,
1529313,Ashutosh Sharma,Delhi Capitals,18.0,11.0,,,
1529313,T Stubbs,Delhi Capitals,0.0,1.0,,,
1529313,AM Rahane,Kolkata Knight Riders,63.0,41.0,,,
1529313,MA Starc,Delhi Capitals,,,18.0,26.0,2.0
1529313,FH Allen,Kolkata Knight Riders,20.0,13.0,,,
1529313,Auqib Nabi,Delhi Capitals,,,12.0,23.0,
1529313,L Ngidi,Delhi Capitals,,,22.0,27.0,3.0
1529313,MK Pandey,Kolkata Knight Riders,25.0,17.0,,,
1529313,M Tiwari,Delhi Capitals,,,15.0,17.0,
1529313,Kuldeep Yadav,Delhi Capitals,,,25.0,27.0,3.0
1529313,R Powell,Kolkata Knight Riders,29.0,21.0,,,
1529313,RK Singh,Kolkata Knight Riders,0.0,1.0,,,
1529313,T Dahiya,Kolkata Knight Riders,1.0,3.0,,,
1535462,VR Iyer,Royal Challengers Bengaluru,19.0,7.0,,,
1535462,Mohammed Siraj,Gujarat Titans,5.0,13.0,18.0,46.0,
1535462,V Kohli,Royal Challengers Bengaluru,43.0,25.0,,,
1535462,K Rabada,Gujarat Titans,9.0,6.0,24.0,54.0,2.0
1535462,D Padikkal,Royal Challengers Bengaluru,30.0,19.0,,,
1535462,JO Holder,Gujarat Titans,0.0,3.0,24.0,39.0,2.0
1535462,Rashid Khan,Gujarat Titans,8.0,10.0,18.0,29.0,
1535462,RM Patidar,Royal Challengers Bengaluru,93.0,33.0,,,
1535462,KH Pandya,Royal Challengers Bengaluru,43.0,29.0,22.0,15.0,2.0
1535462,M Prasidh Krishna,Gujarat Titans,6.0,7.0,26.0,51.0,1.0
1535462,K Khejroliya,Gujarat Titans,,,15.0,28.0,
1535462,TH David,Royal Challengers Bengaluru,4.0,7.0,,,
1535462,JM Sharma,Royal Challengers Bengaluru,15.0,5.0,,,
1535462,B Sai Sudharsan,Gujarat Titans,14.0,10.0,,,
1535462,JA Duffy,Royal Challengers Bengaluru,,,25.0,38.0,3.0
1535462,Shubman Gill,Gujarat Titans,2.0,7.0,,,
1535462,B Kumar,Royal Challengers Bengaluru,,,25.0,27.0,2.0
1535462,JC Buttler,Gujarat Titans,29.0,11.0,,,
1535462,N Sindhu,Gujarat Titans,5.0,3.0,,,
1535462,JR Hazlewood,Royal Challengers Bengaluru,,,24.0,39.0,1.0
1535462,Washington Sundar,Gujarat Titans,8.0,9.0,,,
1535462,Rasikh Salam,Royal Challengers Bengaluru,,,22.0,20.0,2.0
1535462,R Tewatia,Gujarat Titans,68.0,45.0,,,
1535462,R Shepherd,Royal Challengers Bengaluru,,,6.0,15.0,
1535463,YBK Jaiswal,Rajasthan Royals,29.0,29.0,,,
1535463,PJ Cummins,Sunrisers Hyderabad,1.0,3.0,25.0,63.0,
1535463,V Suryavanshi,Rajasthan Royals,97.0,31.0,,,
1535463,E Malinga,Sunrisers Hyderabad,5.0,8.0,25.0,39.0,1.0
1535463,Sakib Hussain,Sunrisers Hyderabad,5.0,7.0,24.0,52.0,
1535463,PP Hinge,Sunrisers Hyderabad,,,26.0,52.0,3.0
1535463,Shivang Kumar,Sunrisers Hyderabad,27.0,27.0,12.0,19.0,1.0
1535463,Dhruv Jurel,Rajasthan Royals,50.0,22.0,,,
1535463,Nithish Kumar Reddy,Sunrisers Hyderabad,38.0,21.0,12.0,12.0,1.0
1535463,R Parag,Rajasthan Royals,26.0,12.0,,,
1535463,D Ferreira,Rajasthan Royals,12.0,9.0,,,
1535463,MD Shanaka,Rajasthan Royals,5.0,3.0,,,
1535463,RA Jadeja,Rajasthan Royals,12.0,9.0,20.0,19.0,2.0
1535463,JC Archer,Rajasthan Royals,4.0,5.0,25.0,57.0,3.0
1535463,N Burger,Rajasthan Royals,1.0,1.0,20.0,20.0,2.0
1535463,SS Mishra,Rajasthan Royals,1.0,3.0,17.0,18.0,2.0
1535463,Abhishek Sharma,Sunrisers Hyderabad,0.0,2.0,,,
1535463,Ishan Kishan,Sunrisers Hyderabad,33.0,11.0,,,
1535463,TM Head,Sunrisers Hyderabad,17.0,9.0,,,
1535463,R Smaran,Sunrisers Hyderabad,1.0,4.0,,,
1535463,H Klaasen,Sunrisers Hyderabad,18.0,11.0,,,
1535463,Brijesh Sharma,Rajasthan Royals,,,20.0,29.0,
1535463,Yash Raj Punja,Rajasthan Royals,,,26.0,37.0,1.0
1535463,Salil Arora,Sunrisers Hyderabad,35.0,25.0,,,
1535464,YBK Jaiswal,Rajasthan Royals,1.0,2.0,,,
1535464,Mohammed Siraj,Gujarat Titans,,,25.0,37.0,1.0
1535464,V Suryavanshi,Rajasthan Royals,96.0,48.0,,,
1535464,Dhruv Jurel,Rajasthan Royals,7.0,6.0,,,
1535464,K Rabada,Gujarat Titans,,,24.0,35.0,2.0
1535464,RA Jadeja,Rajasthan Royals,45.0,36.0,12.0,28.0,
1535464,M Prasidh Krishna,Gujarat Titans,,,24.0,42.0,1.0
1535464,Washington Sundar,Gujarat Titans,16.0,9.0,12.0,23.0,
1535464,JO Holder,Gujarat Titans,,,25.0,26.0,2.0
1535464,R Parag,Rajasthan Royals,11.0,6.0,,,
1535464,Rashid Khan,Gujarat Titans,,,12.0,45.0,
1535464,MD Shanaka,Rajasthan Royals,3.0,9.0,,,
1535464,JC Archer,Rajasthan Royals,7.0,4.0,25.0,44.0,1.0
1535464,D Ferreira,Rajasthan Royals,38.0,11.0,,,
1535464,B Sai Sudharsan,Gujarat Titans,58.0,33.0,,,
1535464,Shubman Gill,Gujarat Titans,104.0,58.0,,,
1535464,N Burger,Rajasthan Royals,,,27.0,28.0,1.0
1535464,Brijesh Sharma,Rajasthan Royals,,,25.0,41.0,1.0
1535464,TU Deshpande,Rajasthan Royals,,,18.0,34.0,
1535464,Yash Raj Punja,Rajasthan Royals,,,12.0,29.0,
1535464,JC Buttler,Gujarat Titans,9.0,9.0,,,
1535464,R Tewatia,Gujarat Titans,17.0,10.0,,,
1535465,B Sai Sudharsan,Gujarat Titans,12.0,14.0,,,
1535465,JA Duffy,Royal Challengers Bengaluru,,,27.0,35.0,
1535465,Shubman Gill,Gujarat Titans,10.0,9.0,,,
1535465,B Kumar,Royal Challengers Bengaluru,,,24.0,29.0,2.0
1535465,JR Hazlewood,Royal Challengers Bengaluru,,,25.0,36.0,2.0
1535465,N Sindhu,Gujarat Titans,20.0,18.0,,,
1535465,JC Buttler,Gujarat Titans,19.0,23.0,,,
1535465,Rasikh Salam,Royal Challengers Bengaluru,,,24.0,27.0,3.0
1535465,KH Pandya,Royal Challengers Bengaluru,1.0,2.0,24.0,23.0,1.0
1535465,Washington Sundar,Gujarat Titans,50.0,38.0,,,
1535465,Arshad Khan,Gujarat Titans,15.0,6.0,24.0,32.0,1.0
1535465,R Tewatia,Gujarat Titans,7.0,5.0,,,
1535465,JO Holder,Gujarat Titans,7.0,5.0,12.0,16.0,
1535465,Rashid Khan,Gujarat Titans,7.0,3.0,24.0,25.0,2.0
1535465,K Rabada,Gujarat Titans,3.0,3.0,18.0,44.0,1.0
1535465,VR Iyer,Royal Challengers Bengaluru,32.0,16.0,,,
1535465,Mohammed Siraj,Gujarat Titans,,,25.0,35.0,1.0
1535465,V Kohli,Royal Challengers Bengaluru,75.0,42.0,,,
1535465,D Padikkal,Royal Challengers Bengaluru,1.0,4.0,,,
1535465,RM Patidar,Royal Challengers Bengaluru,15.0,14.0,,,
1535465,TH David,Royal Challengers Bengaluru,24.0,17.0,,,
1535465,M Prasidh Krishna,Gujarat Titans,,,6.0,7.0,
1535465,JM Sharma,Royal Challengers Bengaluru,11.0,14.0,,,
