match_id,date,season,team_a,team_b,venue,target_team_a_win,elo_difference,recent_win_rate_difference,overall_win_rate_difference,recent_run_rate_difference,recent_concede_rate_difference,head_to_head_advantage,venue_win_rate_difference,team_a_matches_played,team_b_matches_played,h2h_recent_momentum,venue_dominance_score_diff,elo_momentum_diff,win_streak_diff,net_run_rate_diff,batting_vs_bowling_matchup_a,batting_vs_bowling_matchup_b,rest_days_diff,run_rate_volatility_diff
1136561,2018-04-07,2018,Mumbai Indians,Chennai Super Kings,Wankhede Stadium,0,0.0,0.0,0.0,0.0,0.0,0.0,0.0,0,0,0.0,0.0,0.0,0,0.0,0.0,0.0,0.0,0.0
1136562,2018-04-08,2018,Delhi Capitals,Punjab Kings,Punjab Cricket Association IS Bindra Stadium,0,0.0,0.0,0.0,0.0,0.0,0.0,0.0,0,0,0.0,0.0,0.0,0,0.0,0.0,0.0,0.0,0.0
1136563,2018-04-08,2018,Royal Challengers Bengaluru,Kolkata Knight Riders,Eden Gardens,0,0.0,0.0,0.0,0.0,0.0,0.0,0.0,0,0,0.0,0.0,0.0,0,0.0,0.0,0.0,0.0,0.0
1136564,2018-04-09,2018,Rajasthan Royals,Sunrisers Hyderabad,Rajiv Gandhi International Stadium,0,0.0,0.0,0.0,0.0,0.0,0.0,0.0,0,0,0.0,0.0,0.0,0,0.0,0.0,0.0,0.0,0.0
1136565,2018-04-10,2018,Kolkata Knight Riders,Chennai Super Kings,MA Chidambaram Stadium,0,0.0,0.0,0.0,0.07612116443745087,0.1020864381520119,0.0,0.0,1,1,0.0,0.0,0.0,0,-0.025965273714561032,0.0865653738504597,-0.09164222873900307,-1.0,0.0
1136566,2018-04-11,2018,Rajasthan Royals,Delhi Capitals,Sawai Mansingh Stadium,1,0.0,0.0,0.0,-0.33870967741935476,-0.19491228070175426,0.0,0.0,1,1,0.0,0.0,0.0,0,-0.1437973967176005,-0.4649122807017543,0.06870967741935474,-1.0,0.0
1136567,2018-04-12,2018,Mumbai Indians,Sunrisers Hyderabad,Rajiv Gandhi International Stadium,0,-20.0,-1.0,-1.0,0.08245901639344266,0.3629032258064515,0.0,-0.5,1,1,0.0,-0.5,-20.0,-1,-0.28044420941300885,0.3524590163934427,-0.0929032258064515,2.0,0.0
1136568,2018-04-13,2018,Punjab Kings,Royal Challengers Bengaluru,M.Chinnaswamy Stadium,0,20.0,1.0,1.0,0.010366826156299691,-0.10031471282454762,0.0,0.0,1,1,0.0,0.0,20.0,1,0.11068153898084732,0.025887890457851892,0.11583577712609983,0.0,0.0
1136569,2018-04-14,2018,Mumbai Indians,Delhi Capitals,Wankhede Stadium,0,0.5750112778453058,0.0,0.0,-0.2111942058398959,-0.12887244768421224,0.0,-0.5,2,2,0.0,-1.0,0.5750112778453058,0,-0.08232175815568366,-0.16531955905560602,0.17474709446850212,-1.0,-0.05796839938828313
1136570,2018-04-14,2018,Kolkata Knight Riders,Sunrisers Hyderabad,Eden Gardens,0,-19.424988722154694,-0.5,-0.5,0.28168346435530456,0.46786412512218956,0.0,0.5,2,2,0.0,1.0,-19.424988722154694,-2,-0.186180660766885,0.44790847102019393,-0.3016391184573002,2.0,0.09059295840892301
1136571,2018-04-15,2018,Rajasthan Royals,Royal Challengers Bengaluru,M.Chinnaswamy Stadium,1,-0.5750112778453058,0.0,0.0,-0.19916667844672808,0.07503811148717876,0.0,-0.5,2,2,0.0,-1.0,-0.5750112778453058,0,-0.27420478993390685,-0.16893783693831077,-0.044809269978761446,2.0,0.14829094867191583
1136572,2018-04-15,2018,Punjab Kings,Chennai Super Kings,Punjab Cricket Association IS Bindra Stadium,1,-20.575011277845306,-0.5,-0.5,-0.1310683016840013,-0.15428406730983601,0.0,0.5,2,2,0.0,1.0,-20.575011277845306,-2,0.023215765625834717,-0.11365107502627758,0.17170129396755973,-3.0,-0.07068608428091117
1136573,2018-04-16,2018,Kolkata Knight Riders,Delhi Capitals,Eden Gardens,1,0.5419641492576375,0.0,0.0,-0.12288317148484507,-0.04376755245650621,0.0,0.0,3,3,0.0,0.0,0.5419641492576375,-1,-0.07911561902833886,-0.072443324317357,0.09420739962399427,0.0,0.0830482000076101
1136574,2018-04-17,2018,Mumbai Indians,Royal Challengers Bengaluru,Wankhede Stadium,1,-20.0,-0.3333333333333333,-0.3333333333333333,-0.10727209728796328,-0.07148351353646909,0.0,-0.5,3,3,0.0,-1.5,-20.0,0,-0.035788583751494185,-0.11563833709535998,0.06311727372907239,1.0,0.04214437844027401
1136575,2018-04-18,2018,Rajasthan Royals,Kolkata Knight Riders,Sawai Mansingh Stadium,0,9.473634820227744,0.16666666666666663,0.16666666666666663,-0.09432166544697096,0.07374379830620859,0.0,0.5,3,4,0.0,1.0,9.473634820227744,1,-0.16806546375317954,-0.06038803316444308,-0.039810166023680704,1.0,0.07289210542698119
1136576,2018-04-19,2018,Punjab Kings,Sunrisers Hyderabad,Punjab Cricket Association IS Bindra Stadium,1,-18.849980583888055,-0.33333333333333337,-0.33333333333333337,0.23651045049018604,0.291618748355271,0.0,0.5,3,3,0.0,1.5,-18.849980583888055,-2,-0.055108297865084976,0.36269912405963267,-0.1654300747858244,-1.0,0.089129640428954
1136577,2018-04-20,2018,Chennai Super Kings,Rajasthan Royals,Maharashtra Cricket Association Stadium,1,9.664550304088834,0.16666666666666663,0.16666666666666663,0.16123843980633912,0.061252615021190726,0.0,0.0,3,4,0.0,-0.5,9.664550304088834,0,0.09998582478514839,0.02887238527768421,-0.19361866954984563,3.0,-0.12475274922993461
1136578,2018-04-21,2018,Kolkata Knight Riders,Punjab Kings,Eden Gardens,0,-9.742987298985781,-0.15000000000000002,-0.15000000000000002,-0.03916201859628954,0.011556343071961184,0.0,0.16666666666666663,5,4,0.0,1.333333333333333,-19.74298729898578,0,-0.05071836166825072,0.06411699363851664,0.091722669162845,1.0,0.06698519049340236
1136579,2018-04-21,2018,Delhi Capitals,Royal Challengers Bengaluru,M.Chinnaswamy Stadium,0,0.048699249180572224,0.0,0.0,0.05773764794595415,-0.0135242463026235,0.0,0.0,4,4,0.0,0.0,0.048699249180572224,0,0.07126189424857765,-0.031134822105173487,-0.07534822374850414,1.0,0.014926424896494303
1136580,2018-04-22,2018,Chennai Super Kings,Sunrisers Hyderabad,Rajiv Gandhi International Stadium,1,0.8059383863869698,0.0,0.0,0.27237741552736083,0.23069110485245892,0.0,-0.5,4,4,0.0,-2.0,0.8059383863869698,1,0.041686310674901916,0.31705019024791037,-0.18601833013190938,-1.0,0.04610449138813427
1136581,2018-04-22,2018,Mumbai Indians,Rajasthan Royals,Sawai Mansingh Stadium,0,-8.888568547005661,-0.15000000000000002,-0.15000000000000002,0.12862198169275385,-0.11526794061904755,0.0,0.0,4,5,0.0,-0.5,-18.88856854700566,1,0.2438899223118014,-0.0657862680926351,-0.0791403091663414,3.0,-0.045130039437152214
1136582,2018-04-23,2018,Punjab Kings,Delhi Capitals,Arun Jaitley Stadium,1,60.24740852531113,0.6000000000000001,0.6000000000000001,0.07732139986774866,-0.12036044971530879,0.5,0.0,5,5,0.5,0.0,40.24740852531113,3,0.19768184958305746,0.029042651376884,0.07208170122444413,0.0,0.05923945301436752
1136583,2018-04-24,2018,Sunrisers Hyderabad,Mumbai Indians,Wankhede Stadium,1,36.9584066391551,0.39999999999999997,0.39999999999999997,-0.11992683227572232,-0.11594750884858862,0.5,0.16666666666666669,5,5,0.5,0.8333333333333335,16.9584066391551,0,-0.003979323427133696,-0.08195439748039868,0.15391994364391226,0.0,-0.07125256146494251
1136584,2018-04-25,2018,Royal Challengers Bengaluru,Chennai Super Kings,M.Chinnaswamy Stadium,0,-39.122350212017636,-0.4,-0.4,-0.05367290393066271,0.05406716098602571,0.0,0.16666666666666663,5,5,0.0,0.833333333333333,-19.122350212017636,-1,-0.10774006491668842,0.01715947279394814,0.016765215738585137,1.0,0.0036620856942799346
1136585,2018-04-26,2018,Sunrisers Hyderabad,Punjab Kings,Rajiv Gandhi International Stadium,1,-21.273367843358074,-0.20000000000000007,-0.16666666666666674,-0.2435097965630657,-0.13840950091519644,-0.5,0.16666666666666663,6,6,-0.5,1.0,-41.27336784335807,-3,-0.10510029564786927,-0.10759969263230573,0.2743196048459564,-1.0,-0.08532527819804667
1136586,2018-04-27,2018,Delhi Capitals,Kolkata Knight Riders,Arun Jaitley Stadium,1,-39.348240188271575,-0.2,-0.33333333333333337,-0.03065081729271313,-0.00698009384076359,-0.5,-0.5,6,6,-0.5,-3.0,-19.348240188271575,0,-0.023670723451949538,-0.041765845170195215,-0.004134934036718496,-2.0,7.458140994090479e-05
1136587,2018-04-28,2018,Chennai Super Kings,Mumbai Indians,Maharashtra Cricket Association Stadium,0,75.53690075029544,0.6000000000000001,0.6666666666666667,0.2709840396929497,0.1961459939359842,0.5,0.5,6,6,0.5,3.0,36.11191202814075,3,0.07483804575696551,0.2602286194561745,-0.20690141417275942,-1.0,-0.24026154589535131
1136588,2018-04-29,2018,Sunrisers Hyderabad,Rajasthan Royals,Sawai Mansingh Stadium,1,28.133172126825002,0.0,0.2142857142857143,-0.16677752054934136,-0.3333544052742188,0.5,-0.16666666666666663,7,6,0.5,-0.5,-0.7333023062244592,1,0.16657688472487742,-0.30557286710892395,0.1945590587146362,-4.0,-0.0030676805706874033
1136589,2018-04-29,2018,Royal Challengers Bengaluru,Kolkata Knight Riders,M.Chinnaswamy Stadium,0,-8.862008952788528,0.0,-0.09523809523809523,0.1077183381553537,0.04740145647998584,-0.5,0.0,6,7,-0.5,-0.5,-18.8785059415286,0,0.06031688167536786,0.012050464749416179,-0.14306932988592336,2.0,-0.03836349670172781
1136590,2018-04-30,2018,Chennai Super Kings,Delhi Capitals,Maharashtra Cricket Association Stadium,1,52.97004962560118,0.19999999999999996,0.4285714285714286,0.05139505309520431,0.007087359031169305,0.0,0.0,7,7,0.0,0.0,33.578104892455485,-1,0.04430769406403501,0.06244981670451977,0.00396740457814615,-1.0,-0.12962273515999545
1136591,2018-05-01,2018,Royal Challengers Bengaluru,Mumbai Indians,M.Chinnaswamy Stadium,1,-3.2283489882856884,-0.2,0.0,0.17708414839461128,0.23326569101157535,-0.5,-0.09999999999999998,7,7,-0.5,-0.6999999999999997,-23.22834898828569,-1,-0.056181542616964064,0.18266084989014386,-0.22768898951604277,-1.0,-0.19410271110687122
1136592,2018-05-02,2018,Delhi Capitals,Rajasthan Royals,Arun Jaitley Stadium,1,-26.185990149176632,-0.2,-0.17857142857142855,0.1190020167964676,0.03235986861065587,-0.5,0.0,8,7,-0.5,0.5,3.798410881337986,0,0.08664214818581173,0.005463716273747643,-0.14589816913337583,-1.0,0.032018581359564785
1136593,2018-05-03,2018,Chennai Super Kings,Kolkata Knight Riders,Eden Gardens,0,34.61935856285481,0.20000000000000007,0.25,0.09126951852207088,-0.09670298030233981,0.5,0.0,8,8,0.5,0.0,16.0318754034256,0,0.1879724988244107,0.011091372239651065,0.01652483401992,-1.0,0.021828418438974817
1136594,2018-05-04,2018,Punjab Kings,Mumbai Indians,Holkar Cricket Stadium,0,63.45314347434078,0.4,0.4642857142857143,0.17124907117445454,0.017144027068768164,0.0,0.0,7,8,0.0,-0.5,34.57012204102239,0,0.15410504410568637,0.15257972219422467,-0.035813376048998036,5.0,0.0016838521922415417
1136595,2018-05-05,2018,Royal Challengers Bengaluru,Chennai Super Kings,Maharashtra Cricket Association Stadium,0,-41.88528262959517,-0.19999999999999996,-0.29166666666666663,-0.04932084584010954,-0.06348763163717575,-0.5,-0.16666666666666663,8,9,-0.5,-2.0,7.238469259478279,1,0.014166785797066206,-0.06082109220826326,0.051987385269022024,2.0,-0.0006923680207572835
1136596,2018-05-05,2018,Delhi Capitals,Sunrisers Hyderabad,Rajiv Gandhi International Stadium,0,-61.95094745930942,-0.19999999999999996,-0.4166666666666667,0.29644224844295075,0.3455780076706392,0.0,-0.25,9,8,0.0,-1.5,-13.657234798924492,-2,-0.049135759227688425,0.3333339184658666,-0.30868633764772335,-3.0,0.09178130408403462
1136597,2018-05-06,2018,Mumbai Indians,Kolkata Knight Riders,Wankhede Stadium,1,-34.403399562132336,-0.19999999999999996,-0.22222222222222227,-0.21844901536525385,-0.2525010325679018,0.0,-0.25,9,9,0.0,-2.25,5.022871145100453,-1,0.034052017202647944,-0.3122003378425269,0.15874971009062877,-1.0,0.17492441607695675
1136598,2018-05-06,2018,Rajasthan Royals,Punjab Kings,Holkar Cricket Stadium,0,-36.32148136610408,-0.39999999999999997,-0.25,-0.006263062220914106,0.17867860373340694,0.0,0.5,8,8,0.0,4.0,-15.50691774545976,0,-0.18494166595432104,0.07772932853327985,-0.09468621297921298,2.0,0.0019528138648819415
1136599,2018-05-07,2018,Sunrisers Hyderabad,Royal Challengers Bengaluru,Rajiv Gandhi International Stadium,1,72.67320370908101,0.4,0.4444444444444445,-0.18541391715164224,-0.20949288743209715,0.0,0.30000000000000004,9,9,0.0,2.7,54.31039842380392,4,0.024078970280454914,-0.13532321876579312,0.25958358581794627,0.0,-0.048763896785297495
1136600,2018-05-08,2018,Rajasthan Royals,Punjab Kings,Sawai Mansingh Stadium,1,-54.23823254558579,-0.39999999999999997,-0.3333333333333333,0.031168011891618885,0.1873720446798126,-0.5,0.0,9,9,-0.5,0.0,-13.98211755084617,-1,-0.15620403278819373,0.09351096625040145,-0.12502909032103005,0.0,0.018366659485304748
1136601,2018-05-09,2018,Mumbai Indians,Kolkata Knight Riders,Eden Gardens,1,-12.429428167671404,0.19999999999999996,-0.09999999999999998,-0.19241154361858914,-0.2773183079611301,0.5,-0.09999999999999998,10,10,0.5,-1.0,26.21744056129205,2,0.08490676434254096,-0.32349066042317176,0.1462391911565475,0.0,0.18302052642069422
1136602,2018-05-10,2018,Delhi Capitals,Sunrisers Hyderabad,Arun Jaitley Stadium,0,-86.36036231552339,-0.6,-0.5,0.350115805685145,0.40386513745691155,-0.5,0.16666666666666663,10,10,-0.5,1.666666666666666,-30.820092637519792,-5,-0.05374933177176655,0.42850832182280363,-0.3254726213192529,2.0,0.15633195293088015
1136603,2018-05-11,2018,Chennai Super Kings,Rajasthan Royals,Sawai Mansingh Stadium,0,49.72747907940925,0.19999999999999996,0.29999999999999993,0.05137331292890357,0.06520908617325927,0.5,-0.09999999999999998,10,10,0.5,-1.0,11.507837130915277,0,-0.013835773244355698,0.07061780459638367,-0.045964594505779166,3.0,-0.07939784918838952
1136604,2018-05-12,2018,Kolkata Knight Riders,Punjab Kings,Holkar Cricket Stadium,1,-24.191577654696175,0.0,-0.14545454545454545,0.1314173936720362,0.3045243806776008,-0.5,0.0,11,10,-0.5,0.5,24.40153570555026,0,-0.1731069870055646,0.10239029279204481,-0.3335514815575922,-1.0,0.0647503639285123
1136605,2018-05-12,2018,Delhi Capitals,Royal Challengers Bengaluru,Arun Jaitley Stadium,0,-5.374908923347903,0.2,-0.027272727272727282,0.2826867373208337,0.2857155111411507,-0.5,0.0,11,10,-0.5,0.5,2.855890257822466,0,-0.0030287738203169656,0.2961094087947531,-0.2722928396672313,-3.0,-0.04131364155715722
1136606,2018-05-13,2018,Sunrisers Hyderabad,Chennai Super Kings,Maharashtra Cricket Association Stadium,0,40.111580837798556,0.6,0.18181818181818188,-0.10033112941833089,-0.16769382449842074,-0.5,-0.25,11,11,-0.5,-2.75,38.05754410262148,6,0.06736269508008985,-0.11412119506812624,0.1539037588486254,1.0,0.026517708834811332
1136607,2018-05-13,2018,Mumbai Indians,Rajasthan Royals,Wankhede Stadium,0,3.8137537375412194,0.4,0.0,0.015370942472474836,-0.08561698252909267,-0.5,-0.09999999999999998,11,11,-0.5,-1.0999999999999996,19.79847864604926,1,0.1009879250015675,0.05686222430888721,0.12710826436550504,2.0,-0.11269380517700006
1136608,2018-05-14,2018,Punjab Kings,Royal Challengers Bengaluru,Holkar Cricket Stadium,0,28.29725475627447,-0.2,0.18181818181818177,0.019972258071318638,0.14881023190004528,-0.5,-0.16666666666666669,11,11,-0.5,-1.8333333333333335,-28.29132102728795,-1,-0.12883797382872664,0.05571814720754653,-0.11306434276381738,0.0,0.039516463726527146
1136609,2018-05-15,2018,Rajasthan Royals,Kolkata Knight Riders,Eden Gardens,0,3.8866061551143503,0.0,0.0,0.02254877353736462,-0.138451788614818,-0.5,0.0,12,12,-0.5,0.0,23.77778306161258,2,0.1610005621521826,-0.0378369597217878,0.07806605535566558,-1.0,-0.0675436086756746
1136610,2018-05-16,2018,Mumbai Indians,Punjab Kings,Wankhede Stadium,1,-4.507748915331149,0.39999999999999997,-0.08333333333333331,0.1196917912453106,-0.23533570611947052,0.5,-0.16666666666666669,12,12,0.5,-2.0,47.13910454875804,0,0.3550274973647811,-0.13748883207112694,-0.021844917196967018,1.0,-0.08124245596826912
1136611,2018-05-17,2018,Royal Challengers Bengaluru,Sunrisers Hyderabad,M.Chinnaswamy Stadium,1,-64.30668981218855,-0.20000000000000007,-0.3333333333333333,0.027399229385368873,-0.18171142256528272,-0.5,0.0,12,12,-0.5,0.0,-8.669305794739103,2,0.2091106519506516,0.03385126339104927,0.18816345657096312,-1.0,0.10147675297656264
1136612,2018-05-18,2018,Delhi Capitals,Chennai Super Kings,Arun Jaitley Stadium,1,-82.37210611698424,-0.39999999999999997,-0.41666666666666663,0.09907969735266908,0.23281173728494764,-0.5,-0.09999999999999998,12,12,-0.5,-1.1999999999999993,-12.427849988041544,-1,-0.13373203993227856,0.12679061364547972,-0.205100820992137,1.0,-0.03575961414992776
1136613,2018-05-19,2018,Rajasthan Royals,Royal Challengers Bengaluru,Sawai Mansingh Stadium,1,-3.371953829940594,0.0,0.0,-0.11650101431490167,0.036755304735845096,0.5,0.16666666666666663,13,13,0.5,2.0,-1.581717239552063,-3,-0.15325631905074677,0.08857130368604849,0.16831701326510506,2.0,-0.19997444117449148
1136614,2018-05-19,2018,Sunrisers Hyderabad,Kolkata Knight Riders,Rajiv Gandhi International Stadium,0,27.681438264660073,0.0,0.15384615384615385,-0.014048392161600587,-0.024051095501318898,0.5,0.33333333333333337,13,13,0.5,4.0,-6.939308970669799,-2,0.01000270333971831,-0.0616021269361291,-0.023502639273209613,-2.0,-0.11917755747871525
1136615,2018-05-20,2018,Delhi Capitals,Mumbai Indians,Arun Jaitley Stadium,1,-35.84469211595979,-0.4,-0.15384615384615385,-0.008471804421634976,0.16414799839783978,0.5,0.0,13,13,0.5,0.0,-34.682323033690636,0,-0.17261980281947475,0.12797326492734262,-0.02770292904886218,-2.0,0.06660758145645934
1136616,2018-05-20,2018,Punjab Kings,Chennai Super Kings,Maharashtra Cricket Association Stadium,0,-37.62430834839188,-0.2,-0.15384615384615385,0.012252620844484419,0.20468758966078826,0.5,-0.30000000000000004,13,13,0.5,-3.6000000000000014,-39.38677040278435,0,-0.19243496881630384,-0.029882853031675483,-0.24682306353694816,2.0,0.07397601718712324
1136617,2018-05-22,2018,Sunrisers Hyderabad,Chennai Super Kings,Wankhede Stadium,0,-1.4062063493950063,-0.19999999999999996,0.0,0.16475444091011537,0.2082995373043286,-0.5,0.0,14,14,-0.5,0.0,-22.5319029018317,-1,-0.04354509639421322,0.16516055159910148,-0.2078934266153425,1.0,0.02267007597940926
1136618,2018-05-23,2018,Kolkata Knight Riders,Rajasthan Royals,Eden Gardens,1,17.035120209327943,-0.20000000000000007,0.0714285714285714,0.046798776365363226,0.22244461078776356,0.5,0.5714285714285714,14,14,0.5,6.857142857142857,-0.27204447458757386,2,-0.17564583442240034,0.15239662325781222,-0.11684676389531456,0.0,0.20248858042794507
1136619,2018-05-25,2018,Sunrisers Hyderabad,Kolkata Knight Riders,Eden Gardens,1,-13.378278936632341,-0.6000000000000001,0.0,0.024924435992560223,0.06442892177029425,0.0,0.375,15,15,0.0,4.5,-84.84619139122174,-4,-0.03950448577773402,-0.002972062622265792,-0.09232542038512026,1.0,-0.09200706580560991
1136620,2018-05-27,2018,Sunrisers Hyderabad,Chennai Super Kings,Wankhede Stadium,0,-10.940391421341701,-0.39999999999999997,-0.04166666666666663,0.08535302010336121,0.16610476044397693,-0.5,-0.5,16,15,-0.5,-6.0,-39.90257034098704,-1,-0.08075174034061572,0.08888931721704774,-0.1625684633302904,-3.0,0.017409468061764438
1175356,2019-03-23,2019,Royal Challengers Bengaluru,Chennai Super Kings,MA Chidambaram Stadium,0,-30.499771138615415,-0.20000000000000007,-0.25892857142857145,0.1510298067318887,0.027384605031466114,-0.5,-0.5,14,16,-0.5,-6.0,14.479391471118788,-3,0.12364520170042259,0.21565469625951517,0.03724028449616035,8.0,0.08712526118192901
1175357,2019-03-24,2019,Sunrisers Hyderabad,Kolkata Knight Riders,Eden Gardens,0,-1.146878971788965,-0.6000000000000001,0.02573529411764708,-0.09088544907273355,0.07965604269467086,0.16666666666666663,0.4444444444444444,17,16,0.16666666666666663,5.333333333333333,-18.033262989157947,0,-0.1705414917674044,0.002870563324794073,0.014099969702856763,-2.0,-0.061218329385305637
1175358,2019-03-24,2019,Delhi Capitals,Mumbai Indians,Wankhede Stadium,1,-6.894297784502896,-0.19999999999999996,-0.0714285714285714,-0.053469670836599814,0.04202777981860484,0.5,0.5714285714285714,14,14,0.5,6.857142857142858,31.41252692207763,2,-0.09549745065520465,0.046740237404407026,0.058182128422402,0.0,-0.039508328916604454
1175359,2019-03-25,2019,Punjab Kings,Rajasthan Royals,Sawai Mansingh Stadium,1,-10.712083551836258,-0.6,-0.038095238095238126,-0.046491300732910634,0.2689373253765108,0.0,-0.7142857142857143,14,15,0.0,-8.571428571428571,-9.626722040449295,0,-0.31542862610942146,0.004278942896763782,-0.2181670817468364,3.0,0.13101265014964195
1175360,2019-03-26,2019,Delhi Capitals,Chennai Super Kings,Arun Jaitley Stadium,0,-36.553620339212785,-0.20000000000000007,-0.3058823529411765,0.3196909175996885,0.28409319992978355,0.0,0.5714285714285714,15,17,0.0,6.857142857142857,42.412369966504,-1,0.03559771766990494,0.3411324687265853,-0.2626516488028867,-1.0,-0.16107184059630494
1175361,2019-03-27,2019,Kolkata Knight Riders,Punjab Kings,Eden Gardens,1,23.20606160152488,0.6000000000000001,0.1215686274509804,0.02856120010987029,-0.24780951465615897,0.0,-0.4,17,15,0.0,-4.800000000000001,-5.712273184777359,0,0.27637071476602926,-0.19820056682254727,0.021047747723741406,1.0,-0.1842059533005946
1175362,2019-03-28,2019,Mumbai Indians,Royal Challengers Bengaluru,M.Chinnaswamy Stadium,1,-1.3075788445962644,-0.19999999999999996,0.0,0.05542043842324018,0.21842068251747948,0.0,-0.5714285714285714,15,15,0.0,-6.857142857142857,-3.471756022918953,0,-0.1630002440942393,0.25169274423886967,-0.022148376701849992,-1.0,-0.3038650245510316
1175363,2019-03-29,2019,Rajasthan Royals,Sunrisers Hyderabad,Rajiv Gandhi International Stadium,0,-12.02956027809114,0.2,-0.11805555555555558,-0.014748943053292107,-0.08763918469158871,-0.5,-0.7142857142857143,16,18,-0.5,-8.571428571428571,11.234412938238393,0,0.0728902416382966,-0.074035086069556,0.02835304167532482,-1.0,-0.019955277496112714
1175364,2019-03-30,2019,Mumbai Indians,Punjab Kings,Punjab Cricket Association IS Bindra Stadium,0,5.686560546977034,0.2,0.0,0.0964344931884078,-0.025950972898994618,0.5,-0.5,16,16,0.5,-6.0,-10.065162864935473,1,0.12238546608740242,-0.12562271665235603,-0.1961062369417692,-1.0,-0.14231266297615602
1175366,2019-03-31,2019,Sunrisers Hyderabad,Royal Challengers Bengaluru,Rajiv Gandhi International Stadium,1,34.19329964780081,0.0,0.20394736842105265,0.03244254735862451,0.22938058496282165,0.0,0.75,19,16,0.0,9.0,3.9164126357954956,1,-0.19693803760419715,0.19683966927955776,-0.0649834630418884,-1.0,-0.23011538870932757
1175367,2019-03-31,2019,Chennai Super Kings,Rajasthan Royals,MA Chidambaram Stadium,1,64.88202138432825,0.8,0.3104575163398693,-0.1526441927971558,-0.2762755544730917,0.0,0.5,18,17,0.0,6.0,30.389838706745877,5,0.12363136167593591,-0.1982905952391505,0.23062915203109702,3.0,0.1639418410049102
1175368,2019-04-01,2019,Punjab Kings,Delhi Capitals,Punjab Cricket Association IS Bindra Stadium,1,9.963981406239327,-0.19999999999999996,0.09558823529411764,0.02696035360380744,0.13216146312418653,0.5,1.0,17,16,0.5,12.0,-1.207688576802866,1,-0.10520110952037909,0.0972625483104248,-0.06185926841756917,-4.0,-0.08092176213779709
1175369,2019-04-02,2019,Royal Challengers Bengaluru,Rajasthan Royals,Sawai Mansingh Stadium,0,-3.7209876945689757,0.0,-0.03594771241830064,-0.16418000171130553,0.0059258358725244875,-0.5,-0.625,17,18,-0.5,-7.5,3.591075288972206,0,-0.17010583758383002,-0.20130565779864873,-0.04305149195986768,0.0,0.26255437948959737
1175370,2019-04-03,2019,Mumbai Indians,Chennai Super Kings,Wankhede Stadium,1,-67.28788314995904,-0.6,-0.32507739938080493,0.22441220148951269,0.3737021005685457,0.0,-0.625,17,19,0.0,-7.5,-5.821210612037476,-6,-0.149289899079033,0.3012125466837654,-0.296901755374293,1.0,-0.2589003747348165
1175371,2019-04-04,2019,Delhi Capitals,Sunrisers Hyderabad,Arun Jaitley Stadium,0,-39.64478782953074,0.0,-0.24705882352941172,-0.20937145921715783,-0.10283382648474726,-0.5,-0.5,17,20,-0.5,-6.0,5.299660339697766,-2,-0.10653763273241057,-0.02204977085638604,0.29015551484551905,-1.0,-0.008232828615958615
1175372,2019-04-05,2019,Royal Challengers Bengaluru,Kolkata Knight Riders,M.Chinnaswamy Stadium,0,-73.86523519736261,-0.8,-0.27777777777777785,-0.367369445642594,-0.05084515734763917,-0.5,-0.5,18,18,-0.5,-6.0,-36.94462776819205,-2,-0.3165242882949548,-0.2892461187156048,0.12896848427462837,-6.0,0.12097495029294605
1178393,2019-04-06,2019,Chennai Super Kings,Punjab Kings,MA Chidambaram Stadium,1,31.020991206525196,0.20000000000000007,0.19999999999999996,-0.22169987091592858,-0.23012332889687404,0.0,0.5,20,18,0.0,6.0,-6.534831992155887,-2,0.008423457980945459,-0.2376584244292117,0.2141647753835909,-2.0,0.2168581435937753
1178394,2019-04-06,2019,Mumbai Indians,Sunrisers Hyderabad,Rajiv Gandhi International Stadium,1,-31.559282414810696,-0.19999999999999996,-0.15555555555555556,-0.1132731003314944,0.08859185624426646,-0.5,-0.7777777777777778,18,21,-0.5,-9.333333333333334,-15.981356114699338,-2,-0.20186495657576087,0.07621538822375351,0.10089663231098145,1.0,-0.20092185142669272
1178395,2019-04-07,2019,Royal Challengers Bengaluru,Delhi Capitals,M.Chinnaswamy Stadium,0,-21.52101542920309,-0.4,-0.017543859649122806,-0.11753774651819238,0.11109205187120286,0.5,0.4444444444444444,19,18,0.5,5.333333333333333,-19.524484257981157,0,-0.22862979838939523,-0.09891236626679811,-0.0924666716198086,-1.0,0.13236323723754698
1178396,2019-04-07,2019,Rajasthan Royals,Kolkata Knight Riders,Sawai Mansingh Stadium,0,-58.26388691451939,-0.6000000000000001,-0.21052631578947367,-0.1612328932182403,-0.017252529070906908,-0.5,-0.33333333333333337,19,19,-0.5,-4.0,-35.3841786027358,-2,-0.1439803641473334,-0.08433474954104403,0.09415067274810318,3.0,-0.044775253258481196
1178397,2019-04-08,2019,Sunrisers Hyderabad,Punjab Kings,Punjab Cricket Association IS Bindra Stadium,0,17.3217301346192,0.0,0.07631578947368428,0.04061202911056738,-0.1805128252795567,0.0,-1.0,22,19,0.0,-12.0,15.196528084078864,0,0.22112485439012408,0.002996512576041166,0.14289730874503048,0.0,0.22174420992794888
1178398,2019-04-09,2019,Kolkata Knight Riders,Chennai Super Kings,MA Chidambaram Stadium,0,-1.8912279103192304,0.0,-0.04999999999999993,0.4615899753039159,0.300403235893401,0.0,-1.0,20,21,0.0,-12.0,21.241697172811428,3,0.16118673941051487,0.45024533559108626,-0.31174787560623063,-1.0,-0.10900748598742047
1178399,2019-04-10,2019,Punjab Kings,Mumbai Indians,Wankhede Stadium,0,2.923980833373662,0.0,0.026315789473684237,-0.01736731176870543,0.06569404974231241,-0.16666666666666669,-0.4444444444444444,20,19,-0.16666666666666669,-5.333333333333333,-1.4270935864053627,-1,-0.08306136151101784,0.024651155175534623,-0.02367558279807236,-2.0,0.008662541185632255
1178400,2019-04-11,2019,Rajasthan Royals,Chennai Super Kings,Sawai Mansingh Stadium,0,-86.77783294515552,-0.6000000000000001,-0.29999999999999993,0.15094847960054047,0.31510029136080675,-0.16666666666666669,0.6,20,22,-0.16666666666666669,7.199999999999999,-31.549711275633626,-2,-0.16415181176026628,0.1750741148701811,-0.29097465609116613,2.0,0.015216944707606067
1178401,2019-04-12,2019,Kolkata Knight Riders,Delhi Capitals,Eden Gardens,0,57.166763169681644,0.4,0.23157894736842105,0.19819151186030615,0.0825621079413128,0.0,0.6363636363636364,21,19,0.0,7.636363636363637,33.77907762400173,-1,0.11562940391899335,0.21864075955397055,-0.062112860247648394,-2.0,0.09353633676902404
1178402,2019-04-13,2019,Mumbai Indians,Rajasthan Royals,Wankhede Stadium,0,52.803586470049595,0.6000000000000001,0.09999999999999998,0.06522487872516747,-0.15760715004512527,-0.5,-0.5,20,21,-0.5,-6.0,36.8918353212307,3,0.22283202877029273,-0.06395386254599789,0.028428408773959912,1.0,0.00036987541062882823
1178403,2019-04-13,2019,Punjab Kings,Royal Challengers Bengaluru,Punjab Cricket Association IS Bindra Stadium,0,60.46128625520464,0.6,0.15000000000000002,0.04875016898093043,-0.18974846240669963,-0.5,0.5,21,20,-0.5,6.0,37.21649795757958,0,0.23849863138763006,-0.17978947736971818,-0.03879118394394898,-3.0,-0.08570795796279265
1178404,2019-04-14,2019,Kolkata Knight Riders,Chennai Super Kings,Eden Gardens,0,-40.96607001930602,-0.20000000000000007,-0.15000000000000002,0.278823594667569,0.19071281024133913,-0.16666666666666669,0.5833333333333334,22,23,-0.16666666666666669,7.0,-20.027480360611662,-3,0.08811078442622988,0.29267436203313135,-0.17686204287577678,-1.0,0.17873650680361472
1178405,2019-04-14,2019,Delhi Capitals,Sunrisers Hyderabad,Rajiv Gandhi International Stadium,1,-14.956429399118406,-0.19999999999999996,-0.09999999999999998,-0.10521520643557047,0.08521329876477379,-0.5,-0.7,20,23,-0.5,-8.399999999999999,5.956063357296671,2,-0.19042850520034427,0.0765854535929198,0.09658736126371648,-4.0,-0.2069617643158562
1178406,2019-04-15,2019,Royal Challengers Bengaluru,Mumbai Indians,Wankhede Stadium,0,-54.474545128281534,-0.39999999999999997,-0.15000000000000002,-0.07994200051168843,0.19993157617683632,-0.16666666666666669,-0.45454545454545453,21,21,-0.16666666666666669,-5.454545454545454,-36.85150888181647,1,-0.27987357668852475,-0.003081115827345826,-0.12307069149249372,0.0,0.08742986772677899
1178407,2019-04-16,2019,Punjab Kings,Rajasthan Royals,Punjab Cricket Association IS Bindra Stadium,1,12.328179223354937,0.0,0.04999999999999999,0.018480594056766053,-0.05605157771582192,0.16666666666666663,0.3571428571428571,22,22,0.16666666666666663,4.285714285714285,-25.927916452816817,-1,0.07453217177258797,-0.08033651396944119,-0.042765530310385325,0.0,-0.0023628817796217394
1178408,2019-04-17,2019,Chennai Super Kings,Sunrisers Hyderabad,Rajiv Gandhi International Stadium,0,79.17155019745633,0.4,0.25,-0.03897819507431155,0.05697978631624978,0.5,0.36363636363636365,24,24,0.5,4.363636363636363,58.40478109446212,4,-0.09595798139056133,0.07265277590403452,0.054651184662096286,0.0,-0.2300333671967979
1178409,2019-04-18,2019,Mumbai Indians,Delhi Capitals,Arun Jaitley Stadium,1,12.297558678580117,0.20000000000000007,0.10000000000000003,0.11480567879704173,0.0761301725255712,-0.5,-0.4444444444444444,22,21,-0.5,-5.333333333333333,-4.651804742302147,-2,0.03867550627147054,0.17062111963211013,-0.020314731690502796,-1.0,0.00103917643810586
1178410,2019-04-19,2019,Royal Challengers Bengaluru,Kolkata Knight Riders,Eden Gardens,1,-73.71543369995175,-0.2,-0.3,0.026471817240444562,0.07737685195829713,-0.5,-0.5,22,23,-0.5,-6.0,8.055251828402334,0,-0.05090503471785257,0.06842046580643024,-0.03542820339231145,-1.0,-0.1338050673560586
1178411,2019-04-20,2019,Mumbai Indians,Rajasthan Royals,Sawai Mansingh Stadium,0,57.523487081312624,0.4,0.25,0.0726005425495746,-0.1389356002341373,-0.5,-0.5454545454545454,23,23,-0.5,-6.545454545454545,30.695640044237507,2,0.2115361427837119,-0.04415817359528984,0.022176884089272875,-2.0,0.010196003892035538
1178412,2019-04-20,2019,Punjab Kings,Delhi Capitals,Arun Jaitley Stadium,0,5.685272563408489,-0.19999999999999996,0.0,0.1307405107729558,0.1524883734553042,0.5,0.6,23,22,0.5,7.199999999999999,-23.45964201817378,1,-0.021747862682348407,0.14022055703573666,-0.14300832719252332,2.0,-0.025975736468682592
1178413,2019-04-21,2019,Kolkata Knight Riders,Sunrisers Hyderabad,Rajiv Gandhi International Stadium,0,-3.777718483233457,-0.2,0.0,0.25144949946908524,0.20255312632417666,0.0,0.33333333333333337,24,25,0.16666666666666663,4.0,-22.89891082032591,-1,0.04889637314490858,0.21382951814769813,-0.24017310764556377,-2.0,0.11362078182594007
1178414,2019-04-21,2019,Royal Challengers Bengaluru,Chennai Super Kings,M.Chinnaswamy Stadium,1,-108.00364799184558,-0.4,-0.35,0.295658565573536,0.3048994947058399,-0.5,-0.6,23,25,-0.5,-7.199999999999999,-8.097708473375633,1,-0.009240929132303899,0.3250553441436079,-0.27550271613576793,-2.0,0.055561187421504704
1178415,2019-04-22,2019,Rajasthan Royals,Delhi Capitals,Sawai Mansingh Stadium,0,-24.456463240688663,-0.4,-0.04999999999999999,0.049488814050152374,0.17379370127289695,0.0,0.5833333333333334,24,23,0.0,7.0,-16.627754620947144,0,-0.12430488722274458,0.07359696061834131,-0.149685554704708,0.0,-0.00985910104718915
1178416,2019-04-23,2019,Sunrisers Hyderabad,Chennai Super Kings,MA Chidambaram Stadium,0,-31.78788861349949,-0.19999999999999996,-0.09999999999999998,0.024002252733679175,-0.013924593835756394,-0.3,-0.5,26,26,-0.16666666666666669,-6.0,10.075957382272463,2,0.03792684656943557,0.016207851861549383,0.006130192963626602,0.0,0.1624569818210059
1178417,2019-04-24,2019,Royal Challengers Bengaluru,Punjab Kings,M.Chinnaswamy Stadium,1,-19.839466912686476,0.19999999999999996,0.0,0.013782249312894956,0.007667408210348059,0.5,0.45454545454545453,24,24,0.5,5.454545454545454,50.705976289147884,2,0.006114841102546897,0.03865483899407218,0.017205181470829167,-1.0,0.059214607027842245
1178418,2019-04-25,2019,Kolkata Knight Riders,Rajasthan Royals,Eden Gardens,0,25.903393446579685,-0.4,0.09999999999999998,-0.12920664337192878,0.029934579648306814,0.5,0.5,25,25,0.5,6.0,-46.64508508038307,0,-0.1591412230202356,-0.14807200246314478,-0.04879993873952282,1.0,0.11080473912877331
1178419,2019-04-26,2019,Mumbai Indians,Chennai Super Kings,MA Chidambaram Stadium,1,-46.79981731676207,0.0,-0.1499999999999999,0.14748205335287246,0.08659043256333177,0.16666666666666663,-0.5,24,27,0.16666666666666663,-6.0,2.2804426334230357,-1,0.06089162078954069,0.1160980984033837,-0.11797438751282052,3.0,-0.028228958859452216
1178420,2019-04-27,2019,Sunrisers Hyderabad,Rajasthan Royals,Sawai Mansingh Stadium,0,29.631860861652058,-0.19999999999999996,0.09999999999999998,-0.13541267363643694,-0.21079412842711331,0.5,0.5,27,26,0.5,6.0,-0.828771142643518,-1,0.07538145479067637,-0.14380987839159132,0.20239692367195894,2.0,0.15337792422206253
1178421,2019-04-28,2019,Delhi Capitals,Royal Challengers Bengaluru,Arun Jaitley Stadium,1,33.208276540525276,0.0,0.09999999999999998,-0.14343479879630316,-0.10757111976411515,-0.16666666666666669,-0.5454545454545454,24,25,-0.16666666666666669,-6.545454545454546,-6.983314479159844,-1,-0.03586367903218801,-0.07462371209860041,0.1763822064618179,2.0,0.08207475978263018
1178422,2019-04-28,2019,Kolkata Knight Riders,Mumbai Indians,Eden Gardens,1,-39.719050967603835,-0.6,-0.09999999999999998,0.02947934369263039,0.27583556968905754,-0.5,-0.5833333333333333,26,25,-0.5,-7.0,-59.34145577662093,-1,-0.24635622599642715,0.11976564909298149,-0.18554926428870644,1.0,0.01821626386965222
1178423,2019-04-29,2019,Sunrisers Hyderabad,Punjab Kings,Rajiv Gandhi International Stadium,1,20.98389528549501,0.2,0.10000000000000003,-0.10694009187002695,-0.18090404830529438,-0.16666666666666669,0.6666666666666666,28,25,-0.16666666666666669,8.0,25.004516739387554,0,0.07396395643526743,-0.11675947899530792,0.17108466118001342,-3.0,0.14643083104727256
1178425,2019-05-01,2019,Chennai Super Kings,Delhi Capitals,MA Chidambaram Stadium,1,26.902196966259453,-0.4,0.09999999999999998,-0.1328546453546453,-0.003282509416966617,0.16666666666666663,0.3571428571428571,28,25,0.16666666666666663,4.285714285714285,-46.365352777990665,-3,-0.1295721359376787,-0.09451514394224425,0.04162201082936767,2.0,-0.039554731713205726
1178427,2019-05-03,2019,Punjab Kings,Kolkata Knight Riders,Punjab Cricket Association IS Bindra Stadium,0,-27.152897049249304,0.0,-0.25000000000000006,-0.08029293343540056,-0.095792098037359,-0.16666666666666669,0.375,26,27,-0.16666666666666669,4.5,1.1021495166935438,-1,0.015499164601958437,-0.17216218171018727,0.003922849762572289,-1.0,-0.1348440514963654
1178428,2019-05-04,2019,Rajasthan Royals,Delhi Capitals,Arun Jaitley Stadium,0,-21.275816614900123,0.0,-0.10000000000000003,0.10984409810775864,0.019694810490471726,-0.16666666666666669,-0.5,27,26,-0.16666666666666669,-6.0,4.657720692290013,2,0.09014928761728691,0.012115014137288993,-0.11742389446094137,4.0,-0.19063613080098907
1178429,2019-05-04,2019,Sunrisers Hyderabad,Royal Challengers Bengaluru,M.Chinnaswamy Stadium,0,38.126407656169704,0.0,0.04999999999999999,-0.014022899921922738,-0.17620219966330763,0.16666666666666663,-0.5,29,26,0.16666666666666663,-6.0,-27.276317706435293,1,0.1621792997413849,0.0028134915256747828,0.19303859111090516,-1.0,0.022076090389856834
1178430,2019-05-05,2019,Chennai Super Kings,Punjab Kings,Punjab Cricket Association IS Bindra Stadium,0,98.30297606254044,0.2,0.39999999999999997,-0.18268363607379645,-0.24409866093452792,0.16666666666666663,-0.7777777777777778,29,27,0.16666666666666663,-9.333333333333334,33.31460370774539,1,0.06141502486073147,-0.2633721117863361,0.16341018522198825,2.0,0.10710535900962471
1178431,2019-05-05,2019,Kolkata Knight Riders,Mumbai Indians,Wankhede Stadium,0,-8.222483286362149,-0.19999999999999996,-0.04999999999999993,0.15453520672204113,0.272983848571817,-0.16666666666666669,-0.5,28,26,-0.16666666666666669,-6.0,1.516693954839866,2,-0.11844864184977588,0.218468889772639,-0.20905016552121913,-5.0,0.05231679693357111
1181764,2019-05-07,2019,Chennai Super Kings,Mumbai Indians,MA Chidambaram Stadium,0,21.967858194878545,-0.19999999999999996,0.050000000000000044,-0.06757139640037124,0.04817676154276329,-0.25,-0.125,30,27,-0.5,-1.5,-4.103648919304533,-1,-0.11574815794313453,0.05252774808273353,0.07192238294034148,0.0,0.03923340347281479
1181766,2019-05-08,2019,Sunrisers Hyderabad,Delhi Capitals,Dr. Y.S. Rajasekhara Reddy ACA-VDCA Cricket Stadium,0,-24.43019024339037,-0.4,-0.15000000000000002,0.14392247841613992,0.048119897762442854,0.25,0.0,30,27,0.16666666666666663,0.0,-40.140137823730356,-1,0.09580258065369707,0.17343014805086243,-0.018612228127720343,0.0,-0.07832727532937428
1181767,2019-05-10,2019,Delhi Capitals,Chennai Super Kings,Dr. Y.S. Rajasekhara Reddy ACA-VDCA Cricket Stadium,0,-3.2826013854971734,0.4,-0.050000000000000044,0.09245581450621221,0.03200787649142711,-0.25,0.5,28,31,-0.16666666666666669,6.0,44.00560352832258,2,0.060447938014785096,0.078240629646249,-0.046223061351390315,-1.0,0.02300534238853663
1181768,2019-05-12,2019,Mumbai Indians,Chennai Super Kings,Rajiv Gandhi International Stadium,1,-10.610491073249023,0.19999999999999996,0.0,0.10966851541721367,0.03081804266705923,0.30000000000000004,0.0,28,32,0.5,0.0,24.850407349734496,1,0.07885047275015444,0.11041752251891901,-0.030069035565353897,3.0,-0.022253735259949364
1216492,2020-09-19,2020/21,Mumbai Indians,Chennai Super Kings,Sheikh Zayed Stadium,0,5.000054038105873,0.4,0.0,0.04820069855010467,-0.0024553127873929714,0.33333333333333337,0.0,29,33,0.5,0.0,36.731294314037314,3,0.05065601133749764,0.1027726234892834,0.0570272377265717,0.0,0.03278678299400792
1216534,2020-09-21,2020/21,Royal Challengers Bengaluru,Sunrisers Hyderabad,Dubai International Cricket Stadium,1,-3.3212217692680497,0.6000000000000001,0.10000000000000003,0.08914605055413749,0.0896142112027778,0.0,0.0,27,31,0.16666666666666663,0.0,26.93173450959739,1,-0.0004681606486403034,0.11535068999835651,-0.06340957175855877,4.0,0.0135211982897393
1216496,2020-09-22,2020/21,Rajasthan Royals,Chennai Super Kings,Sharjah Cricket Stadium,1,-36.26062004301207,0.19999999999999996,-0.2,0.06978343871671155,0.09883202749571152,-0.25,0.0,28,34,-0.16666666666666669,0.0,28.579187055927605,-1,-0.029048588778999962,0.0553725240684424,-0.11324294214398067,504.0,0.09127144373161203
1216508,2020-09-23,2020/21,Mumbai Indians,Kolkata Knight Riders,Sheikh Zayed Stadium,1,14.199092589934253,0.19999999999999996,0.09999999999999998,-0.10930949107528987,-0.23286137888277625,0.25,-0.5,30,29,0.16666666666666663,-6.0,-24.145088642015025,0,0.12355188780748638,-0.20039944987446767,0.14177142008359844,-503.0,-0.10852229245736861
1216510,2020-09-24,2020/21,Punjab Kings,Royal Challengers Bengaluru,Dubai International Cricket Stadium,1,-14.699511171067797,-0.6000000000000001,-0.10000000000000003,0.017469951423644048,0.11568239077520448,-0.5,-0.5,28,28,-0.5,-6.0,-13.398166245122184,-1,-0.09821243935156043,0.031677483894526626,-0.1014748583043219,505.0,-0.017846405405025217
1216539,2020-09-25,2020/21,Delhi Capitals,Chennai Super Kings,Dubai International Cricket Stadium,1,-5.4981843881871555,0.19999999999999996,-0.04999999999999993,-0.04379245840879564,-0.05098207519449782,-0.3,0.0,29,35,-0.5,0.0,26.37633520689633,0,0.00718961678570218,-0.047919773167477864,0.0468547604358156,501.0,-0.007621949477008033
1216545,2020-09-26,2020/21,Sunrisers Hyderabad,Kolkata Knight Riders,Sheikh Zayed Stadium,0,-4.115609343200958,-0.2,-0.15000000000000002,-0.050637350645282186,-0.1364146116882572,0.09999999999999998,0.5,32,30,0.16666666666666663,6.0,-16.740144065123786,0,0.085777261042975,-0.11593728053870644,0.07111468179483293,2.0,-0.1499007111085749
1216527,2020-09-27,2020/21,Punjab Kings,Rajasthan Royals,Sharjah Cricket Stadium,0,-5.3799907182458355,-0.19999999999999996,-0.15000000000000002,0.10610571379491485,0.015481664120976513,0.25,-0.5,29,29,0.16666666666666663,-6.0,6.219623546508956,1,0.09062404967393833,0.05550385412641168,-0.06608352378947968,-2.0,-0.15553638916164075
1216532,2020-09-29,2020/21,Sunrisers Hyderabad,Delhi Capitals,Sheikh Zayed Stadium,1,-46.69570891113972,-0.39999999999999997,-0.25,0.10685981288938162,0.1466840170797481,0.09999999999999998,-0.5,33,30,-0.16666666666666669,-6.0,-22.265518667749348,-1,-0.039824204190366475,0.1518458400500038,-0.10169798991912593,-1.0,0.027582937617288444
1216504,2020-09-30,2020/21,Kolkata Knight Riders,Rajasthan Royals,Dubai International Cricket Stadium,1,-13.821276196783401,-0.20000000000000007,0.050000000000000044,-0.05313565475484472,-0.036332398737983995,0.30000000000000004,0.0,31,30,0.16666666666666663,0.0,-27.743811431031418,-1,-0.016803256016860724,-0.06558892820330708,0.02387912528952163,1.0,-0.021179151969729748
1216503,2020-10-01,2020/21,Mumbai Indians,Punjab Kings,Sheikh Zayed Stadium,1,34.74967520198652,0.4,0.25,-0.24954226986185302,-0.33203319600781356,0.25,0.0,31,30,0.16666666666666663,0.0,-39.460659845402915,1,0.08249092614596054,-0.20100574906515445,0.3805697168045121,4.0,-0.035936794780401224
1216516,2020-10-02,2020/21,Sunrisers Hyderabad,Chennai Super Kings,Dubai International Cricket Stadium,1,-20.54144276904003,-0.2,-0.15000000000000002,-0.026785678665130153,-0.05015548312165152,-0.33333333333333337,0.0,34,36,-0.16666666666666669,0.0,25.367569611037425,1,0.02336980445652137,-0.08183752036819691,-0.004896358581415239,-4.0,-0.0995257990285966
1216514,2020-10-03,2020/21,Rajasthan Royals,Royal Challengers Bengaluru,Sheikh Zayed Stadium,0,10.973712104825836,0.0,0.0,0.029133153440663806,-0.022288156440747775,0.5,0.0,31,29,0.5,0.0,-0.43729257063046134,0,0.05142130988141158,-0.08817928684009368,-0.09502428384000972,-6.0,0.1416613089056535
1216515,2020-10-03,2020/21,Delhi Capitals,Kolkata Knight Riders,Sharjah Cricket Stadium,1,1.0834273986861263,0.0,0.04999999999999993,-0.02970625599672072,-0.15481538558904617,0.16666666666666663,0.0,31,32,0.16666666666666663,0.0,-34.71963232409166,-2,0.12510912959232545,-0.05178803470774773,0.13273360687801916,1.0,-0.10852705719465564
1216513,2020-10-04,2020/21,Punjab Kings,Chennai Super Kings,Dubai International Cricket Stadium,0,-17.66035741680298,0.2,-0.15000000000000002,0.21578201319109702,0.10148729963104608,0.0,1.0,31,37,-0.16666666666666669,12.0,28.228484129353774,0,0.11429471356005094,0.13638554059733865,-0.18088377222480445,1.0,0.018730429094846873
1216538,2020-10-04,2020/21,Mumbai Indians,Sunrisers Hyderabad,Sharjah Cricket Stadium,1,34.45596741214035,0.4,0.2,0.08600137237248706,-0.08541836948784232,-0.16666666666666669,0.0,32,35,-0.16666666666666669,0.0,-14.3691044985178,0,0.17141974186032938,0.062221577454816934,0.06163857457017219,1.0,0.09031313786786328
1216519,2020-10-05,2020/21,Delhi Capitals,Royal Challengers Bengaluru,Dubai International Cricket Stadium,1,18.684133212929055,0.0,0.15000000000000002,0.09364590010409546,-0.11021475498919586,0.0,0.5,32,30,0.16666666666666663,6.0,-21.078976997891004,0,0.20386065509329132,-0.028524666692462786,-0.011955811807362382,0.0,0.09511878474879976
1216511,2020-10-06,2020/21,Mumbai Indians,Rajasthan Royals,Sheikh Zayed Stadium,1,48.40736111366323,0.4,0.25,0.07866339640120734,-0.21364715620692087,-0.5,0.6666666666666666,33,32,-0.5,8.0,17.290590221746015,3,0.2923105526081282,-0.019901265014331315,0.11508249479138222,-1.0,-0.17621153649022808
1216501,2020-10-07,2020/21,Kolkata Knight Riders,Chennai Super Kings,Sheikh Zayed Stadium,1,-6.4715188937623225,0.0,0.0,-0.07739431633146587,-0.032203057015817826,-0.25,-0.5,33,38,-0.16666666666666669,-6.0,23.015326036467513,-1,-0.04519125931564805,-0.12230095558840959,-0.012703582241125888,1.0,-0.005700467456601216
1216542,2020-10-08,2020/21,Sunrisers Hyderabad,Punjab Kings,Dubai International Cricket Stadium,1,18.78061463304266,0.0,0.050000000000000044,-0.23406062985559095,-0.1259114844926692,0.0,0.0,36,32,0.16666666666666663,0.0,20.95106076289244,0,-0.10814914536292175,-0.2051311874056312,0.15484092694262896,0.0,-0.14212398156168837
1216500,2020-10-09,2020/21,Delhi Capitals,Rajasthan Royals,Sharjah Cricket Stadium,1,46.420324203719474,0.19999999999999996,0.25,0.01439791342564245,-0.23876878531012524,0.25,0.0,33,33,0.5,0.0,37.737671858715885,2,0.2531666987357677,-0.07643193562066308,0.1479389362638197,1.0,-0.024217809852956407
1216523,2020-10-10,2020/21,Kolkata Knight Riders,Punjab Kings,Sheikh Zayed Stadium,1,49.819321359319474,0.39999999999999997,0.15000000000000002,-0.09133270437379903,-0.1306874543669312,0.25,0.6666666666666666,34,33,0.5,8.0,58.29699182410377,1,0.039354749993132154,-0.15289553704048564,0.06912462170024458,1.0,-0.06980304304961757
1216525,2020-10-10,2020/21,Royal Challengers Bengaluru,Chennai Super Kings,Dubai International Cricket Stadium,1,-3.411093082022262,0.39999999999999997,0.0,-0.12076772314374895,-0.00427045975260687,-0.25,0.0,31,39,-0.16666666666666669,0.0,21.96864641157481,0,-0.11649726339114208,-0.1887530223857512,-0.06371483948939538,2.0,-0.04658254202745313
1216507,2020-10-11,2020/21,Sunrisers Hyderabad,Rajasthan Royals,Dubai International Cricket Stadium,0,22.675817695265778,0.39999999999999997,0.10000000000000003,0.02922106644762379,-0.14539746906802353,0.25,0.6666666666666666,37,34,0.16666666666666663,8.0,60.375800797809916,1,0.17461853551564732,-0.14724429791733162,-0.03106789529693188,1.0,-0.12112863860590542
1216529,2020-10-11,2020/21,Delhi Capitals,Mumbai Indians,Sheikh Zayed Stadium,0,-10.546567752084457,0.0,-0.04999999999999993,-0.01045363406865163,-0.017983655131352805,0.25,-0.75,34,34,0.16666666666666663,-9.0,-19.454481307907372,-1,0.0075300210627011754,0.23638979238035374,0.26482708158035817,-3.0,0.09956388250286723
1216540,2020-10-12,2020/21,Royal Challengers Bengaluru,Kolkata Knight Riders,Sharjah Cricket Stadium,1,-15.789717835205238,-0.20000000000000007,-0.04999999999999999,-0.17846327155987574,-0.0032983312827301603,-0.25,0.5,32,35,-0.16666666666666669,6.0,-18.662517011641967,-1,-0.17516494027714558,-0.14584367552078992,0.03591792732181598,0.0,0.005588737716679754
1216528,2020-10-13,2020/21,Chennai Super Kings,Sunrisers Hyderabad,Dubai International Cricket Stadium,1,-1.2286531678159918,-0.39999999999999997,0.0,-0.1144954845990267,-0.0009377578816025522,0.2142857142857143,-0.25,40,38,-0.16666666666666669,-3.0,-21.770095936856023,0,-0.11355772671742415,-0.10081896946046776,0.014614273020161495,1.0,0.0776849673199661
1216543,2020-10-14,2020/21,Delhi Capitals,Rajasthan Royals,Dubai International Cricket Stadium,1,43.415667358645806,0.39999999999999997,0.19999999999999996,0.2562950253266669,-0.09213776999812984,0.30000000000000004,0.5,35,35,0.5,6.0,35.35831896943046,-1,0.34843279532479676,0.07604200702478292,-0.08811524830375417,0.0,0.14490040368467466
1216531,2020-10-15,2020/21,Royal Challengers Bengaluru,Punjab Kings,Sharjah Cricket Stadium,0,61.6354198070826,0.6,0.10000000000000003,-0.13558144669160832,-0.2930658374871258,0.30000000000000004,1.0,33,34,0.16666666666666663,12.0,57.936412197252594,2,0.15748439079551746,-0.31940855653870104,0.10923872764003306,-2.0,-0.010794013371751204
1216526,2020-10-16,2020/21,Kolkata Knight Riders,Mumbai Indians,Sheikh Zayed Stadium,0,-51.090797712996846,-0.4,-0.25,-0.2032964845257852,0.19555527885840984,-0.3,-0.050000000000000044,36,35,-0.16666666666666669,-0.6000000000000014,-37.98776321619539,-5,-0.39885176338419503,0.07185443355022514,0.07959563921760049,-1.0,0.13125063010071725
1216509,2020-10-17,2020/21,Chennai Super Kings,Delhi Capitals,Sharjah Cricket Stadium,0,-41.993474716367245,-0.4,-0.2,-0.16948055270584428,0.024051437011616272,0.16666666666666663,-1.0,41,36,0.16666666666666663,-12.0,-17.951801723873132,0,-0.19353198971746055,0.03786990685050684,0.18329902254473485,1.0,-0.04323767721651939
1216522,2020-10-17,2020/21,Rajasthan Royals,Royal Challengers Bengaluru,Dubai International Cricket Stadium,0,-24.38432991196396,-0.39999999999999997,-0.04999999999999999,-0.10497885000288876,0.1367513200155681,0.25,-0.16666666666666669,36,34,0.16666666666666663,-2.0,-14.72655434684998,0,-0.24173017001845687,-0.010925801858696405,-0.04269827187137576,1.0,-0.06707131855296629
1216533,2020-10-19,2020/21,Chennai Super Kings,Rajasthan Royals,Sheikh Zayed Stadium,0,19.43804410395228,0.2,0.0,0.1025410847096766,-0.028420923470076964,0.09999999999999998,0.5,42,37,0.16666666666666663,6.0,-2.969993257163196,0,0.13096200817975356,-0.026147271188034837,-0.10026743242763447,0.0,0.0788609999369087
1216546,2020-10-20,2020/21,Delhi Capitals,Punjab Kings,Dubai International Cricket Stadium,0,83.46639786082892,0.6000000000000001,0.35,0.08942212429028573,-0.2496116724455133,-0.25,0.6666666666666667,37,35,-0.16666666666666669,8.0,32.301622221567186,1,0.33903379673579903,-0.07075403216988274,0.08943551598534483,-2.0,0.012008889354504157
1216494,2020-10-21,2020/21,Kolkata Knight Riders,Royal Challengers Bengaluru,Sheikh Zayed Stadium,0,-11.202264731395871,-0.19999999999999996,-0.04999999999999999,-0.05564222335334801,0.24680112808123544,0.09999999999999998,-0.4,37,35,-0.16666666666666669,-4.800000000000001,-18.328082667887884,-1,-0.30244335143458345,0.019422058814291265,-0.17173684591359617,1.0,0.08992043315032616
1216518,2020-10-22,2020/21,Rajasthan Royals,Sunrisers Hyderabad,Dubai International Cricket Stadium,0,1.1657360848955705,0.0,0.04999999999999999,-0.09852810652144339,-0.11240035077891819,-0.09999999999999998,-0.15000000000000002,38,39,0.16666666666666663,-1.8000000000000007,23.39309349161863,1,0.013872244257474797,-0.1516066098056228,0.05932184749473879,-6.0,-0.04271312012940513
1216521,2020-10-23,2020/21,Chennai Super Kings,Mumbai Indians,Sharjah Cricket Stadium,0,-91.07232742095243,-0.8,-0.4,-0.27895379128946884,0.055602334036272794,-0.2142857142857143,-1.0,43,36,-0.16666666666666669,-12.0,-55.28260576425532,-6,-0.33455612532574164,-0.005864917943345427,0.21748653930985062,-3.0,0.06119107140539183
1216497,2020-10-24,2020/21,Kolkata Knight Riders,Delhi Capitals,Sheikh Zayed Stadium,1,-44.565694529728944,-0.19999999999999996,-0.29999999999999993,-0.28311934426236984,0.03827605175112958,-0.25,0.5,38,38,-0.5,6.0,-15.596322992311798,0,-0.3213953960134994,-0.20957916430419954,0.035264128207040724,-1.0,0.15084588128321855
1216498,2020-10-24,2020/21,Punjab Kings,Sunrisers Hyderabad,Dubai International Cricket Stadium,1,-11.510037157305078,0.0,0.0,0.019731733380502714,0.05861623280271311,-0.09999999999999998,0.0,36,40,-0.16666666666666669,0.0,7.270577475737582,1,-0.038884499422210395,-0.013093256990788671,-0.0914412231740045,2.0,-0.08859419544404148
1216541,2020-10-25,2020/21,Mumbai Indians,Rajasthan Royals,Sheikh Zayed Stadium,0,106.86330498601887,0.6,0.4,0.25215043319736097,-0.06701975867031496,-0.3,0.5,37,39,-0.16666666666666669,6.0,51.820201489240844,7,0.3191701918676759,0.26038262818932156,0.07525195366227555,-1.0,0.032163427467269926
1216544,2020-10-25,2020/21,Royal Challengers Bengaluru,Chennai Super Kings,Dubai International Cricket Stadium,0,51.21864336631211,0.6000000000000001,0.25000000000000006,0.15878263293162154,-0.2583488696552467,-0.09999999999999998,0.19999999999999996,36,44,0.16666666666666663,2.3999999999999986,34.43338445514155,2,0.41713150258686826,-0.02609581666247296,0.07347042006115223,2.0,-0.03103132052355012
1216520,2020-10-26,2020/21,Kolkata Knight Riders,Punjab Kings,Sharjah Cricket Stadium,0,15.13088835868757,-0.19999999999999996,0.0,-0.15452346852028365,-0.017918192026013635,0.30000000000000004,-0.5,39,37,0.5,-6.0,-43.264265147709466,-2,-0.13660527649427,-0.17907572398038019,-0.006634063434082904,0.0,0.1559733957805682
1216524,2020-10-27,2020/21,Sunrisers Hyderabad,Delhi Capitals,Dubai International Cricket Stadium,1,-46.29744466259126,0.0,-0.30000000000000004,-0.025813888567379983,-0.13677467262975096,0.16666666666666663,-0.32142857142857145,41,39,-0.16666666666666669,-3.8571428571428577,-14.905857637331337,0,0.11096078406237098,-0.11738986908914995,0.045198692107981,0.0,0.08470243100061983
1216499,2020-10-28,2020/21,Royal Challengers Bengaluru,Mumbai Indians,Sheikh Zayed Stadium,0,-53.20929053921782,-0.20000000000000007,-0.19999999999999996,-0.20651914942052674,-0.11890095470337858,-0.25,0.2857142857142857,37,38,-0.16666666666666669,3.428571428571429,-16.933617550401777,0,-0.08761819471714816,0.029396562143019,0.3548166662669243,0.0,0.1150477823230658
1216536,2020-10-29,2020/21,Kolkata Knight Riders,Chennai Super Kings,Dubai International Cricket Stadium,0,10.03789364566569,-0.2,0.0,-0.10485170856418491,-0.02921948905266447,-0.09999999999999998,0.5,40,45,-0.16666666666666669,6.0,-2.0475677784534128,-1,-0.07563221951152044,-0.20577462201190344,-0.07170342439505406,-1.0,0.08298474685108082
1216537,2020-10-30,2020/21,Punjab Kings,Rajasthan Royals,Sheikh Zayed Stadium,0,15.175407985493393,0.4,-0.04999999999999999,-0.042269761212340606,-0.08512428657612747,0.09999999999999998,-0.5,38,40,0.16666666666666663,-6.0,40.67086659404731,3,0.042854525363786866,-0.02350574967525998,0.1038882981132081,-1.0,-0.03545364204365725
1216502,2020-10-31,2020/21,Royal Challengers Bengaluru,Sunrisers Hyderabad,Sharjah Cricket Stadium,0,12.296403503369902,0.0,0.15000000000000002,-0.05614108195034184,0.01871430106461225,0.09999999999999998,0.5,38,42,0.16666666666666663,6.0,-1.9587229422331802,-1,-0.07485538301495409,0.031012140426631696,0.06843892131236129,-1.0,-0.1302532905892579
1216535,2020-10-31,2020/21,Delhi Capitals,Mumbai Indians,Dubai International Cricket Stadium,0,-58.81843253368265,-0.4,-0.15000000000000002,-0.20939840887610095,0.1892690929142542,0.09999999999999998,0.09999999999999998,40,39,-0.16666666666666669,1.1999999999999993,-37.63564811293395,-1,-0.39866750179035515,-0.022433479291254166,-0.002304163329407416,1.0,0.07198930790757563
1216506,2020-11-01,2020/21,Punjab Kings,Chennai Super Kings,Sheikh Zayed Stadium,0,-4.947880243947338,0.4,0.0,0.08455087857895616,-0.054818640914902295,-0.09999999999999998,-0.3333333333333333,39,46,-0.16666666666666669,-4.0,18.930678519546063,-2,0.13936951949385845,-0.056306713999864755,-0.08603895166391862,-1.0,-0.060859142797590526
1216530,2020-11-01,2020/21,Kolkata Knight Riders,Rajasthan Royals,Dubai International Cricket Stadium,1,-11.28949661169986,-0.39999999999999997,-0.15000000000000002,-0.22943121862799032,-0.09142021205588358,0.33333333333333337,0.3,41,41,0.16666666666666663,3.5999999999999996,-43.070187117164096,-2,-0.13801100657210674,-0.14019164549217678,0.18065978519169712,1.0,0.07449951608029814
1216505,2020-11-02,2020/21,Royal Challengers Bengaluru,Delhi Capitals,Sheikh Zayed Stadium,0,-13.382321211009412,0.2,0.0,-0.02011421304868466,-0.2638238712977683,-0.09999999999999998,0.6666666666666666,39,41,-0.5,8.0,22.66060675341828,0,0.24370965824908364,-0.31951415277548256,-0.035576068429029606,0.0,-0.04957396923072324
1216495,2020-11-03,2020/21,Mumbai Indians,Sunrisers Hyderabad,Sharjah Cricket Stadium,0,80.43573345755908,0.20000000000000007,0.3,0.13561750468768063,0.061743820369876135,0.0,0.5,40,43,0.16666666666666663,6.0,-10.122596391719071,0,0.0738736843178045,0.31062214735438376,0.11326082229682699,0.0,-0.16341600533087103
1237177,2020-11-05,2020/21,Mumbai Indians,Delhi Capitals,Dubai International Cricket Stadium,1,53.5749027123627,0.39999999999999997,0.15000000000000002,0.25698895993532656,-0.19760576390669882,0.0,0.5,41,42,0.5,6.0,12.854961749769018,-1,0.45459472384202537,-0.04088659919355875,-0.10026979522218649,-1.0,-0.02359700501833878
1237178,2020-11-06,2020/21,Royal Challengers Bengaluru,Sunrisers Hyderabad,Sheikh Zayed Stadium,0,-30.300787508364692,-0.6000000000000001,0.050000000000000044,-0.22531081579753787,0.09679032657429776,0.0,0.0,40,44,0.16666666666666663,0.0,-63.534722081366226,-3,-0.3221011423718356,0.02404064265998307,0.15256113188322318,1.0,-0.13052898848807057
1237180,2020-11-08,2020/21,Delhi Capitals,Sunrisers Hyderabad,Sheikh Zayed Stadium,1,-15.288608711213556,-0.6000000000000001,0.050000000000000044,-0.19762975968336738,0.4215910939484826,-0.2142857142857143,-0.41666666666666663,43,45,-0.16666666666666669,-5.0,-61.586053373804816,-4,-0.61922085363185,0.03178781607369663,-0.1921735181914186,1.0,-0.1583093452605494
1237181,2020-11-10,2020/21,Delhi Capitals,Mumbai Indians,Dubai International Cricket Stadium,0,-60.07533927893337,-0.19999999999999996,-0.19999999999999996,-0.22733649850104753,0.17006681598593265,-0.07142857142857145,-0.5714285714285714,44,42,-0.5,-6.857142857142858,-9.737282400362119,0,-0.3974033144869802,-0.09813646188885339,-0.040866779373738504,-3.0,0.0462841386114409
1254058,2021-04-09,2021,Mumbai Indians,Royal Challengers Bengaluru,"MA Chidambaram Stadium, Chepauk, Chennai",0,56.03767630576317,0.8,0.25,0.2418152630878152,-0.07675759968836449,0.30000000000000004,0.0,43,41,0.5,0.0,-22.45542489365539,2,0.3185728627761797,0.10218377823834146,-0.06287388516110926,-4.0,0.01582845532605673
1254059,2021-04-10,2021,Chennai Super Kings,Delhi Capitals,"Wankhede Stadium, Mumbai",0,-2.9949668276944976,0.19999999999999996,-0.09999999999999998,-0.023496395839902817,-0.07167663868399732,0.0714285714285714,0.0,47,45,-0.16666666666666669,0.0,40.92326319972017,3,0.0481802428440945,-0.18534054076174367,-0.09016750623784353,9.0,-0.004428352276673514
1254060,2021-04-11,2021,Kolkata Knight Riders,Sunrisers Hyderabad,"MA Chidambaram Stadium, Chepauk, Chennai",1,-9.379748148698809,-0.4,-0.04999999999999999,-0.10526015960581381,0.003606866961451738,0.0,0.0,42,46,0.16666666666666663,0.0,-11.984440898198955,1,-0.10886702656726555,0.11319156249271356,0.21484485513707563,7.0,0.10229424812084986
1254061,2021-04-12,2021,Punjab Kings,Rajasthan Royals,"Wankhede Stadium, Mumbai",1,-2.615189140075927,0.0,-0.10000000000000003,-0.09783216721012167,-0.08626807392473257,0.0,0.0,40,42,-0.16666666666666669,0.0,-20.337685166884057,0,-0.011564093285389099,-0.10773320735791536,0.07636703377693888,0.0,-0.11754333432054598
1254062,2021-04-13,2021,Mumbai Indians,Kolkata Knight Riders,"MA Chidambaram Stadium, Chepauk, Chennai",1,24.487874699970916,0.0,0.3,-0.08326072289065212,-0.06298424777373146,0.33333333333333337,-1.0,44,43,0.5,-12.0,-51.50376054381286,-2,-0.020276475116920656,0.11072699046535694,0.2569719611297405,2.0,0.019607257364660013
1254063,2021-04-14,2021,Royal Challengers Bengaluru,Sunrisers Hyderabad,"MA Chidambaram Stadium, Chepauk, Chennai",1,2.808364630191363,-0.39999999999999997,0.10000000000000003,-0.15153792402750277,0.017965593009538594,-0.07142857142857145,1.0,42,47,-0.16666666666666669,12.0,23.494135937794226,1,-0.16950351703704136,-0.08700898180410377,0.046563349213860405,2.0,0.009504586196748238
1254064,2021-04-15,2021,Delhi Capitals,Rajasthan Royals,"Wankhede Stadium, Mumbai",0,32.70038582821189,0.19999999999999996,0.10000000000000003,-0.11075736338418007,-0.09743313713556234,0.33333333333333337,1.0,46,43,0.5,12.0,9.317907810437418,1,-0.013324226248617732,-0.16253758713077593,0.04565291338896649,2.0,-0.09407988944595325
1254065,2021-04-16,2021,Punjab Kings,Chennai Super Kings,"Wankhede Stadium, Mumbai",0,7.6575315255049645,0.0,0.0,0.051370788986724314,-0.027300014036520714,-0.16666666666666669,1.0,41,48,-0.16666666666666669,12.0,-8.119927473950838,1,0.07867080302324503,-0.051370446807286196,-0.0754412217574898,-2.0,0.0335896323376462
1254066,2021-04-17,2021,Mumbai Indians,Sunrisers Hyderabad,"MA Chidambaram Stadium, Chepauk, Chennai",1,54.86345474514201,0.19999999999999996,0.3,0.08061380905531568,-0.051093572417869604,-0.09999999999999998,0.5,45,48,0.16666666666666663,6.0,-0.3630335467069017,1,0.13170738147318528,0.06214070717938802,0.03262047054194195,1.0,0.009359292368308653
1254067,2021-04-18,2021,Royal Challengers Bengaluru,Kolkata Knight Riders,"MA Chidambaram Stadium, Chepauk, Chennai",1,10.863819838152267,0.0,0.10000000000000003,-0.23593351893832604,-0.06111385799729008,0.0,0.5,43,44,0.5,6.0,10.770607475606312,2,-0.17481966094103596,-0.15071339188113098,0.14633398505448514,-1.0,-0.0488580971321626
1254068,2021-04-18,2021,Punjab Kings,Delhi Capitals,"Wankhede Stadium, Mumbai",0,-14.446977808009478,0.0,-0.09999999999999998,-0.023092089783788516,-0.02704049378132467,0.30000000000000004,0.0,42,47,0.16666666666666663,0.0,14.636355748145888,0,0.003948403997536154,-0.11929399762473603,-0.06916141405962284,-1.0,0.09558992850826081
1254069,2021-04-19,2021,Chennai Super Kings,Rajasthan Royals,"Wankhede Stadium, Mumbai",1,9.159761264495273,0.20000000000000007,-0.04999999999999999,-0.14191674274891874,-0.23573639634233934,0.0,0.0,49,44,-0.16666666666666669,0.0,9.909484634544924,0,0.0938196535934206,-0.15541519389165348,0.2222379451996046,-1.0,-0.13492805940977015
1254070,2021-04-20,2021,Mumbai Indians,Delhi Capitals,"MA Chidambaram Stadium, Chepauk, Chennai",0,35.89698601792702,0.20000000000000007,0.30000000000000004,-0.11054760406064412,-0.2372900351344056,0.125,0.16666666666666663,46,48,0.5,2.0,-40.754196203503625,1,0.12674243107376149,-0.07847943154960912,0.2693582076454406,1.0,-0.043305616759893306
1254071,2021-04-21,2021,Punjab Kings,Sunrisers Hyderabad,"MA Chidambaram Stadium, Chepauk, Chennai",0,2.218443659656714,0.0,-0.050000000000000044,0.15279618462757982,0.2265574295195547,0.0,0.5,43,49,-0.16666666666666669,6.0,35.56846866433807,0,-0.07376124489197489,0.08874675876411309,-0.29060685538302145,-1.0,0.1701834878728943
1254072,2021-04-21,2021,Chennai Super Kings,Kolkata Knight Riders,"Wankhede Stadium, Mumbai",1,23.793119440255396,0.4,0.0,-0.03378506666921721,-0.08946314379276332,0.16666666666666663,0.16666666666666663,50,45,0.16666666666666663,2.0,13.720571532450549,2,0.05567807712354611,0.023485231547584196,0.14673344200956473,-1.0,0.001513502062131078
1254073,2021-04-22,2021,Rajasthan Royals,Royal Challengers Bengaluru,"Wankhede Stadium, Mumbai",0,-35.07813754125368,-0.19999999999999996,-0.10000000000000003,0.1071824072980827,0.2480633040652993,0.09999999999999998,-0.16666666666666669,45,44,-0.16666666666666669,-2.0,-45.07967594102365,-3,-0.1408808967672166,0.14175467601936442,-0.2134910353440176,-1.0,0.10770802593044673
1254074,2021-04-23,2021,Mumbai Indians,Punjab Kings,"MA Chidambaram Stadium, Chepauk, Chennai",0,68.54712150275418,0.39999999999999997,0.4,-0.042029525221729536,-0.18628852456609923,0.30000000000000004,0.5,47,44,0.16666666666666663,6.0,14.895025256800182,0,0.1442589993443697,-0.13083814661425563,0.09747990317357313,1.0,-0.2541302423615629
1254075,2021-04-24,2021,Kolkata Knight Riders,Rajasthan Royals,"Wankhede Stadium, Mumbai",0,4.517024858518198,0.2,0.04999999999999999,0.14323148349591475,-0.1476960159429268,0.3571428571428571,-0.25,46,46,0.16666666666666663,-3.0,-0.16305035504774423,0,0.29092749943884155,-0.10255322515226628,-0.09808869270525422,1.0,-0.05958734706958477
1254076,2021-04-25,2021,Chennai Super Kings,Royal Challengers Bengaluru,"Wankhede Stadium, Mumbai",1,-6.123071540871706,0.0,-0.050000000000000044,0.049613017067033915,0.05705613630913353,0.16666666666666663,-0.25,51,45,-0.16666666666666669,-3.0,-20.840189908225057,-1,-0.007443119242099616,0.18213201907562193,0.07546286569945448,1.0,-0.07576907326993426
1254078,2021-04-26,2021,Punjab Kings,Kolkata Knight Riders,"Narendra Modi Stadium, Ahmedabad",0,13.019213065615986,0.2,0.0,-0.06490349687058106,-0.08115151196185977,-0.16666666666666669,0.0,45,47,-0.16666666666666669,0.0,20.50911293032118,1,0.01624801509127871,-0.1320895523192025,0.013965456513238328,1.0,0.12685099463944183
1254079,2021-04-27,2021,Royal Challengers Bengaluru,Delhi Capitals,"Narendra Modi Stadium, Ahmedabad",1,-7.27821418470694,0.20000000000000007,0.0,-0.029808752472390454,-0.050637565510376126,-0.16666666666666669,0.0,46,49,-0.5,0.0,-1.1651808983483534,-2,0.020828813037985672,-0.025174739740969843,0.05527157824179674,-5.0,0.052867188895386996
1254080,2021-04-28,2021,Sunrisers Hyderabad,Chennai Super Kings,"Arun Jaitley Stadium, Delhi",0,-43.75110208076967,-0.6000000000000001,-0.04999999999999999,-0.24442771313948697,0.03719605020027461,-0.25,0.0,50,52,-0.16666666666666669,0.0,-58.008376336026686,-3,-0.2816237633397616,-0.021576509768837626,0.18565515317037473,4.0,-0.04767949266366858
1254081,2021-04-29,2021,Rajasthan Royals,Mumbai Indians,"Arun Jaitley Stadium, Delhi",0,-41.927876989320794,0.0,-0.29999999999999993,0.1287408673486936,0.2657025997983151,0.33333333333333337,0.0,47,48,0.16666666666666663,0.0,7.585247980456643,1,-0.1369617324496215,0.13224673738941606,-0.2621967297575927,-1.0,0.14833765174748423
1254082,2021-04-29,2021,Kolkata Knight Riders,Delhi Capitals,"Narendra Modi Stadium, Ahmedabad",0,-35.196684411597516,-0.39999999999999997,-0.09999999999999998,-0.12404157472903998,-0.05741505760996524,-0.09999999999999998,1.0,48,50,-0.16666666666666669,12.0,-18.225201755335775,1,-0.06662651711907475,-0.09434829998813732,0.0871083323508679,1.0,-0.033210009785879596
1254083,2021-04-30,2021,Punjab Kings,Royal Challengers Bengaluru,"Narendra Modi Stadium, Ahmedabad",1,-56.067259134172446,-0.6000000000000001,-0.15000000000000002,-0.25831240987073767,-0.11760961949678217,-0.16666666666666669,-1.0,46,47,0.16666666666666663,-12.0,-36.78952073599294,-1,-0.1407027903739555,-0.22872688090406457,0.14719514846345527,1.0,-0.03119880991489421
1254084,2021-05-01,2021,Chennai Super Kings,Mumbai Indians,"Arun Jaitley Stadium, Delhi",0,5.009290463909565,0.4,-0.1499999999999999,0.22991689613160848,-0.017268819472367358,-0.25,0.0,53,49,-0.16666666666666669,0.0,43.72057785876859,4,0.24718571560397584,0.25955773438551777,0.04690965772627664,1.0,0.03972485888119706
1254085,2021-05-02,2021,Rajasthan Royals,Sunrisers Hyderabad,"Arun Jaitley Stadium, Delhi",1,-3.289438809553303,0.2,-0.04999999999999999,0.030941830237755985,0.12030189199536467,-0.16666666666666669,0.0,48,51,0.16666666666666663,0.0,-0.3626743666313814,0,-0.08936006175760869,-0.0327109302326094,-0.18395465246573006,-1.0,-0.022586951861379434
1254086,2021-05-02,2021,Punjab Kings,Delhi Capitals,"Narendra Modi Stadium, Ahmedabad",0,-40.31709460306229,-0.19999999999999996,-0.10000000000000003,-0.14146339308329847,-0.08004714558430104,0.16666666666666663,0.0,47,51,-0.16666666666666669,0.0,-16.2856947522248,0,-0.061416247498997434,-0.08821072287383291,0.1332998157937666,-1.0,0.028272530214983327
1254104,2021-09-19,2021,Chennai Super Kings,Mumbai Indians,Dubai International Cricket Stadium,1,-15.279047495594114,0.20000000000000007,-0.25,0.2525922010096573,0.0461128238380506,-0.2777777777777778,-0.4285714285714286,54,50,-0.16666666666666669,-5.142857142857143,22.12971636977727,-2,0.2064793771716067,0.26942795296475275,-0.02927707188295514,0.0,-0.14248955133950175
1254087,2021-09-20,2021,Royal Challengers Bengaluru,Kolkata Knight Riders,"Zayed Cricket Stadium, Abu Dhabi",0,45.727904335115454,0.39999999999999997,0.09999999999999998,0.07686312857795174,0.037923699771154284,0.0714285714285714,0.0,48,49,0.5,0.0,15.489252503184161,0,0.03893942880679746,0.008842927044047988,-0.10594390130505804,-1.0,0.09744283436133577
1254111,2021-09-21,2021,Rajasthan Royals,Punjab Kings,Dubai International Cricket Stadium,1,11.638827795546831,0.0,0.0,0.14192978956829383,0.20826044446613645,-0.07142857142857145,-0.43333333333333335,49,48,0.16666666666666663,-5.199999999999999,-1.8964621746024477,1,-0.06633065489784262,0.12415103641053737,-0.2260391976238929,0.0,0.04019377199039309
1254105,2021-09-22,2021,Sunrisers Hyderabad,Delhi Capitals,Dubai International Cricket Stadium,0,-63.26770058822717,-0.6000000000000001,-0.10000000000000003,-0.26234830149321975,-0.0331054941986082,0.125,0.125,52,52,0.16666666666666663,1.5,-35.86733344795857,-2,-0.22924280729461155,-0.15980069433352795,0.1356531013583,0.0,-0.07519892842209121
1254096,2021-09-23,2021,Mumbai Indians,Kolkata Knight Riders,"Zayed Cricket Stadium, Abu Dhabi",0,53.481841306437445,0.0,0.24999999999999994,-0.023793020770501716,0.11539272035143533,0.3571428571428571,-0.5,51,50,0.5,-6.0,-6.006752043148936,-1,-0.13918574112193705,0.09031664434954156,-0.0012830552313920496,1.0,0.06080165966497694
1254113,2021-09-24,2021,Royal Challengers Bengaluru,Chennai Super Kings,Sharjah Cricket Stadium,0,-35.97107044086101,-0.4,-0.050000000000000044,-0.31283821138841894,0.08216527654919381,-0.2142857142857143,0.3333333333333333,49,55,-0.16666666666666669,4.0,-42.09414198173272,-1,-0.39500348793761275,-0.1290453628318593,0.10162757200736583,-1.0,0.1832794455135059
1254097,2021-09-25,2021,Delhi Capitals,Rajasthan Royals,"Zayed Cricket Stadium, Abu Dhabi",1,44.90153069285134,0.20000000000000007,0.15000000000000002,-0.05179211800327943,-0.17169553417072758,0.2142857142857143,0.0,53,50,0.16666666666666663,0.0,-5.266176462014755,1,0.11990341616744815,-0.056071584198413627,0.16741606797559339,-1.0,-0.045446865738445474
1254107,2021-09-25,2021,Punjab Kings,Sunrisers Hyderabad,Sharjah Cricket Stadium,1,3.7948240130403974,0.2,-0.10000000000000003,0.10424189493400293,-0.03332323714315888,-0.07142857142857145,0.0,49,53,-0.16666666666666669,0.0,-0.3075066901956234,0,0.1375651320771618,-0.05254380064574282,-0.12346245843658687,1.0,0.044246553423902935
1254098,2021-09-26,2021,Kolkata Knight Riders,Chennai Super Kings,"Zayed Cricket Stadium, Abu Dhabi",0,-56.52282586087381,-0.20000000000000007,-0.14999999999999997,-0.1308821088711627,-0.16406848155892417,-0.2142857142857143,0.5,51,56,-0.16666666666666669,6.0,6.209009655781756,0,0.03318637268776148,0.06241915419707045,0.3573697446271573,1.0,0.067887033314351
1254108,2021-09-26,2021,Royal Challengers Bengaluru,Mumbai Indians,Dubai International Cricket Stadium,1,-27.812217738171285,-0.2,-0.2,-0.19800602063828565,-0.007861858048892723,-0.16666666666666669,-0.25,50,52,-0.16666666666666669,-3.0,-18.643830617311096,0,-0.19014416258939293,-0.32306424029076153,-0.11719636160358315,-1.0,-0.029744460939798933
1254100,2021-09-27,2021,Rajasthan Royals,Sunrisers Hyderabad,Dubai International Cricket Stadium,0,35.93992060524988,0.39999999999999997,0.0,0.18477764025952848,0.004799099101056692,-0.07142857142857145,-0.15873015873015872,51,54,0.16666666666666663,-1.9047619047619047,39.17767269625688,0,0.17997854115847178,0.03152853004563627,-0.1580482093149489,0.0,0.11423214447773614
1254092,2021-09-28,2021,Delhi Capitals,Kolkata Knight Riders,Sharjah Cricket Stadium,0,64.48736583506457,0.20000000000000007,0.15000000000000002,-0.026639791737129714,0.037121286725318337,0.16666666666666663,1.0,54,52,0.16666666666666663,12.0,29.29068142346705,4,-0.06376107846244805,0.20382384092169126,0.19334234593350264,1.0,-0.04114570774836376
1254099,2021-09-28,2021,Punjab Kings,Mumbai Indians,"Zayed Cricket Stadium, Abu Dhabi",0,-38.22307275101275,0.0,-0.19999999999999996,-0.054474005321145214,-0.18305561707293783,-0.16666666666666669,0.5,50,53,-0.16666666666666669,6.0,25.602163269267976,1,0.1285816117517926,-0.2193920009140531,0.018137621480029953,1.0,-0.07185285150652562
1254103,2021-09-29,2021,Rajasthan Royals,Royal Challengers Bengaluru,Dubai International Cricket Stadium,0,-30.67566855709606,0.0,-0.09999999999999998,0.18627790340142147,0.0460795922578674,0.0,-0.3214285714285714,52,51,-0.5,-3.8571428571428568,21.092317488633626,-1,0.14019831114355408,0.04658119873932853,-0.18577629691996034,-1.0,0.027698241701448467
1254091,2021-09-30,2021,Sunrisers Hyderabad,Chennai Super Kings,Sharjah Cricket Stadium,0,-96.05039502304135,-0.6000000000000001,-0.25,-0.23152095093338332,0.007490735082413824,-0.2777777777777778,0.25,55,57,-0.16666666666666669,3.0,-34.80458043684712,-2,-0.23901168601579714,-0.14037346254575422,0.08365675330521527,-1.0,0.016906641055296157
1254102,2021-10-01,2021,Kolkata Knight Riders,Punjab Kings,Dubai International Cricket Stadium,0,30.946594460884626,0.19999999999999996,0.04999999999999999,0.1176862220483692,-0.0888225743374298,0.2142857142857143,0.16666666666666663,53,51,0.16666666666666663,2.0,43.80700283788451,1,0.206508796385799,0.11577299049833711,0.0869093427873977,0.0,0.010690767142266716
1254089,2021-10-02,2021,Chennai Super Kings,Rajasthan Royals,"Zayed Cricket Stadium, Abu Dhabi",0,98.5951532627962,0.4,0.25,0.035234879627465965,-0.0537694263919799,0.0714285714285714,1.0,58,53,-0.16666666666666669,12.0,54.29874367756793,4,0.08900430601944587,0.02064992761009843,0.039184474374612366,-1.0,-0.06473194955401801
1254112,2021-10-02,2021,Mumbai Indians,Delhi Capitals,Sharjah Cricket Stadium,0,-15.732209223560176,-0.4,0.04999999999999993,-0.07148204555427329,0.24845168831788622,0.05555555555555558,-0.08333333333333337,54,55,0.16666666666666663,-1.0,-37.784638032502016,1,-0.3199337338721595,0.07161006700659267,-0.10535957575702026,0.0,0.06322803299616428
1254090,2021-10-03,2021,Royal Challengers Bengaluru,Punjab Kings,Sharjah Cricket Stadium,1,39.14371649020063,0.0,0.04999999999999999,-0.06332017115957855,-0.007050080663619562,0.0714285714285714,-0.5,52,52,-0.5,-6.0,-2.5685409322800297,1,-0.05627009049595899,-0.10468124394102007,-0.03431099211782196,2.0,0.05357719727696961
1254109,2021-10-03,2021,Sunrisers Hyderabad,Kolkata Knight Riders,Dubai International Cricket Stadium,0,-31.003372520332277,-0.39999999999999997,0.0,-0.23607719985306708,0.1335520555247045,-0.07142857142857145,0.0,56,54,-0.16666666666666669,0.0,-18.449328956044383,0,-0.3696292553777716,0.0024159922820867763,0.10494113661044935,1.0,-0.02171632792828218
1254110,2021-10-04,2021,Chennai Super Kings,Delhi Capitals,Dubai International Cricket Stadium,0,5.637511623612454,0.0,0.09999999999999998,0.11129860664162372,0.1899834968221017,0.0,0.18055555555555558,59,56,-0.5,2.166666666666667,-2.7305912874487603,-1,-0.07868489018047797,0.22602300848183798,-0.07525909498188743,0.0,-0.04562125931886535
1254093,2021-10-05,2021,Rajasthan Royals,Mumbai Indians,Sharjah Cricket Stadium,0,-32.60244026679652,0.2,-0.10000000000000003,0.24363744964466716,0.10669658358946577,0.2142857142857143,0.16666666666666663,54,55,-0.16666666666666669,2.0,6.868400891065903,1,0.1369408660552014,0.04814649359947998,-0.30218753963465295,0.0,0.15997593148290717
1254095,2021-10-06,2021,Sunrisers Hyderabad,Royal Challengers Bengaluru,"Zayed Cricket Stadium, Abu Dhabi",1,-78.96533590481454,-0.39999999999999997,-0.15000000000000002,-0.12691845895053055,-0.10645924200212287,0.0,0.5,57,53,0.16666666666666663,6.0,-35.10172902890008,-3,-0.020459216948407688,-0.161938513635014,0.07143918731763943,0.0,-0.06401176983057769
1254094,2021-10-07,2021,Chennai Super Kings,Punjab Kings,Dubai International Cricket Stadium,0,74.77631395332082,0.19999999999999996,0.2,0.06839465608222572,0.05224428704674233,0.2142857142857143,-0.015873015873015817,60,53,0.5,-0.1904761904761898,-10.231892194799912,0,0.016150369035483392,0.04971810490207518,-0.07092083822689288,-1.0,0.003389485396441988
1254106,2021-10-07,2021,Kolkata Knight Riders,Rajasthan Royals,Sharjah Cricket Stadium,1,24.350941293976575,0.39999999999999997,0.0,0.11668802127828748,-0.2737454014285887,0.25,-0.25,55,55,0.16666666666666663,-3.0,18.11987707077401,1,0.3904334227068762,-0.1603000864291395,-0.00324270627883827,2.0,-0.0919290382614096
1254088,2021-10-08,2021,Mumbai Indians,Sunrisers Hyderabad,"Zayed Cricket Stadium, Abu Dhabi",1,63.36917571032632,0.0,0.15000000000000002,0.12491390495708354,0.06688613901793694,0.0,-0.5,56,58,0.16666666666666663,-6.0,-9.229076587538884,0,0.0580277659391466,0.11001586198051361,-0.08178418199450688,1.0,0.12278337430987879
1254101,2021-10-08,2021,Delhi Capitals,Royal Challengers Bengaluru,Dubai International Cricket Stadium,0,44.797848435606056,0.20000000000000007,0.050000000000000044,-0.14277580449350413,-0.13608054778798717,0.0714285714285714,-0.125,57,54,0.16666666666666663,-1.5,0.02765424393351168,2,-0.006695256705516961,-0.047326484241332345,0.23152986804015896,2.0,-0.01579122947281611
1254114,2021-10-10,2021,Delhi Capitals,Chennai Super Kings,Dubai International Cricket Stadium,0,15.524302007571123,0.19999999999999996,-0.04999999999999993,-0.08308059846171068,-0.27738080498401363,0.05555555555555558,-0.04545454545454547,58,61,0.5,-0.5454545454545459,24.334450951150984,0,0.19430020652230295,-0.23166131887193608,0.12880008457378822,-1.0,-0.08665953221231992
1254115,2021-10-11,2021,Royal Challengers Bengaluru,Kolkata Knight Riders,Sharjah Cricket Stadium,0,19.489495329988586,0.20000000000000007,0.04999999999999999,0.06314322085281288,0.04800389739383948,0.0,0.0,55,56,0.16666666666666663,0.0,-2.3116933376199995,-1,0.015139323458973397,0.1708741586052085,0.05972704035855614,-1.0,-0.04428816526134294
1254116,2021-10-13,2021,Delhi Capitals,Kolkata Knight Riders,Sharjah Cricket Stadium,0,20.71587541299982,-0.4,0.050000000000000044,-0.009379934971350812,0.1353611737081588,0.0714285714285714,0.30000000000000004,59,57,-0.16666666666666669,3.6000000000000014,-20.101349322920214,-3,-0.14474110867950962,0.1173016751685243,-0.008679563568283699,1.0,-0.003914422870804984
1254117,2021-10-15,2021,Chennai Super Kings,Kolkata Knight Riders,Dubai International Cricket Stadium,1,15.489084566305337,-0.4,0.09999999999999998,0.06213850825964795,0.3090756412498816,0.25,-0.054545454545454564,62,58,0.5,-0.6545454545454543,-64.16551434615144,-3,-0.24693713299023368,0.16518323572752758,-0.206030913782002,3.0,0.051854002809789884
1304047,2022-03-26,2022,Chennai Super Kings,Kolkata Knight Riders,"Wankhede Stadium, Mumbai",0,17.29902570557806,-0.4,0.19999999999999996,0.15237894026847676,0.31849812579663794,0.2777777777777778,0.8,63,59,0.5,9.600000000000001,-21.01904939333508,2,-0.16611918552816118,0.21311712002504835,-0.25775994604006636,0.0,0.08703934564915358
1304048,2022-03-27,2022,Mumbai Indians,Delhi Capitals,"Brabourne Stadium, Mumbai",0,2.297662312395687,0.19999999999999996,0.0,0.1693050678508683,-0.032704932269670195,0.0,0.0,57,60,-0.16666666666666669,0.0,37.7396177655196,2,0.2020100001205385,0.17488245198322927,0.03828231640203117,5.0,0.2700579930821601
1304049,2022-03-27,2022,Royal Challengers Bengaluru,Punjab Kings,"Dr DY Patil Sports Academy, Mumbai",0,16.633880345716534,0.0,-0.04999999999999999,-0.02856449649203463,0.039677452753206,0.125,0.0,56,54,-0.16666666666666669,0.0,-42.276298782958975,-1,-0.06824194924524063,0.08673758931671549,0.07562463305554412,-4.0,-0.1046164218643944
1304050,2022-03-28,2022,Lucknow Super Giants,Gujarat Titans,"Wankhede Stadium, Mumbai",0,0.0,0.0,0.0,0.0,0.0,0.0,0.0,0,0,0.0,0.0,0.0,0,0.0,0.0,0.0,0.0,0.0
1304051,2022-03-29,2022,Rajasthan Royals,Sunrisers Hyderabad,"Maharashtra Cricket Association Stadium, Pune",1,5.76688631929801,-0.2,0.0,-0.05097996380838343,0.19771966698340182,-0.125,0.0,56,59,-0.16666666666666669,0.0,-6.295931850694842,0,-0.24869963079178525,-0.12245760290349517,-0.26919730607851355,1.0,0.12365785827921882
1304052,2022-03-30,2022,Kolkata Knight Riders,Royal Challengers Bengaluru,"Dr DY Patil Sports Academy, Mumbai",0,22.3120394121936,0.4,0.10000000000000003,-0.08062059211526784,-0.16878004844265382,0.05555555555555558,0.5,60,57,0.16666666666666663,6.0,19.95888210228918,1,0.08815945632738598,-0.0845894256881845,0.16481121486973715,1.0,-0.09640601109140493
1304053,2022-03-31,2022,Chennai Super Kings,Lucknow Super Giants,"Brabourne Stadium, Mumbai",0,23.170282414999974,0.4,0.7,-0.043732569952349865,-0.002975738829568142,0.0,0.0,64,1,0.0,5.5,-4.164260668047746,0,-0.04075683112278172,-0.10011753396194734,-0.05340922518002933,2.0,0.21483270662910373
1304054,2022-04-01,2022,Punjab Kings,Kolkata Knight Riders,"Wankhede Stadium, Mumbai",0,-7.347816805001912,0.0,-0.050000000000000044,0.24592109191813427,0.12600889652166924,-0.125,0.0,55,61,0.16666666666666663,0.0,41.38823625731993,2,0.11991219539646503,0.24050498551904487,-0.13142500292075865,3.0,0.15790685962153161
1304055,2022-04-02,2022,Rajasthan Royals,Mumbai Indians,"Dr DY Patil Sports Academy, Mumbai",1,-14.213587577999078,-0.19999999999999996,-0.10000000000000003,-0.23255483331504379,0.24581400153003274,0.125,0.0,57,58,-0.16666666666666669,0.0,18.388852688797442,1,-0.47836883484507653,0.02431925696095516,0.011060088745966201,-2.0,0.058901160691114174
1304056,2022-04-02,2022,Gujarat Titans,Delhi Capitals,"Maharashtra Cricket Association Stadium, Pune",1,-10.974516898265392,0.6,0.4,0.0493267892094873,-0.0027486538449665865,0.0,0.0,1,61,0.0,-5.5,31.88432819235345,0,0.052075443054453885,0.053636310164630885,0.007058174800110173,-1.0,-0.1625036582837129
1304057,2022-04-03,2022,Punjab Kings,Chennai Super Kings,"Brabourne Stadium, Mumbai",1,-13.415800313864565,0.19999999999999996,-0.2,0.0697301030363795,-0.0616319690207312,-0.125,0.5,56,65,-0.16666666666666669,6.0,59.68743347472673,0,0.1313620720571107,-0.004759527893508864,-0.012857661909157159,-1.0,-0.06031571574896319
1304058,2022-04-04,2022,Lucknow Super Giants,Sunrisers Hyderabad,"Dr DY Patil Sports Academy, Mumbai",1,37.174526080006444,0.3,0.15000000000000002,0.27333390951043546,0.1671953063233278,0.0,0.0,2,60,0.0,-5.0,-20.213063519701564,1,0.10613860318710766,0.10317374509750432,-0.33735547073625893,-2.0,-0.023258451098940286
1304059,2022-04-05,2022,Rajasthan Royals,Royal Challengers Bengaluru,"Wankhede Stadium, Mumbai",0,-5.86031657320882,0.19999999999999996,-0.04999999999999999,0.04311342030871401,0.15609047417043787,-0.07142857142857145,-0.09999999999999998,58,58,-0.5,-1.1999999999999993,47.28038900315619,1,-0.11297705386172385,0.023111360059092423,-0.17609253442005945,-3.0,0.20414535943938233
1304060,2022-04-06,2022,Mumbai Indians,Kolkata Knight Riders,"Maharashtra Cricket Association Stadium, Pune",0,-23.282434992146136,-0.19999999999999996,-0.050000000000000044,0.24324241523837342,0.1060715670356458,0.25,0.0,59,62,0.16666666666666663,0.0,-28.76097994583938,-1,0.13717084820272762,0.30144021107112695,-0.04787377120289227,-1.0,0.1529183077541132
1304061,2022-04-07,2022,Delhi Capitals,Lucknow Super Giants,"Dr DY Patil Sports Academy, Mumbai",0,1.0587468586631985,-0.4666666666666666,-0.11666666666666659,-0.1231728316849654,-0.09110013922777327,0.0,-0.5,62,3,0.0,3.0,-31.3535700314344,-2,-0.03207269245719213,-0.11563304955408538,0.09863992135865329,2.0,-0.007595586540544347
1304062,2022-04-08,2022,Punjab Kings,Gujarat Titans,"Brabourne Stadium, Mumbai",0,-20.841246326290957,-0.4,-0.55,0.06396683631775213,0.052471850539600684,0.0,0.5,57,2,0.0,11.0,2.3613078134806074,-1,0.011494985778151445,0.14346406524098776,0.027025378383634946,-1.0,0.184198736538851
1304063,2022-04-09,2022,Chennai Super Kings,Sunrisers Hyderabad,"Dr DY Patil Sports Academy, Mumbai",0,37.561143309632826,0.2,0.25,0.1536290838948302,-0.035061322500944625,0.30000000000000004,0.5,66,61,0.5,6.0,-54.92753885815637,0,0.18869040639577483,-0.03131150817125583,-0.14987926956514142,1.0,0.05526167684508296
1304064,2022-04-09,2022,Mumbai Indians,Royal Challengers Bengaluru,"Maharashtra Cricket Association Stadium, Pune",0,-31.626694190525996,-0.19999999999999996,-0.10000000000000003,0.2392644393003278,0.09074756464002576,0.0714285714285714,-0.5,60,59,-0.16666666666666669,-6.0,-47.973583913587845,-2,0.14851687466030206,0.23529812733203848,-0.0947138766083151,-1.0,0.035448376700132095
1304065,2022-04-10,2022,Delhi Capitals,Kolkata Knight Riders,"Brabourne Stadium, Mumbai",1,-24.716082309178546,-0.39999999999999997,0.0,-0.06625679849398192,0.09125916084467622,0.0,0.5,63,63,-0.16666666666666669,6.0,-40.16410231169107,-2,-0.15751595933865814,0.05823301019032745,0.03323064783963314,-1.0,-0.06014783558969619
1304066,2022-04-10,2022,Rajasthan Royals,Lucknow Super Giants,"Wankhede Stadium, Mumbai",1,-30.12661733074401,-0.35,-0.3,-0.1728342955180988,0.03616827992401883,0.0,0.3333333333333333,59,4,0.0,4.0,11.68878551864691,-3,-0.20900257544211764,-0.14995973390671824,-0.013293718312638259,2.0,0.20592289767073513
1304067,2022-04-11,2022,Gujarat Titans,Sunrisers Hyderabad,"Dr DY Patil Sports Academy, Mumbai",0,64.08243607728195,0.6,0.65,0.10582206988189391,-0.08700537049709012,0.0,0.0,3,62,0.0,-4.5,10.733260589295242,2,0.19282744037898403,-0.03544965166077607,-0.054266351045579864,1.0,-0.06795750664006643
1304068,2022-04-12,2022,Chennai Super Kings,Royal Challengers Bengaluru,"Dr DY Patil Sports Academy, Mumbai",1,-43.07755235457671,-0.39999999999999997,-0.04999999999999993,0.020140034983048505,0.0746197740880894,0.25,-0.5,67,60,0.5,-6.0,-61.71272643174325,-3,-0.05447973910504089,0.030016866392329034,-0.06474294267880887,0.0,0.055903313421787004
1304069,2022-04-13,2022,Punjab Kings,Mumbai Indians,"Maharashtra Cricket Association Stadium, Pune",1,15.765711786494876,0.39999999999999997,-0.04999999999999999,0.033936561874850835,-0.15247810038592924,-0.2142857142857143,0.5,58,61,-0.16666666666666669,6.0,40.573036993742335,0,0.18641466226078007,-0.049014076210686985,0.06952746230039142,1.0,-0.035948097017100084
1304070,2022-04-14,2022,Gujarat Titans,Rajasthan Royals,"Dr DY Patil Sports Academy, Mumbai",1,17.524014489600177,0.15000000000000002,0.3,0.03988483545468058,0.06360594292809707,0.0,-1.0,4,60,0.0,-12.0,-3.383686935095284,-1,-0.02372110747341649,0.06274677866550182,-0.040743999717275825,-1.0,-0.15806058333605016
1304071,2022-04-15,2022,Kolkata Knight Riders,Sunrisers Hyderabad,"Brabourne Stadium, Mumbai",0,37.1761748482586,0.19999999999999996,0.20000000000000007,0.019974704761082318,-0.20950334762395628,0.125,-0.5,64,63,0.5,-6.0,-6.3646594811514206,-2,0.2294780523850386,-0.09250544497400681,0.09702319788886715,1.0,0.07501692978260902
1304072,2022-04-16,2022,Lucknow Super Giants,Mumbai Indians,"Brabourne Stadium, Mumbai",1,44.004116969804045,0.6,0.19999999999999996,0.013738936784158051,-0.1658176123077697,0.0,1.0,5,62,0.0,5.0,57.14403403386632,0,0.17955654909192775,-0.1481324023427819,0.00394627318082974,3.0,0.04435207829752934
1304073,2022-04-16,2022,Royal Challengers Bengaluru,Delhi Capitals,"Wankhede Stadium, Mumbai",1,1.5470547446238925,0.19999999999999996,0.04999999999999993,0.02718251913890879,0.0887976762287006,0.0,0.0,61,64,0.16666666666666663,0.0,17.901233396366933,-1,-0.06161515708979182,0.06844628059265423,-0.047533914774955166,-2.0,-0.05377032084648134
1304074,2022-04-17,2022,Punjab Kings,Sunrisers Hyderabad,"Dr DY Patil Sports Academy, Mumbai",0,11.096251865963268,0.0,0.10000000000000003,0.08087949765782843,0.071914386122367,0.0,0.33333333333333337,59,64,0.16666666666666663,4.0,-24.28948582151088,-2,0.008965111535461423,0.06567329693075585,-0.08712058684943957,2.0,0.03470583677060929
1304075,2022-04-17,2022,Chennai Super Kings,Gujarat Titans,"Maharashtra Cricket Association Stadium, Pune",0,-35.11378427843283,-0.6000000000000001,-0.20000000000000007,-0.05021878346469144,0.062206643273150064,0.0,-0.5,68,5,0.0,1.0,-38.284066693432806,0,-0.1124254267378415,0.004672943824333586,-0.007314915984125037,2.0,0.1751594103213992
1304076,2022-04-18,2022,Rajasthan Royals,Kolkata Knight Riders,"Brabourne Stadium, Mumbai",1,-12.695459192074395,0.19999999999999996,-0.15000000000000002,-0.014519274980309582,-0.023105266757788012,-0.2777777777777778,0.5,61,65,-0.16666666666666669,6.0,4.603147159586342,0,0.00858599177747843,0.0382112243778463,0.07583576611594389,1.0,-0.04985004428273876
1304077,2022-04-19,2022,Royal Challengers Bengaluru,Lucknow Super Giants,"Dr DY Patil Sports Academy, Mumbai",1,5.335274530422566,0.0,-0.06666666666666665,-0.07514720266572539,-0.022757688752210292,0.0,-0.6666666666666667,62,6,0.0,-2.0,0.8056640347613211,0,-0.052389513913515096,-0.014817257963334107,0.08308763345460157,0.0,0.00030838933176990935
1304078,2022-04-20,2022,Punjab Kings,Delhi Capitals,"Brabourne Stadium, Mumbai",0,-12.08206101438941,0.0,-0.10000000000000003,-0.06293157950296169,-0.005071057243142052,0.0714285714285714,-0.5,60,65,-0.16666666666666669,-6.0,19.80388120799489,0,-0.057860522259819636,-0.041022656758893605,0.026979979987210134,-1.0,-0.01962658835612152
1304079,2022-04-21,2022,Mumbai Indians,Chennai Super Kings,"Dr DY Patil Sports Academy, Mumbai",0,-27.261087254181803,-0.2,-0.20000000000000007,-0.06102574732474908,0.0799720588981232,0.19999999999999996,-0.5,63,69,0.16666666666666663,-6.0,-17.487757466854873,0,-0.14099780622287228,-0.09744805060762407,-0.11639436218099819,1.0,-0.14777056487105042
1304080,2022-04-22,2022,Rajasthan Royals,Delhi Capitals,"Wankhede Stadium, Mumbai",1,-9.797380816888563,0.19999999999999996,-0.10000000000000003,-0.029082315412817028,0.13409136287798185,-0.25,-0.07142857142857145,62,66,-0.16666666666666669,-0.8571428571428577,1.526167757977646,0,-0.16317367829079887,0.13185252737835929,0.026843479913194468,2.0,-0.056434559282082686
1304081,2022-04-23,2022,Gujarat Titans,Kolkata Knight Riders,"Dr DY Patil Sports Academy, Mumbai",1,43.17865972236382,0.4,0.2833333333333333,-0.10229829892950759,-0.12932274350766915,0.0,0.5,6,66,0.0,3.0,38.87637294123624,2,0.027024444578161555,-0.07511627348337369,0.15650476895380305,1.0,0.004440180330991028
1304082,2022-04-23,2022,Royal Challengers Bengaluru,Sunrisers Hyderabad,"Brabourne Stadium, Mumbai",0,33.84422859362758,0.0,0.25,0.03958102395325236,0.09072440718565944,-0.05555555555555558,-0.5,63,65,-0.16666666666666669,-6.0,-26.62534614538731,-2,-0.05114338323240708,0.13143817213780484,0.0011327409988930448,-2.0,-0.05437995205331448
1304083,2022-04-24,2022,Lucknow Super Giants,Mumbai Indians,"Wankhede Stadium, Mumbai",1,60.85501319138598,0.6,0.22142857142857142,0.019498975121800655,-0.153062280284469,0.5,-0.5,7,64,0.5,-6.0,34.655176382557556,0,0.17256125540626965,-0.10674716058658129,0.026816144576087053,2.0,0.024643802184664193
1304084,2022-04-25,2022,Punjab Kings,Chennai Super Kings,"Wankhede Stadium, Mumbai",1,-12.850738367732902,0.0,-0.15000000000000002,-0.008056798820802236,0.05130417904090234,-0.05555555555555558,-0.41666666666666663,61,70,0.16666666666666663,-5.0,-20.20683000090912,-1,-0.05936097786170458,-0.0651739627787078,-0.1084213429988079,1.0,0.026565422802473482
1304085,2022-04-26,2022,Rajasthan Royals,Royal Challengers Bengaluru,"Maharashtra Cricket Association Stadium, Pune",1,-10.196478313384432,0.0,-0.050000000000000044,0.20574526968333195,0.08132129994316473,-0.125,0.0,63,64,-0.5,0.0,24.41873987198369,2,0.12442396974016723,0.06889873576182959,-0.2181678338646671,1.0,-0.104109517926353
1304086,2022-04-27,2022,Sunrisers Hyderabad,Gujarat Titans,"Wankhede Stadium, Mumbai",0,-35.33095415826915,0.19999999999999996,-0.4571428571428571,0.04371251905097551,-0.19819763672416424,0.5,-0.5,66,7,0.5,-1.0,28.751481919012804,2,0.24191015577513975,0.08814574672584419,0.24263086439903292,0.0,-0.04234726018227729
1304087,2022-04-28,2022,Kolkata Knight Riders,Delhi Capitals,"Wankhede Stadium, Mumbai",0,-16.314066619729147,-0.2,0.0,-0.07497046081369585,0.12974424488756298,-0.05555555555555558,0.09999999999999998,67,67,0.16666666666666663,1.1999999999999993,-41.03014892890769,0,-0.20471470570125883,0.07185926461582293,0.0170854805419558,-1.0,-0.0307969682405283
1304088,2022-04-29,2022,Lucknow Super Giants,Punjab Kings,"Maharashtra Cricket Association Stadium, Pune",1,25.90716754199866,0.19999999999999996,0.175,0.03175304993547878,-0.20729648138876722,0.0,-0.5,8,62,0.0,-8.0,-3.6496471329596716,0,0.239049531324246,-0.12856385545973703,0.0469795759935514,1.0,-0.10501803568721046
1304089,2022-04-30,2022,Royal Challengers Bengaluru,Gujarat Titans,"Brabourne Stadium, Mumbai",0,-42.70879525462465,-0.4,-0.375,-0.2070835905078121,0.05021797643707959,0.0,-1.0,65,8,0.0,-8.0,-37.70149491031134,-4,-0.2573015669448917,-0.1529087120892474,0.003956901981485128,1.0,0.2018127272218892
1304090,2022-04-30,2022,Rajasthan Royals,Mumbai Indians,"Dr DY Patil Sports Academy, Mumbai",0,83.2752055837093,0.8,0.2,0.15692275968575298,-0.011906924685696652,0.16666666666666663,0.5,64,65,-0.16666666666666669,6.0,57.21434942348924,3,0.16882968437144963,0.03603154005473308,-0.10898429494532325,-2.0,0.08593565091912259
1304091,2022-05-01,2022,Lucknow Super Giants,Delhi Capitals,"Wankhede Stadium, Mumbai",1,14.896870140752526,0.0,0.11666666666666659,-0.19328237925631364,-0.11727997745294783,0.5,-0.16666666666666669,9,68,0.5,-3.0,17.46980626969321,1,-0.07600240180336582,-0.011750488373703849,0.2988118683355576,-1.0,-0.048552450223044524
1304092,2022-05-01,2022,Chennai Super Kings,Sunrisers Hyderabad,"Maharashtra Cricket Association Stadium, Pune",1,-18.69810161954183,-0.4,0.09999999999999998,-0.08534135487181804,0.169986056666118,0.19999999999999996,0.0,71,67,0.16666666666666663,0.0,-22.28163040016966,0,-0.25532741153793603,0.1567076562838181,0.07206295448951816,2.0,0.0756091881490381
1304093,2022-05-02,2022,Rajasthan Royals,Kolkata Knight Riders,"Wankhede Stadium, Mumbai",0,34.55271627017305,0.6,0.0,0.07864773281164039,-0.09587813870075124,-0.2,0.09999999999999998,65,68,0.16666666666666663,1.1999999999999993,58.31412673976797,0,0.17452587151239163,-0.06806854897997638,-0.05083814309086554,-2.0,0.09521485759982617
1304094,2022-05-03,2022,Gujarat Titans,Punjab Kings,"Dr DY Patil Sports Academy, Mumbai",0,82.14615906602694,0.6,0.43888888888888883,0.21100358203087577,-0.08310444497224556,0.5,0.16666666666666663,9,63,0.5,0.0,54.37749213987968,5,0.29410802700312133,0.009248573207363942,-0.11865056385126627,-1.0,-0.09983271246625683
1304095,2022-05-04,2022,Royal Challengers Bengaluru,Chennai Super Kings,"Maharashtra Cricket Association Stadium, Pune",1,9.978876800190164,-0.19999999999999996,0.0,-0.28380356146005536,-0.0717741771799627,-0.2777777777777778,0.0,66,72,-0.5,0.0,-20.587034012618915,-1,-0.21202938428009266,-0.24052556864205976,0.11505216999795831,1.0,0.1529993960386764
1304096,2022-05-05,2022,Delhi Capitals,Sunrisers Hyderabad,"Brabourne Stadium, Mumbai",1,10.422738441676984,-0.19999999999999996,0.09999999999999998,0.021220107528080456,0.07847109789176865,-0.05555555555555558,0.0,69,68,0.16666666666666663,0.0,-2.436307181439588,0,-0.05725099036368819,0.21051014458973816,0.11081893916988905,0.0,0.05981261078054703
1304097,2022-05-06,2022,Mumbai Indians,Gujarat Titans,"Brabourne Stadium, Mumbai",1,-99.69734018454415,-0.6000000000000001,-0.5,-0.03819650121316975,0.012533985499300737,0.0,-1.0,66,10,0.0,-10.0,-28.077115317912558,1,-0.05073048671247049,-0.06971711537607184,-0.04405459966220282,3.0,-0.005236628657996123
1304098,2022-05-07,2022,Punjab Kings,Rajasthan Royals,"Wankhede Stadium, Mumbai",0,-5.386288171126125,-0.19999999999999996,0.0,-0.21496237521793393,0.0006291010668284525,0.0,-0.0444444444444444,64,66,-0.16666666666666669,-0.5333333333333323,6.550782466494638,1,-0.21559147628476238,-0.14704235773531993,0.06729091641578555,-1.0,-0.0718033942512277
1304099,2022-05-07,2022,Lucknow Super Giants,Kolkata Knight Riders,"Maharashtra Cricket Association Stadium, Pune",1,48.85276801891018,0.6000000000000001,0.1499999999999999,0.058282646207091116,-0.10589103343361206,0.0,0.0,10,69,0.0,-2.0,34.91526951606352,2,0.16417367964070317,-0.011609632746437448,0.035998754480083495,1.0,-0.02817173637792439
1304100,2022-05-08,2022,Royal Challengers Bengaluru,Sunrisers Hyderabad,"Wankhede Stadium, Mumbai",1,31.76904970513715,0.0,0.09999999999999998,-0.31534097547698337,-0.00541651155203815,-0.09999999999999998,0.75,67,69,-0.16666666666666669,9.0,-2.075178888490427,1,-0.3099244639249452,-0.18936136673439607,0.13139612029462544,1.0,0.22457917543782394
1304101,2022-05-08,2022,Chennai Super Kings,Delhi Capitals,"Dr DY Patil Sports Academy, Mumbai",1,-27.458491978659822,-0.19999999999999996,-0.10000000000000003,-0.16752029585820183,0.019661609016297765,0.0,0.6666666666666666,73,70,-0.16666666666666669,8.0,0.29458064916502735,-1,-0.1871819048744996,0.01623264950566017,0.16409133634756423,1.0,-0.01290696643695799
1304102,2022-05-09,2022,Kolkata Knight Riders,Mumbai Indians,"Dr DY Patil Sports Academy, Mumbai",1,13.613392222007178,-0.2,0.15000000000000002,-0.026595658935008037,0.0031530485444790646,-0.16666666666666669,-0.3333333333333333,70,67,0.16666666666666663,-4.0,-23.568361744775757,-2,-0.029748707479487102,-0.09573325684949041,-0.07229064645896144,-1.0,0.022438794052058536
1304103,2022-05-10,2022,Gujarat Titans,Lucknow Super Giants,"Maharashtra Cricket Association Stadium, Pune",1,-5.561557362643043,-0.20000000000000007,0.0,-0.0009281025570206936,0.16455868326270817,0.5,0.0,11,11,0.5,0.0,-43.04750423171504,-4,-0.16548678581972887,0.12354385422377279,-0.04008672648191469,1.0,0.07656215367028144
1304104,2022-05-11,2022,Rajasthan Royals,Delhi Capitals,"Dr DY Patil Sports Academy, Mumbai",0,8.690888789261408,0.19999999999999996,0.0,-0.04296430134253315,-0.1796472484477496,-0.16666666666666669,0.3333333333333333,67,71,0.16666666666666663,4.0,-2.0755635256045935,1,0.13668294710521645,-0.1149468328241865,0.10766471696609625,1.0,0.025887979814356504
1304105,2022-05-12,2022,Chennai Super Kings,Mumbai Indians,"Wankhede Stadium, Mumbai",0,39.66805653336792,0.19999999999999996,0.15000000000000002,0.2166827669020066,0.02016974102099156,-0.2,0.5714285714285714,74,68,0.16666666666666663,6.857142857142857,-6.026968922670903,1,0.19651302588101505,0.12822310228927436,-0.10862940563372381,1.0,0.002232610315139494
1304106,2022-05-13,2022,Punjab Kings,Royal Challengers Bengaluru,"Brabourne Stadium, Mumbai",1,-38.208307680601365,0.0,-0.10000000000000003,0.0836297671786368,0.11095405428199823,-0.05555555555555558,0.3333333333333333,65,68,0.16666666666666663,4.0,3.8595482764010285,-2,-0.027324287103361433,-0.03223297326806329,-0.2268167947286983,1.0,-0.11003707075906072
1304107,2022-05-14,2022,Kolkata Knight Riders,Sunrisers Hyderabad,"Maharashtra Cricket Association Stadium, Pune",1,15.40336268997612,0.2,0.15000000000000002,-0.2001755926809885,-0.16593608088310452,0.05555555555555558,0.5,71,70,0.16666666666666663,6.0,40.77822279483621,1,-0.03423951179788398,-0.19301098120167426,0.17310069236241876,-1.0,-0.12272661600184964
1304108,2022-05-15,2022,Chennai Super Kings,Gujarat Titans,"Wankhede Stadium, Mumbai",0,-65.34798223991925,-0.19999999999999996,-0.3,0.040362466802930985,-0.05533338012428035,-0.5,-0.5,75,12,-0.5,-6.0,6.654241998847738,-1,0.09569584692721134,0.026472735498871858,0.041443648820221224,-2.0,0.06640262192484248
1304109,2022-05-15,2022,Rajasthan Royals,Lucknow Super Giants,"Brabourne Stadium, Mumbai",1,-35.13068100547321,-0.4,-0.16666666666666663,-0.005464072840878131,0.10586332733635095,0.5,0.0,68,12,0.5,0.0,-41.01857971221966,0,-0.11132740017722909,0.10948058648000458,0.00908133198453176,-1.0,-0.05915129091944743
1304110,2022-05-16,2022,Delhi Capitals,Punjab Kings,"Dr DY Patil Sports Academy, Mumbai",1,15.540144758910174,0.0,0.0,-0.01421656185351683,0.10324995139549831,0.0,-0.3333333333333333,72,66,0.5,-4.0,-4.725863377412452,0,-0.11746651324901514,0.09235057639375466,0.0033171868517731795,2.0,-0.018223685976924725
1304111,2022-05-17,2022,Sunrisers Hyderabad,Mumbai Indians,"Wankhede Stadium, Mumbai",1,-3.2669684237255296,-0.6,0.0,0.13226508849139562,0.30380429954107835,-0.07142857142857145,-0.5,71,69,-0.16666666666666669,-6.0,-65.55653693822478,-1,-0.17153921104968273,0.07005266952379396,-0.36601671850868,-2.0,0.08736656816044475
1304112,2022-05-18,2022,Lucknow Super Giants,Kolkata Knight Riders,"Dr DY Patil Sports Academy, Mumbai",1,25.725872127972025,0.0,0.06538461538461537,0.006319868900717118,0.06296735998815528,0.5,0.3333333333333333,13,72,0.5,4.0,-24.546641055390637,-2,-0.05664749108743816,0.06655612500009522,-0.0027311038887771755,-1.0,0.09930155004564474
1304113,2022-05-19,2022,Gujarat Titans,Royal Challengers Bengaluru,"Wankhede Stadium, Mumbai",0,45.74341471150706,0.19999999999999996,0.21923076923076923,-0.03499836608380247,-0.07610281828753873,0.5,0.19999999999999996,13,69,0.5,2.3999999999999986,-5.742277075307811,2,0.041104452203736264,-0.08141663922745224,0.029684545143888963,-2.0,-0.05875297463810705
1304114,2022-05-20,2022,Chennai Super Kings,Rajasthan Royals,"Brabourne Stadium, Mumbai",0,-34.60745126181405,0.0,-0.09999999999999998,-0.02805381892375114,-0.08897707995240345,0.0,-1.0,76,69,-0.16666666666666669,-12.0,-17.813353109683703,-1,0.06092326102865231,-0.02278513701587004,0.09424576186028455,0.0,0.1517780300331501
1304115,2022-05-21,2022,Delhi Capitals,Mumbai Indians,"Wankhede Stadium, Mumbai",0,64.30952687529884,0.0,0.2,0.11675580244036654,0.09928707625568722,0.0,0.09523809523809523,73,70,0.5,1.1428571428571423,14.486860455744136,2,0.017468726184679317,0.10060107578045718,-0.11544180291559658,1.0,0.024499710943559266
1304116,2022-05-22,2022,Sunrisers Hyderabad,Punjab Kings,"Wankhede Stadium, Mumbai",0,-12.742260825702942,-0.2,-0.04999999999999999,-0.027556266556421072,0.2524163154168908,0.05555555555555558,0.0,72,67,0.16666666666666663,0.0,-22.269745088552554,1,-0.2799725819733119,0.044033183568104706,-0.18082686529236502,-1.0,0.007757547735793929
1312197,2022-05-24,2022,Rajasthan Royals,Gujarat Titans,"Eden Gardens, Kolkata",0,-26.70629398227402,0.19999999999999996,-0.2142857142857143,0.09855725706379914,0.0341196200172591,-0.5,0.0,70,14,-0.5,0.0,25.411051719604984,2,0.06443763704654004,0.06644372122723552,-0.06623315585382272,-1.0,-0.0025534981726504646
1312198,2022-05-25,2022,Royal Challengers Bengaluru,Lucknow Super Giants,"Eden Gardens, Kolkata",1,-9.787990073069295,0.0,-0.04285714285714293,0.034166943027950314,-0.007092231405578575,0.5,0.0,70,14,0.5,0.0,22.31852435893302,0,0.04125917443352889,0.013886304842956942,-0.013188406779414796,-1.0,-0.1530041807233772
1312199,2022-05-27,2022,Royal Challengers Bengaluru,Rajasthan Royals,"Narendra Modi Stadium, Ahmedabad",0,23.09545955798899,0.20000000000000007,0.09999999999999998,0.04812746918355604,0.027198928510711262,0.05555555555555558,0.0,71,71,0.16666666666666663,0.0,19.05155837295547,2,0.020928540672844775,0.0863831934567787,0.011056795762511396,-1.0,0.03144528414610534
1312200,2022-05-29,2022,Rajasthan Royals,Gujarat Titans,"Narendra Modi Stadium, Ahmedabad",0,-34.50821341063147,0.0,-0.18333333333333324,0.0603168279396864,0.037512394381433944,-0.5,0.5,72,15,-0.5,6.0,5.22097104965178,0,0.022804433558252457,0.10603487362054964,0.008205651299429295,-3.0,-0.04863865747254019
1359475,2023-03-31,2023,Chennai Super Kings,Gujarat Titans,"Narendra Modi Stadium, Ahmedabad",0,-48.78550559127325,-0.6000000000000001,-0.4,-0.05166921545230885,-0.025829874958636534,-0.5,-0.5,77,16,-0.5,-6.0,13.566677564863085,-2,-0.025839340493672314,0.01168287298922599,0.08918196340017137,9.0,0.07313672765747425
1359476,2023-04-01,2023,Punjab Kings,Kolkata Knight Riders,"Punjab Cricket Association IS Bindra Stadium, Mohali, Chandigarh",1,3.606673676088576,0.0,0.0,0.13005400433901948,-0.0032907926314187375,-0.16666666666666669,0.0,68,73,-0.16666666666666669,0.0,-2.3353874449692285,1,0.13334479697043822,0.19451340591705524,0.0677501942094545,-4.0,0.03946597108731428
1359477,2023-04-01,2023,Lucknow Super Giants,Delhi Capitals,"Bharat Ratna Shri Atal Bihari Vajpayee Ekana Cricket Stadium, Lucknow",1,6.785018392575239,-0.19999999999999996,0.14999999999999997,0.02895149223568172,0.037999363136214326,0.5,0.0,15,74,0.5,0.0,-26.786459675281094,0,-0.009047870900532606,-0.0020670989809445928,-0.06901795435284064,-4.0,0.07925882353427552
1359478,2023-04-02,2023,Rajasthan Royals,Sunrisers Hyderabad,"Rajiv Gandhi International Stadium, Uppal, Hyderabad",1,24.04767214939784,0.39999999999999997,0.15000000000000002,0.08154295217342011,-0.26759112972457433,-0.05555555555555558,0.0,73,73,0.16666666666666663,0.0,-22.53044688674504,0,0.34913408189799444,-0.19134407355641025,-0.00529589600525604,-7.0,-0.06142878927210488
1359479,2023-04-02,2023,Mumbai Indians,Royal Challengers Bengaluru,"M Chinnaswamy Stadium, Bengaluru",0,-27.165427764983406,0.0,-0.20000000000000007,-0.14363795696042292,-0.12319762044784932,0.0,0.0,71,72,-0.5,0.0,29.111397213013788,1,-0.020440336512573598,-0.13839671977808665,0.1284388576301856,6.0,-0.0010334393458887592
1359480,2023-04-03,2023,Chennai Super Kings,Lucknow Super Giants,"MA Chidambaram Stadium, Chepauk, Chennai",1,-46.264314831545335,-0.2,-0.325,-0.13019745694373253,-0.1891475905325597,-0.5,0.0,78,16,-0.5,0.0,-6.682607176326883,-1,0.05895013358882717,-0.15000634407412106,0.16933870340217116,1.0,-0.025863125840316886
1359481,2023-04-04,2023,Delhi Capitals,Gujarat Titans,"Arun Jaitley Stadium, Delhi",0,-46.12567476246045,-0.4,-0.3147058823529411,-0.11193980336458598,0.061264931591680005,-0.5,0.0,75,17,-0.5,0.0,-11.213766359656802,-3,-0.17320473495626598,-0.08231568937122802,-0.031640817598322046,-1.0,-0.03964168487311508
1359482,2023-04-05,2023,Punjab Kings,Rajasthan Royals,"Barsapara Cricket Stadium, Guwahati",1,-7.455889351939959,0.0,0.0,0.1099840571833921,0.11714636070538176,-0.05555555555555558,0.0,69,74,-0.16666666666666669,0.0,7.057028428693229,1,-0.007162303521989655,0.2622755963520067,0.03514517846323284,1.0,0.002695207771181124
1359483,2023-04-06,2023,Kolkata Knight Riders,Royal Challengers Bengaluru,"Eden Gardens, Kolkata",1,-36.15468361592457,-0.19999999999999996,-0.050000000000000044,-0.06296799482624671,-0.11334851008783287,0.0,-0.5,74,73,0.16666666666666663,-6.0,-1.3989556037288366,-1,0.050380515261586156,-0.07997735018862073,0.09633915472545884,1.0,-0.030873318010240236
1359484,2023-04-07,2023,Sunrisers Hyderabad,Lucknow Super Giants,"Bharat Ratna Shri Atal Bihari Vajpayee Ekana Cricket Stadium, Lucknow",0,-37.170795018987064,-0.2,-0.18823529411764706,-0.31581111897049685,0.020715582596047666,-0.5,-0.5,74,17,-0.5,-6.0,32.333231582459575,0,-0.3365267015665445,-0.3462756637127675,-0.05118012733831834,1.0,0.03791013671117882
1359485,2023-04-08,2023,Rajasthan Royals,Delhi Capitals,"Barsapara Cricket Stadium, Guwahati",1,19.03107684424026,0.0,0.15000000000000002,0.17251503537439183,-0.03616759630596711,-0.2,-0.5,75,76,-0.16666666666666669,-6.0,18.947557171817607,0,0.20868263168035894,0.10554673878364906,-0.03080070028477566,-1.0,0.10477303255320632
1359486,2023-04-08,2023,Mumbai Indians,Chennai Super Kings,"Wankhede Stadium, Mumbai",0,-11.19356412631555,0.2,0.0,-0.028897269720453034,0.04616236081390257,0.19999999999999996,0.05555555555555558,72,79,-0.16666666666666669,0.666666666666667,-1.9401177220938735,-1,-0.0750596305343556,-0.04211719673903902,-0.059382287832488556,1.0,-0.13916956999584168
1359487,2023-04-09,2023,Gujarat Titans,Kolkata Knight Riders,"Narendra Modi Stadium, Ahmedabad",0,54.05839447466292,0.20000000000000007,0.2777777777777778,-0.07900789897846949,0.0658438126386256,0.5,0.5,18,75,0.5,6.0,-3.498551426378981,3,-0.1448517116170951,0.10229408666121276,0.11545817300105665,2.0,0.0013768211078323267
1359488,2023-04-09,2023,Punjab Kings,Sunrisers Hyderabad,"Rajiv Gandhi International Stadium, Uppal, Hyderabad",0,54.35846047480504,0.6000000000000001,0.20000000000000007,0.3538438673428168,-0.1359107510162545,0.0,0.5,70,75,0.16666666666666663,6.0,41.6161996491021,3,0.4897546183590713,0.030156699685426336,-0.18777641664113598,2.0,-0.006697241246845037
1359489,2023-04-10,2023,Royal Challengers Bengaluru,Lucknow Super Giants,"M Chinnaswamy Stadium, Bengaluru",0,-9.17655909594555,0.0,-0.061111111111111116,-0.06431196776566983,0.01562648345834239,0.5,0.5,74,18,0.5,6.0,-19.95186200918306,-1,-0.07993845122401222,0.007153874578149422,0.055839358885476864,1.0,0.06575425921501468
1359490,2023-04-11,2023,Delhi Capitals,Mumbai Indians,"Arun Jaitley Stadium, Delhi",0,11.284613314434182,-0.2,0.0,-0.07960790223005754,0.047572159306786155,-0.09999999999999998,-1.0,77,73,0.16666666666666663,-12.0,-41.19478972363231,0,-0.1271800615368437,-0.1449450195703177,-0.11290927664704631,0.0,-0.04123802967023993
1359491,2023-04-12,2023,Rajasthan Royals,Chennai Super Kings,"MA Chidambaram Stadium, Chepauk, Chennai",1,18.671834031523076,0.19999999999999996,0.19999999999999996,0.09707189343063916,-0.10613427543425935,0.05555555555555558,-0.5,76,80,0.16666666666666663,-6.0,-26.37090975143701,-1,0.2032061688648985,0.14420980946485695,0.15327219146847715,0.0,-0.03084644507556586
1359492,2023-04-13,2023,Punjab Kings,Gujarat Titans,"Punjab Cricket Association IS Bindra Stadium, Mohali, Chandigarh",0,-31.4900705065304,-0.20000000000000007,-0.1868421052631578,-0.032252732391969685,-0.009290422305766155,0.0,0.5,71,19,0.0,6.0,37.12445516789876,0,-0.02296231008620353,0.009114356144113822,0.05065751084184966,0.0,0.08405545141724768
1359493,2023-04-14,2023,Sunrisers Hyderabad,Kolkata Knight Riders,"Eden Gardens, Kolkata",1,-31.773277080717662,-0.19999999999999996,-0.09999999999999998,-0.3040849239562402,0.036224045982819364,-0.09999999999999998,-0.5,76,76,-0.16666666666666669,-6.0,-6.977538408942792,-1,-0.34030896993905957,-0.1581472236163186,0.10971365435710223,0.0,0.10131897686608886
1359494,2023-04-15,2023,Royal Challengers Bengaluru,Delhi Capitals,"M Chinnaswamy Stadium, Bengaluru",1,33.550029241316,0.4,0.15000000000000002,0.2509964691246076,0.03616434873636565,0.05555555555555558,0.0,75,78,0.5,0.0,16.069870333207746,0,0.21483212038824195,0.019152327740135977,-0.2680084901208373,1.0,0.1383106361850779
1359495,2023-04-15,2023,Lucknow Super Giants,Punjab Kings,"Bharat Ratna Shri Atal Bihari Vajpayee Ekana Cricket Stadium, Lucknow",0,31.064713558572066,0.0,0.13157894736842102,0.06525463806052056,0.0521252727447159,0.5,0.5,19,72,0.5,6.0,17.688374286163935,2,0.013129365315804664,0.09518494939324529,-0.022194961411991176,3.0,-0.08795151759718814
1359496,2023-04-16,2023,Kolkata Knight Riders,Mumbai Indians,"Wankhede Stadium, Mumbai",0,20.47180512255113,0.0,0.10000000000000003,0.23658674990183082,0.11138866012823723,-0.09999999999999998,0.09999999999999998,77,74,0.5,1.1999999999999993,-6.180896943385733,-1,0.1251980897735936,0.14482636046815878,-0.20314904956190927,-3.0,-0.0034613082160938613
1359497,2023-04-16,2023,Gujarat Titans,Rajasthan Royals,"Narendra Modi Stadium, Ahmedabad",0,23.091620498969633,0.20000000000000007,0.15000000000000002,-0.05807855299861453,0.09756411064923642,0.5,0.16666666666666663,20,77,0.5,2.0,-3.1725132008234596,-1,-0.15564266364785095,0.15100841839748758,0.11152286074686568,-1.0,-0.057649063664143685
1359498,2023-04-17,2023,Chennai Super Kings,Royal Challengers Bengaluru,"M Chinnaswamy Stadium, Bengaluru",1,-22.46096687616955,0.0,-0.15000000000000002,-0.002957797479944402,-0.07417984494781571,0.19999999999999996,-0.16666666666666663,81,76,0.16666666666666663,-2.0,5.449384922288118,-1,0.07122204746787131,-0.01650146411875575,0.06063617830900436,3.0,-0.04725103115909193
1359499,2023-04-18,2023,Mumbai Indians,Sunrisers Hyderabad,"Rajiv Gandhi International Stadium, Uppal, Hyderabad",1,0.06608190659176216,0.19999999999999996,-0.04999999999999999,0.11277488541644165,-0.0391050138033644,0.0,0.0,75,77,0.16666666666666663,0.0,-2.205142384800183,0,0.15187989921980605,-0.06215119187500395,-0.1358210634880812,-2.0,-0.12755533115005915
1359500,2023-04-19,2023,Lucknow Super Giants,Rajasthan Royals,"Sawai Mansingh Stadium, Jaipur",1,-17.08136237926351,-0.20000000000000007,0.0,-0.0997402397905558,0.08481695171333348,-0.5,0.0,20,78,-0.5,0.0,-22.910353278810817,-3,-0.18455719150388927,0.1459842545681076,0.16090754264532992,1.0,0.06772309548693718
1359501,2023-04-20,2023,Royal Challengers Bengaluru,Punjab Kings,"Punjab Cricket Association IS Bindra Stadium, Mohali, Chandigarh",1,-10.083699043366778,-0.19999999999999996,0.0,0.1850247804913081,0.12092704179169766,0.0,0.0,77,73,-0.16666666666666669,0.0,-22.839318351845122,-1,0.06409773869961044,0.1428537120029818,-0.16309811028002397,-2.0,0.05263295965920789
1359502,2023-04-20,2023,Kolkata Knight Riders,Delhi Capitals,"Arun Jaitley Stadium, Delhi",0,28.28535593761262,0.4,0.050000000000000044,0.32618199346320575,0.08177217246412072,-0.09999999999999998,0.5,78,79,-0.16666666666666669,6.0,38.574809514454955,0,0.24440982099908504,0.07969120909817451,-0.32826295682915196,-1.0,-0.015785016850079756
1359503,2023-04-21,2023,Sunrisers Hyderabad,Chennai Super Kings,"MA Chidambaram Stadium, Chepauk, Chennai",0,-20.882866742971828,-0.19999999999999996,0.0,-0.22834302255416605,-0.0267021356611139,-0.2,-0.25,78,82,-0.16666666666666669,-3.0,-18.652607465177653,-1,-0.20164088689305215,-0.15042524542013624,0.10461991279514371,-1.0,0.1042316369420587
1359504,2023-04-22,2023,Gujarat Titans,Lucknow Super Giants,"Bharat Ratna Shri Atal Bihari Vajpayee Ekana Cricket Stadium, Lucknow",1,8.35443076473257,0.0,0.04999999999999993,0.06136514743593713,0.0422224674191769,0.5,-0.16666666666666663,21,21,0.5,-2.0,-22.70053210598917,-1,0.019142680016760227,0.05902925220486632,-0.04455836265024771,3.0,-0.06222132750956322
1359505,2023-04-22,2023,Punjab Kings,Mumbai Indians,"Wankhede Stadium, Mumbai",1,1.7839450567651056,-0.19999999999999996,0.09999999999999998,-0.14825530779310547,-0.08210162832475643,-0.125,-0.07142857142857145,74,76,0.16666666666666663,-0.8571428571428577,-41.279839368960666,-3,-0.06615367946834905,-0.15733241115922048,0.07302452495864142,-2.0,-0.02359367615733074
1359506,2023-04-23,2023,Royal Challengers Bengaluru,Rajasthan Royals,"M Chinnaswamy Stadium, Bengaluru",1,-15.664900287914634,-0.19999999999999996,-0.04999999999999993,0.03796407083225306,0.17533671801949624,0.0,0.0,78,79,-0.16666666666666669,0.0,-20.142319618116744,1,-0.13737264718724318,0.14052551295149485,-0.07277527590025445,-1.0,0.06344494358201108
1359507,2023-04-23,2023,Chennai Super Kings,Kolkata Knight Riders,"Eden Gardens, Kolkata",1,31.735961280738593,0.4,0.0,0.04734818930635054,-0.06411879298700995,0.19999999999999996,0.0,83,79,0.16666666666666663,0.0,41.029427899038865,2,0.1114669822933605,0.04470120413269729,0.061471807813356705,-1.0,-0.02740911232961951
1359508,2023-04-24,2023,Delhi Capitals,Sunrisers Hyderabad,"Rajiv Gandhi International Stadium, Uppal, Hyderabad",1,1.285528852860125,-0.2,0.0,-0.12055808751627284,0.002302018552957641,0.0,0.16666666666666669,80,79,0.5,2.0,-21.06861451023542,1,-0.12286010606923048,-0.14618726024693185,-0.027931191283616652,1.0,-0.15648043124081257
1359509,2023-04-25,2023,Gujarat Titans,Mumbai Indians,"Narendra Modi Stadium, Ahmedabad",1,59.90924779893271,0.0,0.35,-0.14362882393135568,-0.10957238300451877,-0.5,0.0,22,77,-0.5,0.0,-24.314112171175793,1,-0.034056440926836906,-0.08348162585736074,0.1697195810785137,0.0,-0.0022785612873554573
1359510,2023-04-26,2023,Kolkata Knight Riders,Royal Challengers Bengaluru,"M Chinnaswamy Stadium, Bengaluru",1,-53.335918789558036,-0.39999999999999997,-0.20000000000000007,-0.12422214619979943,0.12361152855465352,0.0,-0.09999999999999998,80,79,0.16666666666666663,-1.1999999999999993,-60.534415090420225,-2,-0.24783367475445295,-0.05914971244532241,-0.058539094800176494,0.0,0.1037192257328777
1359511,2023-04-27,2023,Rajasthan Royals,Chennai Super Kings,"Sawai Mansingh Stadium, Jaipur",1,-1.8144710260319243,-0.20000000000000007,0.10000000000000003,-0.11191548087623815,-0.04996971888685264,0.09999999999999998,-0.5,80,84,0.5,-6.0,-20.486305057555,-3,-0.061945761989385506,0.0421168325937189,0.2040020323568097,0.0,-0.11894114637689412
1359512,2023-04-28,2023,Lucknow Super Giants,Punjab Kings,"Punjab Cricket Association IS Bindra Stadium, Mohali, Chandigarh",1,10.354390231497291,0.19999999999999996,0.09999999999999998,-0.03107272818612561,-0.13714981851679897,0.0,0.16666666666666669,22,75,0.0,2.0,-1.8782678862696685,-1,0.10607709033067336,-0.10438605404927959,0.063836492653645,0.0,0.012732370087024575
1359513,2023-04-29,2023,Kolkata Knight Riders,Gujarat Titans,"Eden Gardens, Kolkata",0,-77.33477552357294,-0.39999999999999997,-0.29999999999999993,-0.008635534491320707,0.24466667964955358,0.0,-0.6666666666666667,81,23,0.0,-8.0,-35.451394037182354,-1,-0.2533022141408743,0.07313729236478461,-0.16289385279344826,-1.0,0.032528397225315475
1359514,2023-04-29,2023,Sunrisers Hyderabad,Delhi Capitals,"Arun Jaitley Stadium, Delhi",1,-21.211528201228475,0.0,0.0,0.16982718384468365,0.041261341735640666,-0.09999999999999998,-0.3333333333333333,80,81,-0.5,-4.0,-19.86209354763332,-2,0.12856584210904298,0.057186413848243856,-0.15390211173208046,0.0,0.1323918954400155
1359515,2023-04-30,2023,Chennai Super Kings,Punjab Kings,"MA Chidambaram Stadium, Chepauk, Chennai",0,7.22659322579716,0.19999999999999996,-0.04999999999999999,0.12665452861117465,-0.059762740570018735,0.0,0.16666666666666663,85,76,-0.5,2.0,18.233940380818694,0,0.1864172691811934,0.021707488403172492,-0.04518429963798343,1.0,0.08945950530534577
1359516,2023-04-30,2023,Rajasthan Royals,Mumbai Indians,"Wankhede Stadium, Mumbai",0,45.788321752788534,0.0,0.25,-0.08770470687014131,-0.11757899657440674,0.09999999999999998,0.07142857142857145,81,78,-0.16666666666666669,0.8571428571428577,-2.5713609993947557,1,0.029874289704265422,-0.07977047095360601,0.12551323249094204,-2.0,-0.009131722159815614
1359517,2023-05-01,2023,Royal Challengers Bengaluru,Lucknow Super Giants,"Bharat Ratna Shri Atal Bihari Vajpayee Ekana Cricket Stadium, Lucknow",1,-20.581124940289783,0.0,-0.09999999999999998,0.06234122388381702,0.09955547700342682,0.16666666666666663,0.0,80,23,0.16666666666666663,0.0,-0.9700311028657325,-1,-0.0372142531196098,0.12636760797729063,-0.03552909290995321,2.0,-0.21649920569395759
1359518,2023-05-02,2023,Delhi Capitals,Gujarat Titans,"Narendra Modi Stadium, Ahmedabad",1,-94.88650248634326,-0.4,-0.35,-0.14955448375889824,-0.002956989125663556,-0.5,0.06666666666666665,82,24,-0.5,0.8000000000000007,-14.070446319513167,-3,-0.14659749463323468,-0.01624031686519789,0.1362711560193639,0.0,-0.03923425754393842
1359520,2023-05-03,2023,Punjab Kings,Mumbai Indians,"Punjab Cricket Association IS Bindra Stadium, Mohali, Chandigarh",0,19.169402680899793,0.0,0.09999999999999998,-0.07964084211489175,0.022402641825179703,-0.05555555555555558,-0.25,77,79,0.16666666666666663,-3.0,-2.9027911098237382,0,-0.10204348394007146,-0.05429080121789909,0.0029473990718129617,0.0,-0.023727737263073784
1359521,2023-05-04,2023,Kolkata Knight Riders,Sunrisers Hyderabad,"Rajiv Gandhi International Stadium, Uppal, Hyderabad",1,1.9233913551131536,-0.2,-0.10000000000000003,-0.004233610381368047,0.13048106733995146,0.09999999999999998,0.25,82,81,-0.16666666666666669,3.0,2.5625942386202496,-1,-0.1347146777213195,-0.04132663664843905,-0.16757409360702247,0.0,-0.0424376874339992
1359522,2023-05-05,2023,Rajasthan Royals,Gujarat Titans,"Sawai Mansingh Stadium, Jaipur",0,-37.16141991463337,-0.19999999999999996,-0.1499999999999999,0.10045900348860859,0.19680054511058387,-0.25,0.0,82,25,-0.16666666666666669,0.0,-35.39710613367174,0,-0.09634154162197528,0.20409442716709347,-0.09316512143209899,2.0,-0.10032049591243697
1359523,2023-05-06,2023,Mumbai Indians,Chennai Super Kings,"MA Chidambaram Stadium, Chepauk, Chennai",0,4.57112083727111,0.0,0.0,0.024411912422882986,0.09498747703211219,0.09999999999999998,-0.09999999999999998,80,86,-0.16666666666666669,-1.1999999999999993,5.391709653931002,2,-0.0705755646092292,0.10615440736282844,-0.013244982092166735,-3.0,-0.047112762815283926
1359524,2023-05-06,2023,Royal Challengers Bengaluru,Delhi Capitals,"Arun Jaitley Stadium, Delhi",0,37.95766493379142,0.0,0.10000000000000003,0.22087486689057378,0.19778400418823394,0.09999999999999998,0.25,81,83,0.5,3.0,-3.0214705412768126,0,0.023090862702339843,0.2218432578184113,-0.19681561326039643,1.0,0.052361714088095784
1359525,2023-05-07,2023,Gujarat Titans,Lucknow Super Giants,"Narendra Modi Stadium, Ahmedabad",1,41.13530299459012,0.4,0.1499999999999999,0.08135283792694104,-0.07313885360313765,0.5,0.0,26,24,0.5,0.0,12.530040346443457,1,0.1544916915300787,0.12471831908976383,0.11650433476596045,-4.0,-0.11770374994210131
1359526,2023-05-07,2023,Rajasthan Royals,Sunrisers Hyderabad,"Sawai Mansingh Stadium, Jaipur",0,46.06214461183458,0.0,0.09999999999999998,0.08137916611306828,0.08740249105587283,0.0,-0.16666666666666669,83,82,0.16666666666666663,-2.0,-1.9455810639869924,0,-0.006023324942804553,0.00047462409796561467,-0.1683070330709755,-1.0,0.07276258362855845
1359527,2023-05-08,2023,Punjab Kings,Kolkata Knight Riders,"Eden Gardens, Kolkata",0,18.634473473364324,0.0,0.15000000000000002,0.20320221384049697,0.21976339085849617,-0.09999999999999998,0.25,78,83,0.16666666666666663,3.0,-4.6651784999808115,-1,-0.016561177017999196,0.09149042926986262,-0.3314751754291305,1.0,-0.0845460559875208
1359528,2023-05-09,2023,Royal Challengers Bengaluru,Mumbai Indians,"Wankhede Stadium, Mumbai",0,17.22270599382591,0.19999999999999996,0.04999999999999999,-0.14582475400834238,-0.16135971310638397,0.05555555555555558,0.33333333333333337,82,81,0.5,4.0,-5.0064958528164425,0,0.01553495909804159,-0.19810884289429853,0.10907562422042782,0.0,-0.10224176885850333
1359529,2023-05-10,2023,Chennai Super Kings,Delhi Capitals,"MA Chidambaram Stadium, Chepauk, Chennai",1,14.250590940230495,-0.20000000000000007,0.04999999999999999,0.15331344272877012,0.1648493720514117,0.0,-0.4,87,84,0.16666666666666663,-4.800000000000001,-24.14607804487855,-1,-0.01153592932264158,0.2629053357788822,-0.055257479001299625,0.0,-0.05452902782484381
1359530,2023-05-11,2023,Kolkata Knight Riders,Rajasthan Royals,"Eden Gardens, Kolkata",0,-2.3955801754261756,0.39999999999999997,-0.04999999999999999,-0.018254575318012112,-0.007951590547135234,0.19999999999999996,0.4,84,84,0.16666666666666663,4.800000000000001,45.70410529718583,2,-0.010302984770876877,-0.09166976734589127,-0.06546360148074393,-1.0,-0.15869110697146604
1359531,2023-05-12,2023,Mumbai Indians,Gujarat Titans,"Wankhede Stadium, Mumbai",1,-67.17018489496422,-0.20000000000000007,-0.19999999999999996,0.06466184171812306,0.33223841899343376,0.0,-0.19444444444444442,82,27,0.0,-2.333333333333333,9.324187346466033,-1,-0.2675765772753107,0.3386892623449089,-0.05821099836664789,-2.0,0.03314472605382718
1359532,2023-05-13,2023,Sunrisers Hyderabad,Lucknow Super Giants,"Rajiv Gandhi International Stadium, Uppal, Hyderabad",0,-39.81760480954404,0.0,-0.15000000000000002,0.049889666445545044,0.0588612773348427,-0.5,-0.3,83,25,-0.5,-3.5999999999999996,21.49091482549784,1,-0.008971610889297654,0.017195873050474653,-0.09155507072991309,0.0,-0.13958238446960847
1359533,2023-05-13,2023,Punjab Kings,Delhi Capitals,"Arun Jaitley Stadium, Delhi",1,5.811428776567936,-0.19999999999999996,0.0,0.24545562855588554,0.428579645340319,-0.05555555555555558,0.09999999999999998,79,85,-0.5,1.1999999999999993,-24.134585612010824,0,-0.18312401678443346,0.30593881213365215,-0.3680964617625524,2.0,-0.19868852525069763
1359534,2023-05-14,2023,Royal Challengers Bengaluru,Rajasthan Royals,"Sawai Mansingh Stadium, Jaipur",1,-5.699186082486676,0.0,-0.04999999999999999,-0.14673643510822698,0.02334166335246768,0.09999999999999998,0.25,83,85,-0.16666666666666669,3.0,-0.8831952000195997,-1,-0.17007809846069466,-0.08462882483370282,0.03876594692205648,2.0,-0.07680273949331831
1359535,2023-05-14,2023,Chennai Super Kings,Kolkata Knight Riders,"MA Chidambaram Stadium, Chepauk, Chennai",0,35.11315702681168,0.0,0.09999999999999998,0.06930579722777885,-0.14690494301683055,0.19999999999999996,0.3333333333333333,88,85,0.16666666666666663,4.0,-3.277814834738365,2,0.2162107402446094,-0.04268234264731374,0.03491680314173795,1.0,0.10981498343860291
1359536,2023-05-15,2023,Gujarat Titans,Sunrisers Hyderabad,"Narendra Modi Stadium, Ahmedabad",1,95.54533966609574,0.19999999999999996,0.30000000000000004,0.04956314975780196,-0.11649884126888144,0.0,0.0714285714285714,28,84,0.0,0.8571428571428568,-9.942931562516833,0,0.1660619910266834,0.02480402113711566,0.09173971264819514,1.0,0.06723560496623454
1359537,2023-05-16,2023,Lucknow Super Giants,Mumbai Indians,"Bharat Ratna Shri Atal Bihari Vajpayee Ekana Cricket Stadium, Lucknow",1,5.341185009582205,-0.4,0.0,-0.31977593677081173,-0.13944423149079777,0.5,-0.09999999999999998,26,83,0.5,-1.1999999999999993,-23.676704714140442,-1,-0.18033170528001397,-0.18060053519854757,0.2786196330630619,-1.0,0.1110235557684795
1359538,2023-05-17,2023,Delhi Capitals,Punjab Kings,"Himachal Pradesh Cricket Association Stadium, Dharamsala",1,-25.476927239892575,0.0,-0.09999999999999998,-0.1935431263472096,-0.2863427434372334,0.0,0.0,86,80,0.16666666666666663,0.0,5.3767817137338625,-1,0.09279961709002382,-0.2792837223954896,0.20060214738895343,0.0,0.1689984795173382
1359539,2023-05-18,2023,Sunrisers Hyderabad,Royal Challengers Bengaluru,"Rajiv Gandhi International Stadium, Uppal, Hyderabad",0,-53.99812875285693,0.0,-0.2,0.06739495138812579,0.1007202228520876,0.0,-0.33333333333333337,85,84,0.16666666666666663,-4.0,-13.975015436889862,-1,-0.0333252714639618,0.04018134216528568,-0.1279338320749277,-1.0,-0.01756404410668036
1359540,2023-05-19,2023,Punjab Kings,Rajasthan Royals,"Himachal Pradesh Cricket Association Stadium, Dharamsala",0,-5.499019722007915,0.2,0.0,0.10440326801477084,0.050226817074641605,0.0,-0.5,81,86,-0.16666666666666669,-6.0,-1.5007337618856127,0,0.05417645094012924,0.02742817213913984,-0.1272019129502726,-3.0,-0.24206215806986967
1359541,2023-05-20,2023,Chennai Super Kings,Delhi Capitals,"Arun Jaitley Stadium, Delhi",1,21.524285458808208,-0.19999999999999996,0.04999999999999999,-0.018566250526976136,0.01794490160198814,0.09999999999999998,0.16666666666666669,89,87,0.5,2.0,-3.89089714524016,-1,-0.036511152128964275,0.009673231483668276,0.010294580408656273,3.0,-0.1881922530830782
1359542,2023-05-20,2023,Lucknow Super Giants,Kolkata Knight Riders,"Eden Gardens, Kolkata",1,36.41623232817733,0.0,0.14999999999999997,0.08351154214734469,-0.02713949614702771,0.5,-0.3333333333333333,27,86,0.5,-4.0,-22.264614572966366,1,0.1106510382943724,-0.036281432404046576,-0.09265347840436355,-2.0,0.255631916075831
1359543,2023-05-21,2023,Sunrisers Hyderabad,Mumbai Indians,"Wankhede Stadium, Mumbai",0,-58.123512641559046,-0.39999999999999997,-0.30000000000000004,-0.15463757189298133,0.011715296232159833,-0.05555555555555558,-0.35,86,84,-0.16666666666666669,-4.199999999999999,-15.743407511891292,0,-0.16635286812514116,-0.05764979322412955,0.08527248243669194,-2.0,-0.1369669059757123
1359544,2023-05-21,2023,Royal Challengers Bengaluru,Gujarat Titans,"M Chinnaswamy Stadium, Bengaluru",0,-47.72355463404256,0.0,-0.09999999999999998,-0.047833368724846226,0.09616900006027995,0.0,0.0,85,29,0.0,0.0,-16.124956232241175,1,-0.14400236878512618,0.10460367697752937,0.05626804564209564,-3.0,-0.058221986409408316
1370350,2023-05-23,2023,Chennai Super Kings,Gujarat Titans,"MA Chidambaram Stadium, Chepauk, Chennai",1,-58.05203553462388,-0.20000000000000007,-0.19999999999999996,-0.16790278363876698,-0.15300822251856516,-0.5,0.0714285714285714,90,30,-0.5,0.8571428571428568,5.23148185956552,-1,-0.014894561120201821,-0.0006500022951643203,0.3202610038621678,1.0,0.07426110396158825
1370351,2023-05-24,2023,Mumbai Indians,Lucknow Super Giants,"MA Chidambaram Stadium, Chepauk, Chennai",1,-25.646919224575186,0.0,0.0,0.27498424667840515,0.08137967185452766,-0.5,0.3333333333333333,85,28,-0.5,4.0,2.061734180569374,-2,0.1936045748238775,0.1786205523489941,-0.1777433661839387,-1.0,0.07135779325347469
1370352,2023-05-26,2023,Gujarat Titans,Mumbai Indians,"Narendra Modi Stadium, Ahmedabad",1,38.41471769082045,-0.20000000000000007,0.09999999999999998,-0.12259919671098518,0.04765467183808081,-0.16666666666666669,0.625,31,86,-0.16666666666666669,7.5,-28.75546720414377,-2,-0.170253868549066,0.09450323847203346,0.16944776334493783,1.0,-0.01924911315500069
1370353,2023-05-29,2023,Gujarat Titans,Chennai Super Kings,"Narendra Modi Stadium, Ahmedabad",0,43.639865934313775,-0.20000000000000007,0.1499999999999999,0.1591707888489955,0.33547040824270824,0.25,0.6666666666666666,32,91,0.16666666666666663,8.0,-6.424042873082044,-1,-0.17629961939371275,0.3622568043871024,-0.13238439270460134,-3.0,0.01335521146289037
1422119,2024-03-22,2024,Royal Challengers Bengaluru,Chennai Super Kings,"MA Chidambaram Stadium, Chepauk, Chennai",0,-14.923232651419312,-0.4,0.0,0.03441808509576938,0.2521827055078627,-0.2,0.375,86,92,-0.16666666666666669,4.5,-7.375782273950335,-3,-0.21776462041209332,0.22150233425083354,-0.06509845635279854,8.0,-0.16854365144297268
1422120,2024-03-23,2024,Delhi Capitals,Punjab Kings,"Maharaja Yadavindra Singh International Cricket Stadium, Mullanpur",0,-1.7762571573980495,0.2,-0.04999999999999999,-0.11870807830517216,-0.055680488109622006,0.09999999999999998,0.0,88,82,0.16666666666666663,0.0,4.035171619169887,0,-0.06302759019555015,-0.15132069649401725,0.023067869920776918,-1.0,0.18700742632420758
1422121,2024-03-23,2024,Kolkata Knight Riders,Sunrisers Hyderabad,"Eden Gardens, Kolkata",1,23.063926448516668,0.39999999999999997,0.2,-0.1663354447692218,-0.18537590122806402,0.09999999999999998,-0.7142857142857143,87,87,0.16666666666666663,-8.571428571428571,-6.825463017115226,0,0.019040456458842225,-0.26611841340654263,0.08559293259074319,1.0,-0.07088683398280311
1422122,2024-03-24,2024,Rajasthan Royals,Lucknow Super Giants,"Sawai Mansingh Stadium, Jaipur",1,-11.853441175256648,-0.19999999999999996,-0.050000000000000044,0.06145899434101465,-0.04319305934669626,0.16666666666666663,-0.8,87,29,0.16666666666666663,-9.6,13.397090828729915,1,0.10465205368771091,-0.09339054452892692,-0.11165647952324531,5.0,0.18558589067341769
1422123,2024-03-24,2024,Gujarat Titans,Mumbai Indians,"Narendra Modi Stadium, Ahmedabad",1,22.48143191574104,0.0,0.09999999999999998,0.0013476898055850839,0.028590532000706048,0.0,0.6,33,87,0.16666666666666663,7.199999999999999,-46.66812474715721,0,-0.027242842195120964,0.09513104068448186,0.06519281887819073,-3.0,0.03436748006909371
1422124,2024-03-25,2024,Punjab Kings,Royal Challengers Bengaluru,"M Chinnaswamy Stadium, Bengaluru",0,4.623195586799511,0.0,0.0,-0.038428370667195955,-0.0356631729279977,0.0,0.07142857142857145,83,87,0.16666666666666663,0.8571428571428577,14.019097902677686,1,-0.002765197739198255,-0.020718224877487756,0.0533733187177059,-1.0,-0.01934883281105848
1422125,2024-03-26,2024,Chennai Super Kings,Gujarat Titans,"MA Chidambaram Stadium, Chepauk, Chennai",1,-10.353535902240537,0.20000000000000007,-0.09999999999999998,-0.03327978752522509,-0.18581362235406185,-0.09999999999999998,0.6666666666666666,93,34,0.16666666666666663,8.0,36.04300524088717,3,0.15253383482883676,-0.006536171052307083,0.21255723882697986,2.0,-0.004590682001424068
1422126,2024-03-27,2024,Sunrisers Hyderabad,Mumbai Indians,"Rajiv Gandhi International Stadium, Uppal, Hyderabad",1,-38.30657769633808,-0.4,-0.30000000000000004,0.02415908193028593,0.15278183650688826,-0.09999999999999998,-0.8571428571428572,88,88,-0.16666666666666669,-10.285714285714286,19.7012366664012,0,-0.12862275457660233,0.05762509737776411,-0.11931582105941008,1.0,-0.020210188639664006
1422127,2024-03-28,2024,Rajasthan Royals,Delhi Capitals,"Sawai Mansingh Stadium, Jaipur",1,34.65741853132681,0.39999999999999997,0.15000000000000002,0.1996635198243506,-0.030025311913409736,-0.2,-0.16666666666666669,88,89,0.16666666666666663,-2.0,4.249423943332204,2,0.22968883173776034,0.020997742187543578,-0.14864046572339729,-1.0,0.08930898445813432
1422128,2024-03-29,2024,Royal Challengers Bengaluru,Kolkata Knight Riders,"M Chinnaswamy Stadium, Bengaluru",0,3.472282875021392,0.0,0.0,0.06137681581830945,-0.1159882365087288,0.0,-0.5,88,88,-0.16666666666666669,-6.0,-31.708436835422617,0,0.17736505232703825,-0.036665941616397246,0.017945479074022108,-2.0,-0.05652179741206613
1422129,2024-03-30,2024,Lucknow Super Giants,Punjab Kings,"Bharat Ratna Shri Atal Bihari Vajpayee Ekana Cricket Stadium, Lucknow",1,14.28783534465424,0.19999999999999996,0.04999999999999999,-0.10771434389711443,0.0013619737465033754,0.16666666666666663,-0.5,30,84,0.16666666666666663,-6.0,-26.54096712623459,0,-0.1090763176436178,-0.08879231493293793,0.01756005521767312,1.0,0.09139005326330626
1422130,2024-03-31,2024,Sunrisers Hyderabad,Gujarat Titans,"Narendra Modi Stadium, Ahmedabad",0,-58.099661035166264,-0.2,-0.35000000000000003,0.17440755731867297,0.13786637311351613,-0.16666666666666669,-0.6363636363636364,89,35,-0.16666666666666669,-7.636363636363637,66.4167330604771,1,0.03654118420515684,0.088237454279396,-0.2240364761527931,-1.0,0.0004623394812813819
1422131,2024-03-31,2024,Delhi Capitals,Chennai Super Kings,"Dr. Y.S. Rajasekhara Reddy ACA-VDCA Cricket Stadium, Visakhapatnam",1,-70.41920844164815,-0.8,-0.25,-0.262929877211185,0.20397305911266517,-0.09999999999999998,0.0,90,94,-0.5,0.0,-27.858155963547006,-5,-0.46690293632385016,0.04126261646345131,0.10021943456197113,-2.0,0.059706785915685234
1422132,2024-04-01,2024,Mumbai Indians,Rajasthan Royals,"Wankhede Stadium, Mumbai",0,-34.48134006273676,-0.4,-0.050000000000000044,0.1461550779093208,0.20257289879132023,0.0,0.18181818181818182,89,89,0.16666666666666663,2.1818181818181825,-63.856721488085896,-3,-0.056417820881999425,0.21894587394575793,-0.1297821027548831,1.0,-0.06816406381442142
1422133,2024-04-02,2024,Lucknow Super Giants,Royal Challengers Bengaluru,"M Chinnaswamy Stadium, Bengaluru",1,18.33384582174949,0.19999999999999996,0.0,-0.12203698893151227,-0.12192570706442907,-0.25,0.5555555555555556,31,89,-0.16666666666666669,6.666666666666667,-11.499535744345167,1,-0.00011128186708320165,-0.19533343904974365,0.048629256946197685,-1.0,0.11546840236343212
1422134,2024-04-03,2024,Kolkata Knight Riders,Delhi Capitals,"Dr. Y.S. Rajasekhara Reddy ACA-VDCA Cricket Stadium, Visakhapatnam",1,30.81777810790345,0.19999999999999996,0.09999999999999998,0.023533167621971218,-0.010152260198873275,-0.2,-0.5,89,91,-0.5,-6.0,13.010954945840012,1,0.033685427820844493,-0.0616522379200688,-0.07503314534316674,2.0,0.033029367707000545
1422135,2024-04-04,2024,Gujarat Titans,Punjab Kings,"Narendra Modi Stadium, Ahmedabad",0,57.56236555976261,0.39999999999999997,0.2,0.014759540451541264,-0.009466559379252226,0.16666666666666663,0.3333333333333333,36,85,0.16666666666666663,4.0,-23.217818940949883,1,0.02422609983079349,-0.03476906649789613,-0.040062047570185166,-1.0,0.20180790827336564
1422136,2024-04-05,2024,Chennai Super Kings,Sunrisers Hyderabad,"Rajiv Gandhi International Stadium, Uppal, Hyderabad",0,64.6855965327627,0.6000000000000001,0.3,-0.1097675508622662,-0.28153183728464604,0.19999999999999996,0.25,95,90,0.16666666666666663,3.0,-35.78292863642355,0,0.17176428642237984,-0.12882564038105326,0.26247374776585897,0.0,-0.09134090701000933
1422137,2024-04-06,2024,Royal Challengers Bengaluru,Rajasthan Royals,"Sawai Mansingh Stadium, Jaipur",0,-45.06285068983016,-0.6000000000000001,-0.10000000000000003,0.08156145407511617,0.20616258663969145,0.19999999999999996,0.5714285714285714,90,90,0.16666666666666663,6.857142857142858,-46.82769325454069,-4,-0.12460113256457528,0.08729331226011117,-0.20043072845469645,-1.0,-0.11965508470012208
1422138,2024-04-07,2024,Mumbai Indians,Delhi Capitals,"Wankhede Stadium, Mumbai",1,6.292625063970263,0.0,0.15000000000000002,0.04957965849471013,-0.08433120265872662,0.19999999999999996,0.20833333333333337,90,92,0.16666666666666663,2.5,-19.250031923311326,0,0.13391086115343676,-0.16120287577320203,-0.12645133160918554,2.0,0.17494079607591256
1422139,2024-04-07,2024,Lucknow Super Giants,Gujarat Titans,"Bharat Ratna Shri Atal Bihari Vajpayee Ekana Cricket Stadium, Lucknow",1,-2.981958418317845,0.19999999999999996,-0.04999999999999993,-0.0886071817954992,-0.13217259632213096,-0.5,-0.4285714285714286,32,37,-0.5,-5.142857142857143,0.5696751897530703,2,0.04356541452663176,-0.1876830285216209,0.03309674959600928,2.0,-0.01888067469518745
1426260,2024-04-08,2024,Kolkata Knight Riders,Chennai Super Kings,"MA Chidambaram Stadium, Chepauk, Chennai",0,5.35350928126104,0.20000000000000007,-0.04999999999999993,0.0898017335479111,-0.002616002061934797,-0.2,-0.19999999999999996,90,96,0.16666666666666663,-2.3999999999999986,41.92545088485849,3,0.0924177356098459,0.1720476788437113,0.084861947357735,2.0,0.09054466582303017
1426261,2024-04-09,2024,Sunrisers Hyderabad,Punjab Kings,"Maharaja Yadavindra Singh International Cricket Stadium, Mullanpur",1,-17.024840599444815,0.0,-0.10000000000000003,0.15711740074059155,0.11686481923456449,0.09999999999999998,-0.5,91,86,0.16666666666666663,-6.0,3.389770477246202,0,0.04025258150602706,0.13326946517851312,-0.1407127547966429,-1.0,0.1950461835604703
1426262,2024-04-10,2024,Rajasthan Royals,Gujarat Titans,"Sawai Mansingh Stadium, Jaipur",0,23.5974857608428,0.6,0.04999999999999993,0.16600096834472078,-0.10391032809373524,-0.3,-0.5,91,38,-0.16666666666666669,-6.0,60.750163393938465,5,0.269911296438456,0.023628503216548857,-0.03846213703443668,1.0,-0.09263563596439804
1426263,2024-04-11,2024,Royal Challengers Bengaluru,Mumbai Indians,"Wankhede Stadium, Mumbai",0,-11.089039584960574,0.0,-0.09999999999999998,-0.1184831498173331,-0.11982233431226419,0.0,0.04761904761904767,91,91,0.16666666666666663,0.5714285714285712,1.4939406816843075,-1,0.0013391844949310894,-0.25947937223049644,-0.021173888100899152,1.0,-0.25341598358738504
1426264,2024-04-12,2024,Lucknow Super Giants,Delhi Capitals,"Bharat Ratna Shri Atal Bihari Vajpayee Ekana Cricket Stadium, Lucknow",0,70.91687260378535,0.39999999999999997,0.3,-0.14615402786263143,-0.2714774587432094,0.5,0.625,33,93,0.5,7.5,34.74705005080136,3,0.12532343088057796,-0.26784651176846297,0.14978497483737785,0.0,0.09584480299403172
1426265,2024-04-13,2024,Punjab Kings,Rajasthan Royals,"Maharaja Yadavindra Singh International Cricket Stadium, Mullanpur",0,-47.60193319068253,-0.4,-0.10000000000000003,-0.011018313951794312,0.13722887817991092,-0.09999999999999998,0.0,87,92,-0.16666666666666669,0.0,-34.61852312629344,0,-0.14824719213170523,0.11106983150672156,-0.015140732721395045,1.0,-0.03090368713880945
1426266,2024-04-14,2024,Lucknow Super Giants,Kolkata Knight Riders,"Eden Gardens, Kolkata",0,10.190371755538763,0.0,0.050000000000000044,-0.16217090458578443,-0.10481417997347897,0.5,0.125,34,91,0.5,1.5,-1.2639654598522156,0,-0.057356724612305454,-0.050912862383294843,0.21607222217596855,-4.0,-0.22983650004014444
1426267,2024-04-14,2024,Chennai Super Kings,Mumbai Indians,"Wankhede Stadium, Mumbai",1,28.056498371435737,0.19999999999999996,0.09999999999999998,-0.21338527739544166,-0.2903992634880104,0.0,-0.16666666666666663,97,92,0.16666666666666663,-2.0,-2.7790655386625076,-1,0.07701398609256871,-0.17651033696482976,0.3272742039186223,3.0,-0.2763848057809911
1426268,2024-04-15,2024,Sunrisers Hyderabad,Royal Challengers Bengaluru,"M Chinnaswamy Stadium, Bengaluru",1,17.838536703207865,0.39999999999999997,-0.050000000000000044,0.18121741946326142,-0.10183892787726267,0.0,0.09999999999999998,92,92,-0.16666666666666669,1.1999999999999993,63.04902649340738,2,0.2830563473405241,-0.04165667271853679,-0.12103516430453554,2.0,0.18490133754599627
1426269,2024-04-16,2024,Kolkata Knight Riders,Rajasthan Royals,"Eden Gardens, Kolkata",0,-16.278483318510098,0.0,-0.09999999999999998,0.17714340730268296,0.12485561280253887,0.09999999999999998,-0.05555555555555558,92,93,-0.16666666666666669,-0.666666666666667,3.673121590217079,0,0.05228779450014409,0.2883071308205516,-0.013691889284670244,-1.0,0.17401171576487004
1426270,2024-04-17,2024,Gujarat Titans,Delhi Capitals,"Narendra Modi Stadium, Ahmedabad",0,52.39205829764387,0.0,0.25,-0.17046440658910633,-0.09440932453170525,0.16666666666666663,-0.16666666666666663,39,94,0.16666666666666663,-2.0,-7.784864969562705,0,-0.07605508205740108,-0.2420588147718541,0.022814916348957492,2.0,0.13041524806437638
1426271,2024-04-18,2024,Mumbai Indians,Punjab Kings,"Maharaja Yadavindra Singh International Cricket Stadium, Mullanpur",1,16.010982941186512,0.2,0.15000000000000002,0.24994230827441788,0.1854561123767149,0.09999999999999998,0.16666666666666669,93,88,-0.16666666666666669,2.0,18.370079732602107,0,0.06448619589770299,0.20028416059646914,-0.23511426005466363,-1.0,0.23803707701884
1426272,2024-04-19,2024,Chennai Super Kings,Lucknow Super Giants,"Bharat Ratna Shri Atal Bihari Vajpayee Ekana Cricket Stadium, Lucknow",0,24.25170555892828,0.0,0.1499999999999999,0.06410064015155603,-0.030494061386987736,0.0,-0.05555555555555558,98,35,0.0,-0.666666666666667,-1.7439479814961487,2,0.09459470153854377,0.08787858606642529,0.054272007301856995,0.0,0.04417575584596091
1426273,2024-04-20,2024,Sunrisers Hyderabad,Delhi Capitals,"Arun Jaitley Stadium, Delhi",1,8.976098456214686,0.20000000000000007,0.0,0.1400871603128735,0.1694578290894937,-0.09999999999999998,0.047619047619047616,93,95,-0.16666666666666669,0.5714285714285716,18.898358335915873,1,-0.0293706687766202,0.2610773771824926,-0.04846761221987461,2.0,0.27865148135772694
1426274,2024-04-21,2024,Kolkata Knight Riders,Royal Challengers Bengaluru,"Eden Gardens, Kolkata",1,53.80120369020892,0.6,0.15000000000000002,0.0888366323326455,-0.35673067361991784,0.0,-0.09999999999999998,93,93,0.5,-1.1999999999999993,37.073612550038206,0,0.44556730595256333,-0.18273187660056567,0.08516216468670668,-1.0,0.08454180672739153
1426275,2024-04-21,2024,Punjab Kings,Gujarat Titans,"Maharaja Yadavindra Singh International Cricket Stadium, Mullanpur",0,-52.04201358956584,-0.2,-0.20000000000000007,0.13980828417439684,-0.016457312191582307,0.0,-0.25,89,40,0.16666666666666663,-3.0,5.520351970196771,0,0.15626559636597914,-0.07729558918263524,-0.20064656116544977,-1.0,-0.16563592824512086
1426276,2024-04-22,2024,Mumbai Indians,Rajasthan Royals,"Sawai Mansingh Stadium, Jaipur",0,-48.86009812960674,-0.20000000000000007,-0.04999999999999993,0.1068251648099825,0.13038336937976758,0.0,0.05555555555555558,94,94,0.16666666666666663,0.666666666666667,3.6428277271957086,-1,-0.02355820456978508,0.19990009689922483,-0.03730843729052524,-2.0,0.17055047345800742
1426277,2024-04-23,2024,Chennai Super Kings,Lucknow Super Giants,"MA Chidambaram Stadium, Chepauk, Chennai",0,2.8579280757026027,-0.19999999999999996,0.09999999999999998,0.048756921295012745,0.04201543615808023,-0.16666666666666669,0.7272727272727273,99,36,-0.16666666666666669,8.727272727272727,-1.6654046014848518,-1,0.006741485136932512,0.05008186475494991,-0.040690492698143066,0.0,0.055839328796349286
1426278,2024-04-24,2024,Delhi Capitals,Gujarat Titans,"Arun Jaitley Stadium, Delhi",1,-47.65370123759112,0.0,-0.19999999999999996,0.3465574415088275,0.15447594909702067,0.0,-0.75,96,41,0.16666666666666663,-9.0,6.34040073640972,-1,0.19208149241180683,0.1335042264550732,-0.36752916415077497,1.0,-0.2288922455072616
1426279,2024-04-25,2024,Royal Challengers Bengaluru,Sunrisers Hyderabad,"Rajiv Gandhi International Stadium, Uppal, Hyderabad",1,-55.01801071389559,-0.8,-0.10000000000000003,-0.1229354322022509,0.24024946482511544,0.0,0.6666666666666667,94,94,0.16666666666666663,8.0,-77.9008312447304,-4,-0.36318489702736634,0.03929727721962295,-0.0780167554032416,-1.0,-0.11753484707036405
1426280,2024-04-26,2024,Kolkata Knight Riders,Punjab Kings,"Eden Gardens, Kolkata",0,65.58491326562535,0.39999999999999997,0.25000000000000006,0.2533257353774665,0.09487187501831085,0.19999999999999996,0.45454545454545453,94,90,0.16666666666666663,5.454545454545454,36.25181480468132,1,0.15845386035915565,0.1982543507099439,-0.14994325968583344,0.0,0.13786430339514513
1426281,2024-04-27,2024,Delhi Capitals,Mumbai Indians,"Arun Jaitley Stadium, Delhi",1,-2.2225043402195297,0.0,-0.04999999999999999,0.00037807635276698726,-0.0008546330010439362,-0.2,-0.6666666666666667,97,95,-0.5,-8.0,23.707927709715023,1,0.0012327093538109235,0.09171454439156168,0.09219110103983863,-2.0,-0.14893718828889324
1426282,2024-04-27,2024,Lucknow Super Giants,Rajasthan Royals,"Bharat Ratna Shri Atal Bihari Vajpayee Ekana Cricket Stadium, Lucknow",0,-24.030105232119013,-0.20000000000000007,-0.050000000000000044,-0.11299566094446467,-0.008662665996724161,-0.25,0.09999999999999998,37,95,-0.16666666666666669,1.1999999999999993,-17.622312163198785,-1,-0.10433299494774051,-0.041740469374559774,0.07991785756662906,-1.0,0.008250870030654556
1426283,2024-04-28,2024,Gujarat Titans,Royal Challengers Bengaluru,"Narendra Modi Stadium, Ahmedabad",0,51.27871659992093,0.2,0.15000000000000002,-0.3895429021738548,-0.27132281612295417,0.16666666666666663,0.16666666666666669,42,95,0.16666666666666663,2.0,12.392929153032128,-1,-0.11822008605090062,-0.4895294536786752,0.17133626461813378,1.0,0.1654838938043279
1426284,2024-04-28,2024,Chennai Super Kings,Sunrisers Hyderabad,"MA Chidambaram Stadium, Chepauk, Chennai",1,21.425676379445804,-0.4,0.14999999999999997,-0.23130016229247063,-0.15843038588540037,0.09999999999999998,0.4666666666666666,100,95,0.16666666666666663,5.6,-19.578753399682,0,-0.07286977640707026,-0.11677200311616187,0.27295854506170913,2.0,-0.20297284019040085
1426285,2024-04-29,2024,Delhi Capitals,Kolkata Knight Riders,"Eden Gardens, Kolkata",0,-10.877580190605158,0.4,0.0,0.12226875140451443,-0.06983280657303959,0.09999999999999998,0.08333333333333331,98,95,0.16666666666666663,1.0,25.82238184219159,2,0.19210155797755402,0.0682484041723117,0.01581245934083686,-1.0,-0.13140375319779016
1426286,2024-04-30,2024,Mumbai Indians,Lucknow Super Giants,"Bharat Ratna Shri Atal Bihari Vajpayee Ekana Cricket Stadium, Lucknow",0,-42.79028492381144,0.0,-0.10000000000000003,0.22795885620267153,0.05589643635798036,-0.25,-0.5454545454545454,96,38,-0.16666666666666669,-6.545454545454545,-19.49805389512494,0,0.17206241984469117,0.10172087104402894,-0.18213442151662296,0.0,0.09862918231339818
1426287,2024-05-01,2024,Chennai Super Kings,Punjab Kings,"MA Chidambaram Stadium, Chepauk, Chennai",0,57.24800355464163,0.39999999999999997,0.30000000000000004,0.06354298074243414,-0.11601672142421893,0.0,0.0,101,91,-0.5,0.0,12.624717704348996,0,0.17955970216665307,0.05748694146616162,0.10996068214794641,-2.0,-0.23690735517877656
1426288,2024-05-02,2024,Sunrisers Hyderabad,Rajasthan Royals,"Rajiv Gandhi International Stadium, Uppal, Hyderabad",1,-81.45592413347936,-0.20000000000000007,-0.25,0.0963384809766783,0.19422525871643148,0.0,-0.7,96,96,-0.16666666666666669,-8.4,-37.80839530502226,-4,-0.09788677773975318,0.17690813777159775,-0.11365560192151203,-1.0,0.2571234356191928
1426289,2024-05-03,2024,Kolkata Knight Riders,Mumbai Indians,"Wankhede Stadium, Mumbai",1,47.244618293963185,0.39999999999999997,0.04999999999999999,0.206461852171814,0.07615276871333077,-0.09999999999999998,-0.23809523809523808,96,97,0.16666666666666663,-2.8571428571428577,14.655320804636403,1,0.13030908345848324,0.13481946406317125,-0.14779515682197353,1.0,-0.09180367896985339
1426290,2024-05-04,2024,Gujarat Titans,Royal Challengers Bengaluru,"M Chinnaswamy Stadium, Bengaluru",0,28.348124968698585,0.0,0.09999999999999998,-0.4141653485799077,-0.1160976283677202,0.0,0.6363636363636364,43,96,-0.16666666666666669,7.636363636363637,-30.896750389135605,-2,-0.2980677202121875,-0.38230522472618844,0.14795775222143948,0.0,0.1411237636974844
1426291,2024-05-05,2024,Chennai Super Kings,Punjab Kings,"Himachal Pradesh Cricket Association Stadium, Dharamsala",1,33.98204726266454,0.0,0.19999999999999996,0.060669978065498675,-0.00900752936327276,-0.09999999999999998,0.5,102,92,-0.5,6.0,-28.47387368363934,-2,0.06967750742877143,0.08997134513588656,0.038308896433660644,0.0,-0.22554088321951823
1426292,2024-05-05,2024,Kolkata Knight Riders,Lucknow Super Giants,"Bharat Ratna Shri Atal Bihari Vajpayee Ekana Cricket Stadium, Lucknow",1,-4.4463287040123305,0.0,0.0,0.23552458299261758,0.13072352788189034,-0.25,-0.08333333333333337,97,39,-0.16666666666666669,-1.0,-5.3105836158745205,1,0.10480105511072724,0.15899938988250972,-0.2072487209919982,-3.0,0.018832511871213653
1426293,2024-05-06,2024,Sunrisers Hyderabad,Mumbai Indians,"Wankhede Stadium, Mumbai",0,33.70893794393146,0.39999999999999997,-0.04999999999999999,0.2304229314442896,0.17551389346090462,-0.09999999999999998,-0.38333333333333336,97,98,-0.16666666666666669,-4.6,37.17957772406862,1,0.05490903798338498,0.1637432552000535,-0.24219356970514072,1.0,0.14505463283409065
1426294,2024-05-07,2024,Delhi Capitals,Rajasthan Royals,"Arun Jaitley Stadium, Delhi",1,-64.9184385517467,-0.20000000000000007,-0.09999999999999998,0.11983418071364538,0.16217976130962652,0.09999999999999998,-0.09999999999999998,99,97,-0.16666666666666669,-1.1999999999999993,-13.143412317063621,0,-0.04234558059598115,0.19164772321603318,-0.09036621880723872,3.0,0.09332846285697943
1426295,2024-05-08,2024,Lucknow Super Giants,Sunrisers Hyderabad,"Rajiv Gandhi International Stadium, Uppal, Hyderabad",0,36.11824948340313,0.19999999999999996,0.15000000000000002,-0.06021734486790975,-0.05113285096798936,0.5,0.6363636363636364,40,98,0.5,7.636363636363637,19.038685908649086,0,-0.009084493899920387,-0.1709515903888723,-0.0596013945529732,1.0,-0.16996761315282566
1426296,2024-05-09,2024,Royal Challengers Bengaluru,Punjab Kings,"Himachal Pradesh Cricket Association Stadium, Dharamsala",1,14.2325593299513,0.19999999999999996,0.10000000000000003,0.3822661811524106,0.11905811366230123,0.0,0.5,97,93,0.16666666666666663,6.0,19.42579991141679,3,0.2632080674901094,0.3825414244787477,-0.11878287033596413,1.0,-0.2677280499364446
1426297,2024-05-10,2024,Gujarat Titans,Chennai Super Kings,"Narendra Modi Stadium, Ahmedabad",1,-31.079650756910496,-0.2,-0.14999999999999997,-0.1691529507352929,0.3350059080417971,0.0,0.0,44,103,-0.5,0.0,-21.823139332279652,-1,-0.50415885877709,-0.056767624623230484,-0.22262058192973466,1.0,0.14432729430842603
1426298,2024-05-11,2024,Kolkata Knight Riders,Mumbai Indians,"Eden Gardens, Kolkata",1,63.70241936771049,0.6000000000000001,0.14999999999999997,0.22611014067654733,0.07304304532483918,0.0,-0.08333333333333331,98,99,0.16666666666666663,-1.0,33.11779664259757,2,0.15306709535170815,0.19851952562790598,-0.10063366037348054,1.0,-0.06312857104568964
1426299,2024-05-12,2024,Rajasthan Royals,Chennai Super Kings,"MA Chidambaram Stadium, Chepauk, Chennai",0,30.612651460384086,0.19999999999999996,0.0,0.09517782320405344,0.1588217129879017,0.19999999999999996,0.33333333333333337,98,104,0.5,4.0,-2.121146142292446,0,-0.06364388978384827,0.15823590043072366,-0.09576363576123148,3.0,-0.09636236993334274
1426300,2024-05-12,2024,Royal Challengers Bengaluru,Delhi Capitals,"M Chinnaswamy Stadium, Bengaluru",1,-6.705116768836888,0.20000000000000007,-0.04999999999999999,0.14051627322185456,-0.2863261083500379,0.0,0.4166666666666667,98,100,0.16666666666666663,5.0,19.85338632148523,3,0.42684238157189247,0.05278637920209173,0.19859621433027508,-2.0,-0.13863666341013964
1426302,2024-05-14,2024,Delhi Capitals,Lucknow Super Giants,"Arun Jaitley Stadium, Delhi",1,-20.528560794465193,0.19999999999999996,-0.04999999999999999,0.1858233022640865,-0.18391920709690068,-0.25,-0.04545454545454547,101,41,-0.16666666666666669,-0.5454545454545459,23.72971925899651,0,0.3697425093609872,-0.22651313975317744,-0.22841723492036325,-4.0,0.1626086522397595
1426303,2024-05-15,2024,Rajasthan Royals,Punjab Kings,"Barsapara Cricket Stadium, Guwahati",0,70.46433624079714,0.0,0.20000000000000007,-0.039364534808724816,-0.03062460088474972,0.09999999999999998,-0.5,99,94,0.16666666666666663,-6.0,-30.601835245076472,0,-0.008739933923975096,-0.05484392215355394,0.015145213539920599,-3.0,-0.2309121847601275
1426305,2024-05-17,2024,Lucknow Super Giants,Mumbai Indians,"Wankhede Stadium, Mumbai",1,34.45357014916863,0.0,0.09999999999999998,-0.0743758638305565,0.32355944672737214,0.30000000000000004,-0.16666666666666663,42,100,0.16666666666666663,-2.0,-8.336714774642815,0,-0.39793531055792863,-0.11345616362255884,-0.3626397465193745,-3.0,-0.1580085590939659
1426306,2024-05-18,2024,Royal Challengers Bengaluru,Chennai Super Kings,"M Chinnaswamy Stadium, Bengaluru",1,-18.002654368480535,0.4,-0.14999999999999997,0.358707135765306,0.060597162725835485,-0.2,-0.5833333333333333,99,105,-0.16666666666666669,-7.0,44.68425142228034,4,0.2981099730394705,0.4485989395294119,0.029294641038270397,0.0,0.02789669775262743
1426307,2024-05-19,2024,Punjab Kings,Sunrisers Hyderabad,"Rajiv Gandhi International Stadium, Uppal, Hyderabad",0,-24.407095644094625,0.19999999999999996,-0.10000000000000003,-0.07490202714869776,-0.025272983566130502,-0.09999999999999998,-0.4166666666666667,95,99,-0.16666666666666669,-5.0,2.031131521566067,0,-0.049629043582567256,-0.0035531059363536066,0.09662190477847465,-7.0,-0.18758323509193753
1426309,2024-05-21,2024,Sunrisers Hyderabad,Kolkata Knight Riders,"Narendra Modi Stadium, Ahmedabad",0,-39.780129631998534,-0.20000000000000007,-0.15000000000000002,0.0570676292286163,0.09354071495113558,-0.2,-0.6666666666666666,100,99,-0.16666666666666669,-8.0,-14.980501382925468,-2,-0.03647308572251928,0.23943237348715463,0.08882402930740274,-8.0,0.34880020527185807
1426310,2024-05-22,2024,Royal Challengers Bengaluru,Rajasthan Royals,"Narendra Modi Stadium, Ahmedabad",0,-4.339182246271321,0.8,-0.050000000000000044,0.3771480308085049,-0.060224278580386814,0.19999999999999996,-0.16666666666666663,100,100,0.16666666666666663,-2.0,88.14447546384167,6,0.4373723093888917,0.3034262607325271,-0.013497491495590985,-3.0,-0.024055358692001094
1426311,2024-05-24,2024,Sunrisers Hyderabad,Rajasthan Royals,"MA Chidambaram Stadium, Chepauk, Chennai",1,-31.49216970014163,0.39999999999999997,-0.10000000000000003,0.375988542775733,0.15854255138668494,0.0,-0.33333333333333337,101,101,0.16666666666666663,-4.0,25.358838727649527,-1,0.21744599138904808,0.2758830860990549,-0.2586480080633631,1.0,0.37908830345447264
1426312,2024-05-26,2024,Sunrisers Hyderabad,Kolkata Knight Riders,"MA Chidambaram Stadium, Chepauk, Chennai",0,-46.596212367254566,-0.4,-0.19999999999999996,0.052009902520881335,0.26394473930399176,-0.2,-0.11428571428571432,102,100,-0.5,-1.3714285714285723,-13.444833322291743,-4,-0.21193483678311043,0.4216500798406708,0.10569543801579773,-3.0,0.35445441270759215
1473438,2025-03-22,2025,Kolkata Knight Riders,Royal Challengers Bengaluru,"Eden Gardens, Kolkata",0,29.382117248370378,0.19999999999999996,0.24999999999999994,0.017132392380524664,-0.18273686765773034,0.09999999999999998,0.16666666666666669,101,101,0.5,2.0,-14.504042115781203,6,0.199869260038255,0.26600547771058447,0.43160995298779015,-4.0,0.01229905274238427
1473439,2025-03-23,2025,Sunrisers Hyderabad,Rajasthan Royals,"Rajiv Gandhi International Stadium, Uppal, Hyderabad",1,-9.17555992743496,0.39999999999999997,-0.10000000000000003,0.34539360435785493,0.13625403080284082,0.0,0.0,103,102,0.5,0.0,15.582251005884928,0,0.2091395735550141,0.20492334185686834,-0.2767242933038274,-2.0,0.45425628979405286
1473440,2025-03-23,2025,Mumbai Indians,Chennai Super Kings,"MA Chidambaram Stadium, Chepauk, Chennai",0,-27.346269492517877,-0.2,-0.19999999999999996,-0.01685898791567153,-0.02692493075874669,-0.09999999999999998,-0.23809523809523808,101,106,-0.5,-2.8571428571428577,31.64613394081107,0,0.01006594284307516,-0.07257312134045146,-0.028789202666033242,1.0,0.040342616654354374
1473441,2025-03-24,2025,Lucknow Super Giants,Delhi Capitals,"Dr. Y.S. Rajasekhara Reddy ACA-VDCA Cricket Stadium, Visakhapatnam",0,4.179899737644064,-0.19999999999999996,0.0,-0.1675563541715288,0.17786814240873894,0.09999999999999998,0.0,43,102,-0.16666666666666669,0.0,-29.038591550560113,0,-0.34542449658026775,-0.1969392194268087,-0.20725100766401883,-3.0,-0.17697681668973927
1473442,2025-03-25,2025,Punjab Kings,Gujarat Titans,"Narendra Modi Stadium, Ahmedabad",1,-19.36654354048028,0.0,-0.15000000000000002,-0.08005446109242897,-0.20115014864668557,-0.09999999999999998,-0.08333333333333337,96,45,-0.16666666666666669,-1.0,23.865317767046918,-1,0.12109568755425659,-0.24274014289863777,0.038464466840476774,-9.0,-0.01937616101555495
1473443,2025-03-26,2025,Rajasthan Royals,Kolkata Knight Riders,"Barsapara Cricket Stadium, Guwahati",0,-22.20974044375089,-0.6000000000000001,-0.1499999999999999,-0.33567245628128006,0.14843462949659236,0.0,-0.16666666666666669,103,102,0.16666666666666663,-2.0,4.813347286275075,0,-0.4841070857778724,0.011502004666006815,0.19873983145069452,-1.0,0.09776511265758495
1473444,2025-03-27,2025,Sunrisers Hyderabad,Lucknow Super Giants,"Rajiv Gandhi International Stadium, Uppal, Hyderabad",0,15.488218473760298,0.39999999999999997,0.0,0.00739589197676227,-0.2260820067331586,-0.25,0.0,104,44,-0.16666666666666669,0.0,29.096144253891907,1,0.23347789870992086,-0.390905289898656,-0.1722191751422597,1.0,0.26469579050795855
1473445,2025-03-28,2025,Royal Challengers Bengaluru,Chennai Super Kings,"MA Chidambaram Stadium, Chepauk, Chennai",1,-1.7920472072114535,0.20000000000000007,-0.09999999999999998,0.25039164669054337,0.041831987510099866,-0.09999999999999998,0.0,102,107,-0.16666666666666669,0.0,5.331777291628441,0,0.2085596591804435,0.24434581549620105,-0.04787781870444219,1.0,0.0655520130934706
1473446,2025-03-29,2025,Gujarat Titans,Mumbai Indians,"Narendra Modi Stadium, Ahmedabad",1,21.17573748398877,0.0,0.10000000000000003,0.24519630129457726,0.3956147865131787,0.09999999999999998,0.5,46,102,0.16666666666666663,6.0,-6.5839456800090375,0,-0.15041848521860146,0.18888499000473935,-0.4519260978030166,-2.0,0.08596216725681763
1473447,2025-03-30,2025,Sunrisers Hyderabad,Delhi Capitals,"Dr. Y.S. Rajasekhara Reddy ACA-VDCA Cricket Stadium, Visakhapatnam",0,-11.017976250127731,-0.19999999999999996,0.0,-0.06074771932549261,0.14526348107888998,-0.09999999999999998,-0.16666666666666663,105,103,0.16666666666666663,-2.0,-18.649589730023763,-2,-0.2060112004043826,-0.09455716345107934,-0.1790729252044767,-3.0,0.11674388930494789
1473448,2025-03-30,2025,Rajasthan Royals,Chennai Super Kings,"Barsapara Cricket Stadium, Guwahati",1,-15.617063189636156,-0.2,0.0,-0.005229183291700412,0.025624293906997053,0.09999999999999998,-0.25,104,108,0.16666666666666663,-3.0,-22.346400668046044,0,-0.030853477198697465,-0.12118720380386394,-0.14158231441916058,2.0,0.12932190447306388
1473449,2025-03-31,2025,Kolkata Knight Riders,Mumbai Indians,"Wankhede Stadium, Mumbai",0,70.43094287077429,0.6000000000000001,0.39999999999999997,0.2081576798234137,-0.15657252516902576,0.0,-0.08333333333333337,103,103,0.16666666666666663,-1.0,-18.505029991093352,1,0.36473020499243947,0.12691369906771532,0.07532854441332737,3.0,0.06305197875724547
1473450,2025-04-01,2025,Lucknow Super Giants,Punjab Kings,"Bharat Ratna Shri Atal Bihari Vajpayee Ekana Cricket Stadium, Lucknow",0,12.855223585092062,0.0,0.20000000000000007,0.04701869177825713,0.23381246028844327,0.25,0.0,45,97,0.16666666666666663,0.0,-27.009041651199368,0,-0.18679376851018614,-0.0012287088203557506,-0.28205986088705615,-2.0,-0.14206489171278563
1473451,2025-04-02,2025,Royal Challengers Bengaluru,Gujarat Titans,"M Chinnaswamy Stadium, Bengaluru",0,23.46786162852345,0.4,0.10000000000000003,-0.000717729561276581,-0.38314254726706487,0.09999999999999998,0.0,103,47,0.16666666666666663,0.0,-0.11349364794705252,1,0.3824248177057883,-0.14848863586925898,0.23537164095908247,1.0,-0.08597456212769236
1473452,2025-04-03,2025,Kolkata Knight Riders,Sunrisers Hyderabad,"Eden Gardens, Kolkata",1,28.34748580831706,0.19999999999999996,0.15000000000000002,0.04506234723262459,-0.2893741571615531,0.30000000000000004,0.0,104,106,0.5,0.0,-35.58240000348724,0,0.3344365043941777,-0.12555965009652903,0.1187521598323995,-1.0,-0.10209096881920227
1473453,2025-04-04,2025,Lucknow Super Giants,Mumbai Indians,"Bharat Ratna Shri Atal Bihari Vajpayee Ekana Cricket Stadium, Lucknow",1,22.79967837945037,0.2,0.15000000000000002,0.2270946717027995,0.1841554089983115,0.33333333333333337,0.4166666666666667,46,104,0.16666666666666663,5.0,-29.6770604985752,-1,0.042939262704488,0.16279962573730256,-0.24845045496380846,-1.0,0.030533201294806064
1473454,2025-04-05,2025,Delhi Capitals,Chennai Super Kings,"MA Chidambaram Stadium, Chepauk, Chennai",1,25.80172410167006,0.4,-0.050000000000000044,0.2624901798430017,0.10051738313471503,0.0,-0.16666666666666663,104,109,-0.16666666666666669,-2.0,46.967496525770684,3,0.16197279670828668,0.19956781563304515,-0.1634397473446716,0.0,0.1172039147061994
1473455,2025-04-05,2025,Rajasthan Royals,Punjab Kings,"Maharaja Yadavindra Singh International Cricket Stadium, Mullanpur",1,-2.7368178332096704,-0.19999999999999996,0.15000000000000002,-0.2557703229416759,-0.05631592375086636,0.09999999999999998,0.8,105,98,0.16666666666666663,9.6,-48.170787516193286,-1,-0.19945439919080954,-0.18632267403533787,0.1257635726572044,2.0,0.04335578655647351
1473457,2025-04-06,2025,Sunrisers Hyderabad,Gujarat Titans,"Rajiv Gandhi International Stadium, Uppal, Hyderabad",0,-29.73499392869212,-0.39999999999999997,0.0,-0.16645729500397044,0.1487483814273256,-0.25,0.0,107,48,-0.5,0.0,-29.08166270093693,-2,-0.31520567643129604,-0.16990244215692551,-0.15219352858028068,-1.0,0.17643758731258022
1473458,2025-04-07,2025,Royal Challengers Bengaluru,Mumbai Indians,"Wankhede Stadium, Mumbai",1,50.096565367653966,0.39999999999999997,0.2,0.14948781621387663,-0.012788504966140701,0.0,-0.04166666666666663,104,105,-0.16666666666666669,-0.5,25.28690537726402,0,0.16227632118001734,0.12069248394128551,-0.016006827306450422,2.0,0.029148740603022055
1473456,2025-04-08,2025,Lucknow Super Giants,Kolkata Knight Riders,"Eden Gardens, Kolkata",1,-23.472758392222204,0.0,-0.19999999999999996,0.16899594488039416,0.28505049722358655,0.09999999999999998,-0.25000000000000006,47,105,-0.16666666666666669,-3.0,3.5960691430504994,0,-0.1160545523431924,0.2954176978335452,-0.1586287442704355,-1.0,-0.055381908007751446
1473459,2025-04-08,2025,Punjab Kings,Chennai Super Kings,"Maharaja Yadavindra Singh International Cricket Stadium, Mullanpur",1,7.198098673904951,0.39999999999999997,-0.09999999999999998,0.23181346270372227,0.07504976147968989,0.09999999999999998,-0.33333333333333337,99,110,0.16666666666666663,-4.0,51.28186995124497,0,0.15676370122403238,0.09345056467924096,-0.2134126595041712,0.0,0.16371180658875095
1473460,2025-04-09,2025,Gujarat Titans,Rajasthan Royals,"Narendra Modi Stadium, Ahmedabad",1,9.75302445282864,0.4,-0.09999999999999998,0.18799074783222314,-0.03442502137577308,0.33333333333333337,-0.16666666666666663,49,106,0.16666666666666663,-2.0,17.752796069857823,1,0.22241576920799622,0.1333267358725898,-0.02023899058386025,-1.0,-0.12157466943957437
1473461,2025-04-10,2025,Royal Challengers Bengaluru,Delhi Capitals,"M Chinnaswamy Stadium, Bengaluru",0,-8.40656867716848,-0.20000000000000007,-0.050000000000000044,0.025191064995299994,0.006874476127856521,0.0,0.4166666666666667,105,105,0.16666666666666663,5.0,-11.25520846178597,-3,0.018316588867443473,0.11650844591267284,0.08444290478951633,-2.0,-0.03859627144697769
1473462,2025-04-11,2025,Chennai Super Kings,Kolkata Knight Riders,"MA Chidambaram Stadium, Chepauk, Chennai",0,-41.328172622363354,-0.2,-0.2,-0.10377621772570578,-0.012419617954245066,0.19999999999999996,0.08333333333333337,111,106,0.16666666666666663,1.0,-35.425452576787166,0,-0.09135659977146071,-0.15224793201402465,-0.0360520963340738,0.0,-0.0719478954906724
1473463,2025-04-12,2025,Gujarat Titans,Lucknow Super Giants,"Bharat Ratna Shri Atal Bihari Vajpayee Ekana Cricket Stadium, Lucknow",0,14.679493961592016,0.20000000000000007,0.0,-0.06599775853359513,-0.23459027620888961,0.30000000000000004,0.0,50,48,0.16666666666666663,0.0,18.83635697370164,2,0.16859251767529448,-0.05322800522098081,0.24736002952150393,-1.0,-0.05708074213736543
1473464,2025-04-12,2025,Punjab Kings,Sunrisers Hyderabad,"Rajiv Gandhi International Stadium, Uppal, Hyderabad",0,30.646581483891396,0.39999999999999997,-0.09999999999999998,0.19303351900351373,-0.07001750774012727,-0.2,-0.5,100,108,-0.5,-6.0,59.10136917704108,1,0.263051026743641,-0.026388241052368144,-0.1494042523157546,-2.0,-0.1120112836339058
1473465,2025-04-13,2025,Rajasthan Royals,Royal Challengers Bengaluru,"Sawai Mansingh Stadium, Jaipur",0,-11.25506412945765,-0.19999999999999996,0.050000000000000044,-0.05762780156165492,0.08428185200286387,-0.09999999999999998,0.0,107,106,0.16666666666666663,0.0,3.2599090615055957,0,-0.1419096535645188,0.013933361355754625,-0.012720689085454318,1.0,0.04867297431825268
1473466,2025-04-13,2025,Mumbai Indians,Delhi Capitals,"Arun Jaitley Stadium, Delhi",1,-85.39725108009975,-0.8,-0.35,-0.17509049185300563,0.04565030960101035,0.09999999999999998,0.25,106,106,0.16666666666666663,3.0,-54.12424894033097,-5,-0.22074080145401598,0.025924313249980235,0.1553644955019755,3.0,0.06955116433288037
1473467,2025-04-14,2025,Lucknow Super Giants,Chennai Super Kings,"Bharat Ratna Shri Atal Bihari Vajpayee Ekana Cricket Stadium, Lucknow",0,58.4428797508549,0.8,0.15000000000000002,0.38886483169062114,0.008077854039378884,0.25,0.5833333333333334,49,112,0.16666666666666663,7.0,58.38854311775913,3,0.38078697765124225,0.06613817048864501,-0.330804515241355,-1.0,-0.06879376135267018
1473468,2025-04-15,2025,Punjab Kings,Kolkata Knight Riders,"Maharaja Yadavindra Singh International Cricket Stadium, Mullanpur",1,-34.24022785284046,0.0,-0.29999999999999993,0.21025067477476123,0.37697717733004676,-0.09999999999999998,-0.2142857142857143,101,107,0.16666666666666663,-2.5714285714285716,3.8765795510178123,-1,-0.16672650255528554,0.4018112937445819,-0.18541655836022608,-1.0,0.04789543030733387
1473470,2025-04-17,2025,Sunrisers Hyderabad,Mumbai Indians,"Wankhede Stadium, Mumbai",0,16.134550187150126,-0.2,0.2,-0.06234361173831715,0.1894513983808348,-0.2,-0.41666666666666674,109,107,-0.16666666666666669,-5.0,-23.632043940811855,0,-0.25179501011915195,-0.055997584528692856,-0.1831053711712105,1.0,0.17564126056737958
1473471,2025-04-18,2025,Royal Challengers Bengaluru,Punjab Kings,"M Chinnaswamy Stadium, Bengaluru",0,18.737206745510093,0.0,0.10000000000000003,-0.05684713788061768,-0.05683837088104382,0.0,0.4166666666666667,107,102,0.5,5.0,-2.0049562918075026,0,-8.766999573861511e-06,-0.030499046310803024,0.08318646245085848,2.0,-0.15617358217311902
1473472,2025-04-19,2025,Delhi Capitals,Gujarat Titans,"Narendra Modi Stadium, Ahmedabad",0,7.998722052295761,0.0,0.050000000000000044,0.1027473876468421,0.10425432007907398,0.09999999999999998,0.21666666666666667,107,51,0.5,2.6000000000000014,-2.8275771277922104,0,-0.0015069324322318778,0.276393711790897,0.06939200406498092,-1.0,0.021236876790892548
1473473,2025-04-19,2025,Lucknow Super Giants,Rajasthan Royals,"Sawai Mansingh Stadium, Jaipur",1,22.944240304235336,0.19999999999999996,0.050000000000000044,0.1380748339107336,0.10506867003410059,-0.3,0.04545454545454547,50,108,-0.16666666666666669,0.5454545454545459,17.64267480379499,0,0.03300616387663302,0.09089897484567055,-0.15224452909916364,-1.0,0.04711440584102461
1473474,2025-04-20,2025,Punjab Kings,Royal Challengers Bengaluru,"Maharaja Yadavindra Singh International Cricket Stadium, Mullanpur",0,2.3403491091692104,0.19999999999999996,-0.04999999999999999,0.05040600994429423,-0.017427740005404813,0.09999999999999998,-0.125,103,108,-0.16666666666666669,-1.5,22.48684849153983,2,0.06783374994969904,-0.02796432475901023,-0.060942594697899644,0.0,0.09141219780100338
1473475,2025-04-20,2025,Chennai Super Kings,Mumbai Indians,"Wankhede Stadium, Mumbai",0,1.5038495811461416,-0.39999999999999997,0.050000000000000044,-0.28928355120980664,0.05780420946850162,0.19999999999999996,-0.037878787878787956,113,108,0.5,-0.45454545454545503,-21.16213376077826,-1,-0.34708776067830827,-0.19072504736188978,0.040754294379415246,3.0,0.17144000763963652
1473476,2025-04-21,2025,Gujarat Titans,Kolkata Knight Riders,"Eden Gardens, Kolkata",1,14.530082979010558,0.4,-0.15000000000000002,0.11711913717885691,0.10278029717738146,0.16666666666666663,0.5,52,108,0.16666666666666663,6.0,22.32847432648896,1,0.01433884000147545,0.24931806419406843,0.029418629837830057,-4.0,-0.18702126081161552
1473477,2025-04-22,2025,Lucknow Super Giants,Delhi Capitals,"Bharat Ratna Shri Atal Bihari Vajpayee Ekana Cricket Stadium, Lucknow",0,6.070618755204578,0.20000000000000007,0.0,-0.03627014315626731,0.0447434908323987,0.0,0.08333333333333337,51,108,-0.5,1.0,22.393934952925747,1,-0.08101363398866601,0.09904751750295793,0.09057416982682653,0.0,0.11518121226432451
1473478,2025-04-23,2025,Sunrisers Hyderabad,Mumbai Indians,"Rajiv Gandhi International Stadium, Uppal, Hyderabad",0,-14.836846095251758,-0.39999999999999997,0.09999999999999998,-0.19678904879275683,0.11756733658698626,-0.2,0.08333333333333337,110,109,-0.16666666666666669,1.0,-42.26532332359966,-3,-0.3143563853797431,-0.10558582038835085,-0.02636410818258028,3.0,0.23531357760129618
1473479,2025-04-24,2025,Royal Challengers Bengaluru,Rajasthan Royals,"M Chinnaswamy Stadium, Bengaluru",1,39.47654883428277,0.19999999999999996,0.10000000000000003,-0.022281856344228634,-0.013919956010744583,0.09999999999999998,0.3333333333333333,109,109,-0.16666666666666669,4.0,18.10398677661965,1,-0.008361900333484051,-0.028609408291189853,0.0075924040637833645,-1.0,0.09887706673750335
1473480,2025-04-25,2025,Chennai Super Kings,Sunrisers Hyderabad,"MA Chidambaram Stadium, Chepauk, Chennai",0,5.827348314659048,0.0,-0.10000000000000003,-0.10243785374131953,-0.01982548663889183,0.19999999999999996,0.33333333333333337,114,111,0.16666666666666663,4.0,1.3179587637750956,0,-0.0826123671024277,-0.3356131761938872,-0.21334983581367584,3.0,-0.10159226422503712
1473482,2025-04-27,2025,Mumbai Indians,Lucknow Super Giants,"Wankhede Stadium, Mumbai",1,-16.1632191539195,0.20000000000000007,-0.04999999999999999,0.11856382999753912,-0.04134679069952352,-0.35714285714285715,-0.016666666666666607,110,52,-0.5,-0.1999999999999993,44.56847439454191,4,0.15991062069706263,0.1338275174252299,0.056610478127214314,-1.0,-0.11027312916858986
1473483,2025-04-27,2025,Delhi Capitals,Royal Challengers Bengaluru,"Arun Jaitley Stadium, Delhi",0,-2.615716642581674,0.0,0.0,0.1447525360636106,0.013305994720298253,0.0,0.5,109,110,0.16666666666666663,6.0,-20.78037203069971,-1,0.13144654134331235,0.11371508037927547,-0.04434345040463339,2.0,-0.11787732771665721
1473484,2025-04-28,2025,Gujarat Titans,Rajasthan Royals,"Sawai Mansingh Stadium, Jaipur",0,66.46707396847387,0.6000000000000001,0.15000000000000002,0.07851496103677236,-0.09965990214201703,0.3571428571428571,0.5833333333333333,53,110,0.5,7.0,56.71404951564523,2,0.1781748631787894,0.07181463673701205,0.09295957784225672,3.0,-0.026230438658313954
1473485,2025-04-29,2025,Kolkata Knight Riders,Delhi Capitals,"Arun Jaitley Stadium, Delhi",1,-11.900470775577787,0.0,0.0,-0.04303965676349608,-0.15915154222044148,0.0,-0.5,109,110,0.16666666666666663,-6.0,-0.03309736216033343,0,0.1161118854569454,-0.01685843430706413,0.18533276467687343,6.0,0.15770994057186882
1473486,2025-04-30,2025,Chennai Super Kings,Punjab Kings,"MA Chidambaram Stadium, Chepauk, Chennai",0,-44.718374039837954,-0.39999999999999997,-0.10000000000000003,-0.2097110032988796,0.11279565335962793,-0.09999999999999998,-0.25,115,104,-0.16666666666666669,-3.0,-17.93457195948372,0,-0.32250665665850753,-0.1580979036280088,-0.061182553688757135,-5.0,-0.05536326924548832
1473487,2025-05-01,2025,Mumbai Indians,Rajasthan Royals,"Sawai Mansingh Stadium, Jaipur",1,22.730895897117534,0.8,0.04999999999999999,0.0469262994423989,-0.22377041346069126,0.0,-0.5,111,111,-0.16666666666666669,-6.0,56.54074066573412,4,0.27069671290309016,0.05613380342546681,0.23297791744375917,1.0,-0.19537307554216032
1473488,2025-05-02,2025,Gujarat Titans,Sunrisers Hyderabad,"Narendra Modi Stadium, Ahmedabad",1,54.23648770422551,0.19999999999999996,0.04999999999999999,0.18293021273376397,0.030331396960408652,0.30000000000000004,0.5833333333333334,54,112,0.5,7.0,-3.5103484390474478,-1,0.15259881577335532,0.05217855678468508,-0.16108305290948755,-3.0,-0.2321249138700527
1473489,2025-05-03,2025,Royal Challengers Bengaluru,Chennai Super Kings,"M Chinnaswamy Stadium, Bengaluru",1,90.02605973275467,0.6000000000000001,0.30000000000000004,0.1606909502699685,-0.1334378647186154,-0.09999999999999998,-0.08333333333333331,111,116,0.16666666666666663,-1.0,35.586456629920804,3,0.2941288149885839,-0.09239086426759302,-0.1196439498189461,3.0,-0.059354957989965096
1473490,2025-05-04,2025,Kolkata Knight Riders,Rajasthan Royals,"Eden Gardens, Kolkata",1,40.57192160692625,0.2,0.19999999999999996,-0.11219035165354319,-0.19709800417663303,0.0,-0.16666666666666663,110,112,-0.16666666666666669,-2.0,14.259896581204202,1,0.08490765252308985,-0.14634581063343832,0.1629425451967379,2.0,-0.06646193082832169
1473491,2025-05-04,2025,Punjab Kings,Lucknow Super Giants,"Himachal Pradesh Cricket Association Stadium, Dharamsala",1,9.416348906968096,0.19999999999999996,0.04999999999999999,0.07560107029272767,-0.05913839688599776,-0.09999999999999998,-0.5,105,53,-0.16666666666666669,-6.0,43.13916707329258,1,0.13473946717872543,-0.0253370396652024,-0.04179971307193231,-3.0,0.17012055036429408
1473493,2025-05-06,2025,Mumbai Indians,Gujarat Titans,"Wankhede Stadium, Mumbai",0,-19.060851876333572,0.4,-0.10000000000000003,0.010272167688412326,-0.34772114545858135,-0.16666666666666669,-0.016666666666666607,112,55,-0.5,-0.1999999999999993,23.05442084437027,5,0.3579933131469937,0.036352102480858406,0.37380108025102743,1.0,-0.026990999306644517
1473494,2025-05-07,2025,Kolkata Knight Riders,Chennai Super Kings,"Eden Gardens, Kolkata",0,82.30567335228716,0.39999999999999997,0.35000000000000003,-0.018420714404288496,-0.17535945669390118,-0.09999999999999998,-0.41666666666666663,111,117,0.16666666666666663,-5.0,35.01181735739078,2,0.1569387422896127,-0.10044046139063245,0.09333970970755723,-1.0,0.06747429075959627
1473497,2025-05-18,2025,Punjab Kings,Rajasthan Royals,"Sawai Mansingh Stadium, Jaipur",1,55.2939565124193,0.6000000000000001,0.15000000000000002,-0.15381581558377544,-0.2819899893317641,-0.2,0.08333333333333331,106,113,-0.16666666666666669,1.0,34.083196139644315,2,0.12817417374798867,-0.15267196544430206,0.2831338394712375,0.0,-0.049786191958536785
1473498,2025-05-18,2025,Delhi Capitals,Gujarat Titans,"Arun Jaitley Stadium, Delhi",0,-38.14943632468771,-0.6000000000000001,0.0,-0.08711911693131413,-0.01983065126721839,0.0,-0.08333333333333331,111,56,0.16666666666666663,-1.0,-35.917977315427606,-2,-0.06728846566409574,-0.04728290644426392,0.05966686175426861,7.0,-0.10462822273221722
1473499,2025-05-19,2025,Lucknow Super Giants,Sunrisers Hyderabad,"Bharat Ratna Shri Atal Bihari Vajpayee Ekana Cricket Stadium, Lucknow",0,28.23638246567907,-0.2,0.04999999999999999,-0.06778354259087549,-0.023411561701611072,0.30000000000000004,0.5,54,113,0.16666666666666663,6.0,-2.706985935407147,0,-0.04437198088926442,-0.22194240421768097,-0.1307472999251944,-2.0,-0.2165677926043359
1473500,2025-05-20,2025,Chennai Super Kings,Rajasthan Royals,"Arun Jaitley Stadium, Delhi",0,-3.311281067543405,0.0,0.0,-0.17016046711972432,-0.10304005803549465,-0.2,0.3333333333333333,118,114,-0.16666666666666669,4.0,0.688567403674142,1,-0.06712040908422967,-0.18579409463932528,0.0874064305158937,11.0,-0.14921637279902764
1473501,2025-05-21,2025,Mumbai Indians,Delhi Capitals,"Wankhede Stadium, Mumbai",1,9.091078435787267,0.6000000000000001,-0.10000000000000003,0.10323170515428526,-0.3060094308896004,0.09999999999999998,0.25000000000000006,113,112,0.16666666666666663,3.0,38.93160814719772,0,0.4092411360438857,0.052595254876536046,0.2553729806118512,12.0,0.07365225949867366
1473502,2025-05-22,2025,Lucknow Super Giants,Gujarat Titans,"Narendra Modi Stadium, Ahmedabad",1,-72.07233870362757,-0.6000000000000001,-0.14999999999999997,-0.1693166495097842,0.10199833300276695,-0.16666666666666669,-0.5833333333333334,55,57,0.16666666666666663,-7.0,-56.0992831494716,-3,-0.27131498251255115,-0.12248223100495292,-0.05516391449793567,-1.0,-0.09903603550155432
1473503,2025-05-23,2025,Sunrisers Hyderabad,Royal Challengers Bengaluru,"Bharat Ratna Shri Atal Bihari Vajpayee Ekana Cricket Stadium, Lucknow",1,-71.90392695013952,-0.4,-0.29999999999999993,-0.06660458107941003,0.08454497098998903,0.0,-0.5,114,112,-0.16666666666666669,-6.0,-33.37212354075518,-3,-0.15114955206939906,-0.06522666914516617,-0.08316705905574517,-16.0,0.004328549365059886
1485779,2025-05-24,2025,Punjab Kings,Delhi Capitals,"Sawai Mansingh Stadium, Jaipur",0,41.73539096909667,0.6000000000000001,0.0,0.1661513763765392,-0.05667868121004438,-0.09999999999999998,1.0,107,113,0.16666666666666663,12.0,55.715322931573155,3,0.22283005758658359,0.058473683433868606,-0.05099901173262622,3.0,0.06041967672615606
1473504,2025-05-25,2025,Chennai Super Kings,Gujarat Titans,"Narendra Modi Stadium, Ahmedabad",1,-97.27357293206092,-0.39999999999999997,-0.3,-0.11238780390443992,-0.10593704706807228,-0.07142857142857145,-0.25000000000000006,119,58,0.16666666666666663,-3.0,-28.529015860588288,0,-0.006450756836367644,-0.18247672804629378,0.03584812292621842,2.0,-0.06110486781837679
1473505,2025-05-25,2025,Sunrisers Hyderabad,Kolkata Knight Riders,"Arun Jaitley Stadium, Delhi",1,-24.886789723668926,0.19999999999999996,-0.14999999999999997,0.11559558163891936,0.057213537598477915,-0.3,0.0,115,112,-0.5,0.0,27.295363813126414,2,0.05838204404044145,0.020855462920303047,-0.15195365631709423,-16.0,0.05565914553694229
1473506,2025-05-26,2025,Mumbai Indians,Punjab Kings,"Sawai Mansingh Stadium, Jaipur",0,-1.9720212939787416,0.20000000000000007,-0.10000000000000003,-0.07628883610878279,-0.3912806306668706,0.09999999999999998,0.0,114,108,0.16666666666666663,0.0,4.422704847657997,1,0.3149917945580878,-0.02086704592605959,0.4467024208495938,3.0,-0.03941161093323717
1473507,2025-05-27,2025,Lucknow Super Giants,Royal Challengers Bengaluru,"Bharat Ratna Shri Atal Bihari Vajpayee Ekana Cricket Stadium, Lucknow",0,-41.20372326831057,-0.6000000000000001,-0.24999999999999994,-0.014568402917168655,0.12013956820321514,-0.09999999999999998,-0.08333333333333331,56,113,0.16666666666666663,-1.0,-33.17784610308786,1,-0.1347079711203838,-0.04615761583443878,-0.15172878112048527,1.0,0.09709531150172265
1473508,2025-05-29,2025,Punjab Kings,Royal Challengers Bengaluru,"Maharaja Yadavindra Singh International Cricket Stadium, Mullanpur",0,-15.213554961604814,0.0,-0.15000000000000002,0.04634306960360779,-0.07949685946048479,0.0,-0.6666666666666667,109,114,-0.16666666666666669,-8.0,2.7294908877986472,0,0.12583992906409258,0.02677311931257642,0.059926909169453424,1.0,-0.0675393099399817
1473509,2025-05-30,2025,Mumbai Indians,Gujarat Titans,"Maharaja Yadavindra Singh International Cricket Stadium, New Chandigarh",1,-22.301942796927733,0.0,-0.10000000000000003,0.008855561786266897,-0.344611098667325,-0.2142857142857143,0.0,115,59,-0.5,0.0,6.105593189419096,0,0.3534666604535919,-0.0762309827907075,0.2595245540903506,-1.0,-0.08539974956801083
1473510,2025-06-01,2025,Mumbai Indians,Punjab Kings,"Narendra Modi Stadium, Ahmedabad",0,-1.6550841644464072,0.0,-0.09999999999999998,-0.04333889286801251,-0.2941982323554029,0.0,-0.6,116,110,0.16666666666666663,-7.199999999999999,3.377082778180238,1,0.25085933948739036,-0.08200449640710072,0.25553262881631467,-1.0,-0.04492941220129826
1473511,2025-06-03,2025,Royal Challengers Bengaluru,Punjab Kings,"Narendra Modi Stadium, Ahmedabad",1,24.385988431422902,0.20000000000000007,0.15000000000000002,0.10683543969680764,-0.07150944252063884,0.09999999999999998,-0.2666666666666666,115,111,0.16666666666666663,-3.1999999999999993,14.669083403007562,1,0.1783448822174465,0.030132571562615507,-0.005193425613553293,3.0,-0.030684337082621138
1527674,2026-03-28,2026,Sunrisers Hyderabad,Royal Challengers Bengaluru,"M Chinnaswamy Stadium, Bengaluru",0,-32.39454001532704,0.0,-0.25,0.008659377758760467,-0.09111617388328197,0.09999999999999998,0.5,116,116,0.16666666666666663,6.0,38.27979882396562,0,0.09977555164204244,0.08214615579015994,0.16460295191468144,9.0,0.12019186821515285
1527675,2026-03-29,2026,Kolkata Knight Riders,Mumbai Indians,"Wankhede Stadium, Mumbai",0,-3.0436898888519863,0.0,0.09999999999999998,-0.06244879222369559,0.215459430226554,0.0,-0.13888888888888895,113,117,0.16666666666666663,-1.666666666666667,-1.9048842747843082,0,-0.2779082224502496,0.010675263875265628,-0.14233537412759278,7.0,-0.06854898067701376
1527676,2026-03-30,2026,Chennai Super Kings,Rajasthan Royals,"Barsapara Cricket Stadium, Guwahati",0,-5.195923449735119,0.0,0.04999999999999999,-0.07796428461702343,-0.07815117346695422,-0.3,-0.4,120,115,-0.16666666666666669,-4.800000000000001,27.70030284297718,0,0.00018688884993078858,-0.032181062684829786,0.12393439539914786,-5.0,-0.15251791809655815
1527677,2026-03-31,2026,Gujarat Titans,Punjab Kings,"Maharaja Yadavindra Singh International Cricket Stadium, New Chandigarh",0,-0.6441410461486612,0.0,0.0,-0.026714610943868733,0.0792921332977441,0.0,-0.5,60,112,-0.16666666666666669,-6.0,-25.861564216881334,0,-0.10600674424161283,-0.1093667322450107,-0.16194425459888606,4.0,0.02772586839130503
1527678,2026-04-01,2026,Lucknow Super Giants,Delhi Capitals,"Bharat Ratna Shri Atal Bihari Vajpayee Ekana Cricket Stadium, Lucknow",0,-7.170854699592837,0.0,-0.15000000000000002,0.15682716291790189,0.21322067436340886,-0.07142857142857145,-0.3333333333333333,57,114,-0.5,-4.0,7.03476120722712,-1,-0.05639351144550697,0.04115876749589242,-0.3288890697854183,-3.0,-0.020582462646531657
1527679,2026-04-02,2026,Sunrisers Hyderabad,Kolkata Knight Riders,"Eden Gardens, Kolkata",1,-0.886222973696249,0.19999999999999996,-0.10000000000000003,0.20301450534799836,-0.05921924752724639,-0.2,-0.16666666666666669,117,114,-0.16666666666666669,-2.0,48.36668463119372,0,0.26223375287524475,0.030464589471093095,-0.11333066834965888,1.0,0.12435471126721238
1527680,2026-04-03,2026,Chennai Super Kings,Punjab Kings,"MA Chidambaram Stadium, Chepauk, Chennai",0,-51.06351016575741,-0.19999999999999996,-0.3,0.03340437674353214,0.07565126656891885,-0.2,-0.38333333333333336,121,113,-0.16666666666666669,-4.600000000000001,13.570701638438777,-1,-0.04224688982538671,0.0026615884298908377,-0.10639405488256015,1.0,0.08837498069765126
1527681,2026-04-04,2026,Mumbai Indians,Delhi Capitals,"Arun Jaitley Stadium, Delhi",0,4.177659177588112,0.19999999999999996,0.0,0.21475786073642888,0.03876615742733569,0.09999999999999998,0.38333333333333336,118,115,0.16666666666666663,4.600000000000001,-4.708575414258121,-1,0.1759917033090932,0.12743684489805518,-0.1260871732657094,3.0,-0.05292239554640943
1527682,2026-04-04,2026,Rajasthan Royals,Gujarat Titans,"Narendra Modi Stadium, Ahmedabad",1,-5.559604467223153,0.2,-0.2,0.0965534603063829,-0.19172296806308609,-0.25,0.09999999999999998,116,61,-0.16666666666666669,1.1999999999999993,70.0761770078102,2,0.288276428369469,-0.10491412846777481,-0.009744620711071628,1.0,0.0027256433698051863
1527683,2026-04-05,2026,Sunrisers Hyderabad,Lucknow Super Giants,"Rajiv Gandhi International Stadium, Uppal, Hyderabad",0,17.20658392430255,0.6000000000000001,0.09999999999999998,0.22199479428748803,-0.06212757596384222,-0.16666666666666669,-0.08333333333333326,118,58,0.16666666666666663,-1.0,11.780606782831,1,0.28412237025133025,0.13357183987356946,-0.026295378450076345,-1.0,-0.04451092621447822
1527684,2026-04-05,2026,Royal Challengers Bengaluru,Chennai Super Kings,"M Chinnaswamy Stadium, Bengaluru",1,80.18537800796253,0.4,0.45,0.26768182751799663,-0.003417969976512003,-0.09999999999999998,0.16666666666666669,117,122,0.5,2.0,-19.1294836523748,4,0.27109979749450863,0.1558157882661051,-0.10844806927537953,6.0,-0.04808003748963077
1527686,2026-04-07,2026,Rajasthan Royals,Mumbai Indians,"Barsapara Cricket Stadium, Guwahati",1,0.312910766824416,0.19999999999999996,-0.15000000000000002,0.0732777607780537,-0.14033178035932847,-0.09999999999999998,0.0,117,119,0.16666666666666663,0.0,59.98075733903079,3,0.21360954113738218,0.05347064096474807,0.12052466054602284,0.0,-0.17104334084837058
1527687,2026-04-08,2026,Gujarat Titans,Delhi Capitals,"Arun Jaitley Stadium, Delhi",1,-30.51030863864412,-0.6,-0.09999999999999998,0.05600984819438515,0.23023124014228458,0.0714285714285714,0.24999999999999994,62,116,0.16666666666666663,3.0,-71.43688345756073,-3,-0.17422139194789943,0.0027549055919391385,-0.2834861827447306,0.0,-0.03366778975522172
1527688,2026-04-09,2026,Kolkata Knight Riders,Lucknow Super Giants,"Eden Gardens, Kolkata",0,-12.453048886387933,-0.2,0.15000000000000002,0.010131380260721246,0.2159620996438818,-0.16666666666666669,-0.08333333333333331,115,59,0.16666666666666663,-1.0,-30.720658814124135,-1,-0.20583071938316055,0.003619952286646466,-0.22247352761795658,3.0,-0.13928639998135672
1527689,2026-04-10,2026,Royal Challengers Bengaluru,Rajasthan Royals,"Barsapara Cricket Stadium, Guwahati",0,34.32897123258704,0.19999999999999996,0.35,0.0668420988836822,0.03540872376594306,0.09999999999999998,-0.0714285714285714,118,118,0.16666666666666663,-0.8571428571428568,-51.42761458903283,1,0.03143337511773914,0.3320539690266564,0.22980314637703114,2.0,0.04975165936054485
1527690,2026-04-11,2026,Sunrisers Hyderabad,Punjab Kings,"Maharaja Yadavindra Singh International Cricket Stadium, New Chandigarh",0,-38.964142715257594,0.0,-0.2,0.21874763697251676,0.044526504939162326,0.19999999999999996,-0.5,119,114,0.5,-6.0,-7.860316276829508,-2,0.17422113203335443,0.19173550617841273,-0.07153863573326635,-2.0,0.05764311100572869
1527691,2026-04-11,2026,Chennai Super Kings,Delhi Capitals,"MA Chidambaram Stadium, Chepauk, Chennai",1,-56.20381361201839,-0.39999999999999997,-0.30000000000000004,0.0859702452597404,0.24046793471485373,-0.09999999999999998,-0.3333333333333333,123,117,-0.16666666666666669,-4.0,-14.118973676922224,0,-0.15449768945511333,0.05540407781582757,-0.27103410215876655,3.0,0.048496068540161474
1527692,2026-04-12,2026,Lucknow Super Giants,Gujarat Titans,"Bharat Ratna Shri Atal Bihari Vajpayee Ekana Cricket Stadium, Lucknow",0,2.8926057830854006,0.39999999999999997,-0.10000000000000003,0.03398945450184643,-0.16079008888915935,-0.07142857142857145,0.0,60,63,0.5,0.0,36.32437228374238,1,0.19477954339100578,-0.13474754277815792,-0.007946908390844998,-1.0,0.03996290002115516
1527693,2026-04-12,2026,Royal Challengers Bengaluru,Mumbai Indians,"Wankhede Stadium, Mumbai",1,43.639005111486995,0.4,0.19999999999999996,0.11055051431958463,-0.17759094055781288,0.0,0.08333333333333326,119,120,-0.16666666666666669,1.0,-11.606059062747136,0,0.2881414548773975,0.04292876752109254,0.1099691937593208,-3.0,0.006584759894376818
1529264,2026-04-13,2026,Sunrisers Hyderabad,Rajasthan Royals,"Rajiv Gandhi International Stadium, Uppal, Hyderabad",1,-44.275773599650165,-0.6,-0.04999999999999999,-0.1223832597871557,0.16354463601950364,0.09999999999999998,0.25000000000000006,120,119,0.5,3.0,-59.40915907553449,-5,-0.28592789580665934,0.19383467096187923,0.15267329472953128,-1.0,0.12001963155488715
1529265,2026-04-14,2026,Chennai Super Kings,Kolkata Knight Riders,"MA Chidambaram Stadium, Chepauk, Chennai",1,-6.997712828164367,0.4,-0.2,0.04174912529777486,-0.09442277978533231,0.19999999999999996,-0.23809523809523808,124,116,0.16666666666666663,-2.8571428571428568,14.903436256457553,1,0.13617190508310717,-0.16631505680511682,-0.11364140231755937,-2.0,0.1816342027775114
1529266,2026-04-15,2026,Lucknow Super Giants,Royal Challengers Bengaluru,"M Chinnaswamy Stadium, Bengaluru",0,-53.16077888062932,-0.4,-0.24999999999999994,-0.3610223485281028,-0.19552414308990773,-0.16666666666666669,0.41666666666666663,61,120,-0.16666666666666669,5.0,-14.308495207638089,-1,-0.16549820543819505,-0.23955416363865134,0.31699232797935917,0.0,-0.022619439669435887
1529267,2026-04-16,2026,Mumbai Indians,Punjab Kings,"Wankhede Stadium, Mumbai",0,-52.48506366028823,-0.6000000000000001,-0.15000000000000002,-0.012123214318410902,0.25013971346409813,0.0,0.08333333333333337,121,115,-0.16666666666666669,1.0,-37.33730623058591,-3,-0.26226292778250904,0.12816200005157508,-0.10985449909411216,-1.0,0.004610634941610903
1529268,2026-04-17,2026,Kolkata Knight Riders,Gujarat Titans,"Narendra Modi Stadium, Ahmedabad",0,-49.12853190796159,-0.4,-0.14999999999999997,-0.039741194154346626,0.16723524044466154,-0.25,0.3333333333333333,117,64,-0.16666666666666669,4.0,-40.598710354655395,-2,-0.20697643459900816,-0.07365617999366525,-0.20115022628398016,-2.0,-0.024970059950863044
1529269,2026-04-18,2026,Royal Challengers Bengaluru,Delhi Capitals,"M Chinnaswamy Stadium, Bengaluru",0,57.29708664144755,0.20000000000000007,0.25,0.3137578714030649,0.09649144989860425,0.09999999999999998,0.3333333333333333,121,118,0.16666666666666663,4.0,16.54535492977334,2,0.21726642150446063,0.31100215575764056,-0.09924716554402857,-4.0,0.013896772488016323
1529270,2026-04-18,2026,Sunrisers Hyderabad,Chennai Super Kings,"Rajiv Gandhi International Stadium, Uppal, Hyderabad",1,17.492312036432622,0.0,0.15000000000000002,0.09858846583147485,-0.025118285595927325,-0.09999999999999998,0.5833333333333334,121,125,0.16666666666666663,7.0,-3.6171546006271456,-1,0.12370675142740217,-0.05063714452164292,-0.12410732475719044,1.0,-0.08576449133177452
1529271,2026-04-19,2026,Rajasthan Royals,Kolkata Knight Riders,"Eden Gardens, Kolkata",0,61.23344551041282,0.8,0.04999999999999999,0.22780089185950558,-0.06735009219902488,-0.09999999999999998,0.08333333333333331,120,118,-0.16666666666666669,1.0,58.33229077200144,0,0.29515098405853046,0.1084250353771401,-0.0520257642833406,4.0,0.1095621636022415
1529272,2026-04-19,2026,Punjab Kings,Lucknow Super Giants,"Maharaja Yadavindra Singh International Cricket Stadium, New Chandigarh",1,61.48825845782835,0.4,0.24999999999999994,0.3605402829378366,0.1033165658539279,0.0,0.5,116,62,0.16666666666666663,6.0,34.334598648720885,4,0.2572237170839087,0.2637631680803372,-0.2000936807114273,-1.0,0.10339705988704533
1529273,2026-04-20,2026,Mumbai Indians,Gujarat Titans,"Narendra Modi Stadium, Ahmedabad",1,-42.34925523395577,-0.39999999999999997,-0.09999999999999998,0.1421104991661266,0.2958494236581597,-0.125,-0.5,122,65,-0.16666666666666669,-6.0,-56.756981525048104,-3,-0.15373892449203308,0.15371032238921312,-0.2842496004350732,1.0,0.035137694226288124
1529274,2026-04-21,2026,Sunrisers Hyderabad,Delhi Capitals,"Rajiv Gandhi International Stadium, Uppal, Hyderabad",1,-7.440093652749056,0.0,-0.10000000000000003,0.1307997625753088,0.039762900340645224,-0.09999999999999998,-0.41666666666666663,122,119,0.16666666666666663,-5.0,2.111448147802321,1,0.09103686223466356,0.12824218753077798,-0.042320475385176026,0.0,0.05209075590073191
1529275,2026-04-22,2026,Rajasthan Royals,Lucknow Super Giants,"Bharat Ratna Shri Atal Bihari Vajpayee Ekana Cricket Stadium, Lucknow",1,25.76929681390766,0.19999999999999996,0.0,0.23170021695667176,0.035579456300473655,0.16666666666666663,0.75,121,63,0.16666666666666663,9.0,15.13567884660074,0,0.1961207606561981,0.051514620836675906,-0.2157650524204695,0.0,0.20210179300954081
1529276,2026-04-23,2026,Chennai Super Kings,Mumbai Indians,"Wankhede Stadium, Mumbai",1,-22.67940447618639,0.2,-0.25000000000000006,-0.012779960833050108,-0.014797412622803208,0.09999999999999998,-0.08333333333333337,126,123,0.16666666666666663,-1.0,20.60529960818053,-1,0.0020174517897530997,-0.057488573513118535,-0.02991120005726522,2.0,-0.02159747130236042
1529277,2026-04-24,2026,Gujarat Titans,Royal Challengers Bengaluru,"M Chinnaswamy Stadium, Bengaluru",0,-35.35185499621207,0.0,-0.09999999999999998,-0.24680045533134587,-0.0436326190923233,0.0,0.0,66,122,-0.16666666666666669,0.0,23.728514721747615,0,-0.20316783623902257,-0.1322011925984703,0.15823188182519887,-2.0,0.027621717254959377
1529278,2026-04-25,2026,Delhi Capitals,Punjab Kings,"Arun Jaitley Stadium, Delhi",0,-55.48931810685508,-0.6,-0.19999999999999996,-0.2613739018691792,0.06107477801365668,0.19999999999999996,-0.5833333333333333,120,117,0.16666666666666663,-7.0,-55.23256077313249,-5,-0.3224486798828359,-0.017326674848492374,0.18297244900703014,-2.0,-0.14399692666782854
1529279,2026-04-25,2026,Rajasthan Royals,Sunrisers Hyderabad,"Sawai Mansingh Stadium, Jaipur",0,-0.45506176030244205,0.0,-0.04999999999999999,-0.07661581353998725,-0.017017634041061713,-0.2,-0.5833333333333333,122,123,-0.5,-7.0,-24.86277110954188,-2,-0.05959817949892554,0.0482005370874965,0.14183398466854547,-1.0,0.1524477719349766
1529280,2026-04-26,2026,Chennai Super Kings,Gujarat Titans,"MA Chidambaram Stadium, Chepauk, Chennai",0,-22.96501351803954,0.0,-0.25000000000000006,0.1303917264622978,-0.1203392438969475,0.0,0.4166666666666667,127,67,0.16666666666666663,5.0,24.480305218239664,1,0.2507309703592453,0.016533209780701608,0.006480727215351312,1.0,-0.12338222999731926
1529282,2026-04-27,2026,Delhi Capitals,Royal Challengers Bengaluru,"Arun Jaitley Stadium, Delhi",0,-61.64481093902555,-0.39999999999999997,-0.19999999999999996,-0.005005894223710783,0.1770555145170063,-0.09999999999999998,-0.08333333333333331,121,123,0.16666666666666663,-1.0,-33.183707279374175,-1,-0.18206140874071708,0.06479200837098098,-0.10725761192231453,-1.0,0.06785980666915006
1529283,2026-04-28,2026,Punjab Kings,Rajasthan Royals,"Maharaja Yadavindra Singh International Cricket Stadium, New Chandigarh",0,61.35948644556197,0.6,0.24999999999999994,0.4324511518899099,0.18395598219195763,-0.09999999999999998,0.5,118,123,0.16666666666666663,6.0,57.787917380660474,6,0.24849516969795227,0.40290741825656307,-0.21349971582530447,0.0,-0.15122757300502737
1529284,2026-04-29,2026,Mumbai Indians,Sunrisers Hyderabad,"Wankhede Stadium, Mumbai",0,-44.659671893205996,-0.6000000000000001,0.0,-0.24327239289080604,0.08093592150708973,0.19999999999999996,0.35714285714285715,124,124,0.5,4.285714285714286,-57.655683011722886,-4,-0.32420831439789577,-0.08344511106157326,0.07889136032214306,2.0,0.18154203678173716
1529285,2026-04-30,2026,Royal Challengers Bengaluru,Gujarat Titans,"Narendra Modi Stadium, Ahmedabad",0,52.2279646986367,0.20000000000000007,0.19999999999999996,0.2781747884929353,-0.13508324197748123,0.0714285714285714,0.0,124,68,0.16666666666666663,0.0,16.34108796165151,1,0.41325803047041654,0.22439884650788433,0.08130729999243025,-1.0,-0.029919276511563925
1529286,2026-05-01,2026,Rajasthan Royals,Delhi Capitals,"Sawai Mansingh Stadium, Jaipur",0,30.954534238735278,0.2,0.04999999999999999,0.03728241037238167,-0.2573811521094498,-0.09999999999999998,-0.08333333333333331,124,122,0.16666666666666663,-1.0,14.51646733936218,1,0.29466356248183145,-0.31745098935094007,-0.09735224761387196,-1.0,-0.13724014347808217
1529287,2026-05-02,2026,Mumbai Indians,Chennai Super Kings,"MA Chidambaram Stadium, Chepauk, Chennai",0,1.9940745438673275,-0.39999999999999997,0.2,0.048728237432112076,0.3070915908921694,-0.2,0.041666666666666685,125,128,-0.16666666666666669,0.5,-18.677594352680217,0,-0.25836335346005734,0.18538772367783696,-0.17043210464644454,-3.0,0.18617670319669202
1529288,2026-05-03,2026,Sunrisers Hyderabad,Kolkata Knight Riders,"Rajiv Gandhi International Stadium, Uppal, Hyderabad",0,66.16785924831015,0.8,0.15000000000000002,0.4271869081770381,0.11932762067234792,-0.09999999999999998,-0.33333333333333337,125,119,0.16666666666666663,-4.0,55.11360275795232,4,0.30785928750469016,0.3576256570239835,-0.18888887182540248,-10.0,0.06710807193487199
1529289,2026-05-03,2026,Punjab Kings,Gujarat Titans,"Narendra Modi Stadium, Ahmedabad",0,31.421074949431386,0.20000000000000007,0.1499999999999999,0.4690484723616066,0.2755304722806049,0.0714285714285714,-0.011904761904761973,119,69,0.16666666666666663,-0.14285714285714324,12.784520882943298,-2,0.19351800008100173,0.45364852243895837,-0.29093042220325316,2.0,-0.13788735921852846
1529290,2026-05-04,2026,Lucknow Super Giants,Mumbai Indians,"Wankhede Stadium, Mumbai",0,8.708114610864186,0.0,-0.09999999999999998,-0.14449203374477815,-0.02320715577728394,0.25,0.0,64,126,0.16666666666666663,0.0,-17.855175553432673,0,-0.12128487796749421,-0.2644739222138013,-0.0967747326917392,10.0,-0.1656512039466417
1529291,2026-05-05,2026,Delhi Capitals,Chennai Super Kings,"Arun Jaitley Stadium, Delhi",0,16.571102975221947,-0.19999999999999996,0.10000000000000003,0.09989467516848505,0.4979422841551977,0.0,-0.08333333333333331,123,129,0.16666666666666663,-1.0,-17.858258471376757,0,-0.39804760898671265,0.20523789342628462,-0.3925990658973981,1.0,0.3378055379525383
1529292,2026-05-06,2026,Sunrisers Hyderabad,Punjab Kings,"Rajiv Gandhi International Stadium, Uppal, Hyderabad",1,-21.4409175191347,0.20000000000000007,-0.09999999999999998,-0.04542867417132013,-0.07860562674057303,0.09999999999999998,0.5833333333333334,126,120,0.16666666666666663,7.0,23.025909748849244,0,0.033176952569252904,0.07150112303718004,0.1955354239490732,0.0,-0.03345727979129079
1529293,2026-05-07,2026,Lucknow Super Giants,Royal Challengers Bengaluru,"Bharat Ratna Shri Atal Bihari Vajpayee Ekana Cricket Stadium, Lucknow",1,-91.98669917946836,-0.6,-0.35,-0.22730128630612878,0.33824055309713774,-0.2142857142857143,-0.41666666666666663,65,125,-0.16666666666666669,-5.0,-30.344180580678085,0,-0.5655418394032665,0.05360284529619541,-0.05733642149481355,-4.0,0.005717338469153538
1529294,2026-05-08,2026,Delhi Capitals,Kolkata Knight Riders,"Arun Jaitley Stadium, Delhi",0,6.340998797382554,-0.2,0.0,0.11883315040777642,0.4483763615949543,-0.09999999999999998,0.0,124,120,-0.5,0.0,-21.07792257441065,-2,-0.3295432111871779,0.09320109358387918,-0.47400841841885155,-2.0,0.39270781830118723
1529295,2026-05-09,2026,Gujarat Titans,Rajasthan Royals,"Sawai Mansingh Stadium, Jaipur",1,28.233052379356877,0.19999999999999996,0.10000000000000003,-0.150799040020005,-0.1286259188854355,0.16666666666666663,0.24999999999999994,70,125,-0.16666666666666669,3.0,22.615824929793916,3,-0.022173121134569485,-0.14224228028123975,0.13718267862420075,-2.0,-0.04128919859450075
1529296,2026-05-10,2026,Lucknow Super Giants,Chennai Super Kings,"MA Chidambaram Stadium, Chepauk, Chennai",0,-17.55236455361637,-0.39999999999999997,0.0,0.03454053961709391,0.38890525240141094,0.09999999999999998,-0.08333333333333337,66,130,0.16666666666666663,-1.0,-37.01715691503864,-1,-0.354364712784317,0.140845226278985,-0.28260056573951986,-2.0,0.1757158643523645
1529297,2026-05-10,2026,Mumbai Indians,Royal Challengers Bengaluru,"Shaheed Veer Narayan Singh International Stadium, Raipur",0,-67.60622561125842,0.0,-0.19999999999999996,-0.0755266946952371,0.12561155521082656,-0.09999999999999998,0.0,127,126,-0.16666666666666669,0.0,-12.330932576161103,1,-0.20113824990606366,0.09847464544078921,0.04838978492519974,3.0,0.15663196260979467
1529298,2026-05-11,2026,Punjab Kings,Delhi Capitals,"Himachal Pradesh Cricket Association Stadium, Dharamsala",0,57.07039247636658,0.2,0.30000000000000004,0.346916105718041,-0.05161582485746319,-0.09999999999999998,-0.8,121,125,0.16666666666666663,-9.6,-6.835257042572948,0,0.3985319305755042,-0.04629435633663981,-0.3415946371972176,2.0,-0.18671876313844266
1529299,2026-05-12,2026,Gujarat Titans,Sunrisers Hyderabad,"Narendra Modi Stadium, Ahmedabad",1,10.396504344874984,0.0,0.0,-0.24214897820811965,-0.22533753816125945,0.33333333333333337,0.5833333333333334,71,127,0.5,7.0,23.479984600743137,3,-0.016811440046860193,-0.0654320194871536,0.4020544968822255,-3.0,-0.1073120371560493
1529300,2026-05-13,2026,Kolkata Knight Riders,Royal Challengers Bengaluru,"Shaheed Veer Narayan Singh International Stadium, Raipur",0,-57.87843064043841,0.0,-0.29999999999999993,-0.17473531388879082,-0.07632015635847234,0.09999999999999998,-0.5,121,127,0.16666666666666663,-6.0,32.970353393453706,2,-0.09841515753031849,0.006433952614767202,0.25748942286203036,2.0,-0.11197190778495036
1529301,2026-05-14,2026,Punjab Kings,Mumbai Indians,"Himachal Pradesh Cricket Association Stadium, Dharamsala",0,57.302866254741275,0.0,0.14999999999999997,0.20004363397791303,0.1662431360884309,0.09999999999999998,-0.33333333333333337,122,128,0.5,-4.0,-28.287425769386573,0,0.03380049788948214,0.057712514509626445,-0.30857425555671747,-1.0,-0.13953223052254277
1529302,2026-05-15,2026,Chennai Super Kings,Lucknow Super Giants,"Bharat Ratna Shri Atal Bihari Vajpayee Ekana Cricket Stadium, Lucknow",0,36.54282794550272,0.6000000000000001,0.10000000000000003,-0.06248674922714037,-0.39115708347512146,0.0,0.25,131,67,0.16666666666666663,3.0,37.10730603794582,3,0.3286703342479811,-0.2353792515845674,0.21826458111769442,0.0,-0.10880156065762436
1529303,2026-05-16,2026,Kolkata Knight Riders,Gujarat Titans,"Eden Gardens, Kolkata",1,-71.2848950400737,-0.4,-0.19999999999999996,-0.03711346389052017,0.0961970938868526,-0.3,-0.5833333333333333,122,72,-0.5,-7.0,-15.824652068013393,-5,-0.13331055777737277,0.22018669079891162,0.1611030608025792,-1.0,-0.001000468505336527
1529304,2026-05-17,2026,Royal Challengers Bengaluru,Punjab Kings,"Himachal Pradesh Cricket Association Stadium, Dharamsala",1,46.44389895918471,0.6,0.19999999999999996,-0.02115702494223326,-0.3131587929987112,0.19999999999999996,0.8571428571428572,128,123,0.5,10.285714285714286,37.12902919790986,2,0.29200176805647793,-0.1556794795091272,0.17863633843181725,1.0,0.08192711714069698
1529305,2026-05-17,2026,Rajasthan Royals,Delhi Capitals,"Arun Jaitley Stadium, Delhi",0,9.019256160937402,0.0,0.050000000000000044,0.3021333342383028,-0.042832095418279925,-0.09999999999999998,0.25,126,126,-0.16666666666666669,3.0,-20.174247349118787,-1,0.3449654296565827,-0.060552121831235484,-0.31985336065125836,2.0,-0.18163248865729664
1529306,2026-05-18,2026,Chennai Super Kings,Sunrisers Hyderabad,"MA Chidambaram Stadium, Chepauk, Chennai",0,-34.14941709655591,0.0,-0.14999999999999997,-0.18504279883675068,-0.09148967464210966,0.09999999999999998,0.08333333333333337,132,128,-0.16666666666666669,1.0,21.225953675269693,0,-0.09355312419464101,-0.1549197814981116,0.12161269198074875,-3.0,-0.2756414777196833
1529307,2026-05-19,2026,Lucknow Super Giants,Rajasthan Royals,"Sawai Mansingh Stadium, Jaipur",0,-11.822819837071165,0.2,-0.050000000000000044,-0.10332645862995515,-0.16673645143127303,-0.2142857142857143,0.3333333333333333,68,127,-0.16666666666666669,4.0,22.47888891417665,1,0.06340999280131787,-0.18085462582241396,0.08920828423881422,2.0,0.12748901826216255
1529308,2026-05-20,2026,Mumbai Indians,Kolkata Knight Riders,"Eden Gardens, Kolkata",0,-17.924003224270564,-0.4,0.04999999999999999,0.050039933952703786,0.2117577803823063,0.0,-0.5,129,123,0.16666666666666663,-6.0,-21.988941909870164,0,-0.16171784642960252,0.2391791887968655,-0.022618525538144585,2.0,0.03762595797157342
1529309,2026-05-21,2026,Gujarat Titans,Chennai Super Kings,"Narendra Modi Stadium, Ahmedabad",1,60.94445249002001,0.20000000000000007,0.15000000000000002,0.06062495399328771,-0.09710247733136845,0.05555555555555558,0.16666666666666663,73,133,0.16666666666666663,2.0,17.864862991345717,0,0.15772743132465616,0.04145135594235794,0.07792887928043868,2.0,0.06664433735634769
1529310,2026-05-22,2026,Sunrisers Hyderabad,Royal Challengers Bengaluru,"Rajiv Gandhi International Stadium, Uppal, Hyderabad",1,-32.74136841789846,0.0,-0.15000000000000002,0.04769403482577639,-0.035581938015857295,0.0,-0.41666666666666663,129,129,-0.16666666666666669,-5.0,-14.457455854232421,-2,0.08327597284163368,-0.0026239262143170627,-0.014736023024236156,-1.0,0.19855462960354534
1529311,2026-05-23,2026,Lucknow Super Giants,Punjab Kings,"Bharat Ratna Shri Atal Bihari Vajpayee Ekana Cricket Stadium, Lucknow",0,-36.231674043895964,0.4,-0.25000000000000006,0.20437406077009324,0.04005082769335422,-0.07142857142857145,-0.3333333333333333,69,124,-0.5,-4.0,47.030261667023524,0,0.16432323307673902,0.0383255091941479,-0.20609937926929955,-2.0,-0.045667445278267035
1529312,2026-05-24,2026,Rajasthan Royals,Mumbai Indians,"Wankhede Stadium, Mumbai",1,29.758088174048908,0.0,0.04999999999999999,0.21059632631682246,0.28284447643964583,0.0,0.0,128,130,0.16666666666666663,0.0,-24.99966819391102,1,-0.07224815012282337,0.2585175019938344,-0.2349233007626339,1.0,-0.12283824262967391
1529313,2026-05-24,2026,Delhi Capitals,Kolkata Knight Riders,"Eden Gardens, Kolkata",1,-5.2950666823144275,-0.20000000000000007,-0.04999999999999999,-0.0656412738474006,0.21769576354204268,-0.09999999999999998,-0.5,127,124,-0.5,-6.0,-22.112658824044956,0,-0.28333703738944327,0.11822703128596035,-0.03382745840868173,3.0,0.021446750937443804
1535462,2026-05-26,2026,Royal Challengers Bengaluru,Gujarat Titans,"Himachal Pradesh Cricket Association Stadium, Dharamsala",1,4.7835980001611915,-0.20000000000000007,0.09999999999999998,-0.010111011535305803,0.1587166841658616,0.0,0.5,130,74,-0.16666666666666669,6.0,-0.9709992786602015,-1,-0.1688276957011674,0.10142013129436633,-0.04718554133618946,-1.0,-0.027400945031909596
1535463,2026-05-27,2026,Rajasthan Royals,Sunrisers Hyderabad,"Maharaja Yadavindra Singh International Cricket Stadium, New Chandigarh",1,-37.92799525520854,-0.19999999999999996,-0.15000000000000002,0.12988237300159944,0.18282370119489855,-0.2,1.0,129,130,-0.5,12.0,-21.51861283596395,0,-0.05294132819329911,0.19397619677401146,-0.11872987742248653,-2.0,-0.21280951341176485
1535464,2026-05-29,2026,Rajasthan Royals,Gujarat Titans,"Maharaja Yadavindra Singh International Cricket Stadium, New Chandigarh",0,-23.05691526271744,0.0,0.0,0.125908703266135,-0.02988496150063935,-0.2,1.0,130,75,0.16666666666666663,12.0,23.55447988718015,3,0.15579366476677436,0.07728983560333247,-0.018733906162163194,-1.0,-0.024571838714748384
1535465,2026-05-31,2026,Gujarat Titans,Royal Challengers Bengaluru,"Narendra Modi Stadium, Ahmedabad",0,-15.170908217634405,-0.20000000000000007,-0.1499999999999999,-0.052275947806309064,0.1287529118462616,-0.05555555555555558,0.23809523809523808,76,131,-0.16666666666666669,2.8571428571428577,-20.228006800638468,0,-0.18102885965257065,0.05401079569732947,-0.02246616834262305,-3.0,-0.020916820337027464
