INFO:     Will watch for changes in these directories: ['/Users/nimishrauniyar/Documents/IPL Prediction']
INFO:     Uvicorn running on http://127.0.0.1:8000 (Press CTRL+C to quit)
INFO:     Started reloader process [1625] using StatReload
INFO:     Started server process [1632]
INFO:     Waiting for application startup.
INFO:     Application startup complete.
INFO:     127.0.0.1:59364 - "GET /api/teams HTTP/1.1" 200 OK
INFO:     127.0.0.1:59365 - "GET /api/seasons HTTP/1.1" 200 OK
INFO:     127.0.0.1:59367 - "GET /api/teams HTTP/1.1" 200 OK
INFO:     127.0.0.1:59368 - "GET /api/seasons HTTP/1.1" 200 OK
/Users/nimishrauniyar/Documents/IPL Prediction/.venv/lib/python3.9/site-packages/sklearn/base.py:380: InconsistentVersionWarning: Trying to unpickle estimator StandardScaler from version 1.7.2 when using version 1.6.1. This might lead to breaking code or invalid results. Use at your own risk. For more info please refer to:
https://scikit-learn.org/stable/model_persistence.html#security-maintainability-limitations
  warnings.warn(
/Users/nimishrauniyar/Documents/IPL Prediction/.venv/lib/python3.9/site-packages/sklearn/base.py:380: InconsistentVersionWarning: Trying to unpickle estimator LogisticRegression from version 1.7.2 when using version 1.6.1. This might lead to breaking code or invalid results. Use at your own risk. For more info please refer to:
https://scikit-learn.org/stable/model_persistence.html#security-maintainability-limitations
  warnings.warn(
/Users/nimishrauniyar/Documents/IPL Prediction/.venv/lib/python3.9/site-packages/sklearn/base.py:380: InconsistentVersionWarning: Trying to unpickle estimator Pipeline from version 1.7.2 when using version 1.6.1. This might lead to breaking code or invalid results. Use at your own risk. For more info please refer to:
https://scikit-learn.org/stable/model_persistence.html#security-maintainability-limitations
  warnings.warn(
/Users/nimishrauniyar/Documents/IPL Prediction/.venv/lib/python3.9/site-packages/sklearn/base.py:380: InconsistentVersionWarning: Trying to unpickle estimator DecisionTreeClassifier from version 1.7.2 when using version 1.6.1. This might lead to breaking code or invalid results. Use at your own risk. For more info please refer to:
https://scikit-learn.org/stable/model_persistence.html#security-maintainability-limitations
  warnings.warn(
/Users/nimishrauniyar/Documents/IPL Prediction/.venv/lib/python3.9/site-packages/sklearn/base.py:380: InconsistentVersionWarning: Trying to unpickle estimator RandomForestClassifier from version 1.7.2 when using version 1.6.1. This might lead to breaking code or invalid results. Use at your own risk. For more info please refer to:
https://scikit-learn.org/stable/model_persistence.html#security-maintainability-limitations
  warnings.warn(
[20:22:14] WARNING: /Users/runner/work/xgboost/xgboost/src/gbm/../common/error_msg.h:80: If you are loading a serialized model (like pickle in Python, RDS in R) or
configuration generated by an older version of XGBoost, please export the model by calling
`Booster.save_model` from that version first, then load it back in current version. See:

    https://xgboost.readthedocs.io/en/stable/tutorials/saving_model.html

for more details about differences between saving model and serializing.

/Users/nimishrauniyar/Documents/IPL Prediction/.venv/lib/python3.9/site-packages/sklearn/base.py:380: InconsistentVersionWarning: Trying to unpickle estimator _SigmoidCalibration from version 1.7.2 when using version 1.6.1. This might lead to breaking code or invalid results. Use at your own risk. For more info please refer to:
https://scikit-learn.org/stable/model_persistence.html#security-maintainability-limitations
  warnings.warn(
/Users/nimishrauniyar/Documents/IPL Prediction/.venv/lib/python3.9/site-packages/sklearn/base.py:380: InconsistentVersionWarning: Trying to unpickle estimator CalibratedClassifierCV from version 1.7.2 when using version 1.6.1. This might lead to breaking code or invalid results. Use at your own risk. For more info please refer to:
https://scikit-learn.org/stable/model_persistence.html#security-maintainability-limitations
  warnings.warn(
INFO:     127.0.0.1:59370 - "GET /api/fixtures?season=2026 HTTP/1.1" 200 OK
/Users/nimishrauniyar/Documents/IPL Prediction/.venv/lib/python3.9/site-packages/sklearn/base.py:380: InconsistentVersionWarning: Trying to unpickle estimator StandardScaler from version 1.7.2 when using version 1.6.1. This might lead to breaking code or invalid results. Use at your own risk. For more info please refer to:
https://scikit-learn.org/stable/model_persistence.html#security-maintainability-limitations
  warnings.warn(
/Users/nimishrauniyar/Documents/IPL Prediction/.venv/lib/python3.9/site-packages/sklearn/base.py:380: InconsistentVersionWarning: Trying to unpickle estimator LogisticRegression from version 1.7.2 when using version 1.6.1. This might lead to breaking code or invalid results. Use at your own risk. For more info please refer to:
https://scikit-learn.org/stable/model_persistence.html#security-maintainability-limitations
  warnings.warn(
/Users/nimishrauniyar/Documents/IPL Prediction/.venv/lib/python3.9/site-packages/sklearn/base.py:380: InconsistentVersionWarning: Trying to unpickle estimator Pipeline from version 1.7.2 when using version 1.6.1. This might lead to breaking code or invalid results. Use at your own risk. For more info please refer to:
https://scikit-learn.org/stable/model_persistence.html#security-maintainability-limitations
  warnings.warn(
/Users/nimishrauniyar/Documents/IPL Prediction/.venv/lib/python3.9/site-packages/sklearn/base.py:380: InconsistentVersionWarning: Trying to unpickle estimator DecisionTreeClassifier from version 1.7.2 when using version 1.6.1. This might lead to breaking code or invalid results. Use at your own risk. For more info please refer to:
https://scikit-learn.org/stable/model_persistence.html#security-maintainability-limitations
  warnings.warn(
/Users/nimishrauniyar/Documents/IPL Prediction/.venv/lib/python3.9/site-packages/sklearn/base.py:380: InconsistentVersionWarning: Trying to unpickle estimator RandomForestClassifier from version 1.7.2 when using version 1.6.1. This might lead to breaking code or invalid results. Use at your own risk. For more info please refer to:
https://scikit-learn.org/stable/model_persistence.html#security-maintainability-limitations
  warnings.warn(
/Users/nimishrauniyar/Documents/IPL Prediction/.venv/lib/python3.9/site-packages/sklearn/base.py:380: InconsistentVersionWarning: Trying to unpickle estimator _SigmoidCalibration from version 1.7.2 when using version 1.6.1. This might lead to breaking code or invalid results. Use at your own risk. For more info please refer to:
https://scikit-learn.org/stable/model_persistence.html#security-maintainability-limitations
  warnings.warn(
/Users/nimishrauniyar/Documents/IPL Prediction/.venv/lib/python3.9/site-packages/sklearn/base.py:380: InconsistentVersionWarning: Trying to unpickle estimator CalibratedClassifierCV from version 1.7.2 when using version 1.6.1. This might lead to breaking code or invalid results. Use at your own risk. For more info please refer to:
https://scikit-learn.org/stable/model_persistence.html#security-maintainability-limitations
  warnings.warn(
/Users/nimishrauniyar/Documents/IPL Prediction/.venv/lib/python3.9/site-packages/sklearn/base.py:380: InconsistentVersionWarning: Trying to unpickle estimator StandardScaler from version 1.7.2 when using version 1.6.1. This might lead to breaking code or invalid results. Use at your own risk. For more info please refer to:
https://scikit-learn.org/stable/model_persistence.html#security-maintainability-limitations
  warnings.warn(
/Users/nimishrauniyar/Documents/IPL Prediction/.venv/lib/python3.9/site-packages/sklearn/base.py:380: InconsistentVersionWarning: Trying to unpickle estimator LogisticRegression from version 1.7.2 when using version 1.6.1. This might lead to breaking code or invalid results. Use at your own risk. For more info please refer to:
https://scikit-learn.org/stable/model_persistence.html#security-maintainability-limitations
  warnings.warn(
/Users/nimishrauniyar/Documents/IPL Prediction/.venv/lib/python3.9/site-packages/sklearn/base.py:380: InconsistentVersionWarning: Trying to unpickle estimator Pipeline from version 1.7.2 when using version 1.6.1. This might lead to breaking code or invalid results. Use at your own risk. For more info please refer to:
https://scikit-learn.org/stable/model_persistence.html#security-maintainability-limitations
  warnings.warn(
/Users/nimishrauniyar/Documents/IPL Prediction/.venv/lib/python3.9/site-packages/sklearn/base.py:380: InconsistentVersionWarning: Trying to unpickle estimator DecisionTreeClassifier from version 1.7.2 when using version 1.6.1. This might lead to breaking code or invalid results. Use at your own risk. For more info please refer to:
https://scikit-learn.org/stable/model_persistence.html#security-maintainability-limitations
  warnings.warn(
/Users/nimishrauniyar/Documents/IPL Prediction/.venv/lib/python3.9/site-packages/sklearn/base.py:380: InconsistentVersionWarning: Trying to unpickle estimator RandomForestClassifier from version 1.7.2 when using version 1.6.1. This might lead to breaking code or invalid results. Use at your own risk. For more info please refer to:
https://scikit-learn.org/stable/model_persistence.html#security-maintainability-limitations
  warnings.warn(
/Users/nimishrauniyar/Documents/IPL Prediction/.venv/lib/python3.9/site-packages/sklearn/base.py:380: InconsistentVersionWarning: Trying to unpickle estimator _SigmoidCalibration from version 1.7.2 when using version 1.6.1. This might lead to breaking code or invalid results. Use at your own risk. For more info please refer to:
https://scikit-learn.org/stable/model_persistence.html#security-maintainability-limitations
  warnings.warn(
/Users/nimishrauniyar/Documents/IPL Prediction/.venv/lib/python3.9/site-packages/sklearn/base.py:380: InconsistentVersionWarning: Trying to unpickle estimator CalibratedClassifierCV from version 1.7.2 when using version 1.6.1. This might lead to breaking code or invalid results. Use at your own risk. For more info please refer to:
https://scikit-learn.org/stable/model_persistence.html#security-maintainability-limitations
  warnings.warn(
INFO:     127.0.0.1:59373 - "GET /api/insights?team_a=Chennai%20Super%20Kings&team_b=Royal%20Challengers%20Bengaluru HTTP/1.1" 200 OK
INFO:     127.0.0.1:59375 - "GET /api/h2h?team_a=Chennai%20Super%20Kings&team_b=Royal%20Challengers%20Bengaluru HTTP/1.1" 200 OK
/Users/nimishrauniyar/Documents/IPL Prediction/.venv/lib/python3.9/site-packages/sklearn/base.py:380: InconsistentVersionWarning: Trying to unpickle estimator StandardScaler from version 1.7.2 when using version 1.6.1. This might lead to breaking code or invalid results. Use at your own risk. For more info please refer to:
https://scikit-learn.org/stable/model_persistence.html#security-maintainability-limitations
  warnings.warn(
/Users/nimishrauniyar/Documents/IPL Prediction/.venv/lib/python3.9/site-packages/sklearn/base.py:380: InconsistentVersionWarning: Trying to unpickle estimator LogisticRegression from version 1.7.2 when using version 1.6.1. This might lead to breaking code or invalid results. Use at your own risk. For more info please refer to:
https://scikit-learn.org/stable/model_persistence.html#security-maintainability-limitations
  warnings.warn(
/Users/nimishrauniyar/Documents/IPL Prediction/.venv/lib/python3.9/site-packages/sklearn/base.py:380: InconsistentVersionWarning: Trying to unpickle estimator Pipeline from version 1.7.2 when using version 1.6.1. This might lead to breaking code or invalid results. Use at your own risk. For more info please refer to:
https://scikit-learn.org/stable/model_persistence.html#security-maintainability-limitations
  warnings.warn(
/Users/nimishrauniyar/Documents/IPL Prediction/.venv/lib/python3.9/site-packages/sklearn/base.py:380: InconsistentVersionWarning: Trying to unpickle estimator DecisionTreeClassifier from version 1.7.2 when using version 1.6.1. This might lead to breaking code or invalid results. Use at your own risk. For more info please refer to:
https://scikit-learn.org/stable/model_persistence.html#security-maintainability-limitations
  warnings.warn(
/Users/nimishrauniyar/Documents/IPL Prediction/.venv/lib/python3.9/site-packages/sklearn/base.py:380: InconsistentVersionWarning: Trying to unpickle estimator RandomForestClassifier from version 1.7.2 when using version 1.6.1. This might lead to breaking code or invalid results. Use at your own risk. For more info please refer to:
https://scikit-learn.org/stable/model_persistence.html#security-maintainability-limitations
  warnings.warn(
/Users/nimishrauniyar/Documents/IPL Prediction/.venv/lib/python3.9/site-packages/sklearn/base.py:380: InconsistentVersionWarning: Trying to unpickle estimator _SigmoidCalibration from version 1.7.2 when using version 1.6.1. This might lead to breaking code or invalid results. Use at your own risk. For more info please refer to:
https://scikit-learn.org/stable/model_persistence.html#security-maintainability-limitations
  warnings.warn(
/Users/nimishrauniyar/Documents/IPL Prediction/.venv/lib/python3.9/site-packages/sklearn/base.py:380: InconsistentVersionWarning: Trying to unpickle estimator CalibratedClassifierCV from version 1.7.2 when using version 1.6.1. This might lead to breaking code or invalid results. Use at your own risk. For more info please refer to:
https://scikit-learn.org/stable/model_persistence.html#security-maintainability-limitations
  warnings.warn(
/Users/nimishrauniyar/Documents/IPL Prediction/.venv/lib/python3.9/site-packages/sklearn/base.py:380: InconsistentVersionWarning: Trying to unpickle estimator StandardScaler from version 1.7.2 when using version 1.6.1. This might lead to breaking code or invalid results. Use at your own risk. For more info please refer to:
https://scikit-learn.org/stable/model_persistence.html#security-maintainability-limitations
  warnings.warn(
/Users/nimishrauniyar/Documents/IPL Prediction/.venv/lib/python3.9/site-packages/sklearn/base.py:380: InconsistentVersionWarning: Trying to unpickle estimator LogisticRegression from version 1.7.2 when using version 1.6.1. This might lead to breaking code or invalid results. Use at your own risk. For more info please refer to:
https://scikit-learn.org/stable/model_persistence.html#security-maintainability-limitations
  warnings.warn(
/Users/nimishrauniyar/Documents/IPL Prediction/.venv/lib/python3.9/site-packages/sklearn/base.py:380: InconsistentVersionWarning: Trying to unpickle estimator Pipeline from version 1.7.2 when using version 1.6.1. This might lead to breaking code or invalid results. Use at your own risk. For more info please refer to:
https://scikit-learn.org/stable/model_persistence.html#security-maintainability-limitations
  warnings.warn(
/Users/nimishrauniyar/Documents/IPL Prediction/.venv/lib/python3.9/site-packages/sklearn/base.py:380: InconsistentVersionWarning: Trying to unpickle estimator DecisionTreeClassifier from version 1.7.2 when using version 1.6.1. This might lead to breaking code or invalid results. Use at your own risk. For more info please refer to:
https://scikit-learn.org/stable/model_persistence.html#security-maintainability-limitations
  warnings.warn(
/Users/nimishrauniyar/Documents/IPL Prediction/.venv/lib/python3.9/site-packages/sklearn/base.py:380: InconsistentVersionWarning: Trying to unpickle estimator RandomForestClassifier from version 1.7.2 when using version 1.6.1. This might lead to breaking code or invalid results. Use at your own risk. For more info please refer to:
https://scikit-learn.org/stable/model_persistence.html#security-maintainability-limitations
  warnings.warn(
/Users/nimishrauniyar/Documents/IPL Prediction/.venv/lib/python3.9/site-packages/sklearn/base.py:380: InconsistentVersionWarning: Trying to unpickle estimator _SigmoidCalibration from version 1.7.2 when using version 1.6.1. This might lead to breaking code or invalid results. Use at your own risk. For more info please refer to:
https://scikit-learn.org/stable/model_persistence.html#security-maintainability-limitations
  warnings.warn(
/Users/nimishrauniyar/Documents/IPL Prediction/.venv/lib/python3.9/site-packages/sklearn/base.py:380: InconsistentVersionWarning: Trying to unpickle estimator CalibratedClassifierCV from version 1.7.2 when using version 1.6.1. This might lead to breaking code or invalid results. Use at your own risk. For more info please refer to:
https://scikit-learn.org/stable/model_persistence.html#security-maintainability-limitations
  warnings.warn(
INFO:     127.0.0.1:59377 - "GET /api/insights?team_a=Chennai%20Super%20Kings&team_b=Royal%20Challengers%20Bengaluru HTTP/1.1" 200 OK
INFO:     127.0.0.1:59379 - "GET /api/h2h?team_a=Chennai%20Super%20Kings&team_b=Royal%20Challengers%20Bengaluru HTTP/1.1" 200 OK
/Users/nimishrauniyar/Documents/IPL Prediction/.venv/lib/python3.9/site-packages/sklearn/base.py:380: InconsistentVersionWarning: Trying to unpickle estimator StandardScaler from version 1.7.2 when using version 1.6.1. This might lead to breaking code or invalid results. Use at your own risk. For more info please refer to:
https://scikit-learn.org/stable/model_persistence.html#security-maintainability-limitations
  warnings.warn(
/Users/nimishrauniyar/Documents/IPL Prediction/.venv/lib/python3.9/site-packages/sklearn/base.py:380: InconsistentVersionWarning: Trying to unpickle estimator LogisticRegression from version 1.7.2 when using version 1.6.1. This might lead to breaking code or invalid results. Use at your own risk. For more info please refer to:
https://scikit-learn.org/stable/model_persistence.html#security-maintainability-limitations
  warnings.warn(
/Users/nimishrauniyar/Documents/IPL Prediction/.venv/lib/python3.9/site-packages/sklearn/base.py:380: InconsistentVersionWarning: Trying to unpickle estimator Pipeline from version 1.7.2 when using version 1.6.1. This might lead to breaking code or invalid results. Use at your own risk. For more info please refer to:
https://scikit-learn.org/stable/model_persistence.html#security-maintainability-limitations
  warnings.warn(
/Users/nimishrauniyar/Documents/IPL Prediction/.venv/lib/python3.9/site-packages/sklearn/base.py:380: InconsistentVersionWarning: Trying to unpickle estimator DecisionTreeClassifier from version 1.7.2 when using version 1.6.1. This might lead to breaking code or invalid results. Use at your own risk. For more info please refer to:
https://scikit-learn.org/stable/model_persistence.html#security-maintainability-limitations
  warnings.warn(
/Users/nimishrauniyar/Documents/IPL Prediction/.venv/lib/python3.9/site-packages/sklearn/base.py:380: InconsistentVersionWarning: Trying to unpickle estimator RandomForestClassifier from version 1.7.2 when using version 1.6.1. This might lead to breaking code or invalid results. Use at your own risk. For more info please refer to:
https://scikit-learn.org/stable/model_persistence.html#security-maintainability-limitations
  warnings.warn(
/Users/nimishrauniyar/Documents/IPL Prediction/.venv/lib/python3.9/site-packages/sklearn/base.py:380: InconsistentVersionWarning: Trying to unpickle estimator _SigmoidCalibration from version 1.7.2 when using version 1.6.1. This might lead to breaking code or invalid results. Use at your own risk. For more info please refer to:
https://scikit-learn.org/stable/model_persistence.html#security-maintainability-limitations
  warnings.warn(
/Users/nimishrauniyar/Documents/IPL Prediction/.venv/lib/python3.9/site-packages/sklearn/base.py:380: InconsistentVersionWarning: Trying to unpickle estimator CalibratedClassifierCV from version 1.7.2 when using version 1.6.1. This might lead to breaking code or invalid results. Use at your own risk. For more info please refer to:
https://scikit-learn.org/stable/model_persistence.html#security-maintainability-limitations
  warnings.warn(
/Users/nimishrauniyar/Documents/IPL Prediction/.venv/lib/python3.9/site-packages/sklearn/base.py:380: InconsistentVersionWarning: Trying to unpickle estimator StandardScaler from version 1.7.2 when using version 1.6.1. This might lead to breaking code or invalid results. Use at your own risk. For more info please refer to:
https://scikit-learn.org/stable/model_persistence.html#security-maintainability-limitations
  warnings.warn(
/Users/nimishrauniyar/Documents/IPL Prediction/.venv/lib/python3.9/site-packages/sklearn/base.py:380: InconsistentVersionWarning: Trying to unpickle estimator LogisticRegression from version 1.7.2 when using version 1.6.1. This might lead to breaking code or invalid results. Use at your own risk. For more info please refer to:
https://scikit-learn.org/stable/model_persistence.html#security-maintainability-limitations
  warnings.warn(
/Users/nimishrauniyar/Documents/IPL Prediction/.venv/lib/python3.9/site-packages/sklearn/base.py:380: InconsistentVersionWarning: Trying to unpickle estimator Pipeline from version 1.7.2 when using version 1.6.1. This might lead to breaking code or invalid results. Use at your own risk. For more info please refer to:
https://scikit-learn.org/stable/model_persistence.html#security-maintainability-limitations
  warnings.warn(
/Users/nimishrauniyar/Documents/IPL Prediction/.venv/lib/python3.9/site-packages/sklearn/base.py:380: InconsistentVersionWarning: Trying to unpickle estimator DecisionTreeClassifier from version 1.7.2 when using version 1.6.1. This might lead to breaking code or invalid results. Use at your own risk. For more info please refer to:
https://scikit-learn.org/stable/model_persistence.html#security-maintainability-limitations
  warnings.warn(
/Users/nimishrauniyar/Documents/IPL Prediction/.venv/lib/python3.9/site-packages/sklearn/base.py:380: InconsistentVersionWarning: Trying to unpickle estimator RandomForestClassifier from version 1.7.2 when using version 1.6.1. This might lead to breaking code or invalid results. Use at your own risk. For more info please refer to:
https://scikit-learn.org/stable/model_persistence.html#security-maintainability-limitations
  warnings.warn(
/Users/nimishrauniyar/Documents/IPL Prediction/.venv/lib/python3.9/site-packages/sklearn/base.py:380: InconsistentVersionWarning: Trying to unpickle estimator _SigmoidCalibration from version 1.7.2 when using version 1.6.1. This might lead to breaking code or invalid results. Use at your own risk. For more info please refer to:
https://scikit-learn.org/stable/model_persistence.html#security-maintainability-limitations
  warnings.warn(
/Users/nimishrauniyar/Documents/IPL Prediction/.venv/lib/python3.9/site-packages/sklearn/base.py:380: InconsistentVersionWarning: Trying to unpickle estimator CalibratedClassifierCV from version 1.7.2 when using version 1.6.1. This might lead to breaking code or invalid results. Use at your own risk. For more info please refer to:
https://scikit-learn.org/stable/model_persistence.html#security-maintainability-limitations
  warnings.warn(
INFO:     127.0.0.1:59381 - "GET /api/insights?team_a=Chennai%20Super%20Kings&team_b=Royal%20Challengers%20Bengaluru HTTP/1.1" 200 OK
INFO:     127.0.0.1:59383 - "GET /api/h2h?team_a=Chennai%20Super%20Kings&team_b=Royal%20Challengers%20Bengaluru HTTP/1.1" 200 OK
/Users/nimishrauniyar/Documents/IPL Prediction/.venv/lib/python3.9/site-packages/sklearn/base.py:380: InconsistentVersionWarning: Trying to unpickle estimator StandardScaler from version 1.7.2 when using version 1.6.1. This might lead to breaking code or invalid results. Use at your own risk. For more info please refer to:
https://scikit-learn.org/stable/model_persistence.html#security-maintainability-limitations
  warnings.warn(
/Users/nimishrauniyar/Documents/IPL Prediction/.venv/lib/python3.9/site-packages/sklearn/base.py:380: InconsistentVersionWarning: Trying to unpickle estimator LogisticRegression from version 1.7.2 when using version 1.6.1. This might lead to breaking code or invalid results. Use at your own risk. For more info please refer to:
https://scikit-learn.org/stable/model_persistence.html#security-maintainability-limitations
  warnings.warn(
/Users/nimishrauniyar/Documents/IPL Prediction/.venv/lib/python3.9/site-packages/sklearn/base.py:380: InconsistentVersionWarning: Trying to unpickle estimator Pipeline from version 1.7.2 when using version 1.6.1. This might lead to breaking code or invalid results. Use at your own risk. For more info please refer to:
https://scikit-learn.org/stable/model_persistence.html#security-maintainability-limitations
  warnings.warn(
/Users/nimishrauniyar/Documents/IPL Prediction/.venv/lib/python3.9/site-packages/sklearn/base.py:380: InconsistentVersionWarning: Trying to unpickle estimator DecisionTreeClassifier from version 1.7.2 when using version 1.6.1. This might lead to breaking code or invalid results. Use at your own risk. For more info please refer to:
https://scikit-learn.org/stable/model_persistence.html#security-maintainability-limitations
  warnings.warn(
/Users/nimishrauniyar/Documents/IPL Prediction/.venv/lib/python3.9/site-packages/sklearn/base.py:380: InconsistentVersionWarning: Trying to unpickle estimator RandomForestClassifier from version 1.7.2 when using version 1.6.1. This might lead to breaking code or invalid results. Use at your own risk. For more info please refer to:
https://scikit-learn.org/stable/model_persistence.html#security-maintainability-limitations
  warnings.warn(
/Users/nimishrauniyar/Documents/IPL Prediction/.venv/lib/python3.9/site-packages/sklearn/base.py:380: InconsistentVersionWarning: Trying to unpickle estimator _SigmoidCalibration from version 1.7.2 when using version 1.6.1. This might lead to breaking code or invalid results. Use at your own risk. For more info please refer to:
https://scikit-learn.org/stable/model_persistence.html#security-maintainability-limitations
  warnings.warn(
/Users/nimishrauniyar/Documents/IPL Prediction/.venv/lib/python3.9/site-packages/sklearn/base.py:380: InconsistentVersionWarning: Trying to unpickle estimator CalibratedClassifierCV from version 1.7.2 when using version 1.6.1. This might lead to breaking code or invalid results. Use at your own risk. For more info please refer to:
https://scikit-learn.org/stable/model_persistence.html#security-maintainability-limitations
  warnings.warn(
/Users/nimishrauniyar/Documents/IPL Prediction/.venv/lib/python3.9/site-packages/sklearn/base.py:380: InconsistentVersionWarning: Trying to unpickle estimator StandardScaler from version 1.7.2 when using version 1.6.1. This might lead to breaking code or invalid results. Use at your own risk. For more info please refer to:
https://scikit-learn.org/stable/model_persistence.html#security-maintainability-limitations
  warnings.warn(
/Users/nimishrauniyar/Documents/IPL Prediction/.venv/lib/python3.9/site-packages/sklearn/base.py:380: InconsistentVersionWarning: Trying to unpickle estimator LogisticRegression from version 1.7.2 when using version 1.6.1. This might lead to breaking code or invalid results. Use at your own risk. For more info please refer to:
https://scikit-learn.org/stable/model_persistence.html#security-maintainability-limitations
  warnings.warn(
/Users/nimishrauniyar/Documents/IPL Prediction/.venv/lib/python3.9/site-packages/sklearn/base.py:380: InconsistentVersionWarning: Trying to unpickle estimator Pipeline from version 1.7.2 when using version 1.6.1. This might lead to breaking code or invalid results. Use at your own risk. For more info please refer to:
https://scikit-learn.org/stable/model_persistence.html#security-maintainability-limitations
  warnings.warn(
/Users/nimishrauniyar/Documents/IPL Prediction/.venv/lib/python3.9/site-packages/sklearn/base.py:380: InconsistentVersionWarning: Trying to unpickle estimator DecisionTreeClassifier from version 1.7.2 when using version 1.6.1. This might lead to breaking code or invalid results. Use at your own risk. For more info please refer to:
https://scikit-learn.org/stable/model_persistence.html#security-maintainability-limitations
  warnings.warn(
/Users/nimishrauniyar/Documents/IPL Prediction/.venv/lib/python3.9/site-packages/sklearn/base.py:380: InconsistentVersionWarning: Trying to unpickle estimator RandomForestClassifier from version 1.7.2 when using version 1.6.1. This might lead to breaking code or invalid results. Use at your own risk. For more info please refer to:
https://scikit-learn.org/stable/model_persistence.html#security-maintainability-limitations
  warnings.warn(
/Users/nimishrauniyar/Documents/IPL Prediction/.venv/lib/python3.9/site-packages/sklearn/base.py:380: InconsistentVersionWarning: Trying to unpickle estimator _SigmoidCalibration from version 1.7.2 when using version 1.6.1. This might lead to breaking code or invalid results. Use at your own risk. For more info please refer to:
https://scikit-learn.org/stable/model_persistence.html#security-maintainability-limitations
  warnings.warn(
/Users/nimishrauniyar/Documents/IPL Prediction/.venv/lib/python3.9/site-packages/sklearn/base.py:380: InconsistentVersionWarning: Trying to unpickle estimator CalibratedClassifierCV from version 1.7.2 when using version 1.6.1. This might lead to breaking code or invalid results. Use at your own risk. For more info please refer to:
https://scikit-learn.org/stable/model_persistence.html#security-maintainability-limitations
  warnings.warn(
INFO:     127.0.0.1:59385 - "GET /api/insights?team_a=Chennai%20Super%20Kings&team_b=Royal%20Challengers%20Bengaluru HTTP/1.1" 200 OK
INFO:     127.0.0.1:59387 - "GET /api/h2h?team_a=Chennai%20Super%20Kings&team_b=Royal%20Challengers%20Bengaluru HTTP/1.1" 200 OK
/Users/nimishrauniyar/Documents/IPL Prediction/.venv/lib/python3.9/site-packages/sklearn/base.py:380: InconsistentVersionWarning: Trying to unpickle estimator StandardScaler from version 1.7.2 when using version 1.6.1. This might lead to breaking code or invalid results. Use at your own risk. For more info please refer to:
https://scikit-learn.org/stable/model_persistence.html#security-maintainability-limitations
  warnings.warn(
/Users/nimishrauniyar/Documents/IPL Prediction/.venv/lib/python3.9/site-packages/sklearn/base.py:380: InconsistentVersionWarning: Trying to unpickle estimator LogisticRegression from version 1.7.2 when using version 1.6.1. This might lead to breaking code or invalid results. Use at your own risk. For more info please refer to:
https://scikit-learn.org/stable/model_persistence.html#security-maintainability-limitations
  warnings.warn(
/Users/nimishrauniyar/Documents/IPL Prediction/.venv/lib/python3.9/site-packages/sklearn/base.py:380: InconsistentVersionWarning: Trying to unpickle estimator Pipeline from version 1.7.2 when using version 1.6.1. This might lead to breaking code or invalid results. Use at your own risk. For more info please refer to:
https://scikit-learn.org/stable/model_persistence.html#security-maintainability-limitations
  warnings.warn(
/Users/nimishrauniyar/Documents/IPL Prediction/.venv/lib/python3.9/site-packages/sklearn/base.py:380: InconsistentVersionWarning: Trying to unpickle estimator DecisionTreeClassifier from version 1.7.2 when using version 1.6.1. This might lead to breaking code or invalid results. Use at your own risk. For more info please refer to:
https://scikit-learn.org/stable/model_persistence.html#security-maintainability-limitations
  warnings.warn(
/Users/nimishrauniyar/Documents/IPL Prediction/.venv/lib/python3.9/site-packages/sklearn/base.py:380: InconsistentVersionWarning: Trying to unpickle estimator RandomForestClassifier from version 1.7.2 when using version 1.6.1. This might lead to breaking code or invalid results. Use at your own risk. For more info please refer to:
https://scikit-learn.org/stable/model_persistence.html#security-maintainability-limitations
  warnings.warn(
/Users/nimishrauniyar/Documents/IPL Prediction/.venv/lib/python3.9/site-packages/sklearn/base.py:380: InconsistentVersionWarning: Trying to unpickle estimator _SigmoidCalibration from version 1.7.2 when using version 1.6.1. This might lead to breaking code or invalid results. Use at your own risk. For more info please refer to:
https://scikit-learn.org/stable/model_persistence.html#security-maintainability-limitations
  warnings.warn(
/Users/nimishrauniyar/Documents/IPL Prediction/.venv/lib/python3.9/site-packages/sklearn/base.py:380: InconsistentVersionWarning: Trying to unpickle estimator CalibratedClassifierCV from version 1.7.2 when using version 1.6.1. This might lead to breaking code or invalid results. Use at your own risk. For more info please refer to:
https://scikit-learn.org/stable/model_persistence.html#security-maintainability-limitations
  warnings.warn(
/Users/nimishrauniyar/Documents/IPL Prediction/.venv/lib/python3.9/site-packages/sklearn/base.py:380: InconsistentVersionWarning: Trying to unpickle estimator StandardScaler from version 1.7.2 when using version 1.6.1. This might lead to breaking code or invalid results. Use at your own risk. For more info please refer to:
https://scikit-learn.org/stable/model_persistence.html#security-maintainability-limitations
  warnings.warn(
/Users/nimishrauniyar/Documents/IPL Prediction/.venv/lib/python3.9/site-packages/sklearn/base.py:380: InconsistentVersionWarning: Trying to unpickle estimator LogisticRegression from version 1.7.2 when using version 1.6.1. This might lead to breaking code or invalid results. Use at your own risk. For more info please refer to:
https://scikit-learn.org/stable/model_persistence.html#security-maintainability-limitations
  warnings.warn(
/Users/nimishrauniyar/Documents/IPL Prediction/.venv/lib/python3.9/site-packages/sklearn/base.py:380: InconsistentVersionWarning: Trying to unpickle estimator Pipeline from version 1.7.2 when using version 1.6.1. This might lead to breaking code or invalid results. Use at your own risk. For more info please refer to:
https://scikit-learn.org/stable/model_persistence.html#security-maintainability-limitations
  warnings.warn(
/Users/nimishrauniyar/Documents/IPL Prediction/.venv/lib/python3.9/site-packages/sklearn/base.py:380: InconsistentVersionWarning: Trying to unpickle estimator DecisionTreeClassifier from version 1.7.2 when using version 1.6.1. This might lead to breaking code or invalid results. Use at your own risk. For more info please refer to:
https://scikit-learn.org/stable/model_persistence.html#security-maintainability-limitations
  warnings.warn(
/Users/nimishrauniyar/Documents/IPL Prediction/.venv/lib/python3.9/site-packages/sklearn/base.py:380: InconsistentVersionWarning: Trying to unpickle estimator RandomForestClassifier from version 1.7.2 when using version 1.6.1. This might lead to breaking code or invalid results. Use at your own risk. For more info please refer to:
https://scikit-learn.org/stable/model_persistence.html#security-maintainability-limitations
  warnings.warn(
/Users/nimishrauniyar/Documents/IPL Prediction/.venv/lib/python3.9/site-packages/sklearn/base.py:380: InconsistentVersionWarning: Trying to unpickle estimator _SigmoidCalibration from version 1.7.2 when using version 1.6.1. This might lead to breaking code or invalid results. Use at your own risk. For more info please refer to:
https://scikit-learn.org/stable/model_persistence.html#security-maintainability-limitations
  warnings.warn(
/Users/nimishrauniyar/Documents/IPL Prediction/.venv/lib/python3.9/site-packages/sklearn/base.py:380: InconsistentVersionWarning: Trying to unpickle estimator CalibratedClassifierCV from version 1.7.2 when using version 1.6.1. This might lead to breaking code or invalid results. Use at your own risk. For more info please refer to:
https://scikit-learn.org/stable/model_persistence.html#security-maintainability-limitations
  warnings.warn(
INFO:     127.0.0.1:59389 - "GET /api/insights?team_a=Chennai%20Super%20Kings&team_b=Royal%20Challengers%20Bengaluru HTTP/1.1" 200 OK
INFO:     127.0.0.1:59391 - "GET /api/h2h?team_a=Chennai%20Super%20Kings&team_b=Royal%20Challengers%20Bengaluru HTTP/1.1" 200 OK
/Users/nimishrauniyar/Documents/IPL Prediction/.venv/lib/python3.9/site-packages/sklearn/base.py:380: InconsistentVersionWarning: Trying to unpickle estimator StandardScaler from version 1.7.2 when using version 1.6.1. This might lead to breaking code or invalid results. Use at your own risk. For more info please refer to:
https://scikit-learn.org/stable/model_persistence.html#security-maintainability-limitations
  warnings.warn(
/Users/nimishrauniyar/Documents/IPL Prediction/.venv/lib/python3.9/site-packages/sklearn/base.py:380: InconsistentVersionWarning: Trying to unpickle estimator LogisticRegression from version 1.7.2 when using version 1.6.1. This might lead to breaking code or invalid results. Use at your own risk. For more info please refer to:
https://scikit-learn.org/stable/model_persistence.html#security-maintainability-limitations
  warnings.warn(
/Users/nimishrauniyar/Documents/IPL Prediction/.venv/lib/python3.9/site-packages/sklearn/base.py:380: InconsistentVersionWarning: Trying to unpickle estimator Pipeline from version 1.7.2 when using version 1.6.1. This might lead to breaking code or invalid results. Use at your own risk. For more info please refer to:
https://scikit-learn.org/stable/model_persistence.html#security-maintainability-limitations
  warnings.warn(
/Users/nimishrauniyar/Documents/IPL Prediction/.venv/lib/python3.9/site-packages/sklearn/base.py:380: InconsistentVersionWarning: Trying to unpickle estimator DecisionTreeClassifier from version 1.7.2 when using version 1.6.1. This might lead to breaking code or invalid results. Use at your own risk. For more info please refer to:
https://scikit-learn.org/stable/model_persistence.html#security-maintainability-limitations
  warnings.warn(
/Users/nimishrauniyar/Documents/IPL Prediction/.venv/lib/python3.9/site-packages/sklearn/base.py:380: InconsistentVersionWarning: Trying to unpickle estimator RandomForestClassifier from version 1.7.2 when using version 1.6.1. This might lead to breaking code or invalid results. Use at your own risk. For more info please refer to:
https://scikit-learn.org/stable/model_persistence.html#security-maintainability-limitations
  warnings.warn(
/Users/nimishrauniyar/Documents/IPL Prediction/.venv/lib/python3.9/site-packages/sklearn/base.py:380: InconsistentVersionWarning: Trying to unpickle estimator _SigmoidCalibration from version 1.7.2 when using version 1.6.1. This might lead to breaking code or invalid results. Use at your own risk. For more info please refer to:
https://scikit-learn.org/stable/model_persistence.html#security-maintainability-limitations
  warnings.warn(
/Users/nimishrauniyar/Documents/IPL Prediction/.venv/lib/python3.9/site-packages/sklearn/base.py:380: InconsistentVersionWarning: Trying to unpickle estimator CalibratedClassifierCV from version 1.7.2 when using version 1.6.1. This might lead to breaking code or invalid results. Use at your own risk. For more info please refer to:
https://scikit-learn.org/stable/model_persistence.html#security-maintainability-limitations
  warnings.warn(
/Users/nimishrauniyar/Documents/IPL Prediction/.venv/lib/python3.9/site-packages/sklearn/base.py:380: InconsistentVersionWarning: Trying to unpickle estimator StandardScaler from version 1.7.2 when using version 1.6.1. This might lead to breaking code or invalid results. Use at your own risk. For more info please refer to:
https://scikit-learn.org/stable/model_persistence.html#security-maintainability-limitations
  warnings.warn(
/Users/nimishrauniyar/Documents/IPL Prediction/.venv/lib/python3.9/site-packages/sklearn/base.py:380: InconsistentVersionWarning: Trying to unpickle estimator LogisticRegression from version 1.7.2 when using version 1.6.1. This might lead to breaking code or invalid results. Use at your own risk. For more info please refer to:
https://scikit-learn.org/stable/model_persistence.html#security-maintainability-limitations
  warnings.warn(
/Users/nimishrauniyar/Documents/IPL Prediction/.venv/lib/python3.9/site-packages/sklearn/base.py:380: InconsistentVersionWarning: Trying to unpickle estimator Pipeline from version 1.7.2 when using version 1.6.1. This might lead to breaking code or invalid results. Use at your own risk. For more info please refer to:
https://scikit-learn.org/stable/model_persistence.html#security-maintainability-limitations
  warnings.warn(
/Users/nimishrauniyar/Documents/IPL Prediction/.venv/lib/python3.9/site-packages/sklearn/base.py:380: InconsistentVersionWarning: Trying to unpickle estimator DecisionTreeClassifier from version 1.7.2 when using version 1.6.1. This might lead to breaking code or invalid results. Use at your own risk. For more info please refer to:
https://scikit-learn.org/stable/model_persistence.html#security-maintainability-limitations
  warnings.warn(
/Users/nimishrauniyar/Documents/IPL Prediction/.venv/lib/python3.9/site-packages/sklearn/base.py:380: InconsistentVersionWarning: Trying to unpickle estimator RandomForestClassifier from version 1.7.2 when using version 1.6.1. This might lead to breaking code or invalid results. Use at your own risk. For more info please refer to:
https://scikit-learn.org/stable/model_persistence.html#security-maintainability-limitations
  warnings.warn(
/Users/nimishrauniyar/Documents/IPL Prediction/.venv/lib/python3.9/site-packages/sklearn/base.py:380: InconsistentVersionWarning: Trying to unpickle estimator _SigmoidCalibration from version 1.7.2 when using version 1.6.1. This might lead to breaking code or invalid results. Use at your own risk. For more info please refer to:
https://scikit-learn.org/stable/model_persistence.html#security-maintainability-limitations
  warnings.warn(
/Users/nimishrauniyar/Documents/IPL Prediction/.venv/lib/python3.9/site-packages/sklearn/base.py:380: InconsistentVersionWarning: Trying to unpickle estimator CalibratedClassifierCV from version 1.7.2 when using version 1.6.1. This might lead to breaking code or invalid results. Use at your own risk. For more info please refer to:
https://scikit-learn.org/stable/model_persistence.html#security-maintainability-limitations
  warnings.warn(
INFO:     127.0.0.1:59393 - "GET /api/insights?team_a=Chennai%20Super%20Kings&team_b=Royal%20Challengers%20Bengaluru HTTP/1.1" 200 OK
INFO:     127.0.0.1:59395 - "GET /api/h2h?team_a=Chennai%20Super%20Kings&team_b=Royal%20Challengers%20Bengaluru HTTP/1.1" 200 OK
/Users/nimishrauniyar/Documents/IPL Prediction/.venv/lib/python3.9/site-packages/sklearn/base.py:380: InconsistentVersionWarning: Trying to unpickle estimator StandardScaler from version 1.7.2 when using version 1.6.1. This might lead to breaking code or invalid results. Use at your own risk. For more info please refer to:
https://scikit-learn.org/stable/model_persistence.html#security-maintainability-limitations
  warnings.warn(
/Users/nimishrauniyar/Documents/IPL Prediction/.venv/lib/python3.9/site-packages/sklearn/base.py:380: InconsistentVersionWarning: Trying to unpickle estimator LogisticRegression from version 1.7.2 when using version 1.6.1. This might lead to breaking code or invalid results. Use at your own risk. For more info please refer to:
https://scikit-learn.org/stable/model_persistence.html#security-maintainability-limitations
  warnings.warn(
/Users/nimishrauniyar/Documents/IPL Prediction/.venv/lib/python3.9/site-packages/sklearn/base.py:380: InconsistentVersionWarning: Trying to unpickle estimator Pipeline from version 1.7.2 when using version 1.6.1. This might lead to breaking code or invalid results. Use at your own risk. For more info please refer to:
https://scikit-learn.org/stable/model_persistence.html#security-maintainability-limitations
  warnings.warn(
/Users/nimishrauniyar/Documents/IPL Prediction/.venv/lib/python3.9/site-packages/sklearn/base.py:380: InconsistentVersionWarning: Trying to unpickle estimator DecisionTreeClassifier from version 1.7.2 when using version 1.6.1. This might lead to breaking code or invalid results. Use at your own risk. For more info please refer to:
https://scikit-learn.org/stable/model_persistence.html#security-maintainability-limitations
  warnings.warn(
/Users/nimishrauniyar/Documents/IPL Prediction/.venv/lib/python3.9/site-packages/sklearn/base.py:380: InconsistentVersionWarning: Trying to unpickle estimator RandomForestClassifier from version 1.7.2 when using version 1.6.1. This might lead to breaking code or invalid results. Use at your own risk. For more info please refer to:
https://scikit-learn.org/stable/model_persistence.html#security-maintainability-limitations
  warnings.warn(
/Users/nimishrauniyar/Documents/IPL Prediction/.venv/lib/python3.9/site-packages/sklearn/base.py:380: InconsistentVersionWarning: Trying to unpickle estimator _SigmoidCalibration from version 1.7.2 when using version 1.6.1. This might lead to breaking code or invalid results. Use at your own risk. For more info please refer to:
https://scikit-learn.org/stable/model_persistence.html#security-maintainability-limitations
  warnings.warn(
/Users/nimishrauniyar/Documents/IPL Prediction/.venv/lib/python3.9/site-packages/sklearn/base.py:380: InconsistentVersionWarning: Trying to unpickle estimator CalibratedClassifierCV from version 1.7.2 when using version 1.6.1. This might lead to breaking code or invalid results. Use at your own risk. For more info please refer to:
https://scikit-learn.org/stable/model_persistence.html#security-maintainability-limitations
  warnings.warn(
/Users/nimishrauniyar/Documents/IPL Prediction/.venv/lib/python3.9/site-packages/sklearn/base.py:380: InconsistentVersionWarning: Trying to unpickle estimator StandardScaler from version 1.7.2 when using version 1.6.1. This might lead to breaking code or invalid results. Use at your own risk. For more info please refer to:
https://scikit-learn.org/stable/model_persistence.html#security-maintainability-limitations
  warnings.warn(
/Users/nimishrauniyar/Documents/IPL Prediction/.venv/lib/python3.9/site-packages/sklearn/base.py:380: InconsistentVersionWarning: Trying to unpickle estimator LogisticRegression from version 1.7.2 when using version 1.6.1. This might lead to breaking code or invalid results. Use at your own risk. For more info please refer to:
https://scikit-learn.org/stable/model_persistence.html#security-maintainability-limitations
  warnings.warn(
/Users/nimishrauniyar/Documents/IPL Prediction/.venv/lib/python3.9/site-packages/sklearn/base.py:380: InconsistentVersionWarning: Trying to unpickle estimator Pipeline from version 1.7.2 when using version 1.6.1. This might lead to breaking code or invalid results. Use at your own risk. For more info please refer to:
https://scikit-learn.org/stable/model_persistence.html#security-maintainability-limitations
  warnings.warn(
/Users/nimishrauniyar/Documents/IPL Prediction/.venv/lib/python3.9/site-packages/sklearn/base.py:380: InconsistentVersionWarning: Trying to unpickle estimator DecisionTreeClassifier from version 1.7.2 when using version 1.6.1. This might lead to breaking code or invalid results. Use at your own risk. For more info please refer to:
https://scikit-learn.org/stable/model_persistence.html#security-maintainability-limitations
  warnings.warn(
/Users/nimishrauniyar/Documents/IPL Prediction/.venv/lib/python3.9/site-packages/sklearn/base.py:380: InconsistentVersionWarning: Trying to unpickle estimator RandomForestClassifier from version 1.7.2 when using version 1.6.1. This might lead to breaking code or invalid results. Use at your own risk. For more info please refer to:
https://scikit-learn.org/stable/model_persistence.html#security-maintainability-limitations
  warnings.warn(
/Users/nimishrauniyar/Documents/IPL Prediction/.venv/lib/python3.9/site-packages/sklearn/base.py:380: InconsistentVersionWarning: Trying to unpickle estimator _SigmoidCalibration from version 1.7.2 when using version 1.6.1. This might lead to breaking code or invalid results. Use at your own risk. For more info please refer to:
https://scikit-learn.org/stable/model_persistence.html#security-maintainability-limitations
  warnings.warn(
/Users/nimishrauniyar/Documents/IPL Prediction/.venv/lib/python3.9/site-packages/sklearn/base.py:380: InconsistentVersionWarning: Trying to unpickle estimator CalibratedClassifierCV from version 1.7.2 when using version 1.6.1. This might lead to breaking code or invalid results. Use at your own risk. For more info please refer to:
https://scikit-learn.org/stable/model_persistence.html#security-maintainability-limitations
  warnings.warn(
INFO:     127.0.0.1:59397 - "GET /api/insights?team_a=Gujarat%20Titans&team_b=Royal%20Challengers%20Bengaluru HTTP/1.1" 200 OK
INFO:     127.0.0.1:59399 - "GET /api/h2h?team_a=Gujarat%20Titans&team_b=Royal%20Challengers%20Bengaluru HTTP/1.1" 200 OK
/Users/nimishrauniyar/Documents/IPL Prediction/.venv/lib/python3.9/site-packages/sklearn/base.py:380: InconsistentVersionWarning: Trying to unpickle estimator StandardScaler from version 1.7.2 when using version 1.6.1. This might lead to breaking code or invalid results. Use at your own risk. For more info please refer to:
https://scikit-learn.org/stable/model_persistence.html#security-maintainability-limitations
  warnings.warn(
/Users/nimishrauniyar/Documents/IPL Prediction/.venv/lib/python3.9/site-packages/sklearn/base.py:380: InconsistentVersionWarning: Trying to unpickle estimator LogisticRegression from version 1.7.2 when using version 1.6.1. This might lead to breaking code or invalid results. Use at your own risk. For more info please refer to:
https://scikit-learn.org/stable/model_persistence.html#security-maintainability-limitations
  warnings.warn(
/Users/nimishrauniyar/Documents/IPL Prediction/.venv/lib/python3.9/site-packages/sklearn/base.py:380: InconsistentVersionWarning: Trying to unpickle estimator Pipeline from version 1.7.2 when using version 1.6.1. This might lead to breaking code or invalid results. Use at your own risk. For more info please refer to:
https://scikit-learn.org/stable/model_persistence.html#security-maintainability-limitations
  warnings.warn(
/Users/nimishrauniyar/Documents/IPL Prediction/.venv/lib/python3.9/site-packages/sklearn/base.py:380: InconsistentVersionWarning: Trying to unpickle estimator DecisionTreeClassifier from version 1.7.2 when using version 1.6.1. This might lead to breaking code or invalid results. Use at your own risk. For more info please refer to:
https://scikit-learn.org/stable/model_persistence.html#security-maintainability-limitations
  warnings.warn(
/Users/nimishrauniyar/Documents/IPL Prediction/.venv/lib/python3.9/site-packages/sklearn/base.py:380: InconsistentVersionWarning: Trying to unpickle estimator RandomForestClassifier from version 1.7.2 when using version 1.6.1. This might lead to breaking code or invalid results. Use at your own risk. For more info please refer to:
https://scikit-learn.org/stable/model_persistence.html#security-maintainability-limitations
  warnings.warn(
/Users/nimishrauniyar/Documents/IPL Prediction/.venv/lib/python3.9/site-packages/sklearn/base.py:380: InconsistentVersionWarning: Trying to unpickle estimator _SigmoidCalibration from version 1.7.2 when using version 1.6.1. This might lead to breaking code or invalid results. Use at your own risk. For more info please refer to:
https://scikit-learn.org/stable/model_persistence.html#security-maintainability-limitations
  warnings.warn(
/Users/nimishrauniyar/Documents/IPL Prediction/.venv/lib/python3.9/site-packages/sklearn/base.py:380: InconsistentVersionWarning: Trying to unpickle estimator CalibratedClassifierCV from version 1.7.2 when using version 1.6.1. This might lead to breaking code or invalid results. Use at your own risk. For more info please refer to:
https://scikit-learn.org/stable/model_persistence.html#security-maintainability-limitations
  warnings.warn(
/Users/nimishrauniyar/Documents/IPL Prediction/.venv/lib/python3.9/site-packages/sklearn/base.py:380: InconsistentVersionWarning: Trying to unpickle estimator StandardScaler from version 1.7.2 when using version 1.6.1. This might lead to breaking code or invalid results. Use at your own risk. For more info please refer to:
https://scikit-learn.org/stable/model_persistence.html#security-maintainability-limitations
  warnings.warn(
/Users/nimishrauniyar/Documents/IPL Prediction/.venv/lib/python3.9/site-packages/sklearn/base.py:380: InconsistentVersionWarning: Trying to unpickle estimator LogisticRegression from version 1.7.2 when using version 1.6.1. This might lead to breaking code or invalid results. Use at your own risk. For more info please refer to:
https://scikit-learn.org/stable/model_persistence.html#security-maintainability-limitations
  warnings.warn(
/Users/nimishrauniyar/Documents/IPL Prediction/.venv/lib/python3.9/site-packages/sklearn/base.py:380: InconsistentVersionWarning: Trying to unpickle estimator Pipeline from version 1.7.2 when using version 1.6.1. This might lead to breaking code or invalid results. Use at your own risk. For more info please refer to:
https://scikit-learn.org/stable/model_persistence.html#security-maintainability-limitations
  warnings.warn(
/Users/nimishrauniyar/Documents/IPL Prediction/.venv/lib/python3.9/site-packages/sklearn/base.py:380: InconsistentVersionWarning: Trying to unpickle estimator DecisionTreeClassifier from version 1.7.2 when using version 1.6.1. This might lead to breaking code or invalid results. Use at your own risk. For more info please refer to:
https://scikit-learn.org/stable/model_persistence.html#security-maintainability-limitations
  warnings.warn(
/Users/nimishrauniyar/Documents/IPL Prediction/.venv/lib/python3.9/site-packages/sklearn/base.py:380: InconsistentVersionWarning: Trying to unpickle estimator RandomForestClassifier from version 1.7.2 when using version 1.6.1. This might lead to breaking code or invalid results. Use at your own risk. For more info please refer to:
https://scikit-learn.org/stable/model_persistence.html#security-maintainability-limitations
  warnings.warn(
/Users/nimishrauniyar/Documents/IPL Prediction/.venv/lib/python3.9/site-packages/sklearn/base.py:380: InconsistentVersionWarning: Trying to unpickle estimator _SigmoidCalibration from version 1.7.2 when using version 1.6.1. This might lead to breaking code or invalid results. Use at your own risk. For more info please refer to:
https://scikit-learn.org/stable/model_persistence.html#security-maintainability-limitations
  warnings.warn(
/Users/nimishrauniyar/Documents/IPL Prediction/.venv/lib/python3.9/site-packages/sklearn/base.py:380: InconsistentVersionWarning: Trying to unpickle estimator CalibratedClassifierCV from version 1.7.2 when using version 1.6.1. This might lead to breaking code or invalid results. Use at your own risk. For more info please refer to:
https://scikit-learn.org/stable/model_persistence.html#security-maintainability-limitations
  warnings.warn(
INFO:     127.0.0.1:59402 - "GET /api/insights?team_a=Punjab%20Kings&team_b=Royal%20Challengers%20Bengaluru HTTP/1.1" 200 OK
INFO:     127.0.0.1:59404 - "GET /api/h2h?team_a=Punjab%20Kings&team_b=Royal%20Challengers%20Bengaluru HTTP/1.1" 200 OK
INFO:     127.0.0.1:59412 - "GET /api/teams HTTP/1.1" 200 OK
INFO:     127.0.0.1:59413 - "GET /api/seasons HTTP/1.1" 200 OK
INFO:     127.0.0.1:59415 - "GET /api/teams HTTP/1.1" 200 OK
INFO:     127.0.0.1:59416 - "GET /api/seasons HTTP/1.1" 200 OK
/Users/nimishrauniyar/Documents/IPL Prediction/.venv/lib/python3.9/site-packages/sklearn/base.py:380: InconsistentVersionWarning: Trying to unpickle estimator StandardScaler from version 1.7.2 when using version 1.6.1. This might lead to breaking code or invalid results. Use at your own risk. For more info please refer to:
https://scikit-learn.org/stable/model_persistence.html#security-maintainability-limitations
  warnings.warn(
/Users/nimishrauniyar/Documents/IPL Prediction/.venv/lib/python3.9/site-packages/sklearn/base.py:380: InconsistentVersionWarning: Trying to unpickle estimator LogisticRegression from version 1.7.2 when using version 1.6.1. This might lead to breaking code or invalid results. Use at your own risk. For more info please refer to:
https://scikit-learn.org/stable/model_persistence.html#security-maintainability-limitations
  warnings.warn(
/Users/nimishrauniyar/Documents/IPL Prediction/.venv/lib/python3.9/site-packages/sklearn/base.py:380: InconsistentVersionWarning: Trying to unpickle estimator Pipeline from version 1.7.2 when using version 1.6.1. This might lead to breaking code or invalid results. Use at your own risk. For more info please refer to:
https://scikit-learn.org/stable/model_persistence.html#security-maintainability-limitations
  warnings.warn(
/Users/nimishrauniyar/Documents/IPL Prediction/.venv/lib/python3.9/site-packages/sklearn/base.py:380: InconsistentVersionWarning: Trying to unpickle estimator DecisionTreeClassifier from version 1.7.2 when using version 1.6.1. This might lead to breaking code or invalid results. Use at your own risk. For more info please refer to:
https://scikit-learn.org/stable/model_persistence.html#security-maintainability-limitations
  warnings.warn(
/Users/nimishrauniyar/Documents/IPL Prediction/.venv/lib/python3.9/site-packages/sklearn/base.py:380: InconsistentVersionWarning: Trying to unpickle estimator RandomForestClassifier from version 1.7.2 when using version 1.6.1. This might lead to breaking code or invalid results. Use at your own risk. For more info please refer to:
https://scikit-learn.org/stable/model_persistence.html#security-maintainability-limitations
  warnings.warn(
[20:25:04] WARNING: /Users/runner/work/xgboost/xgboost/src/gbm/../common/error_msg.h:80: If you are loading a serialized model (like pickle in Python, RDS in R) or
configuration generated by an older version of XGBoost, please export the model by calling
`Booster.save_model` from that version first, then load it back in current version. See:

    https://xgboost.readthedocs.io/en/stable/tutorials/saving_model.html

for more details about differences between saving model and serializing.

/Users/nimishrauniyar/Documents/IPL Prediction/.venv/lib/python3.9/site-packages/sklearn/base.py:380: InconsistentVersionWarning: Trying to unpickle estimator _SigmoidCalibration from version 1.7.2 when using version 1.6.1. This might lead to breaking code or invalid results. Use at your own risk. For more info please refer to:
https://scikit-learn.org/stable/model_persistence.html#security-maintainability-limitations
  warnings.warn(
/Users/nimishrauniyar/Documents/IPL Prediction/.venv/lib/python3.9/site-packages/sklearn/base.py:380: InconsistentVersionWarning: Trying to unpickle estimator CalibratedClassifierCV from version 1.7.2 when using version 1.6.1. This might lead to breaking code or invalid results. Use at your own risk. For more info please refer to:
https://scikit-learn.org/stable/model_persistence.html#security-maintainability-limitations
  warnings.warn(
INFO:     127.0.0.1:59418 - "GET /api/fixtures?season=2026 HTTP/1.1" 200 OK
/Users/nimishrauniyar/Documents/IPL Prediction/.venv/lib/python3.9/site-packages/sklearn/base.py:380: InconsistentVersionWarning: Trying to unpickle estimator StandardScaler from version 1.7.2 when using version 1.6.1. This might lead to breaking code or invalid results. Use at your own risk. For more info please refer to:
https://scikit-learn.org/stable/model_persistence.html#security-maintainability-limitations
  warnings.warn(
/Users/nimishrauniyar/Documents/IPL Prediction/.venv/lib/python3.9/site-packages/sklearn/base.py:380: InconsistentVersionWarning: Trying to unpickle estimator LogisticRegression from version 1.7.2 when using version 1.6.1. This might lead to breaking code or invalid results. Use at your own risk. For more info please refer to:
https://scikit-learn.org/stable/model_persistence.html#security-maintainability-limitations
  warnings.warn(
/Users/nimishrauniyar/Documents/IPL Prediction/.venv/lib/python3.9/site-packages/sklearn/base.py:380: InconsistentVersionWarning: Trying to unpickle estimator Pipeline from version 1.7.2 when using version 1.6.1. This might lead to breaking code or invalid results. Use at your own risk. For more info please refer to:
https://scikit-learn.org/stable/model_persistence.html#security-maintainability-limitations
  warnings.warn(
/Users/nimishrauniyar/Documents/IPL Prediction/.venv/lib/python3.9/site-packages/sklearn/base.py:380: InconsistentVersionWarning: Trying to unpickle estimator DecisionTreeClassifier from version 1.7.2 when using version 1.6.1. This might lead to breaking code or invalid results. Use at your own risk. For more info please refer to:
https://scikit-learn.org/stable/model_persistence.html#security-maintainability-limitations
  warnings.warn(
/Users/nimishrauniyar/Documents/IPL Prediction/.venv/lib/python3.9/site-packages/sklearn/base.py:380: InconsistentVersionWarning: Trying to unpickle estimator RandomForestClassifier from version 1.7.2 when using version 1.6.1. This might lead to breaking code or invalid results. Use at your own risk. For more info please refer to:
https://scikit-learn.org/stable/model_persistence.html#security-maintainability-limitations
  warnings.warn(
/Users/nimishrauniyar/Documents/IPL Prediction/.venv/lib/python3.9/site-packages/sklearn/base.py:380: InconsistentVersionWarning: Trying to unpickle estimator _SigmoidCalibration from version 1.7.2 when using version 1.6.1. This might lead to breaking code or invalid results. Use at your own risk. For more info please refer to:
https://scikit-learn.org/stable/model_persistence.html#security-maintainability-limitations
  warnings.warn(
/Users/nimishrauniyar/Documents/IPL Prediction/.venv/lib/python3.9/site-packages/sklearn/base.py:380: InconsistentVersionWarning: Trying to unpickle estimator CalibratedClassifierCV from version 1.7.2 when using version 1.6.1. This might lead to breaking code or invalid results. Use at your own risk. For more info please refer to:
https://scikit-learn.org/stable/model_persistence.html#security-maintainability-limitations
  warnings.warn(
/Users/nimishrauniyar/Documents/IPL Prediction/.venv/lib/python3.9/site-packages/sklearn/base.py:380: InconsistentVersionWarning: Trying to unpickle estimator StandardScaler from version 1.7.2 when using version 1.6.1. This might lead to breaking code or invalid results. Use at your own risk. For more info please refer to:
https://scikit-learn.org/stable/model_persistence.html#security-maintainability-limitations
  warnings.warn(
/Users/nimishrauniyar/Documents/IPL Prediction/.venv/lib/python3.9/site-packages/sklearn/base.py:380: InconsistentVersionWarning: Trying to unpickle estimator LogisticRegression from version 1.7.2 when using version 1.6.1. This might lead to breaking code or invalid results. Use at your own risk. For more info please refer to:
https://scikit-learn.org/stable/model_persistence.html#security-maintainability-limitations
  warnings.warn(
/Users/nimishrauniyar/Documents/IPL Prediction/.venv/lib/python3.9/site-packages/sklearn/base.py:380: InconsistentVersionWarning: Trying to unpickle estimator Pipeline from version 1.7.2 when using version 1.6.1. This might lead to breaking code or invalid results. Use at your own risk. For more info please refer to:
https://scikit-learn.org/stable/model_persistence.html#security-maintainability-limitations
  warnings.warn(
/Users/nimishrauniyar/Documents/IPL Prediction/.venv/lib/python3.9/site-packages/sklearn/base.py:380: InconsistentVersionWarning: Trying to unpickle estimator DecisionTreeClassifier from version 1.7.2 when using version 1.6.1. This might lead to breaking code or invalid results. Use at your own risk. For more info please refer to:
https://scikit-learn.org/stable/model_persistence.html#security-maintainability-limitations
  warnings.warn(
/Users/nimishrauniyar/Documents/IPL Prediction/.venv/lib/python3.9/site-packages/sklearn/base.py:380: InconsistentVersionWarning: Trying to unpickle estimator RandomForestClassifier from version 1.7.2 when using version 1.6.1. This might lead to breaking code or invalid results. Use at your own risk. For more info please refer to:
https://scikit-learn.org/stable/model_persistence.html#security-maintainability-limitations
  warnings.warn(
/Users/nimishrauniyar/Documents/IPL Prediction/.venv/lib/python3.9/site-packages/sklearn/base.py:380: InconsistentVersionWarning: Trying to unpickle estimator _SigmoidCalibration from version 1.7.2 when using version 1.6.1. This might lead to breaking code or invalid results. Use at your own risk. For more info please refer to:
https://scikit-learn.org/stable/model_persistence.html#security-maintainability-limitations
  warnings.warn(
/Users/nimishrauniyar/Documents/IPL Prediction/.venv/lib/python3.9/site-packages/sklearn/base.py:380: InconsistentVersionWarning: Trying to unpickle estimator CalibratedClassifierCV from version 1.7.2 when using version 1.6.1. This might lead to breaking code or invalid results. Use at your own risk. For more info please refer to:
https://scikit-learn.org/stable/model_persistence.html#security-maintainability-limitations
  warnings.warn(
INFO:     127.0.0.1:59421 - "GET /api/insights?team_a=Chennai%20Super%20Kings&team_b=Mumbai%20Indians HTTP/1.1" 200 OK
INFO:     127.0.0.1:59423 - "GET /api/h2h?team_a=Chennai%20Super%20Kings&team_b=Mumbai%20Indians HTTP/1.1" 200 OK
/Users/nimishrauniyar/Documents/IPL Prediction/.venv/lib/python3.9/site-packages/sklearn/base.py:380: InconsistentVersionWarning: Trying to unpickle estimator StandardScaler from version 1.7.2 when using version 1.6.1. This might lead to breaking code or invalid results. Use at your own risk. For more info please refer to:
https://scikit-learn.org/stable/model_persistence.html#security-maintainability-limitations
  warnings.warn(
/Users/nimishrauniyar/Documents/IPL Prediction/.venv/lib/python3.9/site-packages/sklearn/base.py:380: InconsistentVersionWarning: Trying to unpickle estimator LogisticRegression from version 1.7.2 when using version 1.6.1. This might lead to breaking code or invalid results. Use at your own risk. For more info please refer to:
https://scikit-learn.org/stable/model_persistence.html#security-maintainability-limitations
  warnings.warn(
/Users/nimishrauniyar/Documents/IPL Prediction/.venv/lib/python3.9/site-packages/sklearn/base.py:380: InconsistentVersionWarning: Trying to unpickle estimator Pipeline from version 1.7.2 when using version 1.6.1. This might lead to breaking code or invalid results. Use at your own risk. For more info please refer to:
https://scikit-learn.org/stable/model_persistence.html#security-maintainability-limitations
  warnings.warn(
/Users/nimishrauniyar/Documents/IPL Prediction/.venv/lib/python3.9/site-packages/sklearn/base.py:380: InconsistentVersionWarning: Trying to unpickle estimator DecisionTreeClassifier from version 1.7.2 when using version 1.6.1. This might lead to breaking code or invalid results. Use at your own risk. For more info please refer to:
https://scikit-learn.org/stable/model_persistence.html#security-maintainability-limitations
  warnings.warn(
/Users/nimishrauniyar/Documents/IPL Prediction/.venv/lib/python3.9/site-packages/sklearn/base.py:380: InconsistentVersionWarning: Trying to unpickle estimator RandomForestClassifier from version 1.7.2 when using version 1.6.1. This might lead to breaking code or invalid results. Use at your own risk. For more info please refer to:
https://scikit-learn.org/stable/model_persistence.html#security-maintainability-limitations
  warnings.warn(
/Users/nimishrauniyar/Documents/IPL Prediction/.venv/lib/python3.9/site-packages/sklearn/base.py:380: InconsistentVersionWarning: Trying to unpickle estimator _SigmoidCalibration from version 1.7.2 when using version 1.6.1. This might lead to breaking code or invalid results. Use at your own risk. For more info please refer to:
https://scikit-learn.org/stable/model_persistence.html#security-maintainability-limitations
  warnings.warn(
/Users/nimishrauniyar/Documents/IPL Prediction/.venv/lib/python3.9/site-packages/sklearn/base.py:380: InconsistentVersionWarning: Trying to unpickle estimator CalibratedClassifierCV from version 1.7.2 when using version 1.6.1. This might lead to breaking code or invalid results. Use at your own risk. For more info please refer to:
https://scikit-learn.org/stable/model_persistence.html#security-maintainability-limitations
  warnings.warn(
/Users/nimishrauniyar/Documents/IPL Prediction/.venv/lib/python3.9/site-packages/sklearn/base.py:380: InconsistentVersionWarning: Trying to unpickle estimator StandardScaler from version 1.7.2 when using version 1.6.1. This might lead to breaking code or invalid results. Use at your own risk. For more info please refer to:
https://scikit-learn.org/stable/model_persistence.html#security-maintainability-limitations
  warnings.warn(
/Users/nimishrauniyar/Documents/IPL Prediction/.venv/lib/python3.9/site-packages/sklearn/base.py:380: InconsistentVersionWarning: Trying to unpickle estimator LogisticRegression from version 1.7.2 when using version 1.6.1. This might lead to breaking code or invalid results. Use at your own risk. For more info please refer to:
https://scikit-learn.org/stable/model_persistence.html#security-maintainability-limitations
  warnings.warn(
/Users/nimishrauniyar/Documents/IPL Prediction/.venv/lib/python3.9/site-packages/sklearn/base.py:380: InconsistentVersionWarning: Trying to unpickle estimator Pipeline from version 1.7.2 when using version 1.6.1. This might lead to breaking code or invalid results. Use at your own risk. For more info please refer to:
https://scikit-learn.org/stable/model_persistence.html#security-maintainability-limitations
  warnings.warn(
/Users/nimishrauniyar/Documents/IPL Prediction/.venv/lib/python3.9/site-packages/sklearn/base.py:380: InconsistentVersionWarning: Trying to unpickle estimator DecisionTreeClassifier from version 1.7.2 when using version 1.6.1. This might lead to breaking code or invalid results. Use at your own risk. For more info please refer to:
https://scikit-learn.org/stable/model_persistence.html#security-maintainability-limitations
  warnings.warn(
/Users/nimishrauniyar/Documents/IPL Prediction/.venv/lib/python3.9/site-packages/sklearn/base.py:380: InconsistentVersionWarning: Trying to unpickle estimator RandomForestClassifier from version 1.7.2 when using version 1.6.1. This might lead to breaking code or invalid results. Use at your own risk. For more info please refer to:
https://scikit-learn.org/stable/model_persistence.html#security-maintainability-limitations
  warnings.warn(
/Users/nimishrauniyar/Documents/IPL Prediction/.venv/lib/python3.9/site-packages/sklearn/base.py:380: InconsistentVersionWarning: Trying to unpickle estimator _SigmoidCalibration from version 1.7.2 when using version 1.6.1. This might lead to breaking code or invalid results. Use at your own risk. For more info please refer to:
https://scikit-learn.org/stable/model_persistence.html#security-maintainability-limitations
  warnings.warn(
/Users/nimishrauniyar/Documents/IPL Prediction/.venv/lib/python3.9/site-packages/sklearn/base.py:380: InconsistentVersionWarning: Trying to unpickle estimator CalibratedClassifierCV from version 1.7.2 when using version 1.6.1. This might lead to breaking code or invalid results. Use at your own risk. For more info please refer to:
https://scikit-learn.org/stable/model_persistence.html#security-maintainability-limitations
  warnings.warn(
INFO:     127.0.0.1:59428 - "GET /api/insights?team_a=Gujarat%20Titans&team_b=Mumbai%20Indians HTTP/1.1" 200 OK
INFO:     127.0.0.1:59430 - "GET /api/h2h?team_a=Gujarat%20Titans&team_b=Mumbai%20Indians HTTP/1.1" 200 OK
INFO:     127.0.0.1:59434 - "GET /api/teams HTTP/1.1" 200 OK
INFO:     127.0.0.1:59435 - "GET /api/seasons HTTP/1.1" 200 OK
INFO:     127.0.0.1:59438 - "GET /api/teams HTTP/1.1" 200 OK
INFO:     127.0.0.1:59439 - "GET /api/seasons HTTP/1.1" 200 OK
/Users/nimishrauniyar/Documents/IPL Prediction/.venv/lib/python3.9/site-packages/sklearn/base.py:380: InconsistentVersionWarning: Trying to unpickle estimator StandardScaler from version 1.7.2 when using version 1.6.1. This might lead to breaking code or invalid results. Use at your own risk. For more info please refer to:
https://scikit-learn.org/stable/model_persistence.html#security-maintainability-limitations
  warnings.warn(
/Users/nimishrauniyar/Documents/IPL Prediction/.venv/lib/python3.9/site-packages/sklearn/base.py:380: InconsistentVersionWarning: Trying to unpickle estimator LogisticRegression from version 1.7.2 when using version 1.6.1. This might lead to breaking code or invalid results. Use at your own risk. For more info please refer to:
https://scikit-learn.org/stable/model_persistence.html#security-maintainability-limitations
  warnings.warn(
/Users/nimishrauniyar/Documents/IPL Prediction/.venv/lib/python3.9/site-packages/sklearn/base.py:380: InconsistentVersionWarning: Trying to unpickle estimator Pipeline from version 1.7.2 when using version 1.6.1. This might lead to breaking code or invalid results. Use at your own risk. For more info please refer to:
https://scikit-learn.org/stable/model_persistence.html#security-maintainability-limitations
  warnings.warn(
/Users/nimishrauniyar/Documents/IPL Prediction/.venv/lib/python3.9/site-packages/sklearn/base.py:380: InconsistentVersionWarning: Trying to unpickle estimator DecisionTreeClassifier from version 1.7.2 when using version 1.6.1. This might lead to breaking code or invalid results. Use at your own risk. For more info please refer to:
https://scikit-learn.org/stable/model_persistence.html#security-maintainability-limitations
  warnings.warn(
/Users/nimishrauniyar/Documents/IPL Prediction/.venv/lib/python3.9/site-packages/sklearn/base.py:380: InconsistentVersionWarning: Trying to unpickle estimator RandomForestClassifier from version 1.7.2 when using version 1.6.1. This might lead to breaking code or invalid results. Use at your own risk. For more info please refer to:
https://scikit-learn.org/stable/model_persistence.html#security-maintainability-limitations
  warnings.warn(
/Users/nimishrauniyar/Documents/IPL Prediction/.venv/lib/python3.9/site-packages/sklearn/base.py:380: InconsistentVersionWarning: Trying to unpickle estimator _SigmoidCalibration from version 1.7.2 when using version 1.6.1. This might lead to breaking code or invalid results. Use at your own risk. For more info please refer to:
https://scikit-learn.org/stable/model_persistence.html#security-maintainability-limitations
  warnings.warn(
/Users/nimishrauniyar/Documents/IPL Prediction/.venv/lib/python3.9/site-packages/sklearn/base.py:380: InconsistentVersionWarning: Trying to unpickle estimator CalibratedClassifierCV from version 1.7.2 when using version 1.6.1. This might lead to breaking code or invalid results. Use at your own risk. For more info please refer to:
https://scikit-learn.org/stable/model_persistence.html#security-maintainability-limitations
  warnings.warn(
INFO:     127.0.0.1:59441 - "GET /api/fixtures?season=2026 HTTP/1.1" 200 OK
INFO:     127.0.0.1:59460 - "GET /api/teams HTTP/1.1" 200 OK
INFO:     127.0.0.1:59461 - "GET /api/seasons HTTP/1.1" 200 OK
INFO:     127.0.0.1:59464 - "GET /api/seasons HTTP/1.1" 200 OK
INFO:     127.0.0.1:59463 - "GET /api/teams HTTP/1.1" 200 OK
/Users/nimishrauniyar/Documents/IPL Prediction/.venv/lib/python3.9/site-packages/sklearn/base.py:380: InconsistentVersionWarning: Trying to unpickle estimator StandardScaler from version 1.7.2 when using version 1.6.1. This might lead to breaking code or invalid results. Use at your own risk. For more info please refer to:
https://scikit-learn.org/stable/model_persistence.html#security-maintainability-limitations
  warnings.warn(
/Users/nimishrauniyar/Documents/IPL Prediction/.venv/lib/python3.9/site-packages/sklearn/base.py:380: InconsistentVersionWarning: Trying to unpickle estimator LogisticRegression from version 1.7.2 when using version 1.6.1. This might lead to breaking code or invalid results. Use at your own risk. For more info please refer to:
https://scikit-learn.org/stable/model_persistence.html#security-maintainability-limitations
  warnings.warn(
/Users/nimishrauniyar/Documents/IPL Prediction/.venv/lib/python3.9/site-packages/sklearn/base.py:380: InconsistentVersionWarning: Trying to unpickle estimator Pipeline from version 1.7.2 when using version 1.6.1. This might lead to breaking code or invalid results. Use at your own risk. For more info please refer to:
https://scikit-learn.org/stable/model_persistence.html#security-maintainability-limitations
  warnings.warn(
/Users/nimishrauniyar/Documents/IPL Prediction/.venv/lib/python3.9/site-packages/sklearn/base.py:380: InconsistentVersionWarning: Trying to unpickle estimator DecisionTreeClassifier from version 1.7.2 when using version 1.6.1. This might lead to breaking code or invalid results. Use at your own risk. For more info please refer to:
https://scikit-learn.org/stable/model_persistence.html#security-maintainability-limitations
  warnings.warn(
/Users/nimishrauniyar/Documents/IPL Prediction/.venv/lib/python3.9/site-packages/sklearn/base.py:380: InconsistentVersionWarning: Trying to unpickle estimator RandomForestClassifier from version 1.7.2 when using version 1.6.1. This might lead to breaking code or invalid results. Use at your own risk. For more info please refer to:
https://scikit-learn.org/stable/model_persistence.html#security-maintainability-limitations
  warnings.warn(
[20:30:17] WARNING: /Users/runner/work/xgboost/xgboost/src/gbm/../common/error_msg.h:80: If you are loading a serialized model (like pickle in Python, RDS in R) or
configuration generated by an older version of XGBoost, please export the model by calling
`Booster.save_model` from that version first, then load it back in current version. See:

    https://xgboost.readthedocs.io/en/stable/tutorials/saving_model.html

for more details about differences between saving model and serializing.

/Users/nimishrauniyar/Documents/IPL Prediction/.venv/lib/python3.9/site-packages/sklearn/base.py:380: InconsistentVersionWarning: Trying to unpickle estimator _SigmoidCalibration from version 1.7.2 when using version 1.6.1. This might lead to breaking code or invalid results. Use at your own risk. For more info please refer to:
https://scikit-learn.org/stable/model_persistence.html#security-maintainability-limitations
  warnings.warn(
/Users/nimishrauniyar/Documents/IPL Prediction/.venv/lib/python3.9/site-packages/sklearn/base.py:380: InconsistentVersionWarning: Trying to unpickle estimator CalibratedClassifierCV from version 1.7.2 when using version 1.6.1. This might lead to breaking code or invalid results. Use at your own risk. For more info please refer to:
https://scikit-learn.org/stable/model_persistence.html#security-maintainability-limitations
  warnings.warn(
INFO:     127.0.0.1:59466 - "GET /api/fixtures?season=2026 HTTP/1.1" 200 OK
/Users/nimishrauniyar/Documents/IPL Prediction/.venv/lib/python3.9/site-packages/sklearn/base.py:380: InconsistentVersionWarning: Trying to unpickle estimator StandardScaler from version 1.7.2 when using version 1.6.1. This might lead to breaking code or invalid results. Use at your own risk. For more info please refer to:
https://scikit-learn.org/stable/model_persistence.html#security-maintainability-limitations
  warnings.warn(
/Users/nimishrauniyar/Documents/IPL Prediction/.venv/lib/python3.9/site-packages/sklearn/base.py:380: InconsistentVersionWarning: Trying to unpickle estimator LogisticRegression from version 1.7.2 when using version 1.6.1. This might lead to breaking code or invalid results. Use at your own risk. For more info please refer to:
https://scikit-learn.org/stable/model_persistence.html#security-maintainability-limitations
  warnings.warn(
/Users/nimishrauniyar/Documents/IPL Prediction/.venv/lib/python3.9/site-packages/sklearn/base.py:380: InconsistentVersionWarning: Trying to unpickle estimator Pipeline from version 1.7.2 when using version 1.6.1. This might lead to breaking code or invalid results. Use at your own risk. For more info please refer to:
https://scikit-learn.org/stable/model_persistence.html#security-maintainability-limitations
  warnings.warn(
/Users/nimishrauniyar/Documents/IPL Prediction/.venv/lib/python3.9/site-packages/sklearn/base.py:380: InconsistentVersionWarning: Trying to unpickle estimator DecisionTreeClassifier from version 1.7.2 when using version 1.6.1. This might lead to breaking code or invalid results. Use at your own risk. For more info please refer to:
https://scikit-learn.org/stable/model_persistence.html#security-maintainability-limitations
  warnings.warn(
/Users/nimishrauniyar/Documents/IPL Prediction/.venv/lib/python3.9/site-packages/sklearn/base.py:380: InconsistentVersionWarning: Trying to unpickle estimator RandomForestClassifier from version 1.7.2 when using version 1.6.1. This might lead to breaking code or invalid results. Use at your own risk. For more info please refer to:
https://scikit-learn.org/stable/model_persistence.html#security-maintainability-limitations
  warnings.warn(
/Users/nimishrauniyar/Documents/IPL Prediction/.venv/lib/python3.9/site-packages/sklearn/base.py:380: InconsistentVersionWarning: Trying to unpickle estimator _SigmoidCalibration from version 1.7.2 when using version 1.6.1. This might lead to breaking code or invalid results. Use at your own risk. For more info please refer to:
https://scikit-learn.org/stable/model_persistence.html#security-maintainability-limitations
  warnings.warn(
/Users/nimishrauniyar/Documents/IPL Prediction/.venv/lib/python3.9/site-packages/sklearn/base.py:380: InconsistentVersionWarning: Trying to unpickle estimator CalibratedClassifierCV from version 1.7.2 when using version 1.6.1. This might lead to breaking code or invalid results. Use at your own risk. For more info please refer to:
https://scikit-learn.org/stable/model_persistence.html#security-maintainability-limitations
  warnings.warn(
/Users/nimishrauniyar/Documents/IPL Prediction/.venv/lib/python3.9/site-packages/sklearn/base.py:380: InconsistentVersionWarning: Trying to unpickle estimator StandardScaler from version 1.7.2 when using version 1.6.1. This might lead to breaking code or invalid results. Use at your own risk. For more info please refer to:
https://scikit-learn.org/stable/model_persistence.html#security-maintainability-limitations
  warnings.warn(
/Users/nimishrauniyar/Documents/IPL Prediction/.venv/lib/python3.9/site-packages/sklearn/base.py:380: InconsistentVersionWarning: Trying to unpickle estimator LogisticRegression from version 1.7.2 when using version 1.6.1. This might lead to breaking code or invalid results. Use at your own risk. For more info please refer to:
https://scikit-learn.org/stable/model_persistence.html#security-maintainability-limitations
  warnings.warn(
/Users/nimishrauniyar/Documents/IPL Prediction/.venv/lib/python3.9/site-packages/sklearn/base.py:380: InconsistentVersionWarning: Trying to unpickle estimator Pipeline from version 1.7.2 when using version 1.6.1. This might lead to breaking code or invalid results. Use at your own risk. For more info please refer to:
https://scikit-learn.org/stable/model_persistence.html#security-maintainability-limitations
  warnings.warn(
/Users/nimishrauniyar/Documents/IPL Prediction/.venv/lib/python3.9/site-packages/sklearn/base.py:380: InconsistentVersionWarning: Trying to unpickle estimator DecisionTreeClassifier from version 1.7.2 when using version 1.6.1. This might lead to breaking code or invalid results. Use at your own risk. For more info please refer to:
https://scikit-learn.org/stable/model_persistence.html#security-maintainability-limitations
  warnings.warn(
/Users/nimishrauniyar/Documents/IPL Prediction/.venv/lib/python3.9/site-packages/sklearn/base.py:380: InconsistentVersionWarning: Trying to unpickle estimator RandomForestClassifier from version 1.7.2 when using version 1.6.1. This might lead to breaking code or invalid results. Use at your own risk. For more info please refer to:
https://scikit-learn.org/stable/model_persistence.html#security-maintainability-limitations
  warnings.warn(
/Users/nimishrauniyar/Documents/IPL Prediction/.venv/lib/python3.9/site-packages/sklearn/base.py:380: InconsistentVersionWarning: Trying to unpickle estimator _SigmoidCalibration from version 1.7.2 when using version 1.6.1. This might lead to breaking code or invalid results. Use at your own risk. For more info please refer to:
https://scikit-learn.org/stable/model_persistence.html#security-maintainability-limitations
  warnings.warn(
/Users/nimishrauniyar/Documents/IPL Prediction/.venv/lib/python3.9/site-packages/sklearn/base.py:380: InconsistentVersionWarning: Trying to unpickle estimator CalibratedClassifierCV from version 1.7.2 when using version 1.6.1. This might lead to breaking code or invalid results. Use at your own risk. For more info please refer to:
https://scikit-learn.org/stable/model_persistence.html#security-maintainability-limitations
  warnings.warn(
INFO:     127.0.0.1:59469 - "GET /api/insights?team_a=Chennai%20Super%20Kings&team_b=Lucknow%20Super%20Giants HTTP/1.1" 200 OK
INFO:     127.0.0.1:59471 - "GET /api/h2h?team_a=Chennai%20Super%20Kings&team_b=Lucknow%20Super%20Giants HTTP/1.1" 200 OK
INFO:     127.0.0.1:59521 - "GET /api/seasons HTTP/1.1" 200 OK
INFO:     127.0.0.1:59520 - "GET /api/teams HTTP/1.1" 200 OK
INFO:     127.0.0.1:59523 - "GET /api/seasons HTTP/1.1" 200 OK
INFO:     127.0.0.1:59524 - "GET /api/teams HTTP/1.1" 200 OK
/Users/nimishrauniyar/Documents/IPL Prediction/.venv/lib/python3.9/site-packages/sklearn/base.py:380: InconsistentVersionWarning: Trying to unpickle estimator StandardScaler from version 1.7.2 when using version 1.6.1. This might lead to breaking code or invalid results. Use at your own risk. For more info please refer to:
https://scikit-learn.org/stable/model_persistence.html#security-maintainability-limitations
  warnings.warn(
/Users/nimishrauniyar/Documents/IPL Prediction/.venv/lib/python3.9/site-packages/sklearn/base.py:380: InconsistentVersionWarning: Trying to unpickle estimator LogisticRegression from version 1.7.2 when using version 1.6.1. This might lead to breaking code or invalid results. Use at your own risk. For more info please refer to:
https://scikit-learn.org/stable/model_persistence.html#security-maintainability-limitations
  warnings.warn(
/Users/nimishrauniyar/Documents/IPL Prediction/.venv/lib/python3.9/site-packages/sklearn/base.py:380: InconsistentVersionWarning: Trying to unpickle estimator Pipeline from version 1.7.2 when using version 1.6.1. This might lead to breaking code or invalid results. Use at your own risk. For more info please refer to:
https://scikit-learn.org/stable/model_persistence.html#security-maintainability-limitations
  warnings.warn(
/Users/nimishrauniyar/Documents/IPL Prediction/.venv/lib/python3.9/site-packages/sklearn/base.py:380: InconsistentVersionWarning: Trying to unpickle estimator DecisionTreeClassifier from version 1.7.2 when using version 1.6.1. This might lead to breaking code or invalid results. Use at your own risk. For more info please refer to:
https://scikit-learn.org/stable/model_persistence.html#security-maintainability-limitations
  warnings.warn(
/Users/nimishrauniyar/Documents/IPL Prediction/.venv/lib/python3.9/site-packages/sklearn/base.py:380: InconsistentVersionWarning: Trying to unpickle estimator RandomForestClassifier from version 1.7.2 when using version 1.6.1. This might lead to breaking code or invalid results. Use at your own risk. For more info please refer to:
https://scikit-learn.org/stable/model_persistence.html#security-maintainability-limitations
  warnings.warn(
/Users/nimishrauniyar/Documents/IPL Prediction/.venv/lib/python3.9/site-packages/sklearn/base.py:380: InconsistentVersionWarning: Trying to unpickle estimator _SigmoidCalibration from version 1.7.2 when using version 1.6.1. This might lead to breaking code or invalid results. Use at your own risk. For more info please refer to:
https://scikit-learn.org/stable/model_persistence.html#security-maintainability-limitations
  warnings.warn(
/Users/nimishrauniyar/Documents/IPL Prediction/.venv/lib/python3.9/site-packages/sklearn/base.py:380: InconsistentVersionWarning: Trying to unpickle estimator CalibratedClassifierCV from version 1.7.2 when using version 1.6.1. This might lead to breaking code or invalid results. Use at your own risk. For more info please refer to:
https://scikit-learn.org/stable/model_persistence.html#security-maintainability-limitations
  warnings.warn(
INFO:     127.0.0.1:59526 - "GET /api/fixtures?season=2026 HTTP/1.1" 200 OK
INFO:     127.0.0.1:59532 - "GET /api/teams HTTP/1.1" 200 OK
INFO:     127.0.0.1:59533 - "GET /api/seasons HTTP/1.1" 200 OK
INFO:     127.0.0.1:59534 - "GET /api/teams HTTP/1.1" 200 OK
INFO:     127.0.0.1:59537 - "GET /api/seasons HTTP/1.1" 200 OK
/Users/nimishrauniyar/Documents/IPL Prediction/.venv/lib/python3.9/site-packages/sklearn/base.py:380: InconsistentVersionWarning: Trying to unpickle estimator StandardScaler from version 1.7.2 when using version 1.6.1. This might lead to breaking code or invalid results. Use at your own risk. For more info please refer to:
https://scikit-learn.org/stable/model_persistence.html#security-maintainability-limitations
  warnings.warn(
/Users/nimishrauniyar/Documents/IPL Prediction/.venv/lib/python3.9/site-packages/sklearn/base.py:380: InconsistentVersionWarning: Trying to unpickle estimator LogisticRegression from version 1.7.2 when using version 1.6.1. This might lead to breaking code or invalid results. Use at your own risk. For more info please refer to:
https://scikit-learn.org/stable/model_persistence.html#security-maintainability-limitations
  warnings.warn(
/Users/nimishrauniyar/Documents/IPL Prediction/.venv/lib/python3.9/site-packages/sklearn/base.py:380: InconsistentVersionWarning: Trying to unpickle estimator Pipeline from version 1.7.2 when using version 1.6.1. This might lead to breaking code or invalid results. Use at your own risk. For more info please refer to:
https://scikit-learn.org/stable/model_persistence.html#security-maintainability-limitations
  warnings.warn(
/Users/nimishrauniyar/Documents/IPL Prediction/.venv/lib/python3.9/site-packages/sklearn/base.py:380: InconsistentVersionWarning: Trying to unpickle estimator DecisionTreeClassifier from version 1.7.2 when using version 1.6.1. This might lead to breaking code or invalid results. Use at your own risk. For more info please refer to:
https://scikit-learn.org/stable/model_persistence.html#security-maintainability-limitations
  warnings.warn(
/Users/nimishrauniyar/Documents/IPL Prediction/.venv/lib/python3.9/site-packages/sklearn/base.py:380: InconsistentVersionWarning: Trying to unpickle estimator RandomForestClassifier from version 1.7.2 when using version 1.6.1. This might lead to breaking code or invalid results. Use at your own risk. For more info please refer to:
https://scikit-learn.org/stable/model_persistence.html#security-maintainability-limitations
  warnings.warn(
/Users/nimishrauniyar/Documents/IPL Prediction/.venv/lib/python3.9/site-packages/sklearn/base.py:380: InconsistentVersionWarning: Trying to unpickle estimator _SigmoidCalibration from version 1.7.2 when using version 1.6.1. This might lead to breaking code or invalid results. Use at your own risk. For more info please refer to:
https://scikit-learn.org/stable/model_persistence.html#security-maintainability-limitations
  warnings.warn(
/Users/nimishrauniyar/Documents/IPL Prediction/.venv/lib/python3.9/site-packages/sklearn/base.py:380: InconsistentVersionWarning: Trying to unpickle estimator CalibratedClassifierCV from version 1.7.2 when using version 1.6.1. This might lead to breaking code or invalid results. Use at your own risk. For more info please refer to:
https://scikit-learn.org/stable/model_persistence.html#security-maintainability-limitations
  warnings.warn(
INFO:     127.0.0.1:59538 - "GET /api/fixtures?season=2026 HTTP/1.1" 200 OK
INFO:     127.0.0.1:59544 - "GET /api/seasons HTTP/1.1" 200 OK
INFO:     127.0.0.1:59543 - "GET /api/teams HTTP/1.1" 200 OK
INFO:     127.0.0.1:59546 - "GET /api/seasons HTTP/1.1" 200 OK
INFO:     127.0.0.1:59547 - "GET /api/teams HTTP/1.1" 200 OK
/Users/nimishrauniyar/Documents/IPL Prediction/.venv/lib/python3.9/site-packages/sklearn/base.py:380: InconsistentVersionWarning: Trying to unpickle estimator StandardScaler from version 1.7.2 when using version 1.6.1. This might lead to breaking code or invalid results. Use at your own risk. For more info please refer to:
https://scikit-learn.org/stable/model_persistence.html#security-maintainability-limitations
  warnings.warn(
/Users/nimishrauniyar/Documents/IPL Prediction/.venv/lib/python3.9/site-packages/sklearn/base.py:380: InconsistentVersionWarning: Trying to unpickle estimator LogisticRegression from version 1.7.2 when using version 1.6.1. This might lead to breaking code or invalid results. Use at your own risk. For more info please refer to:
https://scikit-learn.org/stable/model_persistence.html#security-maintainability-limitations
  warnings.warn(
/Users/nimishrauniyar/Documents/IPL Prediction/.venv/lib/python3.9/site-packages/sklearn/base.py:380: InconsistentVersionWarning: Trying to unpickle estimator Pipeline from version 1.7.2 when using version 1.6.1. This might lead to breaking code or invalid results. Use at your own risk. For more info please refer to:
https://scikit-learn.org/stable/model_persistence.html#security-maintainability-limitations
  warnings.warn(
/Users/nimishrauniyar/Documents/IPL Prediction/.venv/lib/python3.9/site-packages/sklearn/base.py:380: InconsistentVersionWarning: Trying to unpickle estimator DecisionTreeClassifier from version 1.7.2 when using version 1.6.1. This might lead to breaking code or invalid results. Use at your own risk. For more info please refer to:
https://scikit-learn.org/stable/model_persistence.html#security-maintainability-limitations
  warnings.warn(
/Users/nimishrauniyar/Documents/IPL Prediction/.venv/lib/python3.9/site-packages/sklearn/base.py:380: InconsistentVersionWarning: Trying to unpickle estimator RandomForestClassifier from version 1.7.2 when using version 1.6.1. This might lead to breaking code or invalid results. Use at your own risk. For more info please refer to:
https://scikit-learn.org/stable/model_persistence.html#security-maintainability-limitations
  warnings.warn(
/Users/nimishrauniyar/Documents/IPL Prediction/.venv/lib/python3.9/site-packages/sklearn/base.py:380: InconsistentVersionWarning: Trying to unpickle estimator _SigmoidCalibration from version 1.7.2 when using version 1.6.1. This might lead to breaking code or invalid results. Use at your own risk. For more info please refer to:
https://scikit-learn.org/stable/model_persistence.html#security-maintainability-limitations
  warnings.warn(
/Users/nimishrauniyar/Documents/IPL Prediction/.venv/lib/python3.9/site-packages/sklearn/base.py:380: InconsistentVersionWarning: Trying to unpickle estimator CalibratedClassifierCV from version 1.7.2 when using version 1.6.1. This might lead to breaking code or invalid results. Use at your own risk. For more info please refer to:
https://scikit-learn.org/stable/model_persistence.html#security-maintainability-limitations
  warnings.warn(
INFO:     127.0.0.1:59549 - "GET /api/fixtures?season=2026 HTTP/1.1" 200 OK
INFO:     127.0.0.1:59554 - "GET /api/teams HTTP/1.1" 200 OK
INFO:     127.0.0.1:59555 - "GET /api/seasons HTTP/1.1" 200 OK
INFO:     127.0.0.1:59556 - "GET /api/teams HTTP/1.1" 200 OK
INFO:     127.0.0.1:59558 - "GET /api/seasons HTTP/1.1" 200 OK
/Users/nimishrauniyar/Documents/IPL Prediction/.venv/lib/python3.9/site-packages/sklearn/base.py:380: InconsistentVersionWarning: Trying to unpickle estimator StandardScaler from version 1.7.2 when using version 1.6.1. This might lead to breaking code or invalid results. Use at your own risk. For more info please refer to:
https://scikit-learn.org/stable/model_persistence.html#security-maintainability-limitations
  warnings.warn(
/Users/nimishrauniyar/Documents/IPL Prediction/.venv/lib/python3.9/site-packages/sklearn/base.py:380: InconsistentVersionWarning: Trying to unpickle estimator LogisticRegression from version 1.7.2 when using version 1.6.1. This might lead to breaking code or invalid results. Use at your own risk. For more info please refer to:
https://scikit-learn.org/stable/model_persistence.html#security-maintainability-limitations
  warnings.warn(
/Users/nimishrauniyar/Documents/IPL Prediction/.venv/lib/python3.9/site-packages/sklearn/base.py:380: InconsistentVersionWarning: Trying to unpickle estimator Pipeline from version 1.7.2 when using version 1.6.1. This might lead to breaking code or invalid results. Use at your own risk. For more info please refer to:
https://scikit-learn.org/stable/model_persistence.html#security-maintainability-limitations
  warnings.warn(
/Users/nimishrauniyar/Documents/IPL Prediction/.venv/lib/python3.9/site-packages/sklearn/base.py:380: InconsistentVersionWarning: Trying to unpickle estimator DecisionTreeClassifier from version 1.7.2 when using version 1.6.1. This might lead to breaking code or invalid results. Use at your own risk. For more info please refer to:
https://scikit-learn.org/stable/model_persistence.html#security-maintainability-limitations
  warnings.warn(
/Users/nimishrauniyar/Documents/IPL Prediction/.venv/lib/python3.9/site-packages/sklearn/base.py:380: InconsistentVersionWarning: Trying to unpickle estimator RandomForestClassifier from version 1.7.2 when using version 1.6.1. This might lead to breaking code or invalid results. Use at your own risk. For more info please refer to:
https://scikit-learn.org/stable/model_persistence.html#security-maintainability-limitations
  warnings.warn(
/Users/nimishrauniyar/Documents/IPL Prediction/.venv/lib/python3.9/site-packages/sklearn/base.py:380: InconsistentVersionWarning: Trying to unpickle estimator _SigmoidCalibration from version 1.7.2 when using version 1.6.1. This might lead to breaking code or invalid results. Use at your own risk. For more info please refer to:
https://scikit-learn.org/stable/model_persistence.html#security-maintainability-limitations
  warnings.warn(
/Users/nimishrauniyar/Documents/IPL Prediction/.venv/lib/python3.9/site-packages/sklearn/base.py:380: InconsistentVersionWarning: Trying to unpickle estimator CalibratedClassifierCV from version 1.7.2 when using version 1.6.1. This might lead to breaking code or invalid results. Use at your own risk. For more info please refer to:
https://scikit-learn.org/stable/model_persistence.html#security-maintainability-limitations
  warnings.warn(
INFO:     127.0.0.1:59560 - "GET /api/fixtures?season=2026 HTTP/1.1" 200 OK
/Users/nimishrauniyar/Documents/IPL Prediction/.venv/lib/python3.9/site-packages/sklearn/base.py:380: InconsistentVersionWarning: Trying to unpickle estimator StandardScaler from version 1.7.2 when using version 1.6.1. This might lead to breaking code or invalid results. Use at your own risk. For more info please refer to:
https://scikit-learn.org/stable/model_persistence.html#security-maintainability-limitations
  warnings.warn(
/Users/nimishrauniyar/Documents/IPL Prediction/.venv/lib/python3.9/site-packages/sklearn/base.py:380: InconsistentVersionWarning: Trying to unpickle estimator LogisticRegression from version 1.7.2 when using version 1.6.1. This might lead to breaking code or invalid results. Use at your own risk. For more info please refer to:
https://scikit-learn.org/stable/model_persistence.html#security-maintainability-limitations
  warnings.warn(
/Users/nimishrauniyar/Documents/IPL Prediction/.venv/lib/python3.9/site-packages/sklearn/base.py:380: InconsistentVersionWarning: Trying to unpickle estimator Pipeline from version 1.7.2 when using version 1.6.1. This might lead to breaking code or invalid results. Use at your own risk. For more info please refer to:
https://scikit-learn.org/stable/model_persistence.html#security-maintainability-limitations
  warnings.warn(
/Users/nimishrauniyar/Documents/IPL Prediction/.venv/lib/python3.9/site-packages/sklearn/base.py:380: InconsistentVersionWarning: Trying to unpickle estimator DecisionTreeClassifier from version 1.7.2 when using version 1.6.1. This might lead to breaking code or invalid results. Use at your own risk. For more info please refer to:
https://scikit-learn.org/stable/model_persistence.html#security-maintainability-limitations
  warnings.warn(
/Users/nimishrauniyar/Documents/IPL Prediction/.venv/lib/python3.9/site-packages/sklearn/base.py:380: InconsistentVersionWarning: Trying to unpickle estimator RandomForestClassifier from version 1.7.2 when using version 1.6.1. This might lead to breaking code or invalid results. Use at your own risk. For more info please refer to:
https://scikit-learn.org/stable/model_persistence.html#security-maintainability-limitations
  warnings.warn(
/Users/nimishrauniyar/Documents/IPL Prediction/.venv/lib/python3.9/site-packages/sklearn/base.py:380: InconsistentVersionWarning: Trying to unpickle estimator _SigmoidCalibration from version 1.7.2 when using version 1.6.1. This might lead to breaking code or invalid results. Use at your own risk. For more info please refer to:
https://scikit-learn.org/stable/model_persistence.html#security-maintainability-limitations
  warnings.warn(
/Users/nimishrauniyar/Documents/IPL Prediction/.venv/lib/python3.9/site-packages/sklearn/base.py:380: InconsistentVersionWarning: Trying to unpickle estimator CalibratedClassifierCV from version 1.7.2 when using version 1.6.1. This might lead to breaking code or invalid results. Use at your own risk. For more info please refer to:
https://scikit-learn.org/stable/model_persistence.html#security-maintainability-limitations
  warnings.warn(
/Users/nimishrauniyar/Documents/IPL Prediction/.venv/lib/python3.9/site-packages/sklearn/base.py:380: InconsistentVersionWarning: Trying to unpickle estimator StandardScaler from version 1.7.2 when using version 1.6.1. This might lead to breaking code or invalid results. Use at your own risk. For more info please refer to:
https://scikit-learn.org/stable/model_persistence.html#security-maintainability-limitations
  warnings.warn(
/Users/nimishrauniyar/Documents/IPL Prediction/.venv/lib/python3.9/site-packages/sklearn/base.py:380: InconsistentVersionWarning: Trying to unpickle estimator LogisticRegression from version 1.7.2 when using version 1.6.1. This might lead to breaking code or invalid results. Use at your own risk. For more info please refer to:
https://scikit-learn.org/stable/model_persistence.html#security-maintainability-limitations
  warnings.warn(
/Users/nimishrauniyar/Documents/IPL Prediction/.venv/lib/python3.9/site-packages/sklearn/base.py:380: InconsistentVersionWarning: Trying to unpickle estimator Pipeline from version 1.7.2 when using version 1.6.1. This might lead to breaking code or invalid results. Use at your own risk. For more info please refer to:
https://scikit-learn.org/stable/model_persistence.html#security-maintainability-limitations
  warnings.warn(
/Users/nimishrauniyar/Documents/IPL Prediction/.venv/lib/python3.9/site-packages/sklearn/base.py:380: InconsistentVersionWarning: Trying to unpickle estimator DecisionTreeClassifier from version 1.7.2 when using version 1.6.1. This might lead to breaking code or invalid results. Use at your own risk. For more info please refer to:
https://scikit-learn.org/stable/model_persistence.html#security-maintainability-limitations
  warnings.warn(
/Users/nimishrauniyar/Documents/IPL Prediction/.venv/lib/python3.9/site-packages/sklearn/base.py:380: InconsistentVersionWarning: Trying to unpickle estimator RandomForestClassifier from version 1.7.2 when using version 1.6.1. This might lead to breaking code or invalid results. Use at your own risk. For more info please refer to:
https://scikit-learn.org/stable/model_persistence.html#security-maintainability-limitations
  warnings.warn(
/Users/nimishrauniyar/Documents/IPL Prediction/.venv/lib/python3.9/site-packages/sklearn/base.py:380: InconsistentVersionWarning: Trying to unpickle estimator _SigmoidCalibration from version 1.7.2 when using version 1.6.1. This might lead to breaking code or invalid results. Use at your own risk. For more info please refer to:
https://scikit-learn.org/stable/model_persistence.html#security-maintainability-limitations
  warnings.warn(
/Users/nimishrauniyar/Documents/IPL Prediction/.venv/lib/python3.9/site-packages/sklearn/base.py:380: InconsistentVersionWarning: Trying to unpickle estimator CalibratedClassifierCV from version 1.7.2 when using version 1.6.1. This might lead to breaking code or invalid results. Use at your own risk. For more info please refer to:
https://scikit-learn.org/stable/model_persistence.html#security-maintainability-limitations
  warnings.warn(
INFO:     127.0.0.1:59565 - "GET /api/insights?team_a=Chennai%20Super%20Kings&team_b=Mumbai%20Indians HTTP/1.1" 200 OK
INFO:     127.0.0.1:59567 - "GET /api/h2h?team_a=Chennai%20Super%20Kings&team_b=Mumbai%20Indians HTTP/1.1" 200 OK
INFO:     127.0.0.1:59612 - "GET /api/teams HTTP/1.1" 200 OK
INFO:     127.0.0.1:59613 - "GET /api/seasons HTTP/1.1" 200 OK
INFO:     127.0.0.1:59615 - "GET /api/teams HTTP/1.1" 200 OK
INFO:     127.0.0.1:59616 - "GET /api/seasons HTTP/1.1" 200 OK
/Users/nimishrauniyar/Documents/IPL Prediction/.venv/lib/python3.9/site-packages/sklearn/base.py:380: InconsistentVersionWarning: Trying to unpickle estimator StandardScaler from version 1.7.2 when using version 1.6.1. This might lead to breaking code or invalid results. Use at your own risk. For more info please refer to:
https://scikit-learn.org/stable/model_persistence.html#security-maintainability-limitations
  warnings.warn(
/Users/nimishrauniyar/Documents/IPL Prediction/.venv/lib/python3.9/site-packages/sklearn/base.py:380: InconsistentVersionWarning: Trying to unpickle estimator LogisticRegression from version 1.7.2 when using version 1.6.1. This might lead to breaking code or invalid results. Use at your own risk. For more info please refer to:
https://scikit-learn.org/stable/model_persistence.html#security-maintainability-limitations
  warnings.warn(
/Users/nimishrauniyar/Documents/IPL Prediction/.venv/lib/python3.9/site-packages/sklearn/base.py:380: InconsistentVersionWarning: Trying to unpickle estimator Pipeline from version 1.7.2 when using version 1.6.1. This might lead to breaking code or invalid results. Use at your own risk. For more info please refer to:
https://scikit-learn.org/stable/model_persistence.html#security-maintainability-limitations
  warnings.warn(
/Users/nimishrauniyar/Documents/IPL Prediction/.venv/lib/python3.9/site-packages/sklearn/base.py:380: InconsistentVersionWarning: Trying to unpickle estimator DecisionTreeClassifier from version 1.7.2 when using version 1.6.1. This might lead to breaking code or invalid results. Use at your own risk. For more info please refer to:
https://scikit-learn.org/stable/model_persistence.html#security-maintainability-limitations
  warnings.warn(
/Users/nimishrauniyar/Documents/IPL Prediction/.venv/lib/python3.9/site-packages/sklearn/base.py:380: InconsistentVersionWarning: Trying to unpickle estimator RandomForestClassifier from version 1.7.2 when using version 1.6.1. This might lead to breaking code or invalid results. Use at your own risk. For more info please refer to:
https://scikit-learn.org/stable/model_persistence.html#security-maintainability-limitations
  warnings.warn(
/Users/nimishrauniyar/Documents/IPL Prediction/.venv/lib/python3.9/site-packages/sklearn/base.py:380: InconsistentVersionWarning: Trying to unpickle estimator _SigmoidCalibration from version 1.7.2 when using version 1.6.1. This might lead to breaking code or invalid results. Use at your own risk. For more info please refer to:
https://scikit-learn.org/stable/model_persistence.html#security-maintainability-limitations
  warnings.warn(
/Users/nimishrauniyar/Documents/IPL Prediction/.venv/lib/python3.9/site-packages/sklearn/base.py:380: InconsistentVersionWarning: Trying to unpickle estimator CalibratedClassifierCV from version 1.7.2 when using version 1.6.1. This might lead to breaking code or invalid results. Use at your own risk. For more info please refer to:
https://scikit-learn.org/stable/model_persistence.html#security-maintainability-limitations
  warnings.warn(
INFO:     127.0.0.1:59618 - "GET /api/fixtures?season=2026 HTTP/1.1" 200 OK
/Users/nimishrauniyar/Documents/IPL Prediction/.venv/lib/python3.9/site-packages/sklearn/base.py:380: InconsistentVersionWarning: Trying to unpickle estimator StandardScaler from version 1.7.2 when using version 1.6.1. This might lead to breaking code or invalid results. Use at your own risk. For more info please refer to:
https://scikit-learn.org/stable/model_persistence.html#security-maintainability-limitations
  warnings.warn(
/Users/nimishrauniyar/Documents/IPL Prediction/.venv/lib/python3.9/site-packages/sklearn/base.py:380: InconsistentVersionWarning: Trying to unpickle estimator LogisticRegression from version 1.7.2 when using version 1.6.1. This might lead to breaking code or invalid results. Use at your own risk. For more info please refer to:
https://scikit-learn.org/stable/model_persistence.html#security-maintainability-limitations
  warnings.warn(
/Users/nimishrauniyar/Documents/IPL Prediction/.venv/lib/python3.9/site-packages/sklearn/base.py:380: InconsistentVersionWarning: Trying to unpickle estimator Pipeline from version 1.7.2 when using version 1.6.1. This might lead to breaking code or invalid results. Use at your own risk. For more info please refer to:
https://scikit-learn.org/stable/model_persistence.html#security-maintainability-limitations
  warnings.warn(
/Users/nimishrauniyar/Documents/IPL Prediction/.venv/lib/python3.9/site-packages/sklearn/base.py:380: InconsistentVersionWarning: Trying to unpickle estimator DecisionTreeClassifier from version 1.7.2 when using version 1.6.1. This might lead to breaking code or invalid results. Use at your own risk. For more info please refer to:
https://scikit-learn.org/stable/model_persistence.html#security-maintainability-limitations
  warnings.warn(
/Users/nimishrauniyar/Documents/IPL Prediction/.venv/lib/python3.9/site-packages/sklearn/base.py:380: InconsistentVersionWarning: Trying to unpickle estimator RandomForestClassifier from version 1.7.2 when using version 1.6.1. This might lead to breaking code or invalid results. Use at your own risk. For more info please refer to:
https://scikit-learn.org/stable/model_persistence.html#security-maintainability-limitations
  warnings.warn(
/Users/nimishrauniyar/Documents/IPL Prediction/.venv/lib/python3.9/site-packages/sklearn/base.py:380: InconsistentVersionWarning: Trying to unpickle estimator _SigmoidCalibration from version 1.7.2 when using version 1.6.1. This might lead to breaking code or invalid results. Use at your own risk. For more info please refer to:
https://scikit-learn.org/stable/model_persistence.html#security-maintainability-limitations
  warnings.warn(
/Users/nimishrauniyar/Documents/IPL Prediction/.venv/lib/python3.9/site-packages/sklearn/base.py:380: InconsistentVersionWarning: Trying to unpickle estimator CalibratedClassifierCV from version 1.7.2 when using version 1.6.1. This might lead to breaking code or invalid results. Use at your own risk. For more info please refer to:
https://scikit-learn.org/stable/model_persistence.html#security-maintainability-limitations
  warnings.warn(
/Users/nimishrauniyar/Documents/IPL Prediction/.venv/lib/python3.9/site-packages/sklearn/base.py:380: InconsistentVersionWarning: Trying to unpickle estimator StandardScaler from version 1.7.2 when using version 1.6.1. This might lead to breaking code or invalid results. Use at your own risk. For more info please refer to:
https://scikit-learn.org/stable/model_persistence.html#security-maintainability-limitations
  warnings.warn(
/Users/nimishrauniyar/Documents/IPL Prediction/.venv/lib/python3.9/site-packages/sklearn/base.py:380: InconsistentVersionWarning: Trying to unpickle estimator LogisticRegression from version 1.7.2 when using version 1.6.1. This might lead to breaking code or invalid results. Use at your own risk. For more info please refer to:
https://scikit-learn.org/stable/model_persistence.html#security-maintainability-limitations
  warnings.warn(
/Users/nimishrauniyar/Documents/IPL Prediction/.venv/lib/python3.9/site-packages/sklearn/base.py:380: InconsistentVersionWarning: Trying to unpickle estimator Pipeline from version 1.7.2 when using version 1.6.1. This might lead to breaking code or invalid results. Use at your own risk. For more info please refer to:
https://scikit-learn.org/stable/model_persistence.html#security-maintainability-limitations
  warnings.warn(
/Users/nimishrauniyar/Documents/IPL Prediction/.venv/lib/python3.9/site-packages/sklearn/base.py:380: InconsistentVersionWarning: Trying to unpickle estimator DecisionTreeClassifier from version 1.7.2 when using version 1.6.1. This might lead to breaking code or invalid results. Use at your own risk. For more info please refer to:
https://scikit-learn.org/stable/model_persistence.html#security-maintainability-limitations
  warnings.warn(
/Users/nimishrauniyar/Documents/IPL Prediction/.venv/lib/python3.9/site-packages/sklearn/base.py:380: InconsistentVersionWarning: Trying to unpickle estimator RandomForestClassifier from version 1.7.2 when using version 1.6.1. This might lead to breaking code or invalid results. Use at your own risk. For more info please refer to:
https://scikit-learn.org/stable/model_persistence.html#security-maintainability-limitations
  warnings.warn(
/Users/nimishrauniyar/Documents/IPL Prediction/.venv/lib/python3.9/site-packages/sklearn/base.py:380: InconsistentVersionWarning: Trying to unpickle estimator _SigmoidCalibration from version 1.7.2 when using version 1.6.1. This might lead to breaking code or invalid results. Use at your own risk. For more info please refer to:
https://scikit-learn.org/stable/model_persistence.html#security-maintainability-limitations
  warnings.warn(
/Users/nimishrauniyar/Documents/IPL Prediction/.venv/lib/python3.9/site-packages/sklearn/base.py:380: InconsistentVersionWarning: Trying to unpickle estimator CalibratedClassifierCV from version 1.7.2 when using version 1.6.1. This might lead to breaking code or invalid results. Use at your own risk. For more info please refer to:
https://scikit-learn.org/stable/model_persistence.html#security-maintainability-limitations
  warnings.warn(
INFO:     127.0.0.1:59622 - "GET /api/insights?team_a=Chennai%20Super%20Kings&team_b=Mumbai%20Indians HTTP/1.1" 200 OK
INFO:     127.0.0.1:59624 - "GET /api/h2h?team_a=Chennai%20Super%20Kings&team_b=Mumbai%20Indians HTTP/1.1" 200 OK
INFO:     127.0.0.1:59701 - "GET /api/teams HTTP/1.1" 200 OK
INFO:     127.0.0.1:59702 - "GET /api/seasons HTTP/1.1" 200 OK
INFO:     127.0.0.1:59704 - "GET /api/teams HTTP/1.1" 200 OK
INFO:     127.0.0.1:59705 - "GET /api/seasons HTTP/1.1" 200 OK
/Users/nimishrauniyar/Documents/IPL Prediction/.venv/lib/python3.9/site-packages/sklearn/base.py:380: InconsistentVersionWarning: Trying to unpickle estimator StandardScaler from version 1.7.2 when using version 1.6.1. This might lead to breaking code or invalid results. Use at your own risk. For more info please refer to:
https://scikit-learn.org/stable/model_persistence.html#security-maintainability-limitations
  warnings.warn(
/Users/nimishrauniyar/Documents/IPL Prediction/.venv/lib/python3.9/site-packages/sklearn/base.py:380: InconsistentVersionWarning: Trying to unpickle estimator LogisticRegression from version 1.7.2 when using version 1.6.1. This might lead to breaking code or invalid results. Use at your own risk. For more info please refer to:
https://scikit-learn.org/stable/model_persistence.html#security-maintainability-limitations
  warnings.warn(
/Users/nimishrauniyar/Documents/IPL Prediction/.venv/lib/python3.9/site-packages/sklearn/base.py:380: InconsistentVersionWarning: Trying to unpickle estimator Pipeline from version 1.7.2 when using version 1.6.1. This might lead to breaking code or invalid results. Use at your own risk. For more info please refer to:
https://scikit-learn.org/stable/model_persistence.html#security-maintainability-limitations
  warnings.warn(
/Users/nimishrauniyar/Documents/IPL Prediction/.venv/lib/python3.9/site-packages/sklearn/base.py:380: InconsistentVersionWarning: Trying to unpickle estimator DecisionTreeClassifier from version 1.7.2 when using version 1.6.1. This might lead to breaking code or invalid results. Use at your own risk. For more info please refer to:
https://scikit-learn.org/stable/model_persistence.html#security-maintainability-limitations
  warnings.warn(
/Users/nimishrauniyar/Documents/IPL Prediction/.venv/lib/python3.9/site-packages/sklearn/base.py:380: InconsistentVersionWarning: Trying to unpickle estimator RandomForestClassifier from version 1.7.2 when using version 1.6.1. This might lead to breaking code or invalid results. Use at your own risk. For more info please refer to:
https://scikit-learn.org/stable/model_persistence.html#security-maintainability-limitations
  warnings.warn(
[20:53:03] WARNING: /Users/runner/work/xgboost/xgboost/src/gbm/../common/error_msg.h:80: If you are loading a serialized model (like pickle in Python, RDS in R) or
configuration generated by an older version of XGBoost, please export the model by calling
`Booster.save_model` from that version first, then load it back in current version. See:

    https://xgboost.readthedocs.io/en/stable/tutorials/saving_model.html

for more details about differences between saving model and serializing.

/Users/nimishrauniyar/Documents/IPL Prediction/.venv/lib/python3.9/site-packages/sklearn/base.py:380: InconsistentVersionWarning: Trying to unpickle estimator _SigmoidCalibration from version 1.7.2 when using version 1.6.1. This might lead to breaking code or invalid results. Use at your own risk. For more info please refer to:
https://scikit-learn.org/stable/model_persistence.html#security-maintainability-limitations
  warnings.warn(
/Users/nimishrauniyar/Documents/IPL Prediction/.venv/lib/python3.9/site-packages/sklearn/base.py:380: InconsistentVersionWarning: Trying to unpickle estimator CalibratedClassifierCV from version 1.7.2 when using version 1.6.1. This might lead to breaking code or invalid results. Use at your own risk. For more info please refer to:
https://scikit-learn.org/stable/model_persistence.html#security-maintainability-limitations
  warnings.warn(
INFO:     127.0.0.1:59707 - "GET /api/fixtures?season=2026 HTTP/1.1" 200 OK
INFO:     127.0.0.1:59712 - "GET /api/teams HTTP/1.1" 200 OK
INFO:     127.0.0.1:59713 - "GET /api/seasons HTTP/1.1" 200 OK
INFO:     127.0.0.1:59715 - "GET /api/teams HTTP/1.1" 200 OK
INFO:     127.0.0.1:59716 - "GET /api/seasons HTTP/1.1" 200 OK
/Users/nimishrauniyar/Documents/IPL Prediction/.venv/lib/python3.9/site-packages/sklearn/base.py:380: InconsistentVersionWarning: Trying to unpickle estimator StandardScaler from version 1.7.2 when using version 1.6.1. This might lead to breaking code or invalid results. Use at your own risk. For more info please refer to:
https://scikit-learn.org/stable/model_persistence.html#security-maintainability-limitations
  warnings.warn(
/Users/nimishrauniyar/Documents/IPL Prediction/.venv/lib/python3.9/site-packages/sklearn/base.py:380: InconsistentVersionWarning: Trying to unpickle estimator LogisticRegression from version 1.7.2 when using version 1.6.1. This might lead to breaking code or invalid results. Use at your own risk. For more info please refer to:
https://scikit-learn.org/stable/model_persistence.html#security-maintainability-limitations
  warnings.warn(
/Users/nimishrauniyar/Documents/IPL Prediction/.venv/lib/python3.9/site-packages/sklearn/base.py:380: InconsistentVersionWarning: Trying to unpickle estimator Pipeline from version 1.7.2 when using version 1.6.1. This might lead to breaking code or invalid results. Use at your own risk. For more info please refer to:
https://scikit-learn.org/stable/model_persistence.html#security-maintainability-limitations
  warnings.warn(
/Users/nimishrauniyar/Documents/IPL Prediction/.venv/lib/python3.9/site-packages/sklearn/base.py:380: InconsistentVersionWarning: Trying to unpickle estimator DecisionTreeClassifier from version 1.7.2 when using version 1.6.1. This might lead to breaking code or invalid results. Use at your own risk. For more info please refer to:
https://scikit-learn.org/stable/model_persistence.html#security-maintainability-limitations
  warnings.warn(
/Users/nimishrauniyar/Documents/IPL Prediction/.venv/lib/python3.9/site-packages/sklearn/base.py:380: InconsistentVersionWarning: Trying to unpickle estimator RandomForestClassifier from version 1.7.2 when using version 1.6.1. This might lead to breaking code or invalid results. Use at your own risk. For more info please refer to:
https://scikit-learn.org/stable/model_persistence.html#security-maintainability-limitations
  warnings.warn(
/Users/nimishrauniyar/Documents/IPL Prediction/.venv/lib/python3.9/site-packages/sklearn/base.py:380: InconsistentVersionWarning: Trying to unpickle estimator _SigmoidCalibration from version 1.7.2 when using version 1.6.1. This might lead to breaking code or invalid results. Use at your own risk. For more info please refer to:
https://scikit-learn.org/stable/model_persistence.html#security-maintainability-limitations
  warnings.warn(
/Users/nimishrauniyar/Documents/IPL Prediction/.venv/lib/python3.9/site-packages/sklearn/base.py:380: InconsistentVersionWarning: Trying to unpickle estimator CalibratedClassifierCV from version 1.7.2 when using version 1.6.1. This might lead to breaking code or invalid results. Use at your own risk. For more info please refer to:
https://scikit-learn.org/stable/model_persistence.html#security-maintainability-limitations
  warnings.warn(
INFO:     127.0.0.1:59718 - "GET /api/fixtures?season=2026 HTTP/1.1" 200 OK
INFO:     127.0.0.1:59722 - "GET /api/teams HTTP/1.1" 200 OK
INFO:     127.0.0.1:59723 - "GET /api/seasons HTTP/1.1" 200 OK
INFO:     127.0.0.1:59726 - "GET /api/teams HTTP/1.1" 200 OK
INFO:     127.0.0.1:59727 - "GET /api/seasons HTTP/1.1" 200 OK
/Users/nimishrauniyar/Documents/IPL Prediction/.venv/lib/python3.9/site-packages/sklearn/base.py:380: InconsistentVersionWarning: Trying to unpickle estimator StandardScaler from version 1.7.2 when using version 1.6.1. This might lead to breaking code or invalid results. Use at your own risk. For more info please refer to:
https://scikit-learn.org/stable/model_persistence.html#security-maintainability-limitations
  warnings.warn(
/Users/nimishrauniyar/Documents/IPL Prediction/.venv/lib/python3.9/site-packages/sklearn/base.py:380: InconsistentVersionWarning: Trying to unpickle estimator LogisticRegression from version 1.7.2 when using version 1.6.1. This might lead to breaking code or invalid results. Use at your own risk. For more info please refer to:
https://scikit-learn.org/stable/model_persistence.html#security-maintainability-limitations
  warnings.warn(
/Users/nimishrauniyar/Documents/IPL Prediction/.venv/lib/python3.9/site-packages/sklearn/base.py:380: InconsistentVersionWarning: Trying to unpickle estimator Pipeline from version 1.7.2 when using version 1.6.1. This might lead to breaking code or invalid results. Use at your own risk. For more info please refer to:
https://scikit-learn.org/stable/model_persistence.html#security-maintainability-limitations
  warnings.warn(
/Users/nimishrauniyar/Documents/IPL Prediction/.venv/lib/python3.9/site-packages/sklearn/base.py:380: InconsistentVersionWarning: Trying to unpickle estimator DecisionTreeClassifier from version 1.7.2 when using version 1.6.1. This might lead to breaking code or invalid results. Use at your own risk. For more info please refer to:
https://scikit-learn.org/stable/model_persistence.html#security-maintainability-limitations
  warnings.warn(
/Users/nimishrauniyar/Documents/IPL Prediction/.venv/lib/python3.9/site-packages/sklearn/base.py:380: InconsistentVersionWarning: Trying to unpickle estimator DecisionTreeClassifier from version 1.7.2 when using version 1.6.1. This might lead to breaking code or invalid results. Use at your own risk. For more info please refer to:
https://scikit-learn.org/stable/model_persistence.html#security-maintainability-limitations
  warnings.warn(
/Users/nimishrauniyar/Documents/IPL Prediction/.venv/lib/python3.9/site-packages/sklearn/base.py:380: InconsistentVersionWarning: Trying to unpickle estimator DecisionTreeClassifier from version 1.7.2 when using version 1.6.1. This might lead to breaking code or invalid results. Use at your own risk. For more info please refer to:
https://scikit-learn.org/stable/model_persistence.html#security-maintainability-limitations
  warnings.warn(
INFO:     127.0.0.1:59734 - "GET /api/teams HTTP/1.1" 200 OK
INFO:     127.0.0.1:59735 - "GET /api/seasons HTTP/1.1" 200 OK
/Users/nimishrauniyar/Documents/IPL Prediction/.venv/lib/python3.9/site-packages/sklearn/base.py:380: InconsistentVersionWarning: Trying to unpickle estimator DecisionTreeClassifier from version 1.7.2 when using version 1.6.1. This might lead to breaking code or invalid results. Use at your own risk. For more info please refer to:
https://scikit-learn.org/stable/model_persistence.html#security-maintainability-limitations
  warnings.warn(
/Users/nimishrauniyar/Documents/IPL Prediction/.venv/lib/python3.9/site-packages/sklearn/base.py:380: InconsistentVersionWarning: Trying to unpickle estimator DecisionTreeClassifier from version 1.7.2 when using version 1.6.1. This might lead to breaking code or invalid results. Use at your own risk. For more info please refer to:
https://scikit-learn.org/stable/model_persistence.html#security-maintainability-limitations
  warnings.warn(
INFO:     127.0.0.1:59736 - "GET /api/teams HTTP/1.1" 200 OK
INFO:     127.0.0.1:59738 - "GET /api/seasons HTTP/1.1" 200 OK
/Users/nimishrauniyar/Documents/IPL Prediction/.venv/lib/python3.9/site-packages/sklearn/base.py:380: InconsistentVersionWarning: Trying to unpickle estimator RandomForestClassifier from version 1.7.2 when using version 1.6.1. This might lead to breaking code or invalid results. Use at your own risk. For more info please refer to:
https://scikit-learn.org/stable/model_persistence.html#security-maintainability-limitations
  warnings.warn(
/Users/nimishrauniyar/Documents/IPL Prediction/.venv/lib/python3.9/site-packages/sklearn/base.py:380: InconsistentVersionWarning: Trying to unpickle estimator _SigmoidCalibration from version 1.7.2 when using version 1.6.1. This might lead to breaking code or invalid results. Use at your own risk. For more info please refer to:
https://scikit-learn.org/stable/model_persistence.html#security-maintainability-limitations
  warnings.warn(
/Users/nimishrauniyar/Documents/IPL Prediction/.venv/lib/python3.9/site-packages/sklearn/base.py:380: InconsistentVersionWarning: Trying to unpickle estimator _SigmoidCalibration from version 1.7.2 when using version 1.6.1. This might lead to breaking code or invalid results. Use at your own risk. For more info please refer to:
https://scikit-learn.org/stable/model_persistence.html#security-maintainability-limitations
  warnings.warn(
/Users/nimishrauniyar/Documents/IPL Prediction/.venv/lib/python3.9/site-packages/sklearn/base.py:380: InconsistentVersionWarning: Trying to unpickle estimator _SigmoidCalibration from version 1.7.2 when using version 1.6.1. This might lead to breaking code or invalid results. Use at your own risk. For more info please refer to:
https://scikit-learn.org/stable/model_persistence.html#security-maintainability-limitations
  warnings.warn(
/Users/nimishrauniyar/Documents/IPL Prediction/.venv/lib/python3.9/site-packages/sklearn/base.py:380: InconsistentVersionWarning: Trying to unpickle estimator StandardScaler from version 1.7.2 when using version 1.6.1. This might lead to breaking code or invalid results. Use at your own risk. For more info please refer to:
https://scikit-learn.org/stable/model_persistence.html#security-maintainability-limitations
  warnings.warn(
/Users/nimishrauniyar/Documents/IPL Prediction/.venv/lib/python3.9/site-packages/sklearn/base.py:380: InconsistentVersionWarning: Trying to unpickle estimator _SigmoidCalibration from version 1.7.2 when using version 1.6.1. This might lead to breaking code or invalid results. Use at your own risk. For more info please refer to:
https://scikit-learn.org/stable/model_persistence.html#security-maintainability-limitations
  warnings.warn(
/Users/nimishrauniyar/Documents/IPL Prediction/.venv/lib/python3.9/site-packages/sklearn/base.py:380: InconsistentVersionWarning: Trying to unpickle estimator LogisticRegression from version 1.7.2 when using version 1.6.1. This might lead to breaking code or invalid results. Use at your own risk. For more info please refer to:
https://scikit-learn.org/stable/model_persistence.html#security-maintainability-limitations
  warnings.warn(
/Users/nimishrauniyar/Documents/IPL Prediction/.venv/lib/python3.9/site-packages/sklearn/base.py:380: InconsistentVersionWarning: Trying to unpickle estimator CalibratedClassifierCV from version 1.7.2 when using version 1.6.1. This might lead to breaking code or invalid results. Use at your own risk. For more info please refer to:
https://scikit-learn.org/stable/model_persistence.html#security-maintainability-limitations
  warnings.warn(
/Users/nimishrauniyar/Documents/IPL Prediction/.venv/lib/python3.9/site-packages/sklearn/base.py:380: InconsistentVersionWarning: Trying to unpickle estimator Pipeline from version 1.7.2 when using version 1.6.1. This might lead to breaking code or invalid results. Use at your own risk. For more info please refer to:
https://scikit-learn.org/stable/model_persistence.html#security-maintainability-limitations
  warnings.warn(
/Users/nimishrauniyar/Documents/IPL Prediction/.venv/lib/python3.9/site-packages/sklearn/base.py:380: InconsistentVersionWarning: Trying to unpickle estimator DecisionTreeClassifier from version 1.7.2 when using version 1.6.1. This might lead to breaking code or invalid results. Use at your own risk. For more info please refer to:
https://scikit-learn.org/stable/model_persistence.html#security-maintainability-limitations
  warnings.warn(
/Users/nimishrauniyar/Documents/IPL Prediction/.venv/lib/python3.9/site-packages/sklearn/base.py:380: InconsistentVersionWarning: Trying to unpickle estimator DecisionTreeClassifier from version 1.7.2 when using version 1.6.1. This might lead to breaking code or invalid results. Use at your own risk. For more info please refer to:
https://scikit-learn.org/stable/model_persistence.html#security-maintainability-limitations
  warnings.warn(
INFO:     127.0.0.1:59746 - "GET /api/seasons HTTP/1.1" 200 OK
INFO:     127.0.0.1:59745 - "GET /api/teams HTTP/1.1" 200 OK
/Users/nimishrauniyar/Documents/IPL Prediction/.venv/lib/python3.9/site-packages/sklearn/base.py:380: InconsistentVersionWarning: Trying to unpickle estimator DecisionTreeClassifier from version 1.7.2 when using version 1.6.1. This might lead to breaking code or invalid results. Use at your own risk. For more info please refer to:
https://scikit-learn.org/stable/model_persistence.html#security-maintainability-limitations
  warnings.warn(
/Users/nimishrauniyar/Documents/IPL Prediction/.venv/lib/python3.9/site-packages/sklearn/base.py:380: InconsistentVersionWarning: Trying to unpickle estimator DecisionTreeClassifier from version 1.7.2 when using version 1.6.1. This might lead to breaking code or invalid results. Use at your own risk. For more info please refer to:
https://scikit-learn.org/stable/model_persistence.html#security-maintainability-limitations
  warnings.warn(
INFO:     127.0.0.1:59747 - "GET /api/seasons HTTP/1.1" 200 OK
INFO:     127.0.0.1:59749 - "GET /api/teams HTTP/1.1" 200 OK
/Users/nimishrauniyar/Documents/IPL Prediction/.venv/lib/python3.9/site-packages/sklearn/base.py:380: InconsistentVersionWarning: Trying to unpickle estimator RandomForestClassifier from version 1.7.2 when using version 1.6.1. This might lead to breaking code or invalid results. Use at your own risk. For more info please refer to:
https://scikit-learn.org/stable/model_persistence.html#security-maintainability-limitations
  warnings.warn(
[20:53:08] WARNING: /Users/runner/work/xgboost/xgboost/src/gbm/../common/error_msg.h:80: If you are loading a serialized model (like pickle in Python, RDS in R) or
configuration generated by an older version of XGBoost, please export the model by calling
`Booster.save_model` from that version first, then load it back in current version. See:

    https://xgboost.readthedocs.io/en/stable/tutorials/saving_model.html

for more details about differences between saving model and serializing.

/Users/nimishrauniyar/Documents/IPL Prediction/.venv/lib/python3.9/site-packages/sklearn/base.py:380: InconsistentVersionWarning: Trying to unpickle estimator _SigmoidCalibration from version 1.7.2 when using version 1.6.1. This might lead to breaking code or invalid results. Use at your own risk. For more info please refer to:
https://scikit-learn.org/stable/model_persistence.html#security-maintainability-limitations
  warnings.warn(
/Users/nimishrauniyar/Documents/IPL Prediction/.venv/lib/python3.9/site-packages/sklearn/base.py:380: InconsistentVersionWarning: Trying to unpickle estimator _SigmoidCalibration from version 1.7.2 when using version 1.6.1. This might lead to breaking code or invalid results. Use at your own risk. For more info please refer to:
https://scikit-learn.org/stable/model_persistence.html#security-maintainability-limitations
  warnings.warn(
/Users/nimishrauniyar/Documents/IPL Prediction/.venv/lib/python3.9/site-packages/sklearn/base.py:380: InconsistentVersionWarning: Trying to unpickle estimator _SigmoidCalibration from version 1.7.2 when using version 1.6.1. This might lead to breaking code or invalid results. Use at your own risk. For more info please refer to:
https://scikit-learn.org/stable/model_persistence.html#security-maintainability-limitations
  warnings.warn(
/Users/nimishrauniyar/Documents/IPL Prediction/.venv/lib/python3.9/site-packages/sklearn/base.py:380: InconsistentVersionWarning: Trying to unpickle estimator _SigmoidCalibration from version 1.7.2 when using version 1.6.1. This might lead to breaking code or invalid results. Use at your own risk. For more info please refer to:
https://scikit-learn.org/stable/model_persistence.html#security-maintainability-limitations
  warnings.warn(
/Users/nimishrauniyar/Documents/IPL Prediction/.venv/lib/python3.9/site-packages/sklearn/base.py:380: InconsistentVersionWarning: Trying to unpickle estimator CalibratedClassifierCV from version 1.7.2 when using version 1.6.1. This might lead to breaking code or invalid results. Use at your own risk. For more info please refer to:
https://scikit-learn.org/stable/model_persistence.html#security-maintainability-limitations
  warnings.warn(
/Users/nimishrauniyar/Documents/IPL Prediction/.venv/lib/python3.9/site-packages/sklearn/base.py:380: InconsistentVersionWarning: Trying to unpickle estimator StandardScaler from version 1.7.2 when using version 1.6.1. This might lead to breaking code or invalid results. Use at your own risk. For more info please refer to:
https://scikit-learn.org/stable/model_persistence.html#security-maintainability-limitations
  warnings.warn(
/Users/nimishrauniyar/Documents/IPL Prediction/.venv/lib/python3.9/site-packages/sklearn/base.py:380: InconsistentVersionWarning: Trying to unpickle estimator LogisticRegression from version 1.7.2 when using version 1.6.1. This might lead to breaking code or invalid results. Use at your own risk. For more info please refer to:
https://scikit-learn.org/stable/model_persistence.html#security-maintainability-limitations
  warnings.warn(
/Users/nimishrauniyar/Documents/IPL Prediction/.venv/lib/python3.9/site-packages/sklearn/base.py:380: InconsistentVersionWarning: Trying to unpickle estimator Pipeline from version 1.7.2 when using version 1.6.1. This might lead to breaking code or invalid results. Use at your own risk. For more info please refer to:
https://scikit-learn.org/stable/model_persistence.html#security-maintainability-limitations
  warnings.warn(
/Users/nimishrauniyar/Documents/IPL Prediction/.venv/lib/python3.9/site-packages/sklearn/base.py:380: InconsistentVersionWarning: Trying to unpickle estimator DecisionTreeClassifier from version 1.7.2 when using version 1.6.1. This might lead to breaking code or invalid results. Use at your own risk. For more info please refer to:
https://scikit-learn.org/stable/model_persistence.html#security-maintainability-limitations
  warnings.warn(
/Users/nimishrauniyar/Documents/IPL Prediction/.venv/lib/python3.9/site-packages/sklearn/base.py:380: InconsistentVersionWarning: Trying to unpickle estimator RandomForestClassifier from version 1.7.2 when using version 1.6.1. This might lead to breaking code or invalid results. Use at your own risk. For more info please refer to:
https://scikit-learn.org/stable/model_persistence.html#security-maintainability-limitations
  warnings.warn(
[20:53:08] WARNING: /Users/runner/work/xgboost/xgboost/src/gbm/../common/error_msg.h:80: If you are loading a serialized model (like pickle in Python, RDS in R) or
configuration generated by an older version of XGBoost, please export the model by calling
`Booster.save_model` from that version first, then load it back in current version. See:

    https://xgboost.readthedocs.io/en/stable/tutorials/saving_model.html

for more details about differences between saving model and serializing.

/Users/nimishrauniyar/Documents/IPL Prediction/.venv/lib/python3.9/site-packages/sklearn/base.py:380: InconsistentVersionWarning: Trying to unpickle estimator _SigmoidCalibration from version 1.7.2 when using version 1.6.1. This might lead to breaking code or invalid results. Use at your own risk. For more info please refer to:
https://scikit-learn.org/stable/model_persistence.html#security-maintainability-limitations
  warnings.warn(
/Users/nimishrauniyar/Documents/IPL Prediction/.venv/lib/python3.9/site-packages/sklearn/base.py:380: InconsistentVersionWarning: Trying to unpickle estimator CalibratedClassifierCV from version 1.7.2 when using version 1.6.1. This might lead to breaking code or invalid results. Use at your own risk. For more info please refer to:
https://scikit-learn.org/stable/model_persistence.html#security-maintainability-limitations
  warnings.warn(
INFO:     127.0.0.1:59751 - "GET /api/fixtures?season=2026 HTTP/1.1" 200 OK
/Users/nimishrauniyar/Documents/IPL Prediction/.venv/lib/python3.9/site-packages/sklearn/base.py:380: InconsistentVersionWarning: Trying to unpickle estimator StandardScaler from version 1.7.2 when using version 1.6.1. This might lead to breaking code or invalid results. Use at your own risk. For more info please refer to:
https://scikit-learn.org/stable/model_persistence.html#security-maintainability-limitations
  warnings.warn(
/Users/nimishrauniyar/Documents/IPL Prediction/.venv/lib/python3.9/site-packages/sklearn/base.py:380: InconsistentVersionWarning: Trying to unpickle estimator LogisticRegression from version 1.7.2 when using version 1.6.1. This might lead to breaking code or invalid results. Use at your own risk. For more info please refer to:
https://scikit-learn.org/stable/model_persistence.html#security-maintainability-limitations
  warnings.warn(
/Users/nimishrauniyar/Documents/IPL Prediction/.venv/lib/python3.9/site-packages/sklearn/base.py:380: InconsistentVersionWarning: Trying to unpickle estimator Pipeline from version 1.7.2 when using version 1.6.1. This might lead to breaking code or invalid results. Use at your own risk. For more info please refer to:
https://scikit-learn.org/stable/model_persistence.html#security-maintainability-limitations
  warnings.warn(
/Users/nimishrauniyar/Documents/IPL Prediction/.venv/lib/python3.9/site-packages/sklearn/base.py:380: InconsistentVersionWarning: Trying to unpickle estimator DecisionTreeClassifier from version 1.7.2 when using version 1.6.1. This might lead to breaking code or invalid results. Use at your own risk. For more info please refer to:
https://scikit-learn.org/stable/model_persistence.html#security-maintainability-limitations
  warnings.warn(
/Users/nimishrauniyar/Documents/IPL Prediction/.venv/lib/python3.9/site-packages/sklearn/base.py:380: InconsistentVersionWarning: Trying to unpickle estimator RandomForestClassifier from version 1.7.2 when using version 1.6.1. This might lead to breaking code or invalid results. Use at your own risk. For more info please refer to:
https://scikit-learn.org/stable/model_persistence.html#security-maintainability-limitations
  warnings.warn(
/Users/nimishrauniyar/Documents/IPL Prediction/.venv/lib/python3.9/site-packages/sklearn/base.py:380: InconsistentVersionWarning: Trying to unpickle estimator _SigmoidCalibration from version 1.7.2 when using version 1.6.1. This might lead to breaking code or invalid results. Use at your own risk. For more info please refer to:
https://scikit-learn.org/stable/model_persistence.html#security-maintainability-limitations
  warnings.warn(
/Users/nimishrauniyar/Documents/IPL Prediction/.venv/lib/python3.9/site-packages/sklearn/base.py:380: InconsistentVersionWarning: Trying to unpickle estimator CalibratedClassifierCV from version 1.7.2 when using version 1.6.1. This might lead to breaking code or invalid results. Use at your own risk. For more info please refer to:
https://scikit-learn.org/stable/model_persistence.html#security-maintainability-limitations
  warnings.warn(
/Users/nimishrauniyar/Documents/IPL Prediction/.venv/lib/python3.9/site-packages/sklearn/base.py:380: InconsistentVersionWarning: Trying to unpickle estimator StandardScaler from version 1.7.2 when using version 1.6.1. This might lead to breaking code or invalid results. Use at your own risk. For more info please refer to:
https://scikit-learn.org/stable/model_persistence.html#security-maintainability-limitations
  warnings.warn(
/Users/nimishrauniyar/Documents/IPL Prediction/.venv/lib/python3.9/site-packages/sklearn/base.py:380: InconsistentVersionWarning: Trying to unpickle estimator LogisticRegression from version 1.7.2 when using version 1.6.1. This might lead to breaking code or invalid results. Use at your own risk. For more info please refer to:
https://scikit-learn.org/stable/model_persistence.html#security-maintainability-limitations
  warnings.warn(
/Users/nimishrauniyar/Documents/IPL Prediction/.venv/lib/python3.9/site-packages/sklearn/base.py:380: InconsistentVersionWarning: Trying to unpickle estimator Pipeline from version 1.7.2 when using version 1.6.1. This might lead to breaking code or invalid results. Use at your own risk. For more info please refer to:
https://scikit-learn.org/stable/model_persistence.html#security-maintainability-limitations
  warnings.warn(
/Users/nimishrauniyar/Documents/IPL Prediction/.venv/lib/python3.9/site-packages/sklearn/base.py:380: InconsistentVersionWarning: Trying to unpickle estimator DecisionTreeClassifier from version 1.7.2 when using version 1.6.1. This might lead to breaking code or invalid results. Use at your own risk. For more info please refer to:
https://scikit-learn.org/stable/model_persistence.html#security-maintainability-limitations
  warnings.warn(
/Users/nimishrauniyar/Documents/IPL Prediction/.venv/lib/python3.9/site-packages/sklearn/base.py:380: InconsistentVersionWarning: Trying to unpickle estimator RandomForestClassifier from version 1.7.2 when using version 1.6.1. This might lead to breaking code or invalid results. Use at your own risk. For more info please refer to:
https://scikit-learn.org/stable/model_persistence.html#security-maintainability-limitations
  warnings.warn(
/Users/nimishrauniyar/Documents/IPL Prediction/.venv/lib/python3.9/site-packages/sklearn/base.py:380: InconsistentVersionWarning: Trying to unpickle estimator _SigmoidCalibration from version 1.7.2 when using version 1.6.1. This might lead to breaking code or invalid results. Use at your own risk. For more info please refer to:
https://scikit-learn.org/stable/model_persistence.html#security-maintainability-limitations
  warnings.warn(
/Users/nimishrauniyar/Documents/IPL Prediction/.venv/lib/python3.9/site-packages/sklearn/base.py:380: InconsistentVersionWarning: Trying to unpickle estimator CalibratedClassifierCV from version 1.7.2 when using version 1.6.1. This might lead to breaking code or invalid results. Use at your own risk. For more info please refer to:
https://scikit-learn.org/stable/model_persistence.html#security-maintainability-limitations
  warnings.warn(
INFO:     127.0.0.1:59753 - "GET /api/insights?team_a=Chennai%20Super%20Kings&team_b=Mumbai%20Indians HTTP/1.1" 200 OK
INFO:     127.0.0.1:59755 - "GET /api/h2h?team_a=Chennai%20Super%20Kings&team_b=Mumbai%20Indians HTTP/1.1" 200 OK
/Users/nimishrauniyar/Documents/IPL Prediction/.venv/lib/python3.9/site-packages/sklearn/base.py:380: InconsistentVersionWarning: Trying to unpickle estimator StandardScaler from version 1.7.2 when using version 1.6.1. This might lead to breaking code or invalid results. Use at your own risk. For more info please refer to:
https://scikit-learn.org/stable/model_persistence.html#security-maintainability-limitations
  warnings.warn(
/Users/nimishrauniyar/Documents/IPL Prediction/.venv/lib/python3.9/site-packages/sklearn/base.py:380: InconsistentVersionWarning: Trying to unpickle estimator LogisticRegression from version 1.7.2 when using version 1.6.1. This might lead to breaking code or invalid results. Use at your own risk. For more info please refer to:
https://scikit-learn.org/stable/model_persistence.html#security-maintainability-limitations
  warnings.warn(
/Users/nimishrauniyar/Documents/IPL Prediction/.venv/lib/python3.9/site-packages/sklearn/base.py:380: InconsistentVersionWarning: Trying to unpickle estimator Pipeline from version 1.7.2 when using version 1.6.1. This might lead to breaking code or invalid results. Use at your own risk. For more info please refer to:
https://scikit-learn.org/stable/model_persistence.html#security-maintainability-limitations
  warnings.warn(
/Users/nimishrauniyar/Documents/IPL Prediction/.venv/lib/python3.9/site-packages/sklearn/base.py:380: InconsistentVersionWarning: Trying to unpickle estimator DecisionTreeClassifier from version 1.7.2 when using version 1.6.1. This might lead to breaking code or invalid results. Use at your own risk. For more info please refer to:
https://scikit-learn.org/stable/model_persistence.html#security-maintainability-limitations
  warnings.warn(
/Users/nimishrauniyar/Documents/IPL Prediction/.venv/lib/python3.9/site-packages/sklearn/base.py:380: InconsistentVersionWarning: Trying to unpickle estimator RandomForestClassifier from version 1.7.2 when using version 1.6.1. This might lead to breaking code or invalid results. Use at your own risk. For more info please refer to:
https://scikit-learn.org/stable/model_persistence.html#security-maintainability-limitations
  warnings.warn(
/Users/nimishrauniyar/Documents/IPL Prediction/.venv/lib/python3.9/site-packages/sklearn/base.py:380: InconsistentVersionWarning: Trying to unpickle estimator _SigmoidCalibration from version 1.7.2 when using version 1.6.1. This might lead to breaking code or invalid results. Use at your own risk. For more info please refer to:
https://scikit-learn.org/stable/model_persistence.html#security-maintainability-limitations
  warnings.warn(
/Users/nimishrauniyar/Documents/IPL Prediction/.venv/lib/python3.9/site-packages/sklearn/base.py:380: InconsistentVersionWarning: Trying to unpickle estimator CalibratedClassifierCV from version 1.7.2 when using version 1.6.1. This might lead to breaking code or invalid results. Use at your own risk. For more info please refer to:
https://scikit-learn.org/stable/model_persistence.html#security-maintainability-limitations
  warnings.warn(
/Users/nimishrauniyar/Documents/IPL Prediction/.venv/lib/python3.9/site-packages/sklearn/base.py:380: InconsistentVersionWarning: Trying to unpickle estimator StandardScaler from version 1.7.2 when using version 1.6.1. This might lead to breaking code or invalid results. Use at your own risk. For more info please refer to:
https://scikit-learn.org/stable/model_persistence.html#security-maintainability-limitations
  warnings.warn(
/Users/nimishrauniyar/Documents/IPL Prediction/.venv/lib/python3.9/site-packages/sklearn/base.py:380: InconsistentVersionWarning: Trying to unpickle estimator LogisticRegression from version 1.7.2 when using version 1.6.1. This might lead to breaking code or invalid results. Use at your own risk. For more info please refer to:
https://scikit-learn.org/stable/model_persistence.html#security-maintainability-limitations
  warnings.warn(
/Users/nimishrauniyar/Documents/IPL Prediction/.venv/lib/python3.9/site-packages/sklearn/base.py:380: InconsistentVersionWarning: Trying to unpickle estimator Pipeline from version 1.7.2 when using version 1.6.1. This might lead to breaking code or invalid results. Use at your own risk. For more info please refer to:
https://scikit-learn.org/stable/model_persistence.html#security-maintainability-limitations
  warnings.warn(
/Users/nimishrauniyar/Documents/IPL Prediction/.venv/lib/python3.9/site-packages/sklearn/base.py:380: InconsistentVersionWarning: Trying to unpickle estimator DecisionTreeClassifier from version 1.7.2 when using version 1.6.1. This might lead to breaking code or invalid results. Use at your own risk. For more info please refer to:
https://scikit-learn.org/stable/model_persistence.html#security-maintainability-limitations
  warnings.warn(
/Users/nimishrauniyar/Documents/IPL Prediction/.venv/lib/python3.9/site-packages/sklearn/base.py:380: InconsistentVersionWarning: Trying to unpickle estimator RandomForestClassifier from version 1.7.2 when using version 1.6.1. This might lead to breaking code or invalid results. Use at your own risk. For more info please refer to:
https://scikit-learn.org/stable/model_persistence.html#security-maintainability-limitations
  warnings.warn(
/Users/nimishrauniyar/Documents/IPL Prediction/.venv/lib/python3.9/site-packages/sklearn/base.py:380: InconsistentVersionWarning: Trying to unpickle estimator _SigmoidCalibration from version 1.7.2 when using version 1.6.1. This might lead to breaking code or invalid results. Use at your own risk. For more info please refer to:
https://scikit-learn.org/stable/model_persistence.html#security-maintainability-limitations
  warnings.warn(
/Users/nimishrauniyar/Documents/IPL Prediction/.venv/lib/python3.9/site-packages/sklearn/base.py:380: InconsistentVersionWarning: Trying to unpickle estimator CalibratedClassifierCV from version 1.7.2 when using version 1.6.1. This might lead to breaking code or invalid results. Use at your own risk. For more info please refer to:
https://scikit-learn.org/stable/model_persistence.html#security-maintainability-limitations
  warnings.warn(
INFO:     127.0.0.1:59757 - "GET /api/insights?team_a=Punjab%20Kings&team_b=Mumbai%20Indians HTTP/1.1" 200 OK
INFO:     127.0.0.1:59759 - "GET /api/h2h?team_a=Punjab%20Kings&team_b=Mumbai%20Indians HTTP/1.1" 200 OK
/Users/nimishrauniyar/Documents/IPL Prediction/.venv/lib/python3.9/site-packages/sklearn/base.py:380: InconsistentVersionWarning: Trying to unpickle estimator StandardScaler from version 1.7.2 when using version 1.6.1. This might lead to breaking code or invalid results. Use at your own risk. For more info please refer to:
https://scikit-learn.org/stable/model_persistence.html#security-maintainability-limitations
  warnings.warn(
/Users/nimishrauniyar/Documents/IPL Prediction/.venv/lib/python3.9/site-packages/sklearn/base.py:380: InconsistentVersionWarning: Trying to unpickle estimator LogisticRegression from version 1.7.2 when using version 1.6.1. This might lead to breaking code or invalid results. Use at your own risk. For more info please refer to:
https://scikit-learn.org/stable/model_persistence.html#security-maintainability-limitations
  warnings.warn(
/Users/nimishrauniyar/Documents/IPL Prediction/.venv/lib/python3.9/site-packages/sklearn/base.py:380: InconsistentVersionWarning: Trying to unpickle estimator Pipeline from version 1.7.2 when using version 1.6.1. This might lead to breaking code or invalid results. Use at your own risk. For more info please refer to:
https://scikit-learn.org/stable/model_persistence.html#security-maintainability-limitations
  warnings.warn(
/Users/nimishrauniyar/Documents/IPL Prediction/.venv/lib/python3.9/site-packages/sklearn/base.py:380: InconsistentVersionWarning: Trying to unpickle estimator DecisionTreeClassifier from version 1.7.2 when using version 1.6.1. This might lead to breaking code or invalid results. Use at your own risk. For more info please refer to:
https://scikit-learn.org/stable/model_persistence.html#security-maintainability-limitations
  warnings.warn(
/Users/nimishrauniyar/Documents/IPL Prediction/.venv/lib/python3.9/site-packages/sklearn/base.py:380: InconsistentVersionWarning: Trying to unpickle estimator RandomForestClassifier from version 1.7.2 when using version 1.6.1. This might lead to breaking code or invalid results. Use at your own risk. For more info please refer to:
https://scikit-learn.org/stable/model_persistence.html#security-maintainability-limitations
  warnings.warn(
/Users/nimishrauniyar/Documents/IPL Prediction/.venv/lib/python3.9/site-packages/sklearn/base.py:380: InconsistentVersionWarning: Trying to unpickle estimator _SigmoidCalibration from version 1.7.2 when using version 1.6.1. This might lead to breaking code or invalid results. Use at your own risk. For more info please refer to:
https://scikit-learn.org/stable/model_persistence.html#security-maintainability-limitations
  warnings.warn(
/Users/nimishrauniyar/Documents/IPL Prediction/.venv/lib/python3.9/site-packages/sklearn/base.py:380: InconsistentVersionWarning: Trying to unpickle estimator CalibratedClassifierCV from version 1.7.2 when using version 1.6.1. This might lead to breaking code or invalid results. Use at your own risk. For more info please refer to:
https://scikit-learn.org/stable/model_persistence.html#security-maintainability-limitations
  warnings.warn(
/Users/nimishrauniyar/Documents/IPL Prediction/.venv/lib/python3.9/site-packages/sklearn/base.py:380: InconsistentVersionWarning: Trying to unpickle estimator StandardScaler from version 1.7.2 when using version 1.6.1. This might lead to breaking code or invalid results. Use at your own risk. For more info please refer to:
https://scikit-learn.org/stable/model_persistence.html#security-maintainability-limitations
  warnings.warn(
/Users/nimishrauniyar/Documents/IPL Prediction/.venv/lib/python3.9/site-packages/sklearn/base.py:380: InconsistentVersionWarning: Trying to unpickle estimator LogisticRegression from version 1.7.2 when using version 1.6.1. This might lead to breaking code or invalid results. Use at your own risk. For more info please refer to:
https://scikit-learn.org/stable/model_persistence.html#security-maintainability-limitations
  warnings.warn(
/Users/nimishrauniyar/Documents/IPL Prediction/.venv/lib/python3.9/site-packages/sklearn/base.py:380: InconsistentVersionWarning: Trying to unpickle estimator Pipeline from version 1.7.2 when using version 1.6.1. This might lead to breaking code or invalid results. Use at your own risk. For more info please refer to:
https://scikit-learn.org/stable/model_persistence.html#security-maintainability-limitations
  warnings.warn(
/Users/nimishrauniyar/Documents/IPL Prediction/.venv/lib/python3.9/site-packages/sklearn/base.py:380: InconsistentVersionWarning: Trying to unpickle estimator DecisionTreeClassifier from version 1.7.2 when using version 1.6.1. This might lead to breaking code or invalid results. Use at your own risk. For more info please refer to:
https://scikit-learn.org/stable/model_persistence.html#security-maintainability-limitations
  warnings.warn(
/Users/nimishrauniyar/Documents/IPL Prediction/.venv/lib/python3.9/site-packages/sklearn/base.py:380: InconsistentVersionWarning: Trying to unpickle estimator RandomForestClassifier from version 1.7.2 when using version 1.6.1. This might lead to breaking code or invalid results. Use at your own risk. For more info please refer to:
https://scikit-learn.org/stable/model_persistence.html#security-maintainability-limitations
  warnings.warn(
/Users/nimishrauniyar/Documents/IPL Prediction/.venv/lib/python3.9/site-packages/sklearn/base.py:380: InconsistentVersionWarning: Trying to unpickle estimator _SigmoidCalibration from version 1.7.2 when using version 1.6.1. This might lead to breaking code or invalid results. Use at your own risk. For more info please refer to:
https://scikit-learn.org/stable/model_persistence.html#security-maintainability-limitations
  warnings.warn(
/Users/nimishrauniyar/Documents/IPL Prediction/.venv/lib/python3.9/site-packages/sklearn/base.py:380: InconsistentVersionWarning: Trying to unpickle estimator CalibratedClassifierCV from version 1.7.2 when using version 1.6.1. This might lead to breaking code or invalid results. Use at your own risk. For more info please refer to:
https://scikit-learn.org/stable/model_persistence.html#security-maintainability-limitations
  warnings.warn(
INFO:     127.0.0.1:59761 - "GET /api/insights?team_a=Rajasthan%20Royals&team_b=Mumbai%20Indians HTTP/1.1" 200 OK
INFO:     127.0.0.1:59763 - "GET /api/h2h?team_a=Rajasthan%20Royals&team_b=Mumbai%20Indians HTTP/1.1" 200 OK
/Users/nimishrauniyar/Documents/IPL Prediction/.venv/lib/python3.9/site-packages/sklearn/base.py:380: InconsistentVersionWarning: Trying to unpickle estimator StandardScaler from version 1.7.2 when using version 1.6.1. This might lead to breaking code or invalid results. Use at your own risk. For more info please refer to:
https://scikit-learn.org/stable/model_persistence.html#security-maintainability-limitations
  warnings.warn(
/Users/nimishrauniyar/Documents/IPL Prediction/.venv/lib/python3.9/site-packages/sklearn/base.py:380: InconsistentVersionWarning: Trying to unpickle estimator LogisticRegression from version 1.7.2 when using version 1.6.1. This might lead to breaking code or invalid results. Use at your own risk. For more info please refer to:
https://scikit-learn.org/stable/model_persistence.html#security-maintainability-limitations
  warnings.warn(
/Users/nimishrauniyar/Documents/IPL Prediction/.venv/lib/python3.9/site-packages/sklearn/base.py:380: InconsistentVersionWarning: Trying to unpickle estimator Pipeline from version 1.7.2 when using version 1.6.1. This might lead to breaking code or invalid results. Use at your own risk. For more info please refer to:
https://scikit-learn.org/stable/model_persistence.html#security-maintainability-limitations
  warnings.warn(
/Users/nimishrauniyar/Documents/IPL Prediction/.venv/lib/python3.9/site-packages/sklearn/base.py:380: InconsistentVersionWarning: Trying to unpickle estimator DecisionTreeClassifier from version 1.7.2 when using version 1.6.1. This might lead to breaking code or invalid results. Use at your own risk. For more info please refer to:
https://scikit-learn.org/stable/model_persistence.html#security-maintainability-limitations
  warnings.warn(
/Users/nimishrauniyar/Documents/IPL Prediction/.venv/lib/python3.9/site-packages/sklearn/base.py:380: InconsistentVersionWarning: Trying to unpickle estimator RandomForestClassifier from version 1.7.2 when using version 1.6.1. This might lead to breaking code or invalid results. Use at your own risk. For more info please refer to:
https://scikit-learn.org/stable/model_persistence.html#security-maintainability-limitations
  warnings.warn(
/Users/nimishrauniyar/Documents/IPL Prediction/.venv/lib/python3.9/site-packages/sklearn/base.py:380: InconsistentVersionWarning: Trying to unpickle estimator _SigmoidCalibration from version 1.7.2 when using version 1.6.1. This might lead to breaking code or invalid results. Use at your own risk. For more info please refer to:
https://scikit-learn.org/stable/model_persistence.html#security-maintainability-limitations
  warnings.warn(
/Users/nimishrauniyar/Documents/IPL Prediction/.venv/lib/python3.9/site-packages/sklearn/base.py:380: InconsistentVersionWarning: Trying to unpickle estimator CalibratedClassifierCV from version 1.7.2 when using version 1.6.1. This might lead to breaking code or invalid results. Use at your own risk. For more info please refer to:
https://scikit-learn.org/stable/model_persistence.html#security-maintainability-limitations
  warnings.warn(
/Users/nimishrauniyar/Documents/IPL Prediction/.venv/lib/python3.9/site-packages/sklearn/base.py:380: InconsistentVersionWarning: Trying to unpickle estimator StandardScaler from version 1.7.2 when using version 1.6.1. This might lead to breaking code or invalid results. Use at your own risk. For more info please refer to:
https://scikit-learn.org/stable/model_persistence.html#security-maintainability-limitations
  warnings.warn(
/Users/nimishrauniyar/Documents/IPL Prediction/.venv/lib/python3.9/site-packages/sklearn/base.py:380: InconsistentVersionWarning: Trying to unpickle estimator LogisticRegression from version 1.7.2 when using version 1.6.1. This might lead to breaking code or invalid results. Use at your own risk. For more info please refer to:
https://scikit-learn.org/stable/model_persistence.html#security-maintainability-limitations
  warnings.warn(
/Users/nimishrauniyar/Documents/IPL Prediction/.venv/lib/python3.9/site-packages/sklearn/base.py:380: InconsistentVersionWarning: Trying to unpickle estimator Pipeline from version 1.7.2 when using version 1.6.1. This might lead to breaking code or invalid results. Use at your own risk. For more info please refer to:
https://scikit-learn.org/stable/model_persistence.html#security-maintainability-limitations
  warnings.warn(
/Users/nimishrauniyar/Documents/IPL Prediction/.venv/lib/python3.9/site-packages/sklearn/base.py:380: InconsistentVersionWarning: Trying to unpickle estimator DecisionTreeClassifier from version 1.7.2 when using version 1.6.1. This might lead to breaking code or invalid results. Use at your own risk. For more info please refer to:
https://scikit-learn.org/stable/model_persistence.html#security-maintainability-limitations
  warnings.warn(
/Users/nimishrauniyar/Documents/IPL Prediction/.venv/lib/python3.9/site-packages/sklearn/base.py:380: InconsistentVersionWarning: Trying to unpickle estimator RandomForestClassifier from version 1.7.2 when using version 1.6.1. This might lead to breaking code or invalid results. Use at your own risk. For more info please refer to:
https://scikit-learn.org/stable/model_persistence.html#security-maintainability-limitations
  warnings.warn(
/Users/nimishrauniyar/Documents/IPL Prediction/.venv/lib/python3.9/site-packages/sklearn/base.py:380: InconsistentVersionWarning: Trying to unpickle estimator _SigmoidCalibration from version 1.7.2 when using version 1.6.1. This might lead to breaking code or invalid results. Use at your own risk. For more info please refer to:
https://scikit-learn.org/stable/model_persistence.html#security-maintainability-limitations
  warnings.warn(
/Users/nimishrauniyar/Documents/IPL Prediction/.venv/lib/python3.9/site-packages/sklearn/base.py:380: InconsistentVersionWarning: Trying to unpickle estimator CalibratedClassifierCV from version 1.7.2 when using version 1.6.1. This might lead to breaking code or invalid results. Use at your own risk. For more info please refer to:
https://scikit-learn.org/stable/model_persistence.html#security-maintainability-limitations
  warnings.warn(
INFO:     127.0.0.1:59765 - "GET /api/insights?team_a=Rajasthan%20Royals&team_b=Royal%20Challengers%20Bengaluru HTTP/1.1" 200 OK
INFO:     127.0.0.1:59767 - "GET /api/h2h?team_a=Rajasthan%20Royals&team_b=Royal%20Challengers%20Bengaluru HTTP/1.1" 200 OK
/Users/nimishrauniyar/Documents/IPL Prediction/.venv/lib/python3.9/site-packages/sklearn/base.py:380: InconsistentVersionWarning: Trying to unpickle estimator StandardScaler from version 1.7.2 when using version 1.6.1. This might lead to breaking code or invalid results. Use at your own risk. For more info please refer to:
https://scikit-learn.org/stable/model_persistence.html#security-maintainability-limitations
  warnings.warn(
/Users/nimishrauniyar/Documents/IPL Prediction/.venv/lib/python3.9/site-packages/sklearn/base.py:380: InconsistentVersionWarning: Trying to unpickle estimator LogisticRegression from version 1.7.2 when using version 1.6.1. This might lead to breaking code or invalid results. Use at your own risk. For more info please refer to:
https://scikit-learn.org/stable/model_persistence.html#security-maintainability-limitations
  warnings.warn(
/Users/nimishrauniyar/Documents/IPL Prediction/.venv/lib/python3.9/site-packages/sklearn/base.py:380: InconsistentVersionWarning: Trying to unpickle estimator Pipeline from version 1.7.2 when using version 1.6.1. This might lead to breaking code or invalid results. Use at your own risk. For more info please refer to:
https://scikit-learn.org/stable/model_persistence.html#security-maintainability-limitations
  warnings.warn(
/Users/nimishrauniyar/Documents/IPL Prediction/.venv/lib/python3.9/site-packages/sklearn/base.py:380: InconsistentVersionWarning: Trying to unpickle estimator DecisionTreeClassifier from version 1.7.2 when using version 1.6.1. This might lead to breaking code or invalid results. Use at your own risk. For more info please refer to:
https://scikit-learn.org/stable/model_persistence.html#security-maintainability-limitations
  warnings.warn(
/Users/nimishrauniyar/Documents/IPL Prediction/.venv/lib/python3.9/site-packages/sklearn/base.py:380: InconsistentVersionWarning: Trying to unpickle estimator RandomForestClassifier from version 1.7.2 when using version 1.6.1. This might lead to breaking code or invalid results. Use at your own risk. For more info please refer to:
https://scikit-learn.org/stable/model_persistence.html#security-maintainability-limitations
  warnings.warn(
/Users/nimishrauniyar/Documents/IPL Prediction/.venv/lib/python3.9/site-packages/sklearn/base.py:380: InconsistentVersionWarning: Trying to unpickle estimator _SigmoidCalibration from version 1.7.2 when using version 1.6.1. This might lead to breaking code or invalid results. Use at your own risk. For more info please refer to:
https://scikit-learn.org/stable/model_persistence.html#security-maintainability-limitations
  warnings.warn(
/Users/nimishrauniyar/Documents/IPL Prediction/.venv/lib/python3.9/site-packages/sklearn/base.py:380: InconsistentVersionWarning: Trying to unpickle estimator CalibratedClassifierCV from version 1.7.2 when using version 1.6.1. This might lead to breaking code or invalid results. Use at your own risk. For more info please refer to:
https://scikit-learn.org/stable/model_persistence.html#security-maintainability-limitations
  warnings.warn(
/Users/nimishrauniyar/Documents/IPL Prediction/.venv/lib/python3.9/site-packages/sklearn/base.py:380: InconsistentVersionWarning: Trying to unpickle estimator StandardScaler from version 1.7.2 when using version 1.6.1. This might lead to breaking code or invalid results. Use at your own risk. For more info please refer to:
https://scikit-learn.org/stable/model_persistence.html#security-maintainability-limitations
  warnings.warn(
/Users/nimishrauniyar/Documents/IPL Prediction/.venv/lib/python3.9/site-packages/sklearn/base.py:380: InconsistentVersionWarning: Trying to unpickle estimator LogisticRegression from version 1.7.2 when using version 1.6.1. This might lead to breaking code or invalid results. Use at your own risk. For more info please refer to:
https://scikit-learn.org/stable/model_persistence.html#security-maintainability-limitations
  warnings.warn(
/Users/nimishrauniyar/Documents/IPL Prediction/.venv/lib/python3.9/site-packages/sklearn/base.py:380: InconsistentVersionWarning: Trying to unpickle estimator Pipeline from version 1.7.2 when using version 1.6.1. This might lead to breaking code or invalid results. Use at your own risk. For more info please refer to:
https://scikit-learn.org/stable/model_persistence.html#security-maintainability-limitations
  warnings.warn(
/Users/nimishrauniyar/Documents/IPL Prediction/.venv/lib/python3.9/site-packages/sklearn/base.py:380: InconsistentVersionWarning: Trying to unpickle estimator DecisionTreeClassifier from version 1.7.2 when using version 1.6.1. This might lead to breaking code or invalid results. Use at your own risk. For more info please refer to:
https://scikit-learn.org/stable/model_persistence.html#security-maintainability-limitations
  warnings.warn(
/Users/nimishrauniyar/Documents/IPL Prediction/.venv/lib/python3.9/site-packages/sklearn/base.py:380: InconsistentVersionWarning: Trying to unpickle estimator RandomForestClassifier from version 1.7.2 when using version 1.6.1. This might lead to breaking code or invalid results. Use at your own risk. For more info please refer to:
https://scikit-learn.org/stable/model_persistence.html#security-maintainability-limitations
  warnings.warn(
/Users/nimishrauniyar/Documents/IPL Prediction/.venv/lib/python3.9/site-packages/sklearn/base.py:380: InconsistentVersionWarning: Trying to unpickle estimator _SigmoidCalibration from version 1.7.2 when using version 1.6.1. This might lead to breaking code or invalid results. Use at your own risk. For more info please refer to:
https://scikit-learn.org/stable/model_persistence.html#security-maintainability-limitations
  warnings.warn(
/Users/nimishrauniyar/Documents/IPL Prediction/.venv/lib/python3.9/site-packages/sklearn/base.py:380: InconsistentVersionWarning: Trying to unpickle estimator CalibratedClassifierCV from version 1.7.2 when using version 1.6.1. This might lead to breaking code or invalid results. Use at your own risk. For more info please refer to:
https://scikit-learn.org/stable/model_persistence.html#security-maintainability-limitations
  warnings.warn(
INFO:     127.0.0.1:59769 - "GET /api/insights?team_a=Rajasthan%20Royals&team_b=Royal%20Challengers%20Bengaluru HTTP/1.1" 200 OK
INFO:     127.0.0.1:59771 - "GET /api/h2h?team_a=Rajasthan%20Royals&team_b=Royal%20Challengers%20Bengaluru HTTP/1.1" 200 OK
/Users/nimishrauniyar/Documents/IPL Prediction/.venv/lib/python3.9/site-packages/sklearn/base.py:380: InconsistentVersionWarning: Trying to unpickle estimator StandardScaler from version 1.7.2 when using version 1.6.1. This might lead to breaking code or invalid results. Use at your own risk. For more info please refer to:
https://scikit-learn.org/stable/model_persistence.html#security-maintainability-limitations
  warnings.warn(
/Users/nimishrauniyar/Documents/IPL Prediction/.venv/lib/python3.9/site-packages/sklearn/base.py:380: InconsistentVersionWarning: Trying to unpickle estimator LogisticRegression from version 1.7.2 when using version 1.6.1. This might lead to breaking code or invalid results. Use at your own risk. For more info please refer to:
https://scikit-learn.org/stable/model_persistence.html#security-maintainability-limitations
  warnings.warn(
/Users/nimishrauniyar/Documents/IPL Prediction/.venv/lib/python3.9/site-packages/sklearn/base.py:380: InconsistentVersionWarning: Trying to unpickle estimator Pipeline from version 1.7.2 when using version 1.6.1. This might lead to breaking code or invalid results. Use at your own risk. For more info please refer to:
https://scikit-learn.org/stable/model_persistence.html#security-maintainability-limitations
  warnings.warn(
/Users/nimishrauniyar/Documents/IPL Prediction/.venv/lib/python3.9/site-packages/sklearn/base.py:380: InconsistentVersionWarning: Trying to unpickle estimator DecisionTreeClassifier from version 1.7.2 when using version 1.6.1. This might lead to breaking code or invalid results. Use at your own risk. For more info please refer to:
https://scikit-learn.org/stable/model_persistence.html#security-maintainability-limitations
  warnings.warn(
/Users/nimishrauniyar/Documents/IPL Prediction/.venv/lib/python3.9/site-packages/sklearn/base.py:380: InconsistentVersionWarning: Trying to unpickle estimator RandomForestClassifier from version 1.7.2 when using version 1.6.1. This might lead to breaking code or invalid results. Use at your own risk. For more info please refer to:
https://scikit-learn.org/stable/model_persistence.html#security-maintainability-limitations
  warnings.warn(
/Users/nimishrauniyar/Documents/IPL Prediction/.venv/lib/python3.9/site-packages/sklearn/base.py:380: InconsistentVersionWarning: Trying to unpickle estimator _SigmoidCalibration from version 1.7.2 when using version 1.6.1. This might lead to breaking code or invalid results. Use at your own risk. For more info please refer to:
https://scikit-learn.org/stable/model_persistence.html#security-maintainability-limitations
  warnings.warn(
/Users/nimishrauniyar/Documents/IPL Prediction/.venv/lib/python3.9/site-packages/sklearn/base.py:380: InconsistentVersionWarning: Trying to unpickle estimator CalibratedClassifierCV from version 1.7.2 when using version 1.6.1. This might lead to breaking code or invalid results. Use at your own risk. For more info please refer to:
https://scikit-learn.org/stable/model_persistence.html#security-maintainability-limitations
  warnings.warn(
/Users/nimishrauniyar/Documents/IPL Prediction/.venv/lib/python3.9/site-packages/sklearn/base.py:380: InconsistentVersionWarning: Trying to unpickle estimator StandardScaler from version 1.7.2 when using version 1.6.1. This might lead to breaking code or invalid results. Use at your own risk. For more info please refer to:
https://scikit-learn.org/stable/model_persistence.html#security-maintainability-limitations
  warnings.warn(
/Users/nimishrauniyar/Documents/IPL Prediction/.venv/lib/python3.9/site-packages/sklearn/base.py:380: InconsistentVersionWarning: Trying to unpickle estimator LogisticRegression from version 1.7.2 when using version 1.6.1. This might lead to breaking code or invalid results. Use at your own risk. For more info please refer to:
https://scikit-learn.org/stable/model_persistence.html#security-maintainability-limitations
  warnings.warn(
/Users/nimishrauniyar/Documents/IPL Prediction/.venv/lib/python3.9/site-packages/sklearn/base.py:380: InconsistentVersionWarning: Trying to unpickle estimator Pipeline from version 1.7.2 when using version 1.6.1. This might lead to breaking code or invalid results. Use at your own risk. For more info please refer to:
https://scikit-learn.org/stable/model_persistence.html#security-maintainability-limitations
  warnings.warn(
/Users/nimishrauniyar/Documents/IPL Prediction/.venv/lib/python3.9/site-packages/sklearn/base.py:380: InconsistentVersionWarning: Trying to unpickle estimator DecisionTreeClassifier from version 1.7.2 when using version 1.6.1. This might lead to breaking code or invalid results. Use at your own risk. For more info please refer to:
https://scikit-learn.org/stable/model_persistence.html#security-maintainability-limitations
  warnings.warn(
/Users/nimishrauniyar/Documents/IPL Prediction/.venv/lib/python3.9/site-packages/sklearn/base.py:380: InconsistentVersionWarning: Trying to unpickle estimator RandomForestClassifier from version 1.7.2 when using version 1.6.1. This might lead to breaking code or invalid results. Use at your own risk. For more info please refer to:
https://scikit-learn.org/stable/model_persistence.html#security-maintainability-limitations
  warnings.warn(
/Users/nimishrauniyar/Documents/IPL Prediction/.venv/lib/python3.9/site-packages/sklearn/base.py:380: InconsistentVersionWarning: Trying to unpickle estimator _SigmoidCalibration from version 1.7.2 when using version 1.6.1. This might lead to breaking code or invalid results. Use at your own risk. For more info please refer to:
https://scikit-learn.org/stable/model_persistence.html#security-maintainability-limitations
  warnings.warn(
/Users/nimishrauniyar/Documents/IPL Prediction/.venv/lib/python3.9/site-packages/sklearn/base.py:380: InconsistentVersionWarning: Trying to unpickle estimator CalibratedClassifierCV from version 1.7.2 when using version 1.6.1. This might lead to breaking code or invalid results. Use at your own risk. For more info please refer to:
https://scikit-learn.org/stable/model_persistence.html#security-maintainability-limitations
  warnings.warn(
INFO:     127.0.0.1:59824 - "GET /api/insights?team_a=Rajasthan%20Royals&team_b=Royal%20Challengers%20Bengaluru HTTP/1.1" 200 OK
INFO:     127.0.0.1:59826 - "GET /api/h2h?team_a=Rajasthan%20Royals&team_b=Royal%20Challengers%20Bengaluru HTTP/1.1" 200 OK
/Users/nimishrauniyar/Documents/IPL Prediction/.venv/lib/python3.9/site-packages/sklearn/base.py:380: InconsistentVersionWarning: Trying to unpickle estimator StandardScaler from version 1.7.2 when using version 1.6.1. This might lead to breaking code or invalid results. Use at your own risk. For more info please refer to:
https://scikit-learn.org/stable/model_persistence.html#security-maintainability-limitations
  warnings.warn(
/Users/nimishrauniyar/Documents/IPL Prediction/.venv/lib/python3.9/site-packages/sklearn/base.py:380: InconsistentVersionWarning: Trying to unpickle estimator LogisticRegression from version 1.7.2 when using version 1.6.1. This might lead to breaking code or invalid results. Use at your own risk. For more info please refer to:
https://scikit-learn.org/stable/model_persistence.html#security-maintainability-limitations
  warnings.warn(
/Users/nimishrauniyar/Documents/IPL Prediction/.venv/lib/python3.9/site-packages/sklearn/base.py:380: InconsistentVersionWarning: Trying to unpickle estimator Pipeline from version 1.7.2 when using version 1.6.1. This might lead to breaking code or invalid results. Use at your own risk. For more info please refer to:
https://scikit-learn.org/stable/model_persistence.html#security-maintainability-limitations
  warnings.warn(
/Users/nimishrauniyar/Documents/IPL Prediction/.venv/lib/python3.9/site-packages/sklearn/base.py:380: InconsistentVersionWarning: Trying to unpickle estimator DecisionTreeClassifier from version 1.7.2 when using version 1.6.1. This might lead to breaking code or invalid results. Use at your own risk. For more info please refer to:
https://scikit-learn.org/stable/model_persistence.html#security-maintainability-limitations
  warnings.warn(
/Users/nimishrauniyar/Documents/IPL Prediction/.venv/lib/python3.9/site-packages/sklearn/base.py:380: InconsistentVersionWarning: Trying to unpickle estimator RandomForestClassifier from version 1.7.2 when using version 1.6.1. This might lead to breaking code or invalid results. Use at your own risk. For more info please refer to:
https://scikit-learn.org/stable/model_persistence.html#security-maintainability-limitations
  warnings.warn(
/Users/nimishrauniyar/Documents/IPL Prediction/.venv/lib/python3.9/site-packages/sklearn/base.py:380: InconsistentVersionWarning: Trying to unpickle estimator _SigmoidCalibration from version 1.7.2 when using version 1.6.1. This might lead to breaking code or invalid results. Use at your own risk. For more info please refer to:
https://scikit-learn.org/stable/model_persistence.html#security-maintainability-limitations
  warnings.warn(
/Users/nimishrauniyar/Documents/IPL Prediction/.venv/lib/python3.9/site-packages/sklearn/base.py:380: InconsistentVersionWarning: Trying to unpickle estimator CalibratedClassifierCV from version 1.7.2 when using version 1.6.1. This might lead to breaking code or invalid results. Use at your own risk. For more info please refer to:
https://scikit-learn.org/stable/model_persistence.html#security-maintainability-limitations
  warnings.warn(
/Users/nimishrauniyar/Documents/IPL Prediction/.venv/lib/python3.9/site-packages/sklearn/base.py:380: InconsistentVersionWarning: Trying to unpickle estimator StandardScaler from version 1.7.2 when using version 1.6.1. This might lead to breaking code or invalid results. Use at your own risk. For more info please refer to:
https://scikit-learn.org/stable/model_persistence.html#security-maintainability-limitations
  warnings.warn(
/Users/nimishrauniyar/Documents/IPL Prediction/.venv/lib/python3.9/site-packages/sklearn/base.py:380: InconsistentVersionWarning: Trying to unpickle estimator LogisticRegression from version 1.7.2 when using version 1.6.1. This might lead to breaking code or invalid results. Use at your own risk. For more info please refer to:
https://scikit-learn.org/stable/model_persistence.html#security-maintainability-limitations
  warnings.warn(
/Users/nimishrauniyar/Documents/IPL Prediction/.venv/lib/python3.9/site-packages/sklearn/base.py:380: InconsistentVersionWarning: Trying to unpickle estimator Pipeline from version 1.7.2 when using version 1.6.1. This might lead to breaking code or invalid results. Use at your own risk. For more info please refer to:
https://scikit-learn.org/stable/model_persistence.html#security-maintainability-limitations
  warnings.warn(
/Users/nimishrauniyar/Documents/IPL Prediction/.venv/lib/python3.9/site-packages/sklearn/base.py:380: InconsistentVersionWarning: Trying to unpickle estimator DecisionTreeClassifier from version 1.7.2 when using version 1.6.1. This might lead to breaking code or invalid results. Use at your own risk. For more info please refer to:
https://scikit-learn.org/stable/model_persistence.html#security-maintainability-limitations
  warnings.warn(
/Users/nimishrauniyar/Documents/IPL Prediction/.venv/lib/python3.9/site-packages/sklearn/base.py:380: InconsistentVersionWarning: Trying to unpickle estimator RandomForestClassifier from version 1.7.2 when using version 1.6.1. This might lead to breaking code or invalid results. Use at your own risk. For more info please refer to:
https://scikit-learn.org/stable/model_persistence.html#security-maintainability-limitations
  warnings.warn(
/Users/nimishrauniyar/Documents/IPL Prediction/.venv/lib/python3.9/site-packages/sklearn/base.py:380: InconsistentVersionWarning: Trying to unpickle estimator _SigmoidCalibration from version 1.7.2 when using version 1.6.1. This might lead to breaking code or invalid results. Use at your own risk. For more info please refer to:
https://scikit-learn.org/stable/model_persistence.html#security-maintainability-limitations
  warnings.warn(
/Users/nimishrauniyar/Documents/IPL Prediction/.venv/lib/python3.9/site-packages/sklearn/base.py:380: InconsistentVersionWarning: Trying to unpickle estimator CalibratedClassifierCV from version 1.7.2 when using version 1.6.1. This might lead to breaking code or invalid results. Use at your own risk. For more info please refer to:
https://scikit-learn.org/stable/model_persistence.html#security-maintainability-limitations
  warnings.warn(
INFO:     127.0.0.1:59832 - "GET /api/insights?team_a=Rajasthan%20Royals&team_b=Royal%20Challengers%20Bengaluru HTTP/1.1" 200 OK
INFO:     127.0.0.1:59834 - "GET /api/h2h?team_a=Rajasthan%20Royals&team_b=Royal%20Challengers%20Bengaluru HTTP/1.1" 200 OK
INFO:     127.0.0.1:59864 - "GET /api/teams HTTP/1.1" 200 OK
INFO:     127.0.0.1:59865 - "GET /api/seasons HTTP/1.1" 200 OK
INFO:     127.0.0.1:59870 - "GET /api/seasons HTTP/1.1" 200 OK
INFO:     127.0.0.1:59869 - "GET /api/teams HTTP/1.1" 200 OK
/Users/nimishrauniyar/Documents/IPL Prediction/.venv/lib/python3.9/site-packages/sklearn/base.py:380: InconsistentVersionWarning: Trying to unpickle estimator StandardScaler from version 1.7.2 when using version 1.6.1. This might lead to breaking code or invalid results. Use at your own risk. For more info please refer to:
https://scikit-learn.org/stable/model_persistence.html#security-maintainability-limitations
  warnings.warn(
/Users/nimishrauniyar/Documents/IPL Prediction/.venv/lib/python3.9/site-packages/sklearn/base.py:380: InconsistentVersionWarning: Trying to unpickle estimator LogisticRegression from version 1.7.2 when using version 1.6.1. This might lead to breaking code or invalid results. Use at your own risk. For more info please refer to:
https://scikit-learn.org/stable/model_persistence.html#security-maintainability-limitations
  warnings.warn(
/Users/nimishrauniyar/Documents/IPL Prediction/.venv/lib/python3.9/site-packages/sklearn/base.py:380: InconsistentVersionWarning: Trying to unpickle estimator Pipeline from version 1.7.2 when using version 1.6.1. This might lead to breaking code or invalid results. Use at your own risk. For more info please refer to:
https://scikit-learn.org/stable/model_persistence.html#security-maintainability-limitations
  warnings.warn(
/Users/nimishrauniyar/Documents/IPL Prediction/.venv/lib/python3.9/site-packages/sklearn/base.py:380: InconsistentVersionWarning: Trying to unpickle estimator DecisionTreeClassifier from version 1.7.2 when using version 1.6.1. This might lead to breaking code or invalid results. Use at your own risk. For more info please refer to:
https://scikit-learn.org/stable/model_persistence.html#security-maintainability-limitations
  warnings.warn(
/Users/nimishrauniyar/Documents/IPL Prediction/.venv/lib/python3.9/site-packages/sklearn/base.py:380: InconsistentVersionWarning: Trying to unpickle estimator RandomForestClassifier from version 1.7.2 when using version 1.6.1. This might lead to breaking code or invalid results. Use at your own risk. For more info please refer to:
https://scikit-learn.org/stable/model_persistence.html#security-maintainability-limitations
  warnings.warn(
/Users/nimishrauniyar/Documents/IPL Prediction/.venv/lib/python3.9/site-packages/sklearn/base.py:380: InconsistentVersionWarning: Trying to unpickle estimator _SigmoidCalibration from version 1.7.2 when using version 1.6.1. This might lead to breaking code or invalid results. Use at your own risk. For more info please refer to:
https://scikit-learn.org/stable/model_persistence.html#security-maintainability-limitations
  warnings.warn(
/Users/nimishrauniyar/Documents/IPL Prediction/.venv/lib/python3.9/site-packages/sklearn/base.py:380: InconsistentVersionWarning: Trying to unpickle estimator CalibratedClassifierCV from version 1.7.2 when using version 1.6.1. This might lead to breaking code or invalid results. Use at your own risk. For more info please refer to:
https://scikit-learn.org/stable/model_persistence.html#security-maintainability-limitations
  warnings.warn(
INFO:     127.0.0.1:59872 - "GET /api/fixtures?season=2026 HTTP/1.1" 200 OK
/Users/nimishrauniyar/Documents/IPL Prediction/.venv/lib/python3.9/site-packages/sklearn/base.py:380: InconsistentVersionWarning: Trying to unpickle estimator StandardScaler from version 1.7.2 when using version 1.6.1. This might lead to breaking code or invalid results. Use at your own risk. For more info please refer to:
https://scikit-learn.org/stable/model_persistence.html#security-maintainability-limitations
  warnings.warn(
/Users/nimishrauniyar/Documents/IPL Prediction/.venv/lib/python3.9/site-packages/sklearn/base.py:380: InconsistentVersionWarning: Trying to unpickle estimator LogisticRegression from version 1.7.2 when using version 1.6.1. This might lead to breaking code or invalid results. Use at your own risk. For more info please refer to:
https://scikit-learn.org/stable/model_persistence.html#security-maintainability-limitations
  warnings.warn(
/Users/nimishrauniyar/Documents/IPL Prediction/.venv/lib/python3.9/site-packages/sklearn/base.py:380: InconsistentVersionWarning: Trying to unpickle estimator Pipeline from version 1.7.2 when using version 1.6.1. This might lead to breaking code or invalid results. Use at your own risk. For more info please refer to:
https://scikit-learn.org/stable/model_persistence.html#security-maintainability-limitations
  warnings.warn(
/Users/nimishrauniyar/Documents/IPL Prediction/.venv/lib/python3.9/site-packages/sklearn/base.py:380: InconsistentVersionWarning: Trying to unpickle estimator DecisionTreeClassifier from version 1.7.2 when using version 1.6.1. This might lead to breaking code or invalid results. Use at your own risk. For more info please refer to:
https://scikit-learn.org/stable/model_persistence.html#security-maintainability-limitations
  warnings.warn(
/Users/nimishrauniyar/Documents/IPL Prediction/.venv/lib/python3.9/site-packages/sklearn/base.py:380: InconsistentVersionWarning: Trying to unpickle estimator RandomForestClassifier from version 1.7.2 when using version 1.6.1. This might lead to breaking code or invalid results. Use at your own risk. For more info please refer to:
https://scikit-learn.org/stable/model_persistence.html#security-maintainability-limitations
  warnings.warn(
/Users/nimishrauniyar/Documents/IPL Prediction/.venv/lib/python3.9/site-packages/sklearn/base.py:380: InconsistentVersionWarning: Trying to unpickle estimator _SigmoidCalibration from version 1.7.2 when using version 1.6.1. This might lead to breaking code or invalid results. Use at your own risk. For more info please refer to:
https://scikit-learn.org/stable/model_persistence.html#security-maintainability-limitations
  warnings.warn(
/Users/nimishrauniyar/Documents/IPL Prediction/.venv/lib/python3.9/site-packages/sklearn/base.py:380: InconsistentVersionWarning: Trying to unpickle estimator CalibratedClassifierCV from version 1.7.2 when using version 1.6.1. This might lead to breaking code or invalid results. Use at your own risk. For more info please refer to:
https://scikit-learn.org/stable/model_persistence.html#security-maintainability-limitations
  warnings.warn(
/Users/nimishrauniyar/Documents/IPL Prediction/.venv/lib/python3.9/site-packages/sklearn/base.py:380: InconsistentVersionWarning: Trying to unpickle estimator StandardScaler from version 1.7.2 when using version 1.6.1. This might lead to breaking code or invalid results. Use at your own risk. For more info please refer to:
https://scikit-learn.org/stable/model_persistence.html#security-maintainability-limitations
  warnings.warn(
/Users/nimishrauniyar/Documents/IPL Prediction/.venv/lib/python3.9/site-packages/sklearn/base.py:380: InconsistentVersionWarning: Trying to unpickle estimator LogisticRegression from version 1.7.2 when using version 1.6.1. This might lead to breaking code or invalid results. Use at your own risk. For more info please refer to:
https://scikit-learn.org/stable/model_persistence.html#security-maintainability-limitations
  warnings.warn(
/Users/nimishrauniyar/Documents/IPL Prediction/.venv/lib/python3.9/site-packages/sklearn/base.py:380: InconsistentVersionWarning: Trying to unpickle estimator Pipeline from version 1.7.2 when using version 1.6.1. This might lead to breaking code or invalid results. Use at your own risk. For more info please refer to:
https://scikit-learn.org/stable/model_persistence.html#security-maintainability-limitations
  warnings.warn(
/Users/nimishrauniyar/Documents/IPL Prediction/.venv/lib/python3.9/site-packages/sklearn/base.py:380: InconsistentVersionWarning: Trying to unpickle estimator DecisionTreeClassifier from version 1.7.2 when using version 1.6.1. This might lead to breaking code or invalid results. Use at your own risk. For more info please refer to:
https://scikit-learn.org/stable/model_persistence.html#security-maintainability-limitations
  warnings.warn(
/Users/nimishrauniyar/Documents/IPL Prediction/.venv/lib/python3.9/site-packages/sklearn/base.py:380: InconsistentVersionWarning: Trying to unpickle estimator RandomForestClassifier from version 1.7.2 when using version 1.6.1. This might lead to breaking code or invalid results. Use at your own risk. For more info please refer to:
https://scikit-learn.org/stable/model_persistence.html#security-maintainability-limitations
  warnings.warn(
/Users/nimishrauniyar/Documents/IPL Prediction/.venv/lib/python3.9/site-packages/sklearn/base.py:380: InconsistentVersionWarning: Trying to unpickle estimator _SigmoidCalibration from version 1.7.2 when using version 1.6.1. This might lead to breaking code or invalid results. Use at your own risk. For more info please refer to:
https://scikit-learn.org/stable/model_persistence.html#security-maintainability-limitations
  warnings.warn(
/Users/nimishrauniyar/Documents/IPL Prediction/.venv/lib/python3.9/site-packages/sklearn/base.py:380: InconsistentVersionWarning: Trying to unpickle estimator CalibratedClassifierCV from version 1.7.2 when using version 1.6.1. This might lead to breaking code or invalid results. Use at your own risk. For more info please refer to:
https://scikit-learn.org/stable/model_persistence.html#security-maintainability-limitations
  warnings.warn(
INFO:     127.0.0.1:59874 - "GET /api/insights?team_a=Chennai%20Super%20Kings&team_b=Mumbai%20Indians HTTP/1.1" 200 OK
INFO:     127.0.0.1:59876 - "GET /api/h2h?team_a=Chennai%20Super%20Kings&team_b=Mumbai%20Indians HTTP/1.1" 200 OK
INFO:     127.0.0.1:59882 - "GET /api/teams HTTP/1.1" 200 OK
INFO:     127.0.0.1:59883 - "GET /api/seasons HTTP/1.1" 200 OK
INFO:     127.0.0.1:59884 - "GET /api/teams HTTP/1.1" 200 OK
INFO:     127.0.0.1:59886 - "GET /api/seasons HTTP/1.1" 200 OK
/Users/nimishrauniyar/Documents/IPL Prediction/.venv/lib/python3.9/site-packages/sklearn/base.py:380: InconsistentVersionWarning: Trying to unpickle estimator StandardScaler from version 1.7.2 when using version 1.6.1. This might lead to breaking code or invalid results. Use at your own risk. For more info please refer to:
https://scikit-learn.org/stable/model_persistence.html#security-maintainability-limitations
  warnings.warn(
/Users/nimishrauniyar/Documents/IPL Prediction/.venv/lib/python3.9/site-packages/sklearn/base.py:380: InconsistentVersionWarning: Trying to unpickle estimator LogisticRegression from version 1.7.2 when using version 1.6.1. This might lead to breaking code or invalid results. Use at your own risk. For more info please refer to:
https://scikit-learn.org/stable/model_persistence.html#security-maintainability-limitations
  warnings.warn(
/Users/nimishrauniyar/Documents/IPL Prediction/.venv/lib/python3.9/site-packages/sklearn/base.py:380: InconsistentVersionWarning: Trying to unpickle estimator Pipeline from version 1.7.2 when using version 1.6.1. This might lead to breaking code or invalid results. Use at your own risk. For more info please refer to:
https://scikit-learn.org/stable/model_persistence.html#security-maintainability-limitations
  warnings.warn(
/Users/nimishrauniyar/Documents/IPL Prediction/.venv/lib/python3.9/site-packages/sklearn/base.py:380: InconsistentVersionWarning: Trying to unpickle estimator DecisionTreeClassifier from version 1.7.2 when using version 1.6.1. This might lead to breaking code or invalid results. Use at your own risk. For more info please refer to:
https://scikit-learn.org/stable/model_persistence.html#security-maintainability-limitations
  warnings.warn(
/Users/nimishrauniyar/Documents/IPL Prediction/.venv/lib/python3.9/site-packages/sklearn/base.py:380: InconsistentVersionWarning: Trying to unpickle estimator RandomForestClassifier from version 1.7.2 when using version 1.6.1. This might lead to breaking code or invalid results. Use at your own risk. For more info please refer to:
https://scikit-learn.org/stable/model_persistence.html#security-maintainability-limitations
  warnings.warn(
[21:09:24] WARNING: /Users/runner/work/xgboost/xgboost/src/gbm/../common/error_msg.h:80: If you are loading a serialized model (like pickle in Python, RDS in R) or
configuration generated by an older version of XGBoost, please export the model by calling
`Booster.save_model` from that version first, then load it back in current version. See:

    https://xgboost.readthedocs.io/en/stable/tutorials/saving_model.html

for more details about differences between saving model and serializing.

/Users/nimishrauniyar/Documents/IPL Prediction/.venv/lib/python3.9/site-packages/sklearn/base.py:380: InconsistentVersionWarning: Trying to unpickle estimator _SigmoidCalibration from version 1.7.2 when using version 1.6.1. This might lead to breaking code or invalid results. Use at your own risk. For more info please refer to:
https://scikit-learn.org/stable/model_persistence.html#security-maintainability-limitations
  warnings.warn(
/Users/nimishrauniyar/Documents/IPL Prediction/.venv/lib/python3.9/site-packages/sklearn/base.py:380: InconsistentVersionWarning: Trying to unpickle estimator CalibratedClassifierCV from version 1.7.2 when using version 1.6.1. This might lead to breaking code or invalid results. Use at your own risk. For more info please refer to:
https://scikit-learn.org/stable/model_persistence.html#security-maintainability-limitations
  warnings.warn(
INFO:     127.0.0.1:59888 - "GET /api/fixtures?season=2026 HTTP/1.1" 200 OK
INFO:     127.0.0.1:59893 - "GET /api/teams HTTP/1.1" 200 OK
INFO:     127.0.0.1:59894 - "GET /api/seasons HTTP/1.1" 200 OK
INFO:     127.0.0.1:59896 - "GET /api/teams HTTP/1.1" 200 OK
INFO:     127.0.0.1:59897 - "GET /api/seasons HTTP/1.1" 200 OK
/Users/nimishrauniyar/Documents/IPL Prediction/.venv/lib/python3.9/site-packages/sklearn/base.py:380: InconsistentVersionWarning: Trying to unpickle estimator StandardScaler from version 1.7.2 when using version 1.6.1. This might lead to breaking code or invalid results. Use at your own risk. For more info please refer to:
https://scikit-learn.org/stable/model_persistence.html#security-maintainability-limitations
  warnings.warn(
/Users/nimishrauniyar/Documents/IPL Prediction/.venv/lib/python3.9/site-packages/sklearn/base.py:380: InconsistentVersionWarning: Trying to unpickle estimator LogisticRegression from version 1.7.2 when using version 1.6.1. This might lead to breaking code or invalid results. Use at your own risk. For more info please refer to:
https://scikit-learn.org/stable/model_persistence.html#security-maintainability-limitations
  warnings.warn(
/Users/nimishrauniyar/Documents/IPL Prediction/.venv/lib/python3.9/site-packages/sklearn/base.py:380: InconsistentVersionWarning: Trying to unpickle estimator Pipeline from version 1.7.2 when using version 1.6.1. This might lead to breaking code or invalid results. Use at your own risk. For more info please refer to:
https://scikit-learn.org/stable/model_persistence.html#security-maintainability-limitations
  warnings.warn(
/Users/nimishrauniyar/Documents/IPL Prediction/.venv/lib/python3.9/site-packages/sklearn/base.py:380: InconsistentVersionWarning: Trying to unpickle estimator DecisionTreeClassifier from version 1.7.2 when using version 1.6.1. This might lead to breaking code or invalid results. Use at your own risk. For more info please refer to:
https://scikit-learn.org/stable/model_persistence.html#security-maintainability-limitations
  warnings.warn(
/Users/nimishrauniyar/Documents/IPL Prediction/.venv/lib/python3.9/site-packages/sklearn/base.py:380: InconsistentVersionWarning: Trying to unpickle estimator RandomForestClassifier from version 1.7.2 when using version 1.6.1. This might lead to breaking code or invalid results. Use at your own risk. For more info please refer to:
https://scikit-learn.org/stable/model_persistence.html#security-maintainability-limitations
  warnings.warn(
/Users/nimishrauniyar/Documents/IPL Prediction/.venv/lib/python3.9/site-packages/sklearn/base.py:380: InconsistentVersionWarning: Trying to unpickle estimator _SigmoidCalibration from version 1.7.2 when using version 1.6.1. This might lead to breaking code or invalid results. Use at your own risk. For more info please refer to:
https://scikit-learn.org/stable/model_persistence.html#security-maintainability-limitations
  warnings.warn(
/Users/nimishrauniyar/Documents/IPL Prediction/.venv/lib/python3.9/site-packages/sklearn/base.py:380: InconsistentVersionWarning: Trying to unpickle estimator CalibratedClassifierCV from version 1.7.2 when using version 1.6.1. This might lead to breaking code or invalid results. Use at your own risk. For more info please refer to:
https://scikit-learn.org/stable/model_persistence.html#security-maintainability-limitations
  warnings.warn(
INFO:     127.0.0.1:59899 - "GET /api/fixtures?season=2026 HTTP/1.1" 200 OK
/Users/nimishrauniyar/Documents/IPL Prediction/.venv/lib/python3.9/site-packages/sklearn/base.py:380: InconsistentVersionWarning: Trying to unpickle estimator StandardScaler from version 1.7.2 when using version 1.6.1. This might lead to breaking code or invalid results. Use at your own risk. For more info please refer to:
https://scikit-learn.org/stable/model_persistence.html#security-maintainability-limitations
  warnings.warn(
/Users/nimishrauniyar/Documents/IPL Prediction/.venv/lib/python3.9/site-packages/sklearn/base.py:380: InconsistentVersionWarning: Trying to unpickle estimator LogisticRegression from version 1.7.2 when using version 1.6.1. This might lead to breaking code or invalid results. Use at your own risk. For more info please refer to:
https://scikit-learn.org/stable/model_persistence.html#security-maintainability-limitations
  warnings.warn(
/Users/nimishrauniyar/Documents/IPL Prediction/.venv/lib/python3.9/site-packages/sklearn/base.py:380: InconsistentVersionWarning: Trying to unpickle estimator Pipeline from version 1.7.2 when using version 1.6.1. This might lead to breaking code or invalid results. Use at your own risk. For more info please refer to:
https://scikit-learn.org/stable/model_persistence.html#security-maintainability-limitations
  warnings.warn(
/Users/nimishrauniyar/Documents/IPL Prediction/.venv/lib/python3.9/site-packages/sklearn/base.py:380: InconsistentVersionWarning: Trying to unpickle estimator DecisionTreeClassifier from version 1.7.2 when using version 1.6.1. This might lead to breaking code or invalid results. Use at your own risk. For more info please refer to:
https://scikit-learn.org/stable/model_persistence.html#security-maintainability-limitations
  warnings.warn(
/Users/nimishrauniyar/Documents/IPL Prediction/.venv/lib/python3.9/site-packages/sklearn/base.py:380: InconsistentVersionWarning: Trying to unpickle estimator RandomForestClassifier from version 1.7.2 when using version 1.6.1. This might lead to breaking code or invalid results. Use at your own risk. For more info please refer to:
https://scikit-learn.org/stable/model_persistence.html#security-maintainability-limitations
  warnings.warn(
/Users/nimishrauniyar/Documents/IPL Prediction/.venv/lib/python3.9/site-packages/sklearn/base.py:380: InconsistentVersionWarning: Trying to unpickle estimator _SigmoidCalibration from version 1.7.2 when using version 1.6.1. This might lead to breaking code or invalid results. Use at your own risk. For more info please refer to:
https://scikit-learn.org/stable/model_persistence.html#security-maintainability-limitations
  warnings.warn(
/Users/nimishrauniyar/Documents/IPL Prediction/.venv/lib/python3.9/site-packages/sklearn/base.py:380: InconsistentVersionWarning: Trying to unpickle estimator CalibratedClassifierCV from version 1.7.2 when using version 1.6.1. This might lead to breaking code or invalid results. Use at your own risk. For more info please refer to:
https://scikit-learn.org/stable/model_persistence.html#security-maintainability-limitations
  warnings.warn(
/Users/nimishrauniyar/Documents/IPL Prediction/.venv/lib/python3.9/site-packages/sklearn/base.py:380: InconsistentVersionWarning: Trying to unpickle estimator StandardScaler from version 1.7.2 when using version 1.6.1. This might lead to breaking code or invalid results. Use at your own risk. For more info please refer to:
https://scikit-learn.org/stable/model_persistence.html#security-maintainability-limitations
  warnings.warn(
/Users/nimishrauniyar/Documents/IPL Prediction/.venv/lib/python3.9/site-packages/sklearn/base.py:380: InconsistentVersionWarning: Trying to unpickle estimator LogisticRegression from version 1.7.2 when using version 1.6.1. This might lead to breaking code or invalid results. Use at your own risk. For more info please refer to:
https://scikit-learn.org/stable/model_persistence.html#security-maintainability-limitations
  warnings.warn(
/Users/nimishrauniyar/Documents/IPL Prediction/.venv/lib/python3.9/site-packages/sklearn/base.py:380: InconsistentVersionWarning: Trying to unpickle estimator Pipeline from version 1.7.2 when using version 1.6.1. This might lead to breaking code or invalid results. Use at your own risk. For more info please refer to:
https://scikit-learn.org/stable/model_persistence.html#security-maintainability-limitations
  warnings.warn(
/Users/nimishrauniyar/Documents/IPL Prediction/.venv/lib/python3.9/site-packages/sklearn/base.py:380: InconsistentVersionWarning: Trying to unpickle estimator DecisionTreeClassifier from version 1.7.2 when using version 1.6.1. This might lead to breaking code or invalid results. Use at your own risk. For more info please refer to:
https://scikit-learn.org/stable/model_persistence.html#security-maintainability-limitations
  warnings.warn(
/Users/nimishrauniyar/Documents/IPL Prediction/.venv/lib/python3.9/site-packages/sklearn/base.py:380: InconsistentVersionWarning: Trying to unpickle estimator RandomForestClassifier from version 1.7.2 when using version 1.6.1. This might lead to breaking code or invalid results. Use at your own risk. For more info please refer to:
https://scikit-learn.org/stable/model_persistence.html#security-maintainability-limitations
  warnings.warn(
/Users/nimishrauniyar/Documents/IPL Prediction/.venv/lib/python3.9/site-packages/sklearn/base.py:380: InconsistentVersionWarning: Trying to unpickle estimator _SigmoidCalibration from version 1.7.2 when using version 1.6.1. This might lead to breaking code or invalid results. Use at your own risk. For more info please refer to:
https://scikit-learn.org/stable/model_persistence.html#security-maintainability-limitations
  warnings.warn(
/Users/nimishrauniyar/Documents/IPL Prediction/.venv/lib/python3.9/site-packages/sklearn/base.py:380: InconsistentVersionWarning: Trying to unpickle estimator CalibratedClassifierCV from version 1.7.2 when using version 1.6.1. This might lead to breaking code or invalid results. Use at your own risk. For more info please refer to:
https://scikit-learn.org/stable/model_persistence.html#security-maintainability-limitations
  warnings.warn(
INFO:     127.0.0.1:59907 - "GET /api/insights?team_a=Chennai%20Super%20Kings&team_b=Mumbai%20Indians HTTP/1.1" 200 OK
INFO:     127.0.0.1:59909 - "GET /api/h2h?team_a=Chennai%20Super%20Kings&team_b=Mumbai%20Indians HTTP/1.1" 200 OK
/Users/nimishrauniyar/Documents/IPL Prediction/.venv/lib/python3.9/site-packages/sklearn/base.py:380: InconsistentVersionWarning: Trying to unpickle estimator StandardScaler from version 1.7.2 when using version 1.6.1. This might lead to breaking code or invalid results. Use at your own risk. For more info please refer to:
https://scikit-learn.org/stable/model_persistence.html#security-maintainability-limitations
  warnings.warn(
/Users/nimishrauniyar/Documents/IPL Prediction/.venv/lib/python3.9/site-packages/sklearn/base.py:380: InconsistentVersionWarning: Trying to unpickle estimator LogisticRegression from version 1.7.2 when using version 1.6.1. This might lead to breaking code or invalid results. Use at your own risk. For more info please refer to:
https://scikit-learn.org/stable/model_persistence.html#security-maintainability-limitations
  warnings.warn(
/Users/nimishrauniyar/Documents/IPL Prediction/.venv/lib/python3.9/site-packages/sklearn/base.py:380: InconsistentVersionWarning: Trying to unpickle estimator Pipeline from version 1.7.2 when using version 1.6.1. This might lead to breaking code or invalid results. Use at your own risk. For more info please refer to:
https://scikit-learn.org/stable/model_persistence.html#security-maintainability-limitations
  warnings.warn(
/Users/nimishrauniyar/Documents/IPL Prediction/.venv/lib/python3.9/site-packages/sklearn/base.py:380: InconsistentVersionWarning: Trying to unpickle estimator DecisionTreeClassifier from version 1.7.2 when using version 1.6.1. This might lead to breaking code or invalid results. Use at your own risk. For more info please refer to:
https://scikit-learn.org/stable/model_persistence.html#security-maintainability-limitations
  warnings.warn(
/Users/nimishrauniyar/Documents/IPL Prediction/.venv/lib/python3.9/site-packages/sklearn/base.py:380: InconsistentVersionWarning: Trying to unpickle estimator RandomForestClassifier from version 1.7.2 when using version 1.6.1. This might lead to breaking code or invalid results. Use at your own risk. For more info please refer to:
https://scikit-learn.org/stable/model_persistence.html#security-maintainability-limitations
  warnings.warn(
/Users/nimishrauniyar/Documents/IPL Prediction/.venv/lib/python3.9/site-packages/sklearn/base.py:380: InconsistentVersionWarning: Trying to unpickle estimator _SigmoidCalibration from version 1.7.2 when using version 1.6.1. This might lead to breaking code or invalid results. Use at your own risk. For more info please refer to:
https://scikit-learn.org/stable/model_persistence.html#security-maintainability-limitations
  warnings.warn(
/Users/nimishrauniyar/Documents/IPL Prediction/.venv/lib/python3.9/site-packages/sklearn/base.py:380: InconsistentVersionWarning: Trying to unpickle estimator CalibratedClassifierCV from version 1.7.2 when using version 1.6.1. This might lead to breaking code or invalid results. Use at your own risk. For more info please refer to:
https://scikit-learn.org/stable/model_persistence.html#security-maintainability-limitations
  warnings.warn(
/Users/nimishrauniyar/Documents/IPL Prediction/.venv/lib/python3.9/site-packages/sklearn/base.py:380: InconsistentVersionWarning: Trying to unpickle estimator StandardScaler from version 1.7.2 when using version 1.6.1. This might lead to breaking code or invalid results. Use at your own risk. For more info please refer to:
https://scikit-learn.org/stable/model_persistence.html#security-maintainability-limitations
  warnings.warn(
/Users/nimishrauniyar/Documents/IPL Prediction/.venv/lib/python3.9/site-packages/sklearn/base.py:380: InconsistentVersionWarning: Trying to unpickle estimator LogisticRegression from version 1.7.2 when using version 1.6.1. This might lead to breaking code or invalid results. Use at your own risk. For more info please refer to:
https://scikit-learn.org/stable/model_persistence.html#security-maintainability-limitations
  warnings.warn(
/Users/nimishrauniyar/Documents/IPL Prediction/.venv/lib/python3.9/site-packages/sklearn/base.py:380: InconsistentVersionWarning: Trying to unpickle estimator Pipeline from version 1.7.2 when using version 1.6.1. This might lead to breaking code or invalid results. Use at your own risk. For more info please refer to:
https://scikit-learn.org/stable/model_persistence.html#security-maintainability-limitations
  warnings.warn(
/Users/nimishrauniyar/Documents/IPL Prediction/.venv/lib/python3.9/site-packages/sklearn/base.py:380: InconsistentVersionWarning: Trying to unpickle estimator DecisionTreeClassifier from version 1.7.2 when using version 1.6.1. This might lead to breaking code or invalid results. Use at your own risk. For more info please refer to:
https://scikit-learn.org/stable/model_persistence.html#security-maintainability-limitations
  warnings.warn(
/Users/nimishrauniyar/Documents/IPL Prediction/.venv/lib/python3.9/site-packages/sklearn/base.py:380: InconsistentVersionWarning: Trying to unpickle estimator RandomForestClassifier from version 1.7.2 when using version 1.6.1. This might lead to breaking code or invalid results. Use at your own risk. For more info please refer to:
https://scikit-learn.org/stable/model_persistence.html#security-maintainability-limitations
  warnings.warn(
/Users/nimishrauniyar/Documents/IPL Prediction/.venv/lib/python3.9/site-packages/sklearn/base.py:380: InconsistentVersionWarning: Trying to unpickle estimator _SigmoidCalibration from version 1.7.2 when using version 1.6.1. This might lead to breaking code or invalid results. Use at your own risk. For more info please refer to:
https://scikit-learn.org/stable/model_persistence.html#security-maintainability-limitations
  warnings.warn(
/Users/nimishrauniyar/Documents/IPL Prediction/.venv/lib/python3.9/site-packages/sklearn/base.py:380: InconsistentVersionWarning: Trying to unpickle estimator CalibratedClassifierCV from version 1.7.2 when using version 1.6.1. This might lead to breaking code or invalid results. Use at your own risk. For more info please refer to:
https://scikit-learn.org/stable/model_persistence.html#security-maintainability-limitations
  warnings.warn(
INFO:     127.0.0.1:59911 - "GET /api/insights?team_a=Chennai%20Super%20Kings&team_b=Mumbai%20Indians HTTP/1.1" 200 OK
INFO:     127.0.0.1:59913 - "GET /api/h2h?team_a=Chennai%20Super%20Kings&team_b=Mumbai%20Indians HTTP/1.1" 200 OK
INFO:     127.0.0.1:59931 - "GET /api/teams HTTP/1.1" 200 OK
INFO:     127.0.0.1:59932 - "GET /api/seasons HTTP/1.1" 200 OK
INFO:     127.0.0.1:59934 - "GET /api/teams HTTP/1.1" 200 OK
INFO:     127.0.0.1:59935 - "GET /api/seasons HTTP/1.1" 200 OK
/Users/nimishrauniyar/Documents/IPL Prediction/.venv/lib/python3.9/site-packages/sklearn/base.py:380: InconsistentVersionWarning: Trying to unpickle estimator StandardScaler from version 1.7.2 when using version 1.6.1. This might lead to breaking code or invalid results. Use at your own risk. For more info please refer to:
https://scikit-learn.org/stable/model_persistence.html#security-maintainability-limitations
  warnings.warn(
/Users/nimishrauniyar/Documents/IPL Prediction/.venv/lib/python3.9/site-packages/sklearn/base.py:380: InconsistentVersionWarning: Trying to unpickle estimator LogisticRegression from version 1.7.2 when using version 1.6.1. This might lead to breaking code or invalid results. Use at your own risk. For more info please refer to:
https://scikit-learn.org/stable/model_persistence.html#security-maintainability-limitations
  warnings.warn(
/Users/nimishrauniyar/Documents/IPL Prediction/.venv/lib/python3.9/site-packages/sklearn/base.py:380: InconsistentVersionWarning: Trying to unpickle estimator Pipeline from version 1.7.2 when using version 1.6.1. This might lead to breaking code or invalid results. Use at your own risk. For more info please refer to:
https://scikit-learn.org/stable/model_persistence.html#security-maintainability-limitations
  warnings.warn(
/Users/nimishrauniyar/Documents/IPL Prediction/.venv/lib/python3.9/site-packages/sklearn/base.py:380: InconsistentVersionWarning: Trying to unpickle estimator DecisionTreeClassifier from version 1.7.2 when using version 1.6.1. This might lead to breaking code or invalid results. Use at your own risk. For more info please refer to:
https://scikit-learn.org/stable/model_persistence.html#security-maintainability-limitations
  warnings.warn(
/Users/nimishrauniyar/Documents/IPL Prediction/.venv/lib/python3.9/site-packages/sklearn/base.py:380: InconsistentVersionWarning: Trying to unpickle estimator RandomForestClassifier from version 1.7.2 when using version 1.6.1. This might lead to breaking code or invalid results. Use at your own risk. For more info please refer to:
https://scikit-learn.org/stable/model_persistence.html#security-maintainability-limitations
  warnings.warn(
[21:12:52] WARNING: /Users/runner/work/xgboost/xgboost/src/gbm/../common/error_msg.h:80: If you are loading a serialized model (like pickle in Python, RDS in R) or
configuration generated by an older version of XGBoost, please export the model by calling
`Booster.save_model` from that version first, then load it back in current version. See:

    https://xgboost.readthedocs.io/en/stable/tutorials/saving_model.html

for more details about differences between saving model and serializing.

/Users/nimishrauniyar/Documents/IPL Prediction/.venv/lib/python3.9/site-packages/sklearn/base.py:380: InconsistentVersionWarning: Trying to unpickle estimator _SigmoidCalibration from version 1.7.2 when using version 1.6.1. This might lead to breaking code or invalid results. Use at your own risk. For more info please refer to:
https://scikit-learn.org/stable/model_persistence.html#security-maintainability-limitations
  warnings.warn(
/Users/nimishrauniyar/Documents/IPL Prediction/.venv/lib/python3.9/site-packages/sklearn/base.py:380: InconsistentVersionWarning: Trying to unpickle estimator CalibratedClassifierCV from version 1.7.2 when using version 1.6.1. This might lead to breaking code or invalid results. Use at your own risk. For more info please refer to:
https://scikit-learn.org/stable/model_persistence.html#security-maintainability-limitations
  warnings.warn(
INFO:     127.0.0.1:59937 - "GET /api/fixtures?season=2026 HTTP/1.1" 200 OK
/Users/nimishrauniyar/Documents/IPL Prediction/.venv/lib/python3.9/site-packages/sklearn/base.py:380: InconsistentVersionWarning: Trying to unpickle estimator StandardScaler from version 1.7.2 when using version 1.6.1. This might lead to breaking code or invalid results. Use at your own risk. For more info please refer to:
https://scikit-learn.org/stable/model_persistence.html#security-maintainability-limitations
  warnings.warn(
/Users/nimishrauniyar/Documents/IPL Prediction/.venv/lib/python3.9/site-packages/sklearn/base.py:380: InconsistentVersionWarning: Trying to unpickle estimator LogisticRegression from version 1.7.2 when using version 1.6.1. This might lead to breaking code or invalid results. Use at your own risk. For more info please refer to:
https://scikit-learn.org/stable/model_persistence.html#security-maintainability-limitations
  warnings.warn(
/Users/nimishrauniyar/Documents/IPL Prediction/.venv/lib/python3.9/site-packages/sklearn/base.py:380: InconsistentVersionWarning: Trying to unpickle estimator Pipeline from version 1.7.2 when using version 1.6.1. This might lead to breaking code or invalid results. Use at your own risk. For more info please refer to:
https://scikit-learn.org/stable/model_persistence.html#security-maintainability-limitations
  warnings.warn(
/Users/nimishrauniyar/Documents/IPL Prediction/.venv/lib/python3.9/site-packages/sklearn/base.py:380: InconsistentVersionWarning: Trying to unpickle estimator DecisionTreeClassifier from version 1.7.2 when using version 1.6.1. This might lead to breaking code or invalid results. Use at your own risk. For more info please refer to:
https://scikit-learn.org/stable/model_persistence.html#security-maintainability-limitations
  warnings.warn(
/Users/nimishrauniyar/Documents/IPL Prediction/.venv/lib/python3.9/site-packages/sklearn/base.py:380: InconsistentVersionWarning: Trying to unpickle estimator RandomForestClassifier from version 1.7.2 when using version 1.6.1. This might lead to breaking code or invalid results. Use at your own risk. For more info please refer to:
https://scikit-learn.org/stable/model_persistence.html#security-maintainability-limitations
  warnings.warn(
/Users/nimishrauniyar/Documents/IPL Prediction/.venv/lib/python3.9/site-packages/sklearn/base.py:380: InconsistentVersionWarning: Trying to unpickle estimator _SigmoidCalibration from version 1.7.2 when using version 1.6.1. This might lead to breaking code or invalid results. Use at your own risk. For more info please refer to:
https://scikit-learn.org/stable/model_persistence.html#security-maintainability-limitations
  warnings.warn(
/Users/nimishrauniyar/Documents/IPL Prediction/.venv/lib/python3.9/site-packages/sklearn/base.py:380: InconsistentVersionWarning: Trying to unpickle estimator CalibratedClassifierCV from version 1.7.2 when using version 1.6.1. This might lead to breaking code or invalid results. Use at your own risk. For more info please refer to:
https://scikit-learn.org/stable/model_persistence.html#security-maintainability-limitations
  warnings.warn(
/Users/nimishrauniyar/Documents/IPL Prediction/.venv/lib/python3.9/site-packages/sklearn/base.py:380: InconsistentVersionWarning: Trying to unpickle estimator StandardScaler from version 1.7.2 when using version 1.6.1. This might lead to breaking code or invalid results. Use at your own risk. For more info please refer to:
https://scikit-learn.org/stable/model_persistence.html#security-maintainability-limitations
  warnings.warn(
/Users/nimishrauniyar/Documents/IPL Prediction/.venv/lib/python3.9/site-packages/sklearn/base.py:380: InconsistentVersionWarning: Trying to unpickle estimator LogisticRegression from version 1.7.2 when using version 1.6.1. This might lead to breaking code or invalid results. Use at your own risk. For more info please refer to:
https://scikit-learn.org/stable/model_persistence.html#security-maintainability-limitations
  warnings.warn(
/Users/nimishrauniyar/Documents/IPL Prediction/.venv/lib/python3.9/site-packages/sklearn/base.py:380: InconsistentVersionWarning: Trying to unpickle estimator Pipeline from version 1.7.2 when using version 1.6.1. This might lead to breaking code or invalid results. Use at your own risk. For more info please refer to:
https://scikit-learn.org/stable/model_persistence.html#security-maintainability-limitations
  warnings.warn(
/Users/nimishrauniyar/Documents/IPL Prediction/.venv/lib/python3.9/site-packages/sklearn/base.py:380: InconsistentVersionWarning: Trying to unpickle estimator DecisionTreeClassifier from version 1.7.2 when using version 1.6.1. This might lead to breaking code or invalid results. Use at your own risk. For more info please refer to:
https://scikit-learn.org/stable/model_persistence.html#security-maintainability-limitations
  warnings.warn(
/Users/nimishrauniyar/Documents/IPL Prediction/.venv/lib/python3.9/site-packages/sklearn/base.py:380: InconsistentVersionWarning: Trying to unpickle estimator RandomForestClassifier from version 1.7.2 when using version 1.6.1. This might lead to breaking code or invalid results. Use at your own risk. For more info please refer to:
https://scikit-learn.org/stable/model_persistence.html#security-maintainability-limitations
  warnings.warn(
/Users/nimishrauniyar/Documents/IPL Prediction/.venv/lib/python3.9/site-packages/sklearn/base.py:380: InconsistentVersionWarning: Trying to unpickle estimator _SigmoidCalibration from version 1.7.2 when using version 1.6.1. This might lead to breaking code or invalid results. Use at your own risk. For more info please refer to:
https://scikit-learn.org/stable/model_persistence.html#security-maintainability-limitations
  warnings.warn(
/Users/nimishrauniyar/Documents/IPL Prediction/.venv/lib/python3.9/site-packages/sklearn/base.py:380: InconsistentVersionWarning: Trying to unpickle estimator CalibratedClassifierCV from version 1.7.2 when using version 1.6.1. This might lead to breaking code or invalid results. Use at your own risk. For more info please refer to:
https://scikit-learn.org/stable/model_persistence.html#security-maintainability-limitations
  warnings.warn(
INFO:     127.0.0.1:59958 - "GET /api/insights?team_a=Chennai%20Super%20Kings&team_b=Mumbai%20Indians HTTP/1.1" 200 OK
INFO:     127.0.0.1:59960 - "GET /api/h2h?team_a=Chennai%20Super%20Kings&team_b=Mumbai%20Indians HTTP/1.1" 200 OK
/Users/nimishrauniyar/Documents/IPL Prediction/.venv/lib/python3.9/site-packages/sklearn/base.py:380: InconsistentVersionWarning: Trying to unpickle estimator StandardScaler from version 1.7.2 when using version 1.6.1. This might lead to breaking code or invalid results. Use at your own risk. For more info please refer to:
https://scikit-learn.org/stable/model_persistence.html#security-maintainability-limitations
  warnings.warn(
/Users/nimishrauniyar/Documents/IPL Prediction/.venv/lib/python3.9/site-packages/sklearn/base.py:380: InconsistentVersionWarning: Trying to unpickle estimator LogisticRegression from version 1.7.2 when using version 1.6.1. This might lead to breaking code or invalid results. Use at your own risk. For more info please refer to:
https://scikit-learn.org/stable/model_persistence.html#security-maintainability-limitations
  warnings.warn(
/Users/nimishrauniyar/Documents/IPL Prediction/.venv/lib/python3.9/site-packages/sklearn/base.py:380: InconsistentVersionWarning: Trying to unpickle estimator Pipeline from version 1.7.2 when using version 1.6.1. This might lead to breaking code or invalid results. Use at your own risk. For more info please refer to:
https://scikit-learn.org/stable/model_persistence.html#security-maintainability-limitations
  warnings.warn(
/Users/nimishrauniyar/Documents/IPL Prediction/.venv/lib/python3.9/site-packages/sklearn/base.py:380: InconsistentVersionWarning: Trying to unpickle estimator DecisionTreeClassifier from version 1.7.2 when using version 1.6.1. This might lead to breaking code or invalid results. Use at your own risk. For more info please refer to:
https://scikit-learn.org/stable/model_persistence.html#security-maintainability-limitations
  warnings.warn(
/Users/nimishrauniyar/Documents/IPL Prediction/.venv/lib/python3.9/site-packages/sklearn/base.py:380: InconsistentVersionWarning: Trying to unpickle estimator RandomForestClassifier from version 1.7.2 when using version 1.6.1. This might lead to breaking code or invalid results. Use at your own risk. For more info please refer to:
https://scikit-learn.org/stable/model_persistence.html#security-maintainability-limitations
  warnings.warn(
/Users/nimishrauniyar/Documents/IPL Prediction/.venv/lib/python3.9/site-packages/sklearn/base.py:380: InconsistentVersionWarning: Trying to unpickle estimator _SigmoidCalibration from version 1.7.2 when using version 1.6.1. This might lead to breaking code or invalid results. Use at your own risk. For more info please refer to:
https://scikit-learn.org/stable/model_persistence.html#security-maintainability-limitations
  warnings.warn(
/Users/nimishrauniyar/Documents/IPL Prediction/.venv/lib/python3.9/site-packages/sklearn/base.py:380: InconsistentVersionWarning: Trying to unpickle estimator CalibratedClassifierCV from version 1.7.2 when using version 1.6.1. This might lead to breaking code or invalid results. Use at your own risk. For more info please refer to:
https://scikit-learn.org/stable/model_persistence.html#security-maintainability-limitations
  warnings.warn(
/Users/nimishrauniyar/Documents/IPL Prediction/.venv/lib/python3.9/site-packages/sklearn/base.py:380: InconsistentVersionWarning: Trying to unpickle estimator StandardScaler from version 1.7.2 when using version 1.6.1. This might lead to breaking code or invalid results. Use at your own risk. For more info please refer to:
https://scikit-learn.org/stable/model_persistence.html#security-maintainability-limitations
  warnings.warn(
/Users/nimishrauniyar/Documents/IPL Prediction/.venv/lib/python3.9/site-packages/sklearn/base.py:380: InconsistentVersionWarning: Trying to unpickle estimator LogisticRegression from version 1.7.2 when using version 1.6.1. This might lead to breaking code or invalid results. Use at your own risk. For more info please refer to:
https://scikit-learn.org/stable/model_persistence.html#security-maintainability-limitations
  warnings.warn(
/Users/nimishrauniyar/Documents/IPL Prediction/.venv/lib/python3.9/site-packages/sklearn/base.py:380: InconsistentVersionWarning: Trying to unpickle estimator Pipeline from version 1.7.2 when using version 1.6.1. This might lead to breaking code or invalid results. Use at your own risk. For more info please refer to:
https://scikit-learn.org/stable/model_persistence.html#security-maintainability-limitations
  warnings.warn(
/Users/nimishrauniyar/Documents/IPL Prediction/.venv/lib/python3.9/site-packages/sklearn/base.py:380: InconsistentVersionWarning: Trying to unpickle estimator DecisionTreeClassifier from version 1.7.2 when using version 1.6.1. This might lead to breaking code or invalid results. Use at your own risk. For more info please refer to:
https://scikit-learn.org/stable/model_persistence.html#security-maintainability-limitations
  warnings.warn(
/Users/nimishrauniyar/Documents/IPL Prediction/.venv/lib/python3.9/site-packages/sklearn/base.py:380: InconsistentVersionWarning: Trying to unpickle estimator RandomForestClassifier from version 1.7.2 when using version 1.6.1. This might lead to breaking code or invalid results. Use at your own risk. For more info please refer to:
https://scikit-learn.org/stable/model_persistence.html#security-maintainability-limitations
  warnings.warn(
/Users/nimishrauniyar/Documents/IPL Prediction/.venv/lib/python3.9/site-packages/sklearn/base.py:380: InconsistentVersionWarning: Trying to unpickle estimator _SigmoidCalibration from version 1.7.2 when using version 1.6.1. This might lead to breaking code or invalid results. Use at your own risk. For more info please refer to:
https://scikit-learn.org/stable/model_persistence.html#security-maintainability-limitations
  warnings.warn(
/Users/nimishrauniyar/Documents/IPL Prediction/.venv/lib/python3.9/site-packages/sklearn/base.py:380: InconsistentVersionWarning: Trying to unpickle estimator CalibratedClassifierCV from version 1.7.2 when using version 1.6.1. This might lead to breaking code or invalid results. Use at your own risk. For more info please refer to:
https://scikit-learn.org/stable/model_persistence.html#security-maintainability-limitations
  warnings.warn(
INFO:     127.0.0.1:59962 - "GET /api/insights?team_a=Delhi%20Capitals&team_b=Mumbai%20Indians HTTP/1.1" 200 OK
INFO:     127.0.0.1:59964 - "GET /api/h2h?team_a=Delhi%20Capitals&team_b=Mumbai%20Indians HTTP/1.1" 200 OK
/Users/nimishrauniyar/Documents/IPL Prediction/.venv/lib/python3.9/site-packages/sklearn/base.py:380: InconsistentVersionWarning: Trying to unpickle estimator StandardScaler from version 1.7.2 when using version 1.6.1. This might lead to breaking code or invalid results. Use at your own risk. For more info please refer to:
https://scikit-learn.org/stable/model_persistence.html#security-maintainability-limitations
  warnings.warn(
/Users/nimishrauniyar/Documents/IPL Prediction/.venv/lib/python3.9/site-packages/sklearn/base.py:380: InconsistentVersionWarning: Trying to unpickle estimator LogisticRegression from version 1.7.2 when using version 1.6.1. This might lead to breaking code or invalid results. Use at your own risk. For more info please refer to:
https://scikit-learn.org/stable/model_persistence.html#security-maintainability-limitations
  warnings.warn(
/Users/nimishrauniyar/Documents/IPL Prediction/.venv/lib/python3.9/site-packages/sklearn/base.py:380: InconsistentVersionWarning: Trying to unpickle estimator Pipeline from version 1.7.2 when using version 1.6.1. This might lead to breaking code or invalid results. Use at your own risk. For more info please refer to:
https://scikit-learn.org/stable/model_persistence.html#security-maintainability-limitations
  warnings.warn(
/Users/nimishrauniyar/Documents/IPL Prediction/.venv/lib/python3.9/site-packages/sklearn/base.py:380: InconsistentVersionWarning: Trying to unpickle estimator DecisionTreeClassifier from version 1.7.2 when using version 1.6.1. This might lead to breaking code or invalid results. Use at your own risk. For more info please refer to:
https://scikit-learn.org/stable/model_persistence.html#security-maintainability-limitations
  warnings.warn(
/Users/nimishrauniyar/Documents/IPL Prediction/.venv/lib/python3.9/site-packages/sklearn/base.py:380: InconsistentVersionWarning: Trying to unpickle estimator RandomForestClassifier from version 1.7.2 when using version 1.6.1. This might lead to breaking code or invalid results. Use at your own risk. For more info please refer to:
https://scikit-learn.org/stable/model_persistence.html#security-maintainability-limitations
  warnings.warn(
/Users/nimishrauniyar/Documents/IPL Prediction/.venv/lib/python3.9/site-packages/sklearn/base.py:380: InconsistentVersionWarning: Trying to unpickle estimator _SigmoidCalibration from version 1.7.2 when using version 1.6.1. This might lead to breaking code or invalid results. Use at your own risk. For more info please refer to:
https://scikit-learn.org/stable/model_persistence.html#security-maintainability-limitations
  warnings.warn(
/Users/nimishrauniyar/Documents/IPL Prediction/.venv/lib/python3.9/site-packages/sklearn/base.py:380: InconsistentVersionWarning: Trying to unpickle estimator CalibratedClassifierCV from version 1.7.2 when using version 1.6.1. This might lead to breaking code or invalid results. Use at your own risk. For more info please refer to:
https://scikit-learn.org/stable/model_persistence.html#security-maintainability-limitations
  warnings.warn(
/Users/nimishrauniyar/Documents/IPL Prediction/.venv/lib/python3.9/site-packages/sklearn/base.py:380: InconsistentVersionWarning: Trying to unpickle estimator StandardScaler from version 1.7.2 when using version 1.6.1. This might lead to breaking code or invalid results. Use at your own risk. For more info please refer to:
https://scikit-learn.org/stable/model_persistence.html#security-maintainability-limitations
  warnings.warn(
/Users/nimishrauniyar/Documents/IPL Prediction/.venv/lib/python3.9/site-packages/sklearn/base.py:380: InconsistentVersionWarning: Trying to unpickle estimator LogisticRegression from version 1.7.2 when using version 1.6.1. This might lead to breaking code or invalid results. Use at your own risk. For more info please refer to:
https://scikit-learn.org/stable/model_persistence.html#security-maintainability-limitations
  warnings.warn(
/Users/nimishrauniyar/Documents/IPL Prediction/.venv/lib/python3.9/site-packages/sklearn/base.py:380: InconsistentVersionWarning: Trying to unpickle estimator Pipeline from version 1.7.2 when using version 1.6.1. This might lead to breaking code or invalid results. Use at your own risk. For more info please refer to:
https://scikit-learn.org/stable/model_persistence.html#security-maintainability-limitations
  warnings.warn(
/Users/nimishrauniyar/Documents/IPL Prediction/.venv/lib/python3.9/site-packages/sklearn/base.py:380: InconsistentVersionWarning: Trying to unpickle estimator DecisionTreeClassifier from version 1.7.2 when using version 1.6.1. This might lead to breaking code or invalid results. Use at your own risk. For more info please refer to:
https://scikit-learn.org/stable/model_persistence.html#security-maintainability-limitations
  warnings.warn(
/Users/nimishrauniyar/Documents/IPL Prediction/.venv/lib/python3.9/site-packages/sklearn/base.py:380: InconsistentVersionWarning: Trying to unpickle estimator RandomForestClassifier from version 1.7.2 when using version 1.6.1. This might lead to breaking code or invalid results. Use at your own risk. For more info please refer to:
https://scikit-learn.org/stable/model_persistence.html#security-maintainability-limitations
  warnings.warn(
/Users/nimishrauniyar/Documents/IPL Prediction/.venv/lib/python3.9/site-packages/sklearn/base.py:380: InconsistentVersionWarning: Trying to unpickle estimator _SigmoidCalibration from version 1.7.2 when using version 1.6.1. This might lead to breaking code or invalid results. Use at your own risk. For more info please refer to:
https://scikit-learn.org/stable/model_persistence.html#security-maintainability-limitations
  warnings.warn(
/Users/nimishrauniyar/Documents/IPL Prediction/.venv/lib/python3.9/site-packages/sklearn/base.py:380: InconsistentVersionWarning: Trying to unpickle estimator CalibratedClassifierCV from version 1.7.2 when using version 1.6.1. This might lead to breaking code or invalid results. Use at your own risk. For more info please refer to:
https://scikit-learn.org/stable/model_persistence.html#security-maintainability-limitations
  warnings.warn(
INFO:     127.0.0.1:59973 - "GET /api/insights?team_a=Chennai%20Super%20Kings&team_b=Lucknow%20Super%20Giants HTTP/1.1" 200 OK
INFO:     127.0.0.1:59975 - "GET /api/h2h?team_a=Chennai%20Super%20Kings&team_b=Lucknow%20Super%20Giants HTTP/1.1" 200 OK
INFO:     127.0.0.1:60014 - "GET /api/seasons HTTP/1.1" 200 OK
INFO:     127.0.0.1:60013 - "GET /api/teams HTTP/1.1" 200 OK
INFO:     127.0.0.1:60015 - "GET /api/seasons HTTP/1.1" 200 OK
INFO:     127.0.0.1:60016 - "GET /api/teams HTTP/1.1" 200 OK
/Users/nimishrauniyar/Documents/IPL Prediction/.venv/lib/python3.9/site-packages/sklearn/base.py:380: InconsistentVersionWarning: Trying to unpickle estimator StandardScaler from version 1.7.2 when using version 1.6.1. This might lead to breaking code or invalid results. Use at your own risk. For more info please refer to:
https://scikit-learn.org/stable/model_persistence.html#security-maintainability-limitations
  warnings.warn(
/Users/nimishrauniyar/Documents/IPL Prediction/.venv/lib/python3.9/site-packages/sklearn/base.py:380: InconsistentVersionWarning: Trying to unpickle estimator LogisticRegression from version 1.7.2 when using version 1.6.1. This might lead to breaking code or invalid results. Use at your own risk. For more info please refer to:
https://scikit-learn.org/stable/model_persistence.html#security-maintainability-limitations
  warnings.warn(
/Users/nimishrauniyar/Documents/IPL Prediction/.venv/lib/python3.9/site-packages/sklearn/base.py:380: InconsistentVersionWarning: Trying to unpickle estimator Pipeline from version 1.7.2 when using version 1.6.1. This might lead to breaking code or invalid results. Use at your own risk. For more info please refer to:
https://scikit-learn.org/stable/model_persistence.html#security-maintainability-limitations
  warnings.warn(
/Users/nimishrauniyar/Documents/IPL Prediction/.venv/lib/python3.9/site-packages/sklearn/base.py:380: InconsistentVersionWarning: Trying to unpickle estimator DecisionTreeClassifier from version 1.7.2 when using version 1.6.1. This might lead to breaking code or invalid results. Use at your own risk. For more info please refer to:
https://scikit-learn.org/stable/model_persistence.html#security-maintainability-limitations
  warnings.warn(
INFO:     127.0.0.1:60020 - "GET /api/seasons HTTP/1.1" 200 OK
INFO:     127.0.0.1:60023 - "GET /api/teams HTTP/1.1" 200 OK
/Users/nimishrauniyar/Documents/IPL Prediction/.venv/lib/python3.9/site-packages/sklearn/base.py:380: InconsistentVersionWarning: Trying to unpickle estimator DecisionTreeClassifier from version 1.7.2 when using version 1.6.1. This might lead to breaking code or invalid results. Use at your own risk. For more info please refer to:
https://scikit-learn.org/stable/model_persistence.html#security-maintainability-limitations
  warnings.warn(
INFO:     127.0.0.1:60025 - "GET /api/seasons HTTP/1.1" 200 OK
/Users/nimishrauniyar/Documents/IPL Prediction/.venv/lib/python3.9/site-packages/sklearn/base.py:380: InconsistentVersionWarning: Trying to unpickle estimator DecisionTreeClassifier from version 1.7.2 when using version 1.6.1. This might lead to breaking code or invalid results. Use at your own risk. For more info please refer to:
https://scikit-learn.org/stable/model_persistence.html#security-maintainability-limitations
  warnings.warn(
INFO:     127.0.0.1:60027 - "GET /api/teams HTTP/1.1" 200 OK
/Users/nimishrauniyar/Documents/IPL Prediction/.venv/lib/python3.9/site-packages/sklearn/base.py:380: InconsistentVersionWarning: Trying to unpickle estimator DecisionTreeClassifier from version 1.7.2 when using version 1.6.1. This might lead to breaking code or invalid results. Use at your own risk. For more info please refer to:
https://scikit-learn.org/stable/model_persistence.html#security-maintainability-limitations
  warnings.warn(
/Users/nimishrauniyar/Documents/IPL Prediction/.venv/lib/python3.9/site-packages/sklearn/base.py:380: InconsistentVersionWarning: Trying to unpickle estimator DecisionTreeClassifier from version 1.7.2 when using version 1.6.1. This might lead to breaking code or invalid results. Use at your own risk. For more info please refer to:
https://scikit-learn.org/stable/model_persistence.html#security-maintainability-limitations
  warnings.warn(
INFO:     127.0.0.1:60029 - "GET /api/seasons HTTP/1.1" 200 OK
INFO:     127.0.0.1:60031 - "GET /api/teams HTTP/1.1" 200 OK
/Users/nimishrauniyar/Documents/IPL Prediction/.venv/lib/python3.9/site-packages/sklearn/base.py:380: InconsistentVersionWarning: Trying to unpickle estimator DecisionTreeClassifier from version 1.7.2 when using version 1.6.1. This might lead to breaking code or invalid results. Use at your own risk. For more info please refer to:
https://scikit-learn.org/stable/model_persistence.html#security-maintainability-limitations
  warnings.warn(
INFO:     127.0.0.1:60033 - "GET /api/seasons HTTP/1.1" 200 OK
/Users/nimishrauniyar/Documents/IPL Prediction/.venv/lib/python3.9/site-packages/sklearn/base.py:380: InconsistentVersionWarning: Trying to unpickle estimator DecisionTreeClassifier from version 1.7.2 when using version 1.6.1. This might lead to breaking code or invalid results. Use at your own risk. For more info please refer to:
https://scikit-learn.org/stable/model_persistence.html#security-maintainability-limitations
  warnings.warn(
INFO:     127.0.0.1:60035 - "GET /api/teams HTTP/1.1" 200 OK
/Users/nimishrauniyar/Documents/IPL Prediction/.venv/lib/python3.9/site-packages/sklearn/base.py:380: InconsistentVersionWarning: Trying to unpickle estimator RandomForestClassifier from version 1.7.2 when using version 1.6.1. This might lead to breaking code or invalid results. Use at your own risk. For more info please refer to:
https://scikit-learn.org/stable/model_persistence.html#security-maintainability-limitations
  warnings.warn(
[21:27:21] WARNING: /Users/runner/work/xgboost/xgboost/src/gbm/../common/error_msg.h:80: If you are loading a serialized model (like pickle in Python, RDS in R) or
configuration generated by an older version of XGBoost, please export the model by calling
`Booster.save_model` from that version first, then load it back in current version. See:

    https://xgboost.readthedocs.io/en/stable/tutorials/saving_model.html

for more details about differences between saving model and serializing.

/Users/nimishrauniyar/Documents/IPL Prediction/.venv/lib/python3.9/site-packages/sklearn/base.py:380: InconsistentVersionWarning: Trying to unpickle estimator _SigmoidCalibration from version 1.7.2 when using version 1.6.1. This might lead to breaking code or invalid results. Use at your own risk. For more info please refer to:
https://scikit-learn.org/stable/model_persistence.html#security-maintainability-limitations
  warnings.warn(
/Users/nimishrauniyar/Documents/IPL Prediction/.venv/lib/python3.9/site-packages/sklearn/base.py:380: InconsistentVersionWarning: Trying to unpickle estimator CalibratedClassifierCV from version 1.7.2 when using version 1.6.1. This might lead to breaking code or invalid results. Use at your own risk. For more info please refer to:
https://scikit-learn.org/stable/model_persistence.html#security-maintainability-limitations
  warnings.warn(
INFO:     127.0.0.1:60018 - "GET /api/fixtures?season=2026 HTTP/1.1" 200 OK
/Users/nimishrauniyar/Documents/IPL Prediction/.venv/lib/python3.9/site-packages/sklearn/base.py:380: InconsistentVersionWarning: Trying to unpickle estimator StandardScaler from version 1.7.2 when using version 1.6.1. This might lead to breaking code or invalid results. Use at your own risk. For more info please refer to:
https://scikit-learn.org/stable/model_persistence.html#security-maintainability-limitations
  warnings.warn(
/Users/nimishrauniyar/Documents/IPL Prediction/.venv/lib/python3.9/site-packages/sklearn/base.py:380: InconsistentVersionWarning: Trying to unpickle estimator LogisticRegression from version 1.7.2 when using version 1.6.1. This might lead to breaking code or invalid results. Use at your own risk. For more info please refer to:
https://scikit-learn.org/stable/model_persistence.html#security-maintainability-limitations
  warnings.warn(
/Users/nimishrauniyar/Documents/IPL Prediction/.venv/lib/python3.9/site-packages/sklearn/base.py:380: InconsistentVersionWarning: Trying to unpickle estimator Pipeline from version 1.7.2 when using version 1.6.1. This might lead to breaking code or invalid results. Use at your own risk. For more info please refer to:
https://scikit-learn.org/stable/model_persistence.html#security-maintainability-limitations
  warnings.warn(
/Users/nimishrauniyar/Documents/IPL Prediction/.venv/lib/python3.9/site-packages/sklearn/base.py:380: InconsistentVersionWarning: Trying to unpickle estimator DecisionTreeClassifier from version 1.7.2 when using version 1.6.1. This might lead to breaking code or invalid results. Use at your own risk. For more info please refer to:
https://scikit-learn.org/stable/model_persistence.html#security-maintainability-limitations
  warnings.warn(
/Users/nimishrauniyar/Documents/IPL Prediction/.venv/lib/python3.9/site-packages/sklearn/base.py:380: InconsistentVersionWarning: Trying to unpickle estimator RandomForestClassifier from version 1.7.2 when using version 1.6.1. This might lead to breaking code or invalid results. Use at your own risk. For more info please refer to:
https://scikit-learn.org/stable/model_persistence.html#security-maintainability-limitations
  warnings.warn(
/Users/nimishrauniyar/Documents/IPL Prediction/.venv/lib/python3.9/site-packages/sklearn/base.py:380: InconsistentVersionWarning: Trying to unpickle estimator _SigmoidCalibration from version 1.7.2 when using version 1.6.1. This might lead to breaking code or invalid results. Use at your own risk. For more info please refer to:
https://scikit-learn.org/stable/model_persistence.html#security-maintainability-limitations
  warnings.warn(
/Users/nimishrauniyar/Documents/IPL Prediction/.venv/lib/python3.9/site-packages/sklearn/base.py:380: InconsistentVersionWarning: Trying to unpickle estimator CalibratedClassifierCV from version 1.7.2 when using version 1.6.1. This might lead to breaking code or invalid results. Use at your own risk. For more info please refer to:
https://scikit-learn.org/stable/model_persistence.html#security-maintainability-limitations
  warnings.warn(
INFO:     127.0.0.1:60037 - "GET /api/fixtures?season=2026 HTTP/1.1" 200 OK
/Users/nimishrauniyar/Documents/IPL Prediction/.venv/lib/python3.9/site-packages/sklearn/base.py:380: InconsistentVersionWarning: Trying to unpickle estimator StandardScaler from version 1.7.2 when using version 1.6.1. This might lead to breaking code or invalid results. Use at your own risk. For more info please refer to:
https://scikit-learn.org/stable/model_persistence.html#security-maintainability-limitations
  warnings.warn(
/Users/nimishrauniyar/Documents/IPL Prediction/.venv/lib/python3.9/site-packages/sklearn/base.py:380: InconsistentVersionWarning: Trying to unpickle estimator LogisticRegression from version 1.7.2 when using version 1.6.1. This might lead to breaking code or invalid results. Use at your own risk. For more info please refer to:
https://scikit-learn.org/stable/model_persistence.html#security-maintainability-limitations
  warnings.warn(
/Users/nimishrauniyar/Documents/IPL Prediction/.venv/lib/python3.9/site-packages/sklearn/base.py:380: InconsistentVersionWarning: Trying to unpickle estimator Pipeline from version 1.7.2 when using version 1.6.1. This might lead to breaking code or invalid results. Use at your own risk. For more info please refer to:
https://scikit-learn.org/stable/model_persistence.html#security-maintainability-limitations
  warnings.warn(
/Users/nimishrauniyar/Documents/IPL Prediction/.venv/lib/python3.9/site-packages/sklearn/base.py:380: InconsistentVersionWarning: Trying to unpickle estimator DecisionTreeClassifier from version 1.7.2 when using version 1.6.1. This might lead to breaking code or invalid results. Use at your own risk. For more info please refer to:
https://scikit-learn.org/stable/model_persistence.html#security-maintainability-limitations
  warnings.warn(
/Users/nimishrauniyar/Documents/IPL Prediction/.venv/lib/python3.9/site-packages/sklearn/base.py:380: InconsistentVersionWarning: Trying to unpickle estimator RandomForestClassifier from version 1.7.2 when using version 1.6.1. This might lead to breaking code or invalid results. Use at your own risk. For more info please refer to:
https://scikit-learn.org/stable/model_persistence.html#security-maintainability-limitations
  warnings.warn(
/Users/nimishrauniyar/Documents/IPL Prediction/.venv/lib/python3.9/site-packages/sklearn/base.py:380: InconsistentVersionWarning: Trying to unpickle estimator _SigmoidCalibration from version 1.7.2 when using version 1.6.1. This might lead to breaking code or invalid results. Use at your own risk. For more info please refer to:
https://scikit-learn.org/stable/model_persistence.html#security-maintainability-limitations
  warnings.warn(
/Users/nimishrauniyar/Documents/IPL Prediction/.venv/lib/python3.9/site-packages/sklearn/base.py:380: InconsistentVersionWarning: Trying to unpickle estimator CalibratedClassifierCV from version 1.7.2 when using version 1.6.1. This might lead to breaking code or invalid results. Use at your own risk. For more info please refer to:
https://scikit-learn.org/stable/model_persistence.html#security-maintainability-limitations
  warnings.warn(
INFO:     127.0.0.1:60039 - "GET /api/fixtures?season=2026 HTTP/1.1" 200 OK
INFO:     127.0.0.1:60051 - "GET /api/teams HTTP/1.1" 200 OK
INFO:     127.0.0.1:60052 - "GET /api/seasons HTTP/1.1" 200 OK
INFO:     127.0.0.1:60055 - "GET /api/seasons HTTP/1.1" 200 OK
INFO:     127.0.0.1:60053 - "GET /api/teams HTTP/1.1" 200 OK
INFO:     127.0.0.1:60059 - "GET /api/teams HTTP/1.1" 200 OK
INFO:     127.0.0.1:60058 - "GET /api/seasons HTTP/1.1" 200 OK
INFO:     127.0.0.1:60062 - "GET /api/teams HTTP/1.1" 200 OK
INFO:     127.0.0.1:60063 - "GET /api/seasons HTTP/1.1" 200 OK
INFO:     127.0.0.1:60066 - "GET /api/teams HTTP/1.1" 200 OK
INFO:     127.0.0.1:60067 - "GET /api/seasons HTTP/1.1" 200 OK
INFO:     127.0.0.1:60069 - "GET /api/teams HTTP/1.1" 200 OK
INFO:     127.0.0.1:60071 - "GET /api/seasons HTTP/1.1" 200 OK
INFO:     127.0.0.1:60074 - "GET /api/teams HTTP/1.1" 200 OK
INFO:     127.0.0.1:60075 - "GET /api/seasons HTTP/1.1" 200 OK
INFO:     127.0.0.1:60077 - "GET /api/teams HTTP/1.1" 200 OK
INFO:     127.0.0.1:60079 - "GET /api/seasons HTTP/1.1" 200 OK
/Users/nimishrauniyar/Documents/IPL Prediction/.venv/lib/python3.9/site-packages/sklearn/base.py:380: InconsistentVersionWarning: Trying to unpickle estimator StandardScaler from version 1.7.2 when using version 1.6.1. This might lead to breaking code or invalid results. Use at your own risk. For more info please refer to:
https://scikit-learn.org/stable/model_persistence.html#security-maintainability-limitations
  warnings.warn(
/Users/nimishrauniyar/Documents/IPL Prediction/.venv/lib/python3.9/site-packages/sklearn/base.py:380: InconsistentVersionWarning: Trying to unpickle estimator LogisticRegression from version 1.7.2 when using version 1.6.1. This might lead to breaking code or invalid results. Use at your own risk. For more info please refer to:
https://scikit-learn.org/stable/model_persistence.html#security-maintainability-limitations
  warnings.warn(
/Users/nimishrauniyar/Documents/IPL Prediction/.venv/lib/python3.9/site-packages/sklearn/base.py:380: InconsistentVersionWarning: Trying to unpickle estimator Pipeline from version 1.7.2 when using version 1.6.1. This might lead to breaking code or invalid results. Use at your own risk. For more info please refer to:
https://scikit-learn.org/stable/model_persistence.html#security-maintainability-limitations
  warnings.warn(
/Users/nimishrauniyar/Documents/IPL Prediction/.venv/lib/python3.9/site-packages/sklearn/base.py:380: InconsistentVersionWarning: Trying to unpickle estimator DecisionTreeClassifier from version 1.7.2 when using version 1.6.1. This might lead to breaking code or invalid results. Use at your own risk. For more info please refer to:
https://scikit-learn.org/stable/model_persistence.html#security-maintainability-limitations
  warnings.warn(
/Users/nimishrauniyar/Documents/IPL Prediction/.venv/lib/python3.9/site-packages/sklearn/base.py:380: InconsistentVersionWarning: Trying to unpickle estimator RandomForestClassifier from version 1.7.2 when using version 1.6.1. This might lead to breaking code or invalid results. Use at your own risk. For more info please refer to:
https://scikit-learn.org/stable/model_persistence.html#security-maintainability-limitations
  warnings.warn(
/Users/nimishrauniyar/Documents/IPL Prediction/.venv/lib/python3.9/site-packages/sklearn/base.py:380: InconsistentVersionWarning: Trying to unpickle estimator _SigmoidCalibration from version 1.7.2 when using version 1.6.1. This might lead to breaking code or invalid results. Use at your own risk. For more info please refer to:
https://scikit-learn.org/stable/model_persistence.html#security-maintainability-limitations
  warnings.warn(
/Users/nimishrauniyar/Documents/IPL Prediction/.venv/lib/python3.9/site-packages/sklearn/base.py:380: InconsistentVersionWarning: Trying to unpickle estimator CalibratedClassifierCV from version 1.7.2 when using version 1.6.1. This might lead to breaking code or invalid results. Use at your own risk. For more info please refer to:
https://scikit-learn.org/stable/model_persistence.html#security-maintainability-limitations
  warnings.warn(
INFO:     127.0.0.1:60082 - "GET /api/fixtures?season=2026 HTTP/1.1" 200 OK
/Users/nimishrauniyar/Documents/IPL Prediction/.venv/lib/python3.9/site-packages/sklearn/base.py:380: InconsistentVersionWarning: Trying to unpickle estimator StandardScaler from version 1.7.2 when using version 1.6.1. This might lead to breaking code or invalid results. Use at your own risk. For more info please refer to:
https://scikit-learn.org/stable/model_persistence.html#security-maintainability-limitations
  warnings.warn(
/Users/nimishrauniyar/Documents/IPL Prediction/.venv/lib/python3.9/site-packages/sklearn/base.py:380: InconsistentVersionWarning: Trying to unpickle estimator LogisticRegression from version 1.7.2 when using version 1.6.1. This might lead to breaking code or invalid results. Use at your own risk. For more info please refer to:
https://scikit-learn.org/stable/model_persistence.html#security-maintainability-limitations
  warnings.warn(
/Users/nimishrauniyar/Documents/IPL Prediction/.venv/lib/python3.9/site-packages/sklearn/base.py:380: InconsistentVersionWarning: Trying to unpickle estimator Pipeline from version 1.7.2 when using version 1.6.1. This might lead to breaking code or invalid results. Use at your own risk. For more info please refer to:
https://scikit-learn.org/stable/model_persistence.html#security-maintainability-limitations
  warnings.warn(
/Users/nimishrauniyar/Documents/IPL Prediction/.venv/lib/python3.9/site-packages/sklearn/base.py:380: InconsistentVersionWarning: Trying to unpickle estimator DecisionTreeClassifier from version 1.7.2 when using version 1.6.1. This might lead to breaking code or invalid results. Use at your own risk. For more info please refer to:
https://scikit-learn.org/stable/model_persistence.html#security-maintainability-limitations
  warnings.warn(
/Users/nimishrauniyar/Documents/IPL Prediction/.venv/lib/python3.9/site-packages/sklearn/base.py:380: InconsistentVersionWarning: Trying to unpickle estimator RandomForestClassifier from version 1.7.2 when using version 1.6.1. This might lead to breaking code or invalid results. Use at your own risk. For more info please refer to:
https://scikit-learn.org/stable/model_persistence.html#security-maintainability-limitations
  warnings.warn(
/Users/nimishrauniyar/Documents/IPL Prediction/.venv/lib/python3.9/site-packages/sklearn/base.py:380: InconsistentVersionWarning: Trying to unpickle estimator _SigmoidCalibration from version 1.7.2 when using version 1.6.1. This might lead to breaking code or invalid results. Use at your own risk. For more info please refer to:
https://scikit-learn.org/stable/model_persistence.html#security-maintainability-limitations
  warnings.warn(
/Users/nimishrauniyar/Documents/IPL Prediction/.venv/lib/python3.9/site-packages/sklearn/base.py:380: InconsistentVersionWarning: Trying to unpickle estimator CalibratedClassifierCV from version 1.7.2 when using version 1.6.1. This might lead to breaking code or invalid results. Use at your own risk. For more info please refer to:
https://scikit-learn.org/stable/model_persistence.html#security-maintainability-limitations
  warnings.warn(
INFO:     127.0.0.1:60084 - "GET /api/fixtures?season=2026 HTTP/1.1" 200 OK
/Users/nimishrauniyar/Documents/IPL Prediction/.venv/lib/python3.9/site-packages/sklearn/base.py:380: InconsistentVersionWarning: Trying to unpickle estimator StandardScaler from version 1.7.2 when using version 1.6.1. This might lead to breaking code or invalid results. Use at your own risk. For more info please refer to:
https://scikit-learn.org/stable/model_persistence.html#security-maintainability-limitations
  warnings.warn(
/Users/nimishrauniyar/Documents/IPL Prediction/.venv/lib/python3.9/site-packages/sklearn/base.py:380: InconsistentVersionWarning: Trying to unpickle estimator LogisticRegression from version 1.7.2 when using version 1.6.1. This might lead to breaking code or invalid results. Use at your own risk. For more info please refer to:
https://scikit-learn.org/stable/model_persistence.html#security-maintainability-limitations
  warnings.warn(
/Users/nimishrauniyar/Documents/IPL Prediction/.venv/lib/python3.9/site-packages/sklearn/base.py:380: InconsistentVersionWarning: Trying to unpickle estimator Pipeline from version 1.7.2 when using version 1.6.1. This might lead to breaking code or invalid results. Use at your own risk. For more info please refer to:
https://scikit-learn.org/stable/model_persistence.html#security-maintainability-limitations
  warnings.warn(
/Users/nimishrauniyar/Documents/IPL Prediction/.venv/lib/python3.9/site-packages/sklearn/base.py:380: InconsistentVersionWarning: Trying to unpickle estimator DecisionTreeClassifier from version 1.7.2 when using version 1.6.1. This might lead to breaking code or invalid results. Use at your own risk. For more info please refer to:
https://scikit-learn.org/stable/model_persistence.html#security-maintainability-limitations
  warnings.warn(
/Users/nimishrauniyar/Documents/IPL Prediction/.venv/lib/python3.9/site-packages/sklearn/base.py:380: InconsistentVersionWarning: Trying to unpickle estimator RandomForestClassifier from version 1.7.2 when using version 1.6.1. This might lead to breaking code or invalid results. Use at your own risk. For more info please refer to:
https://scikit-learn.org/stable/model_persistence.html#security-maintainability-limitations
  warnings.warn(
/Users/nimishrauniyar/Documents/IPL Prediction/.venv/lib/python3.9/site-packages/sklearn/base.py:380: InconsistentVersionWarning: Trying to unpickle estimator _SigmoidCalibration from version 1.7.2 when using version 1.6.1. This might lead to breaking code or invalid results. Use at your own risk. For more info please refer to:
https://scikit-learn.org/stable/model_persistence.html#security-maintainability-limitations
  warnings.warn(
/Users/nimishrauniyar/Documents/IPL Prediction/.venv/lib/python3.9/site-packages/sklearn/base.py:380: InconsistentVersionWarning: Trying to unpickle estimator CalibratedClassifierCV from version 1.7.2 when using version 1.6.1. This might lead to breaking code or invalid results. Use at your own risk. For more info please refer to:
https://scikit-learn.org/stable/model_persistence.html#security-maintainability-limitations
  warnings.warn(
INFO:     127.0.0.1:60086 - "GET /api/fixtures?season=2026 HTTP/1.1" 200 OK
/Users/nimishrauniyar/Documents/IPL Prediction/.venv/lib/python3.9/site-packages/sklearn/base.py:380: InconsistentVersionWarning: Trying to unpickle estimator StandardScaler from version 1.7.2 when using version 1.6.1. This might lead to breaking code or invalid results. Use at your own risk. For more info please refer to:
https://scikit-learn.org/stable/model_persistence.html#security-maintainability-limitations
  warnings.warn(
/Users/nimishrauniyar/Documents/IPL Prediction/.venv/lib/python3.9/site-packages/sklearn/base.py:380: InconsistentVersionWarning: Trying to unpickle estimator LogisticRegression from version 1.7.2 when using version 1.6.1. This might lead to breaking code or invalid results. Use at your own risk. For more info please refer to:
https://scikit-learn.org/stable/model_persistence.html#security-maintainability-limitations
  warnings.warn(
/Users/nimishrauniyar/Documents/IPL Prediction/.venv/lib/python3.9/site-packages/sklearn/base.py:380: InconsistentVersionWarning: Trying to unpickle estimator Pipeline from version 1.7.2 when using version 1.6.1. This might lead to breaking code or invalid results. Use at your own risk. For more info please refer to:
https://scikit-learn.org/stable/model_persistence.html#security-maintainability-limitations
  warnings.warn(
/Users/nimishrauniyar/Documents/IPL Prediction/.venv/lib/python3.9/site-packages/sklearn/base.py:380: InconsistentVersionWarning: Trying to unpickle estimator DecisionTreeClassifier from version 1.7.2 when using version 1.6.1. This might lead to breaking code or invalid results. Use at your own risk. For more info please refer to:
https://scikit-learn.org/stable/model_persistence.html#security-maintainability-limitations
  warnings.warn(
/Users/nimishrauniyar/Documents/IPL Prediction/.venv/lib/python3.9/site-packages/sklearn/base.py:380: InconsistentVersionWarning: Trying to unpickle estimator RandomForestClassifier from version 1.7.2 when using version 1.6.1. This might lead to breaking code or invalid results. Use at your own risk. For more info please refer to:
https://scikit-learn.org/stable/model_persistence.html#security-maintainability-limitations
  warnings.warn(
/Users/nimishrauniyar/Documents/IPL Prediction/.venv/lib/python3.9/site-packages/sklearn/base.py:380: InconsistentVersionWarning: Trying to unpickle estimator _SigmoidCalibration from version 1.7.2 when using version 1.6.1. This might lead to breaking code or invalid results. Use at your own risk. For more info please refer to:
https://scikit-learn.org/stable/model_persistence.html#security-maintainability-limitations
  warnings.warn(
/Users/nimishrauniyar/Documents/IPL Prediction/.venv/lib/python3.9/site-packages/sklearn/base.py:380: InconsistentVersionWarning: Trying to unpickle estimator CalibratedClassifierCV from version 1.7.2 when using version 1.6.1. This might lead to breaking code or invalid results. Use at your own risk. For more info please refer to:
https://scikit-learn.org/stable/model_persistence.html#security-maintainability-limitations
  warnings.warn(
INFO:     127.0.0.1:60088 - "GET /api/fixtures?season=2026 HTTP/1.1" 200 OK
/Users/nimishrauniyar/Documents/IPL Prediction/.venv/lib/python3.9/site-packages/sklearn/base.py:380: InconsistentVersionWarning: Trying to unpickle estimator StandardScaler from version 1.7.2 when using version 1.6.1. This might lead to breaking code or invalid results. Use at your own risk. For more info please refer to:
https://scikit-learn.org/stable/model_persistence.html#security-maintainability-limitations
  warnings.warn(
/Users/nimishrauniyar/Documents/IPL Prediction/.venv/lib/python3.9/site-packages/sklearn/base.py:380: InconsistentVersionWarning: Trying to unpickle estimator LogisticRegression from version 1.7.2 when using version 1.6.1. This might lead to breaking code or invalid results. Use at your own risk. For more info please refer to:
https://scikit-learn.org/stable/model_persistence.html#security-maintainability-limitations
  warnings.warn(
/Users/nimishrauniyar/Documents/IPL Prediction/.venv/lib/python3.9/site-packages/sklearn/base.py:380: InconsistentVersionWarning: Trying to unpickle estimator Pipeline from version 1.7.2 when using version 1.6.1. This might lead to breaking code or invalid results. Use at your own risk. For more info please refer to:
https://scikit-learn.org/stable/model_persistence.html#security-maintainability-limitations
  warnings.warn(
/Users/nimishrauniyar/Documents/IPL Prediction/.venv/lib/python3.9/site-packages/sklearn/base.py:380: InconsistentVersionWarning: Trying to unpickle estimator DecisionTreeClassifier from version 1.7.2 when using version 1.6.1. This might lead to breaking code or invalid results. Use at your own risk. For more info please refer to:
https://scikit-learn.org/stable/model_persistence.html#security-maintainability-limitations
  warnings.warn(
/Users/nimishrauniyar/Documents/IPL Prediction/.venv/lib/python3.9/site-packages/sklearn/base.py:380: InconsistentVersionWarning: Trying to unpickle estimator RandomForestClassifier from version 1.7.2 when using version 1.6.1. This might lead to breaking code or invalid results. Use at your own risk. For more info please refer to:
https://scikit-learn.org/stable/model_persistence.html#security-maintainability-limitations
  warnings.warn(
/Users/nimishrauniyar/Documents/IPL Prediction/.venv/lib/python3.9/site-packages/sklearn/base.py:380: InconsistentVersionWarning: Trying to unpickle estimator _SigmoidCalibration from version 1.7.2 when using version 1.6.1. This might lead to breaking code or invalid results. Use at your own risk. For more info please refer to:
https://scikit-learn.org/stable/model_persistence.html#security-maintainability-limitations
  warnings.warn(
/Users/nimishrauniyar/Documents/IPL Prediction/.venv/lib/python3.9/site-packages/sklearn/base.py:380: InconsistentVersionWarning: Trying to unpickle estimator CalibratedClassifierCV from version 1.7.2 when using version 1.6.1. This might lead to breaking code or invalid results. Use at your own risk. For more info please refer to:
https://scikit-learn.org/stable/model_persistence.html#security-maintainability-limitations
  warnings.warn(
/Users/nimishrauniyar/Documents/IPL Prediction/.venv/lib/python3.9/site-packages/sklearn/base.py:380: InconsistentVersionWarning: Trying to unpickle estimator StandardScaler from version 1.7.2 when using version 1.6.1. This might lead to breaking code or invalid results. Use at your own risk. For more info please refer to:
https://scikit-learn.org/stable/model_persistence.html#security-maintainability-limitations
  warnings.warn(
/Users/nimishrauniyar/Documents/IPL Prediction/.venv/lib/python3.9/site-packages/sklearn/base.py:380: InconsistentVersionWarning: Trying to unpickle estimator LogisticRegression from version 1.7.2 when using version 1.6.1. This might lead to breaking code or invalid results. Use at your own risk. For more info please refer to:
https://scikit-learn.org/stable/model_persistence.html#security-maintainability-limitations
  warnings.warn(
/Users/nimishrauniyar/Documents/IPL Prediction/.venv/lib/python3.9/site-packages/sklearn/base.py:380: InconsistentVersionWarning: Trying to unpickle estimator Pipeline from version 1.7.2 when using version 1.6.1. This might lead to breaking code or invalid results. Use at your own risk. For more info please refer to:
https://scikit-learn.org/stable/model_persistence.html#security-maintainability-limitations
  warnings.warn(
/Users/nimishrauniyar/Documents/IPL Prediction/.venv/lib/python3.9/site-packages/sklearn/base.py:380: InconsistentVersionWarning: Trying to unpickle estimator DecisionTreeClassifier from version 1.7.2 when using version 1.6.1. This might lead to breaking code or invalid results. Use at your own risk. For more info please refer to:
https://scikit-learn.org/stable/model_persistence.html#security-maintainability-limitations
  warnings.warn(
/Users/nimishrauniyar/Documents/IPL Prediction/.venv/lib/python3.9/site-packages/sklearn/base.py:380: InconsistentVersionWarning: Trying to unpickle estimator RandomForestClassifier from version 1.7.2 when using version 1.6.1. This might lead to breaking code or invalid results. Use at your own risk. For more info please refer to:
https://scikit-learn.org/stable/model_persistence.html#security-maintainability-limitations
  warnings.warn(
/Users/nimishrauniyar/Documents/IPL Prediction/.venv/lib/python3.9/site-packages/sklearn/base.py:380: InconsistentVersionWarning: Trying to unpickle estimator _SigmoidCalibration from version 1.7.2 when using version 1.6.1. This might lead to breaking code or invalid results. Use at your own risk. For more info please refer to:
https://scikit-learn.org/stable/model_persistence.html#security-maintainability-limitations
  warnings.warn(
/Users/nimishrauniyar/Documents/IPL Prediction/.venv/lib/python3.9/site-packages/sklearn/base.py:380: InconsistentVersionWarning: Trying to unpickle estimator CalibratedClassifierCV from version 1.7.2 when using version 1.6.1. This might lead to breaking code or invalid results. Use at your own risk. For more info please refer to:
https://scikit-learn.org/stable/model_persistence.html#security-maintainability-limitations
  warnings.warn(
INFO:     127.0.0.1:60110 - "GET /api/insights?team_a=Royal%20Challengers%20Bengaluru&team_b=Mumbai%20Indians HTTP/1.1" 200 OK
INFO:     127.0.0.1:60112 - "GET /api/h2h?team_a=Royal%20Challengers%20Bengaluru&team_b=Mumbai%20Indians HTTP/1.1" 200 OK
/Users/nimishrauniyar/Documents/IPL Prediction/.venv/lib/python3.9/site-packages/sklearn/base.py:380: InconsistentVersionWarning: Trying to unpickle estimator StandardScaler from version 1.7.2 when using version 1.6.1. This might lead to breaking code or invalid results. Use at your own risk. For more info please refer to:
https://scikit-learn.org/stable/model_persistence.html#security-maintainability-limitations
  warnings.warn(
/Users/nimishrauniyar/Documents/IPL Prediction/.venv/lib/python3.9/site-packages/sklearn/base.py:380: InconsistentVersionWarning: Trying to unpickle estimator LogisticRegression from version 1.7.2 when using version 1.6.1. This might lead to breaking code or invalid results. Use at your own risk. For more info please refer to:
https://scikit-learn.org/stable/model_persistence.html#security-maintainability-limitations
  warnings.warn(
/Users/nimishrauniyar/Documents/IPL Prediction/.venv/lib/python3.9/site-packages/sklearn/base.py:380: InconsistentVersionWarning: Trying to unpickle estimator Pipeline from version 1.7.2 when using version 1.6.1. This might lead to breaking code or invalid results. Use at your own risk. For more info please refer to:
https://scikit-learn.org/stable/model_persistence.html#security-maintainability-limitations
  warnings.warn(
/Users/nimishrauniyar/Documents/IPL Prediction/.venv/lib/python3.9/site-packages/sklearn/base.py:380: InconsistentVersionWarning: Trying to unpickle estimator DecisionTreeClassifier from version 1.7.2 when using version 1.6.1. This might lead to breaking code or invalid results. Use at your own risk. For more info please refer to:
https://scikit-learn.org/stable/model_persistence.html#security-maintainability-limitations
  warnings.warn(
/Users/nimishrauniyar/Documents/IPL Prediction/.venv/lib/python3.9/site-packages/sklearn/base.py:380: InconsistentVersionWarning: Trying to unpickle estimator RandomForestClassifier from version 1.7.2 when using version 1.6.1. This might lead to breaking code or invalid results. Use at your own risk. For more info please refer to:
https://scikit-learn.org/stable/model_persistence.html#security-maintainability-limitations
  warnings.warn(
/Users/nimishrauniyar/Documents/IPL Prediction/.venv/lib/python3.9/site-packages/sklearn/base.py:380: InconsistentVersionWarning: Trying to unpickle estimator _SigmoidCalibration from version 1.7.2 when using version 1.6.1. This might lead to breaking code or invalid results. Use at your own risk. For more info please refer to:
https://scikit-learn.org/stable/model_persistence.html#security-maintainability-limitations
  warnings.warn(
/Users/nimishrauniyar/Documents/IPL Prediction/.venv/lib/python3.9/site-packages/sklearn/base.py:380: InconsistentVersionWarning: Trying to unpickle estimator CalibratedClassifierCV from version 1.7.2 when using version 1.6.1. This might lead to breaking code or invalid results. Use at your own risk. For more info please refer to:
https://scikit-learn.org/stable/model_persistence.html#security-maintainability-limitations
  warnings.warn(
/Users/nimishrauniyar/Documents/IPL Prediction/.venv/lib/python3.9/site-packages/sklearn/base.py:380: InconsistentVersionWarning: Trying to unpickle estimator StandardScaler from version 1.7.2 when using version 1.6.1. This might lead to breaking code or invalid results. Use at your own risk. For more info please refer to:
https://scikit-learn.org/stable/model_persistence.html#security-maintainability-limitations
  warnings.warn(
/Users/nimishrauniyar/Documents/IPL Prediction/.venv/lib/python3.9/site-packages/sklearn/base.py:380: InconsistentVersionWarning: Trying to unpickle estimator LogisticRegression from version 1.7.2 when using version 1.6.1. This might lead to breaking code or invalid results. Use at your own risk. For more info please refer to:
https://scikit-learn.org/stable/model_persistence.html#security-maintainability-limitations
  warnings.warn(
/Users/nimishrauniyar/Documents/IPL Prediction/.venv/lib/python3.9/site-packages/sklearn/base.py:380: InconsistentVersionWarning: Trying to unpickle estimator Pipeline from version 1.7.2 when using version 1.6.1. This might lead to breaking code or invalid results. Use at your own risk. For more info please refer to:
https://scikit-learn.org/stable/model_persistence.html#security-maintainability-limitations
  warnings.warn(
/Users/nimishrauniyar/Documents/IPL Prediction/.venv/lib/python3.9/site-packages/sklearn/base.py:380: InconsistentVersionWarning: Trying to unpickle estimator DecisionTreeClassifier from version 1.7.2 when using version 1.6.1. This might lead to breaking code or invalid results. Use at your own risk. For more info please refer to:
https://scikit-learn.org/stable/model_persistence.html#security-maintainability-limitations
  warnings.warn(
/Users/nimishrauniyar/Documents/IPL Prediction/.venv/lib/python3.9/site-packages/sklearn/base.py:380: InconsistentVersionWarning: Trying to unpickle estimator RandomForestClassifier from version 1.7.2 when using version 1.6.1. This might lead to breaking code or invalid results. Use at your own risk. For more info please refer to:
https://scikit-learn.org/stable/model_persistence.html#security-maintainability-limitations
  warnings.warn(
/Users/nimishrauniyar/Documents/IPL Prediction/.venv/lib/python3.9/site-packages/sklearn/base.py:380: InconsistentVersionWarning: Trying to unpickle estimator _SigmoidCalibration from version 1.7.2 when using version 1.6.1. This might lead to breaking code or invalid results. Use at your own risk. For more info please refer to:
https://scikit-learn.org/stable/model_persistence.html#security-maintainability-limitations
  warnings.warn(
/Users/nimishrauniyar/Documents/IPL Prediction/.venv/lib/python3.9/site-packages/sklearn/base.py:380: InconsistentVersionWarning: Trying to unpickle estimator CalibratedClassifierCV from version 1.7.2 when using version 1.6.1. This might lead to breaking code or invalid results. Use at your own risk. For more info please refer to:
https://scikit-learn.org/stable/model_persistence.html#security-maintainability-limitations
  warnings.warn(
INFO:     127.0.0.1:60119 - "GET /api/insights?team_a=Royal%20Challengers%20Bengaluru&team_b=Mumbai%20Indians HTTP/1.1" 200 OK
INFO:     127.0.0.1:60121 - "GET /api/h2h?team_a=Royal%20Challengers%20Bengaluru&team_b=Mumbai%20Indians HTTP/1.1" 200 OK
/Users/nimishrauniyar/Documents/IPL Prediction/.venv/lib/python3.9/site-packages/sklearn/base.py:380: InconsistentVersionWarning: Trying to unpickle estimator StandardScaler from version 1.7.2 when using version 1.6.1. This might lead to breaking code or invalid results. Use at your own risk. For more info please refer to:
https://scikit-learn.org/stable/model_persistence.html#security-maintainability-limitations
  warnings.warn(
/Users/nimishrauniyar/Documents/IPL Prediction/.venv/lib/python3.9/site-packages/sklearn/base.py:380: InconsistentVersionWarning: Trying to unpickle estimator LogisticRegression from version 1.7.2 when using version 1.6.1. This might lead to breaking code or invalid results. Use at your own risk. For more info please refer to:
https://scikit-learn.org/stable/model_persistence.html#security-maintainability-limitations
  warnings.warn(
/Users/nimishrauniyar/Documents/IPL Prediction/.venv/lib/python3.9/site-packages/sklearn/base.py:380: InconsistentVersionWarning: Trying to unpickle estimator Pipeline from version 1.7.2 when using version 1.6.1. This might lead to breaking code or invalid results. Use at your own risk. For more info please refer to:
https://scikit-learn.org/stable/model_persistence.html#security-maintainability-limitations
  warnings.warn(
/Users/nimishrauniyar/Documents/IPL Prediction/.venv/lib/python3.9/site-packages/sklearn/base.py:380: InconsistentVersionWarning: Trying to unpickle estimator DecisionTreeClassifier from version 1.7.2 when using version 1.6.1. This might lead to breaking code or invalid results. Use at your own risk. For more info please refer to:
https://scikit-learn.org/stable/model_persistence.html#security-maintainability-limitations
  warnings.warn(
/Users/nimishrauniyar/Documents/IPL Prediction/.venv/lib/python3.9/site-packages/sklearn/base.py:380: InconsistentVersionWarning: Trying to unpickle estimator RandomForestClassifier from version 1.7.2 when using version 1.6.1. This might lead to breaking code or invalid results. Use at your own risk. For more info please refer to:
https://scikit-learn.org/stable/model_persistence.html#security-maintainability-limitations
  warnings.warn(
/Users/nimishrauniyar/Documents/IPL Prediction/.venv/lib/python3.9/site-packages/sklearn/base.py:380: InconsistentVersionWarning: Trying to unpickle estimator _SigmoidCalibration from version 1.7.2 when using version 1.6.1. This might lead to breaking code or invalid results. Use at your own risk. For more info please refer to:
https://scikit-learn.org/stable/model_persistence.html#security-maintainability-limitations
  warnings.warn(
/Users/nimishrauniyar/Documents/IPL Prediction/.venv/lib/python3.9/site-packages/sklearn/base.py:380: InconsistentVersionWarning: Trying to unpickle estimator CalibratedClassifierCV from version 1.7.2 when using version 1.6.1. This might lead to breaking code or invalid results. Use at your own risk. For more info please refer to:
https://scikit-learn.org/stable/model_persistence.html#security-maintainability-limitations
  warnings.warn(
/Users/nimishrauniyar/Documents/IPL Prediction/.venv/lib/python3.9/site-packages/sklearn/base.py:380: InconsistentVersionWarning: Trying to unpickle estimator StandardScaler from version 1.7.2 when using version 1.6.1. This might lead to breaking code or invalid results. Use at your own risk. For more info please refer to:
https://scikit-learn.org/stable/model_persistence.html#security-maintainability-limitations
  warnings.warn(
/Users/nimishrauniyar/Documents/IPL Prediction/.venv/lib/python3.9/site-packages/sklearn/base.py:380: InconsistentVersionWarning: Trying to unpickle estimator LogisticRegression from version 1.7.2 when using version 1.6.1. This might lead to breaking code or invalid results. Use at your own risk. For more info please refer to:
https://scikit-learn.org/stable/model_persistence.html#security-maintainability-limitations
  warnings.warn(
/Users/nimishrauniyar/Documents/IPL Prediction/.venv/lib/python3.9/site-packages/sklearn/base.py:380: InconsistentVersionWarning: Trying to unpickle estimator Pipeline from version 1.7.2 when using version 1.6.1. This might lead to breaking code or invalid results. Use at your own risk. For more info please refer to:
https://scikit-learn.org/stable/model_persistence.html#security-maintainability-limitations
  warnings.warn(
/Users/nimishrauniyar/Documents/IPL Prediction/.venv/lib/python3.9/site-packages/sklearn/base.py:380: InconsistentVersionWarning: Trying to unpickle estimator DecisionTreeClassifier from version 1.7.2 when using version 1.6.1. This might lead to breaking code or invalid results. Use at your own risk. For more info please refer to:
https://scikit-learn.org/stable/model_persistence.html#security-maintainability-limitations
  warnings.warn(
/Users/nimishrauniyar/Documents/IPL Prediction/.venv/lib/python3.9/site-packages/sklearn/base.py:380: InconsistentVersionWarning: Trying to unpickle estimator RandomForestClassifier from version 1.7.2 when using version 1.6.1. This might lead to breaking code or invalid results. Use at your own risk. For more info please refer to:
https://scikit-learn.org/stable/model_persistence.html#security-maintainability-limitations
  warnings.warn(
/Users/nimishrauniyar/Documents/IPL Prediction/.venv/lib/python3.9/site-packages/sklearn/base.py:380: InconsistentVersionWarning: Trying to unpickle estimator _SigmoidCalibration from version 1.7.2 when using version 1.6.1. This might lead to breaking code or invalid results. Use at your own risk. For more info please refer to:
https://scikit-learn.org/stable/model_persistence.html#security-maintainability-limitations
  warnings.warn(
/Users/nimishrauniyar/Documents/IPL Prediction/.venv/lib/python3.9/site-packages/sklearn/base.py:380: InconsistentVersionWarning: Trying to unpickle estimator CalibratedClassifierCV from version 1.7.2 when using version 1.6.1. This might lead to breaking code or invalid results. Use at your own risk. For more info please refer to:
https://scikit-learn.org/stable/model_persistence.html#security-maintainability-limitations
  warnings.warn(
INFO:     127.0.0.1:60156 - "GET /api/insights?team_a=Royal%20Challengers%20Bengaluru&team_b=Punjab%20Kings HTTP/1.1" 200 OK
INFO:     127.0.0.1:60158 - "GET /api/h2h?team_a=Royal%20Challengers%20Bengaluru&team_b=Punjab%20Kings HTTP/1.1" 200 OK
INFO:     127.0.0.1:60231 - "GET /api/teams HTTP/1.1" 200 OK
INFO:     127.0.0.1:60232 - "GET /api/seasons HTTP/1.1" 200 OK
INFO:     127.0.0.1:60233 - "GET /api/teams HTTP/1.1" 200 OK
INFO:     127.0.0.1:60234 - "GET /api/seasons HTTP/1.1" 200 OK
/Users/nimishrauniyar/Documents/IPL Prediction/.venv/lib/python3.9/site-packages/sklearn/base.py:380: InconsistentVersionWarning: Trying to unpickle estimator StandardScaler from version 1.7.2 when using version 1.6.1. This might lead to breaking code or invalid results. Use at your own risk. For more info please refer to:
https://scikit-learn.org/stable/model_persistence.html#security-maintainability-limitations
  warnings.warn(
/Users/nimishrauniyar/Documents/IPL Prediction/.venv/lib/python3.9/site-packages/sklearn/base.py:380: InconsistentVersionWarning: Trying to unpickle estimator LogisticRegression from version 1.7.2 when using version 1.6.1. This might lead to breaking code or invalid results. Use at your own risk. For more info please refer to:
https://scikit-learn.org/stable/model_persistence.html#security-maintainability-limitations
  warnings.warn(
/Users/nimishrauniyar/Documents/IPL Prediction/.venv/lib/python3.9/site-packages/sklearn/base.py:380: InconsistentVersionWarning: Trying to unpickle estimator Pipeline from version 1.7.2 when using version 1.6.1. This might lead to breaking code or invalid results. Use at your own risk. For more info please refer to:
https://scikit-learn.org/stable/model_persistence.html#security-maintainability-limitations
  warnings.warn(
/Users/nimishrauniyar/Documents/IPL Prediction/.venv/lib/python3.9/site-packages/sklearn/base.py:380: InconsistentVersionWarning: Trying to unpickle estimator DecisionTreeClassifier from version 1.7.2 when using version 1.6.1. This might lead to breaking code or invalid results. Use at your own risk. For more info please refer to:
https://scikit-learn.org/stable/model_persistence.html#security-maintainability-limitations
  warnings.warn(
/Users/nimishrauniyar/Documents/IPL Prediction/.venv/lib/python3.9/site-packages/sklearn/base.py:380: InconsistentVersionWarning: Trying to unpickle estimator RandomForestClassifier from version 1.7.2 when using version 1.6.1. This might lead to breaking code or invalid results. Use at your own risk. For more info please refer to:
https://scikit-learn.org/stable/model_persistence.html#security-maintainability-limitations
  warnings.warn(
[21:57:55] WARNING: /Users/runner/work/xgboost/xgboost/src/gbm/../common/error_msg.h:80: If you are loading a serialized model (like pickle in Python, RDS in R) or
configuration generated by an older version of XGBoost, please export the model by calling
`Booster.save_model` from that version first, then load it back in current version. See:

    https://xgboost.readthedocs.io/en/stable/tutorials/saving_model.html

for more details about differences between saving model and serializing.

/Users/nimishrauniyar/Documents/IPL Prediction/.venv/lib/python3.9/site-packages/sklearn/base.py:380: InconsistentVersionWarning: Trying to unpickle estimator _SigmoidCalibration from version 1.7.2 when using version 1.6.1. This might lead to breaking code or invalid results. Use at your own risk. For more info please refer to:
https://scikit-learn.org/stable/model_persistence.html#security-maintainability-limitations
  warnings.warn(
/Users/nimishrauniyar/Documents/IPL Prediction/.venv/lib/python3.9/site-packages/sklearn/base.py:380: InconsistentVersionWarning: Trying to unpickle estimator CalibratedClassifierCV from version 1.7.2 when using version 1.6.1. This might lead to breaking code or invalid results. Use at your own risk. For more info please refer to:
https://scikit-learn.org/stable/model_persistence.html#security-maintainability-limitations
  warnings.warn(
INFO:     127.0.0.1:60236 - "GET /api/fixtures?season=2026 HTTP/1.1" 200 OK
/Users/nimishrauniyar/Documents/IPL Prediction/.venv/lib/python3.9/site-packages/sklearn/base.py:380: InconsistentVersionWarning: Trying to unpickle estimator StandardScaler from version 1.7.2 when using version 1.6.1. This might lead to breaking code or invalid results. Use at your own risk. For more info please refer to:
https://scikit-learn.org/stable/model_persistence.html#security-maintainability-limitations
  warnings.warn(
/Users/nimishrauniyar/Documents/IPL Prediction/.venv/lib/python3.9/site-packages/sklearn/base.py:380: InconsistentVersionWarning: Trying to unpickle estimator LogisticRegression from version 1.7.2 when using version 1.6.1. This might lead to breaking code or invalid results. Use at your own risk. For more info please refer to:
https://scikit-learn.org/stable/model_persistence.html#security-maintainability-limitations
  warnings.warn(
/Users/nimishrauniyar/Documents/IPL Prediction/.venv/lib/python3.9/site-packages/sklearn/base.py:380: InconsistentVersionWarning: Trying to unpickle estimator Pipeline from version 1.7.2 when using version 1.6.1. This might lead to breaking code or invalid results. Use at your own risk. For more info please refer to:
https://scikit-learn.org/stable/model_persistence.html#security-maintainability-limitations
  warnings.warn(
/Users/nimishrauniyar/Documents/IPL Prediction/.venv/lib/python3.9/site-packages/sklearn/base.py:380: InconsistentVersionWarning: Trying to unpickle estimator DecisionTreeClassifier from version 1.7.2 when using version 1.6.1. This might lead to breaking code or invalid results. Use at your own risk. For more info please refer to:
https://scikit-learn.org/stable/model_persistence.html#security-maintainability-limitations
  warnings.warn(
/Users/nimishrauniyar/Documents/IPL Prediction/.venv/lib/python3.9/site-packages/sklearn/base.py:380: InconsistentVersionWarning: Trying to unpickle estimator RandomForestClassifier from version 1.7.2 when using version 1.6.1. This might lead to breaking code or invalid results. Use at your own risk. For more info please refer to:
https://scikit-learn.org/stable/model_persistence.html#security-maintainability-limitations
  warnings.warn(
/Users/nimishrauniyar/Documents/IPL Prediction/.venv/lib/python3.9/site-packages/sklearn/base.py:380: InconsistentVersionWarning: Trying to unpickle estimator _SigmoidCalibration from version 1.7.2 when using version 1.6.1. This might lead to breaking code or invalid results. Use at your own risk. For more info please refer to:
https://scikit-learn.org/stable/model_persistence.html#security-maintainability-limitations
  warnings.warn(
/Users/nimishrauniyar/Documents/IPL Prediction/.venv/lib/python3.9/site-packages/sklearn/base.py:380: InconsistentVersionWarning: Trying to unpickle estimator CalibratedClassifierCV from version 1.7.2 when using version 1.6.1. This might lead to breaking code or invalid results. Use at your own risk. For more info please refer to:
https://scikit-learn.org/stable/model_persistence.html#security-maintainability-limitations
  warnings.warn(
/Users/nimishrauniyar/Documents/IPL Prediction/.venv/lib/python3.9/site-packages/sklearn/base.py:380: InconsistentVersionWarning: Trying to unpickle estimator StandardScaler from version 1.7.2 when using version 1.6.1. This might lead to breaking code or invalid results. Use at your own risk. For more info please refer to:
https://scikit-learn.org/stable/model_persistence.html#security-maintainability-limitations
  warnings.warn(
/Users/nimishrauniyar/Documents/IPL Prediction/.venv/lib/python3.9/site-packages/sklearn/base.py:380: InconsistentVersionWarning: Trying to unpickle estimator LogisticRegression from version 1.7.2 when using version 1.6.1. This might lead to breaking code or invalid results. Use at your own risk. For more info please refer to:
https://scikit-learn.org/stable/model_persistence.html#security-maintainability-limitations
  warnings.warn(
/Users/nimishrauniyar/Documents/IPL Prediction/.venv/lib/python3.9/site-packages/sklearn/base.py:380: InconsistentVersionWarning: Trying to unpickle estimator Pipeline from version 1.7.2 when using version 1.6.1. This might lead to breaking code or invalid results. Use at your own risk. For more info please refer to:
https://scikit-learn.org/stable/model_persistence.html#security-maintainability-limitations
  warnings.warn(
/Users/nimishrauniyar/Documents/IPL Prediction/.venv/lib/python3.9/site-packages/sklearn/base.py:380: InconsistentVersionWarning: Trying to unpickle estimator DecisionTreeClassifier from version 1.7.2 when using version 1.6.1. This might lead to breaking code or invalid results. Use at your own risk. For more info please refer to:
https://scikit-learn.org/stable/model_persistence.html#security-maintainability-limitations
  warnings.warn(
/Users/nimishrauniyar/Documents/IPL Prediction/.venv/lib/python3.9/site-packages/sklearn/base.py:380: InconsistentVersionWarning: Trying to unpickle estimator RandomForestClassifier from version 1.7.2 when using version 1.6.1. This might lead to breaking code or invalid results. Use at your own risk. For more info please refer to:
https://scikit-learn.org/stable/model_persistence.html#security-maintainability-limitations
  warnings.warn(
/Users/nimishrauniyar/Documents/IPL Prediction/.venv/lib/python3.9/site-packages/sklearn/base.py:380: InconsistentVersionWarning: Trying to unpickle estimator _SigmoidCalibration from version 1.7.2 when using version 1.6.1. This might lead to breaking code or invalid results. Use at your own risk. For more info please refer to:
https://scikit-learn.org/stable/model_persistence.html#security-maintainability-limitations
  warnings.warn(
/Users/nimishrauniyar/Documents/IPL Prediction/.venv/lib/python3.9/site-packages/sklearn/base.py:380: InconsistentVersionWarning: Trying to unpickle estimator CalibratedClassifierCV from version 1.7.2 when using version 1.6.1. This might lead to breaking code or invalid results. Use at your own risk. For more info please refer to:
https://scikit-learn.org/stable/model_persistence.html#security-maintainability-limitations
  warnings.warn(
INFO:     127.0.0.1:60245 - "GET /api/insights?team_a=Lucknow%20Super%20Giants&team_b=Mumbai%20Indians HTTP/1.1" 200 OK
INFO:     127.0.0.1:60247 - "GET /api/h2h?team_a=Lucknow%20Super%20Giants&team_b=Mumbai%20Indians HTTP/1.1" 200 OK
/Users/nimishrauniyar/Documents/IPL Prediction/.venv/lib/python3.9/site-packages/sklearn/base.py:380: InconsistentVersionWarning: Trying to unpickle estimator StandardScaler from version 1.7.2 when using version 1.6.1. This might lead to breaking code or invalid results. Use at your own risk. For more info please refer to:
https://scikit-learn.org/stable/model_persistence.html#security-maintainability-limitations
  warnings.warn(
/Users/nimishrauniyar/Documents/IPL Prediction/.venv/lib/python3.9/site-packages/sklearn/base.py:380: InconsistentVersionWarning: Trying to unpickle estimator LogisticRegression from version 1.7.2 when using version 1.6.1. This might lead to breaking code or invalid results. Use at your own risk. For more info please refer to:
https://scikit-learn.org/stable/model_persistence.html#security-maintainability-limitations
  warnings.warn(
/Users/nimishrauniyar/Documents/IPL Prediction/.venv/lib/python3.9/site-packages/sklearn/base.py:380: InconsistentVersionWarning: Trying to unpickle estimator Pipeline from version 1.7.2 when using version 1.6.1. This might lead to breaking code or invalid results. Use at your own risk. For more info please refer to:
https://scikit-learn.org/stable/model_persistence.html#security-maintainability-limitations
  warnings.warn(
/Users/nimishrauniyar/Documents/IPL Prediction/.venv/lib/python3.9/site-packages/sklearn/base.py:380: InconsistentVersionWarning: Trying to unpickle estimator DecisionTreeClassifier from version 1.7.2 when using version 1.6.1. This might lead to breaking code or invalid results. Use at your own risk. For more info please refer to:
https://scikit-learn.org/stable/model_persistence.html#security-maintainability-limitations
  warnings.warn(
/Users/nimishrauniyar/Documents/IPL Prediction/.venv/lib/python3.9/site-packages/sklearn/base.py:380: InconsistentVersionWarning: Trying to unpickle estimator RandomForestClassifier from version 1.7.2 when using version 1.6.1. This might lead to breaking code or invalid results. Use at your own risk. For more info please refer to:
https://scikit-learn.org/stable/model_persistence.html#security-maintainability-limitations
  warnings.warn(
/Users/nimishrauniyar/Documents/IPL Prediction/.venv/lib/python3.9/site-packages/sklearn/base.py:380: InconsistentVersionWarning: Trying to unpickle estimator _SigmoidCalibration from version 1.7.2 when using version 1.6.1. This might lead to breaking code or invalid results. Use at your own risk. For more info please refer to:
https://scikit-learn.org/stable/model_persistence.html#security-maintainability-limitations
  warnings.warn(
/Users/nimishrauniyar/Documents/IPL Prediction/.venv/lib/python3.9/site-packages/sklearn/base.py:380: InconsistentVersionWarning: Trying to unpickle estimator CalibratedClassifierCV from version 1.7.2 when using version 1.6.1. This might lead to breaking code or invalid results. Use at your own risk. For more info please refer to:
https://scikit-learn.org/stable/model_persistence.html#security-maintainability-limitations
  warnings.warn(
/Users/nimishrauniyar/Documents/IPL Prediction/.venv/lib/python3.9/site-packages/sklearn/base.py:380: InconsistentVersionWarning: Trying to unpickle estimator StandardScaler from version 1.7.2 when using version 1.6.1. This might lead to breaking code or invalid results. Use at your own risk. For more info please refer to:
https://scikit-learn.org/stable/model_persistence.html#security-maintainability-limitations
  warnings.warn(
/Users/nimishrauniyar/Documents/IPL Prediction/.venv/lib/python3.9/site-packages/sklearn/base.py:380: InconsistentVersionWarning: Trying to unpickle estimator LogisticRegression from version 1.7.2 when using version 1.6.1. This might lead to breaking code or invalid results. Use at your own risk. For more info please refer to:
https://scikit-learn.org/stable/model_persistence.html#security-maintainability-limitations
  warnings.warn(
/Users/nimishrauniyar/Documents/IPL Prediction/.venv/lib/python3.9/site-packages/sklearn/base.py:380: InconsistentVersionWarning: Trying to unpickle estimator Pipeline from version 1.7.2 when using version 1.6.1. This might lead to breaking code or invalid results. Use at your own risk. For more info please refer to:
https://scikit-learn.org/stable/model_persistence.html#security-maintainability-limitations
  warnings.warn(
/Users/nimishrauniyar/Documents/IPL Prediction/.venv/lib/python3.9/site-packages/sklearn/base.py:380: InconsistentVersionWarning: Trying to unpickle estimator DecisionTreeClassifier from version 1.7.2 when using version 1.6.1. This might lead to breaking code or invalid results. Use at your own risk. For more info please refer to:
https://scikit-learn.org/stable/model_persistence.html#security-maintainability-limitations
  warnings.warn(
/Users/nimishrauniyar/Documents/IPL Prediction/.venv/lib/python3.9/site-packages/sklearn/base.py:380: InconsistentVersionWarning: Trying to unpickle estimator RandomForestClassifier from version 1.7.2 when using version 1.6.1. This might lead to breaking code or invalid results. Use at your own risk. For more info please refer to:
https://scikit-learn.org/stable/model_persistence.html#security-maintainability-limitations
  warnings.warn(
/Users/nimishrauniyar/Documents/IPL Prediction/.venv/lib/python3.9/site-packages/sklearn/base.py:380: InconsistentVersionWarning: Trying to unpickle estimator _SigmoidCalibration from version 1.7.2 when using version 1.6.1. This might lead to breaking code or invalid results. Use at your own risk. For more info please refer to:
https://scikit-learn.org/stable/model_persistence.html#security-maintainability-limitations
  warnings.warn(
/Users/nimishrauniyar/Documents/IPL Prediction/.venv/lib/python3.9/site-packages/sklearn/base.py:380: InconsistentVersionWarning: Trying to unpickle estimator CalibratedClassifierCV from version 1.7.2 when using version 1.6.1. This might lead to breaking code or invalid results. Use at your own risk. For more info please refer to:
https://scikit-learn.org/stable/model_persistence.html#security-maintainability-limitations
  warnings.warn(
INFO:     127.0.0.1:60252 - "GET /api/insights?team_a=Royal%20Challengers%20Bengaluru&team_b=Kolkata%20Knight%20Riders HTTP/1.1" 200 OK
INFO:     127.0.0.1:60254 - "GET /api/h2h?team_a=Royal%20Challengers%20Bengaluru&team_b=Kolkata%20Knight%20Riders HTTP/1.1" 200 OK
/Users/nimishrauniyar/Documents/IPL Prediction/.venv/lib/python3.9/site-packages/sklearn/base.py:380: InconsistentVersionWarning: Trying to unpickle estimator StandardScaler from version 1.7.2 when using version 1.6.1. This might lead to breaking code or invalid results. Use at your own risk. For more info please refer to:
https://scikit-learn.org/stable/model_persistence.html#security-maintainability-limitations
  warnings.warn(
/Users/nimishrauniyar/Documents/IPL Prediction/.venv/lib/python3.9/site-packages/sklearn/base.py:380: InconsistentVersionWarning: Trying to unpickle estimator LogisticRegression from version 1.7.2 when using version 1.6.1. This might lead to breaking code or invalid results. Use at your own risk. For more info please refer to:
https://scikit-learn.org/stable/model_persistence.html#security-maintainability-limitations
  warnings.warn(
/Users/nimishrauniyar/Documents/IPL Prediction/.venv/lib/python3.9/site-packages/sklearn/base.py:380: InconsistentVersionWarning: Trying to unpickle estimator Pipeline from version 1.7.2 when using version 1.6.1. This might lead to breaking code or invalid results. Use at your own risk. For more info please refer to:
https://scikit-learn.org/stable/model_persistence.html#security-maintainability-limitations
  warnings.warn(
/Users/nimishrauniyar/Documents/IPL Prediction/.venv/lib/python3.9/site-packages/sklearn/base.py:380: InconsistentVersionWarning: Trying to unpickle estimator DecisionTreeClassifier from version 1.7.2 when using version 1.6.1. This might lead to breaking code or invalid results. Use at your own risk. For more info please refer to:
https://scikit-learn.org/stable/model_persistence.html#security-maintainability-limitations
  warnings.warn(
/Users/nimishrauniyar/Documents/IPL Prediction/.venv/lib/python3.9/site-packages/sklearn/base.py:380: InconsistentVersionWarning: Trying to unpickle estimator RandomForestClassifier from version 1.7.2 when using version 1.6.1. This might lead to breaking code or invalid results. Use at your own risk. For more info please refer to:
https://scikit-learn.org/stable/model_persistence.html#security-maintainability-limitations
  warnings.warn(
/Users/nimishrauniyar/Documents/IPL Prediction/.venv/lib/python3.9/site-packages/sklearn/base.py:380: InconsistentVersionWarning: Trying to unpickle estimator _SigmoidCalibration from version 1.7.2 when using version 1.6.1. This might lead to breaking code or invalid results. Use at your own risk. For more info please refer to:
https://scikit-learn.org/stable/model_persistence.html#security-maintainability-limitations
  warnings.warn(
/Users/nimishrauniyar/Documents/IPL Prediction/.venv/lib/python3.9/site-packages/sklearn/base.py:380: InconsistentVersionWarning: Trying to unpickle estimator CalibratedClassifierCV from version 1.7.2 when using version 1.6.1. This might lead to breaking code or invalid results. Use at your own risk. For more info please refer to:
https://scikit-learn.org/stable/model_persistence.html#security-maintainability-limitations
  warnings.warn(
/Users/nimishrauniyar/Documents/IPL Prediction/.venv/lib/python3.9/site-packages/sklearn/base.py:380: InconsistentVersionWarning: Trying to unpickle estimator StandardScaler from version 1.7.2 when using version 1.6.1. This might lead to breaking code or invalid results. Use at your own risk. For more info please refer to:
https://scikit-learn.org/stable/model_persistence.html#security-maintainability-limitations
  warnings.warn(
/Users/nimishrauniyar/Documents/IPL Prediction/.venv/lib/python3.9/site-packages/sklearn/base.py:380: InconsistentVersionWarning: Trying to unpickle estimator LogisticRegression from version 1.7.2 when using version 1.6.1. This might lead to breaking code or invalid results. Use at your own risk. For more info please refer to:
https://scikit-learn.org/stable/model_persistence.html#security-maintainability-limitations
  warnings.warn(
/Users/nimishrauniyar/Documents/IPL Prediction/.venv/lib/python3.9/site-packages/sklearn/base.py:380: InconsistentVersionWarning: Trying to unpickle estimator Pipeline from version 1.7.2 when using version 1.6.1. This might lead to breaking code or invalid results. Use at your own risk. For more info please refer to:
https://scikit-learn.org/stable/model_persistence.html#security-maintainability-limitations
  warnings.warn(
/Users/nimishrauniyar/Documents/IPL Prediction/.venv/lib/python3.9/site-packages/sklearn/base.py:380: InconsistentVersionWarning: Trying to unpickle estimator DecisionTreeClassifier from version 1.7.2 when using version 1.6.1. This might lead to breaking code or invalid results. Use at your own risk. For more info please refer to:
https://scikit-learn.org/stable/model_persistence.html#security-maintainability-limitations
  warnings.warn(
/Users/nimishrauniyar/Documents/IPL Prediction/.venv/lib/python3.9/site-packages/sklearn/base.py:380: InconsistentVersionWarning: Trying to unpickle estimator RandomForestClassifier from version 1.7.2 when using version 1.6.1. This might lead to breaking code or invalid results. Use at your own risk. For more info please refer to:
https://scikit-learn.org/stable/model_persistence.html#security-maintainability-limitations
  warnings.warn(
/Users/nimishrauniyar/Documents/IPL Prediction/.venv/lib/python3.9/site-packages/sklearn/base.py:380: InconsistentVersionWarning: Trying to unpickle estimator _SigmoidCalibration from version 1.7.2 when using version 1.6.1. This might lead to breaking code or invalid results. Use at your own risk. For more info please refer to:
https://scikit-learn.org/stable/model_persistence.html#security-maintainability-limitations
  warnings.warn(
/Users/nimishrauniyar/Documents/IPL Prediction/.venv/lib/python3.9/site-packages/sklearn/base.py:380: InconsistentVersionWarning: Trying to unpickle estimator CalibratedClassifierCV from version 1.7.2 when using version 1.6.1. This might lead to breaking code or invalid results. Use at your own risk. For more info please refer to:
https://scikit-learn.org/stable/model_persistence.html#security-maintainability-limitations
  warnings.warn(
INFO:     127.0.0.1:60256 - "GET /api/insights?team_a=Punjab%20Kings&team_b=Kolkata%20Knight%20Riders HTTP/1.1" 200 OK
INFO:     127.0.0.1:60258 - "GET /api/h2h?team_a=Punjab%20Kings&team_b=Kolkata%20Knight%20Riders HTTP/1.1" 200 OK
/Users/nimishrauniyar/Documents/IPL Prediction/.venv/lib/python3.9/site-packages/sklearn/base.py:380: InconsistentVersionWarning: Trying to unpickle estimator StandardScaler from version 1.7.2 when using version 1.6.1. This might lead to breaking code or invalid results. Use at your own risk. For more info please refer to:
https://scikit-learn.org/stable/model_persistence.html#security-maintainability-limitations
  warnings.warn(
/Users/nimishrauniyar/Documents/IPL Prediction/.venv/lib/python3.9/site-packages/sklearn/base.py:380: InconsistentVersionWarning: Trying to unpickle estimator LogisticRegression from version 1.7.2 when using version 1.6.1. This might lead to breaking code or invalid results. Use at your own risk. For more info please refer to:
https://scikit-learn.org/stable/model_persistence.html#security-maintainability-limitations
  warnings.warn(
/Users/nimishrauniyar/Documents/IPL Prediction/.venv/lib/python3.9/site-packages/sklearn/base.py:380: InconsistentVersionWarning: Trying to unpickle estimator Pipeline from version 1.7.2 when using version 1.6.1. This might lead to breaking code or invalid results. Use at your own risk. For more info please refer to:
https://scikit-learn.org/stable/model_persistence.html#security-maintainability-limitations
  warnings.warn(
/Users/nimishrauniyar/Documents/IPL Prediction/.venv/lib/python3.9/site-packages/sklearn/base.py:380: InconsistentVersionWarning: Trying to unpickle estimator DecisionTreeClassifier from version 1.7.2 when using version 1.6.1. This might lead to breaking code or invalid results. Use at your own risk. For more info please refer to:
https://scikit-learn.org/stable/model_persistence.html#security-maintainability-limitations
  warnings.warn(
/Users/nimishrauniyar/Documents/IPL Prediction/.venv/lib/python3.9/site-packages/sklearn/base.py:380: InconsistentVersionWarning: Trying to unpickle estimator RandomForestClassifier from version 1.7.2 when using version 1.6.1. This might lead to breaking code or invalid results. Use at your own risk. For more info please refer to:
https://scikit-learn.org/stable/model_persistence.html#security-maintainability-limitations
  warnings.warn(
/Users/nimishrauniyar/Documents/IPL Prediction/.venv/lib/python3.9/site-packages/sklearn/base.py:380: InconsistentVersionWarning: Trying to unpickle estimator _SigmoidCalibration from version 1.7.2 when using version 1.6.1. This might lead to breaking code or invalid results. Use at your own risk. For more info please refer to:
https://scikit-learn.org/stable/model_persistence.html#security-maintainability-limitations
  warnings.warn(
/Users/nimishrauniyar/Documents/IPL Prediction/.venv/lib/python3.9/site-packages/sklearn/base.py:380: InconsistentVersionWarning: Trying to unpickle estimator CalibratedClassifierCV from version 1.7.2 when using version 1.6.1. This might lead to breaking code or invalid results. Use at your own risk. For more info please refer to:
https://scikit-learn.org/stable/model_persistence.html#security-maintainability-limitations
  warnings.warn(
/Users/nimishrauniyar/Documents/IPL Prediction/.venv/lib/python3.9/site-packages/sklearn/base.py:380: InconsistentVersionWarning: Trying to unpickle estimator StandardScaler from version 1.7.2 when using version 1.6.1. This might lead to breaking code or invalid results. Use at your own risk. For more info please refer to:
https://scikit-learn.org/stable/model_persistence.html#security-maintainability-limitations
  warnings.warn(
/Users/nimishrauniyar/Documents/IPL Prediction/.venv/lib/python3.9/site-packages/sklearn/base.py:380: InconsistentVersionWarning: Trying to unpickle estimator LogisticRegression from version 1.7.2 when using version 1.6.1. This might lead to breaking code or invalid results. Use at your own risk. For more info please refer to:
https://scikit-learn.org/stable/model_persistence.html#security-maintainability-limitations
  warnings.warn(
/Users/nimishrauniyar/Documents/IPL Prediction/.venv/lib/python3.9/site-packages/sklearn/base.py:380: InconsistentVersionWarning: Trying to unpickle estimator Pipeline from version 1.7.2 when using version 1.6.1. This might lead to breaking code or invalid results. Use at your own risk. For more info please refer to:
https://scikit-learn.org/stable/model_persistence.html#security-maintainability-limitations
  warnings.warn(
/Users/nimishrauniyar/Documents/IPL Prediction/.venv/lib/python3.9/site-packages/sklearn/base.py:380: InconsistentVersionWarning: Trying to unpickle estimator DecisionTreeClassifier from version 1.7.2 when using version 1.6.1. This might lead to breaking code or invalid results. Use at your own risk. For more info please refer to:
https://scikit-learn.org/stable/model_persistence.html#security-maintainability-limitations
  warnings.warn(
/Users/nimishrauniyar/Documents/IPL Prediction/.venv/lib/python3.9/site-packages/sklearn/base.py:380: InconsistentVersionWarning: Trying to unpickle estimator RandomForestClassifier from version 1.7.2 when using version 1.6.1. This might lead to breaking code or invalid results. Use at your own risk. For more info please refer to:
https://scikit-learn.org/stable/model_persistence.html#security-maintainability-limitations
  warnings.warn(
/Users/nimishrauniyar/Documents/IPL Prediction/.venv/lib/python3.9/site-packages/sklearn/base.py:380: InconsistentVersionWarning: Trying to unpickle estimator _SigmoidCalibration from version 1.7.2 when using version 1.6.1. This might lead to breaking code or invalid results. Use at your own risk. For more info please refer to:
https://scikit-learn.org/stable/model_persistence.html#security-maintainability-limitations
  warnings.warn(
/Users/nimishrauniyar/Documents/IPL Prediction/.venv/lib/python3.9/site-packages/sklearn/base.py:380: InconsistentVersionWarning: Trying to unpickle estimator CalibratedClassifierCV from version 1.7.2 when using version 1.6.1. This might lead to breaking code or invalid results. Use at your own risk. For more info please refer to:
https://scikit-learn.org/stable/model_persistence.html#security-maintainability-limitations
  warnings.warn(
INFO:     127.0.0.1:60265 - "GET /api/insights?team_a=Punjab%20Kings&team_b=Royal%20Challengers%20Bengaluru HTTP/1.1" 200 OK
INFO:     127.0.0.1:60267 - "GET /api/h2h?team_a=Punjab%20Kings&team_b=Royal%20Challengers%20Bengaluru HTTP/1.1" 200 OK
INFO:     127.0.0.1:60476 - "GET /api/teams HTTP/1.1" 200 OK
INFO:     127.0.0.1:60477 - "GET /api/seasons HTTP/1.1" 200 OK
INFO:     127.0.0.1:60480 - "GET /api/teams HTTP/1.1" 200 OK
INFO:     127.0.0.1:60481 - "GET /api/seasons HTTP/1.1" 200 OK
/Users/nimishrauniyar/Documents/IPL Prediction/.venv/lib/python3.9/site-packages/sklearn/base.py:380: InconsistentVersionWarning: Trying to unpickle estimator StandardScaler from version 1.7.2 when using version 1.6.1. This might lead to breaking code or invalid results. Use at your own risk. For more info please refer to:
https://scikit-learn.org/stable/model_persistence.html#security-maintainability-limitations
  warnings.warn(
/Users/nimishrauniyar/Documents/IPL Prediction/.venv/lib/python3.9/site-packages/sklearn/base.py:380: InconsistentVersionWarning: Trying to unpickle estimator LogisticRegression from version 1.7.2 when using version 1.6.1. This might lead to breaking code or invalid results. Use at your own risk. For more info please refer to:
https://scikit-learn.org/stable/model_persistence.html#security-maintainability-limitations
  warnings.warn(
/Users/nimishrauniyar/Documents/IPL Prediction/.venv/lib/python3.9/site-packages/sklearn/base.py:380: InconsistentVersionWarning: Trying to unpickle estimator Pipeline from version 1.7.2 when using version 1.6.1. This might lead to breaking code or invalid results. Use at your own risk. For more info please refer to:
https://scikit-learn.org/stable/model_persistence.html#security-maintainability-limitations
  warnings.warn(
/Users/nimishrauniyar/Documents/IPL Prediction/.venv/lib/python3.9/site-packages/sklearn/base.py:380: InconsistentVersionWarning: Trying to unpickle estimator DecisionTreeClassifier from version 1.7.2 when using version 1.6.1. This might lead to breaking code or invalid results. Use at your own risk. For more info please refer to:
https://scikit-learn.org/stable/model_persistence.html#security-maintainability-limitations
  warnings.warn(
/Users/nimishrauniyar/Documents/IPL Prediction/.venv/lib/python3.9/site-packages/sklearn/base.py:380: InconsistentVersionWarning: Trying to unpickle estimator RandomForestClassifier from version 1.7.2 when using version 1.6.1. This might lead to breaking code or invalid results. Use at your own risk. For more info please refer to:
https://scikit-learn.org/stable/model_persistence.html#security-maintainability-limitations
  warnings.warn(
[22:26:56] WARNING: /Users/runner/work/xgboost/xgboost/src/gbm/../common/error_msg.h:80: If you are loading a serialized model (like pickle in Python, RDS in R) or
configuration generated by an older version of XGBoost, please export the model by calling
`Booster.save_model` from that version first, then load it back in current version. See:

    https://xgboost.readthedocs.io/en/stable/tutorials/saving_model.html

for more details about differences between saving model and serializing.

/Users/nimishrauniyar/Documents/IPL Prediction/.venv/lib/python3.9/site-packages/sklearn/base.py:380: InconsistentVersionWarning: Trying to unpickle estimator _SigmoidCalibration from version 1.7.2 when using version 1.6.1. This might lead to breaking code or invalid results. Use at your own risk. For more info please refer to:
https://scikit-learn.org/stable/model_persistence.html#security-maintainability-limitations
  warnings.warn(
/Users/nimishrauniyar/Documents/IPL Prediction/.venv/lib/python3.9/site-packages/sklearn/base.py:380: InconsistentVersionWarning: Trying to unpickle estimator CalibratedClassifierCV from version 1.7.2 when using version 1.6.1. This might lead to breaking code or invalid results. Use at your own risk. For more info please refer to:
https://scikit-learn.org/stable/model_persistence.html#security-maintainability-limitations
  warnings.warn(
INFO:     127.0.0.1:60483 - "GET /api/fixtures?season=2026 HTTP/1.1" 200 OK
/Users/nimishrauniyar/Documents/IPL Prediction/.venv/lib/python3.9/site-packages/sklearn/base.py:380: InconsistentVersionWarning: Trying to unpickle estimator StandardScaler from version 1.7.2 when using version 1.6.1. This might lead to breaking code or invalid results. Use at your own risk. For more info please refer to:
https://scikit-learn.org/stable/model_persistence.html#security-maintainability-limitations
  warnings.warn(
/Users/nimishrauniyar/Documents/IPL Prediction/.venv/lib/python3.9/site-packages/sklearn/base.py:380: InconsistentVersionWarning: Trying to unpickle estimator LogisticRegression from version 1.7.2 when using version 1.6.1. This might lead to breaking code or invalid results. Use at your own risk. For more info please refer to:
https://scikit-learn.org/stable/model_persistence.html#security-maintainability-limitations
  warnings.warn(
/Users/nimishrauniyar/Documents/IPL Prediction/.venv/lib/python3.9/site-packages/sklearn/base.py:380: InconsistentVersionWarning: Trying to unpickle estimator Pipeline from version 1.7.2 when using version 1.6.1. This might lead to breaking code or invalid results. Use at your own risk. For more info please refer to:
https://scikit-learn.org/stable/model_persistence.html#security-maintainability-limitations
  warnings.warn(
/Users/nimishrauniyar/Documents/IPL Prediction/.venv/lib/python3.9/site-packages/sklearn/base.py:380: InconsistentVersionWarning: Trying to unpickle estimator DecisionTreeClassifier from version 1.7.2 when using version 1.6.1. This might lead to breaking code or invalid results. Use at your own risk. For more info please refer to:
https://scikit-learn.org/stable/model_persistence.html#security-maintainability-limitations
  warnings.warn(
/Users/nimishrauniyar/Documents/IPL Prediction/.venv/lib/python3.9/site-packages/sklearn/base.py:380: InconsistentVersionWarning: Trying to unpickle estimator RandomForestClassifier from version 1.7.2 when using version 1.6.1. This might lead to breaking code or invalid results. Use at your own risk. For more info please refer to:
https://scikit-learn.org/stable/model_persistence.html#security-maintainability-limitations
  warnings.warn(
/Users/nimishrauniyar/Documents/IPL Prediction/.venv/lib/python3.9/site-packages/sklearn/base.py:380: InconsistentVersionWarning: Trying to unpickle estimator _SigmoidCalibration from version 1.7.2 when using version 1.6.1. This might lead to breaking code or invalid results. Use at your own risk. For more info please refer to:
https://scikit-learn.org/stable/model_persistence.html#security-maintainability-limitations
  warnings.warn(
/Users/nimishrauniyar/Documents/IPL Prediction/.venv/lib/python3.9/site-packages/sklearn/base.py:380: InconsistentVersionWarning: Trying to unpickle estimator CalibratedClassifierCV from version 1.7.2 when using version 1.6.1. This might lead to breaking code or invalid results. Use at your own risk. For more info please refer to:
https://scikit-learn.org/stable/model_persistence.html#security-maintainability-limitations
  warnings.warn(
/Users/nimishrauniyar/Documents/IPL Prediction/.venv/lib/python3.9/site-packages/sklearn/base.py:380: InconsistentVersionWarning: Trying to unpickle estimator StandardScaler from version 1.7.2 when using version 1.6.1. This might lead to breaking code or invalid results. Use at your own risk. For more info please refer to:
https://scikit-learn.org/stable/model_persistence.html#security-maintainability-limitations
  warnings.warn(
/Users/nimishrauniyar/Documents/IPL Prediction/.venv/lib/python3.9/site-packages/sklearn/base.py:380: InconsistentVersionWarning: Trying to unpickle estimator LogisticRegression from version 1.7.2 when using version 1.6.1. This might lead to breaking code or invalid results. Use at your own risk. For more info please refer to:
https://scikit-learn.org/stable/model_persistence.html#security-maintainability-limitations
  warnings.warn(
/Users/nimishrauniyar/Documents/IPL Prediction/.venv/lib/python3.9/site-packages/sklearn/base.py:380: InconsistentVersionWarning: Trying to unpickle estimator Pipeline from version 1.7.2 when using version 1.6.1. This might lead to breaking code or invalid results. Use at your own risk. For more info please refer to:
https://scikit-learn.org/stable/model_persistence.html#security-maintainability-limitations
  warnings.warn(
/Users/nimishrauniyar/Documents/IPL Prediction/.venv/lib/python3.9/site-packages/sklearn/base.py:380: InconsistentVersionWarning: Trying to unpickle estimator DecisionTreeClassifier from version 1.7.2 when using version 1.6.1. This might lead to breaking code or invalid results. Use at your own risk. For more info please refer to:
https://scikit-learn.org/stable/model_persistence.html#security-maintainability-limitations
  warnings.warn(
/Users/nimishrauniyar/Documents/IPL Prediction/.venv/lib/python3.9/site-packages/sklearn/base.py:380: InconsistentVersionWarning: Trying to unpickle estimator RandomForestClassifier from version 1.7.2 when using version 1.6.1. This might lead to breaking code or invalid results. Use at your own risk. For more info please refer to:
https://scikit-learn.org/stable/model_persistence.html#security-maintainability-limitations
  warnings.warn(
/Users/nimishrauniyar/Documents/IPL Prediction/.venv/lib/python3.9/site-packages/sklearn/base.py:380: InconsistentVersionWarning: Trying to unpickle estimator _SigmoidCalibration from version 1.7.2 when using version 1.6.1. This might lead to breaking code or invalid results. Use at your own risk. For more info please refer to:
https://scikit-learn.org/stable/model_persistence.html#security-maintainability-limitations
  warnings.warn(
/Users/nimishrauniyar/Documents/IPL Prediction/.venv/lib/python3.9/site-packages/sklearn/base.py:380: InconsistentVersionWarning: Trying to unpickle estimator CalibratedClassifierCV from version 1.7.2 when using version 1.6.1. This might lead to breaking code or invalid results. Use at your own risk. For more info please refer to:
https://scikit-learn.org/stable/model_persistence.html#security-maintainability-limitations
  warnings.warn(
INFO:     127.0.0.1:60513 - "GET /api/insights?team_a=Chennai%20Super%20Kings&team_b=Punjab%20Kings HTTP/1.1" 200 OK
INFO:     127.0.0.1:60515 - "GET /api/h2h?team_a=Chennai%20Super%20Kings&team_b=Punjab%20Kings HTTP/1.1" 200 OK
/Users/nimishrauniyar/Documents/IPL Prediction/.venv/lib/python3.9/site-packages/sklearn/base.py:380: InconsistentVersionWarning: Trying to unpickle estimator StandardScaler from version 1.7.2 when using version 1.6.1. This might lead to breaking code or invalid results. Use at your own risk. For more info please refer to:
https://scikit-learn.org/stable/model_persistence.html#security-maintainability-limitations
  warnings.warn(
/Users/nimishrauniyar/Documents/IPL Prediction/.venv/lib/python3.9/site-packages/sklearn/base.py:380: InconsistentVersionWarning: Trying to unpickle estimator LogisticRegression from version 1.7.2 when using version 1.6.1. This might lead to breaking code or invalid results. Use at your own risk. For more info please refer to:
https://scikit-learn.org/stable/model_persistence.html#security-maintainability-limitations
  warnings.warn(
/Users/nimishrauniyar/Documents/IPL Prediction/.venv/lib/python3.9/site-packages/sklearn/base.py:380: InconsistentVersionWarning: Trying to unpickle estimator Pipeline from version 1.7.2 when using version 1.6.1. This might lead to breaking code or invalid results. Use at your own risk. For more info please refer to:
https://scikit-learn.org/stable/model_persistence.html#security-maintainability-limitations
  warnings.warn(
/Users/nimishrauniyar/Documents/IPL Prediction/.venv/lib/python3.9/site-packages/sklearn/base.py:380: InconsistentVersionWarning: Trying to unpickle estimator DecisionTreeClassifier from version 1.7.2 when using version 1.6.1. This might lead to breaking code or invalid results. Use at your own risk. For more info please refer to:
https://scikit-learn.org/stable/model_persistence.html#security-maintainability-limitations
  warnings.warn(
/Users/nimishrauniyar/Documents/IPL Prediction/.venv/lib/python3.9/site-packages/sklearn/base.py:380: InconsistentVersionWarning: Trying to unpickle estimator RandomForestClassifier from version 1.7.2 when using version 1.6.1. This might lead to breaking code or invalid results. Use at your own risk. For more info please refer to:
https://scikit-learn.org/stable/model_persistence.html#security-maintainability-limitations
  warnings.warn(
/Users/nimishrauniyar/Documents/IPL Prediction/.venv/lib/python3.9/site-packages/sklearn/base.py:380: InconsistentVersionWarning: Trying to unpickle estimator _SigmoidCalibration from version 1.7.2 when using version 1.6.1. This might lead to breaking code or invalid results. Use at your own risk. For more info please refer to:
https://scikit-learn.org/stable/model_persistence.html#security-maintainability-limitations
  warnings.warn(
/Users/nimishrauniyar/Documents/IPL Prediction/.venv/lib/python3.9/site-packages/sklearn/base.py:380: InconsistentVersionWarning: Trying to unpickle estimator CalibratedClassifierCV from version 1.7.2 when using version 1.6.1. This might lead to breaking code or invalid results. Use at your own risk. For more info please refer to:
https://scikit-learn.org/stable/model_persistence.html#security-maintainability-limitations
  warnings.warn(
/Users/nimishrauniyar/Documents/IPL Prediction/.venv/lib/python3.9/site-packages/sklearn/base.py:380: InconsistentVersionWarning: Trying to unpickle estimator StandardScaler from version 1.7.2 when using version 1.6.1. This might lead to breaking code or invalid results. Use at your own risk. For more info please refer to:
https://scikit-learn.org/stable/model_persistence.html#security-maintainability-limitations
  warnings.warn(
/Users/nimishrauniyar/Documents/IPL Prediction/.venv/lib/python3.9/site-packages/sklearn/base.py:380: InconsistentVersionWarning: Trying to unpickle estimator LogisticRegression from version 1.7.2 when using version 1.6.1. This might lead to breaking code or invalid results. Use at your own risk. For more info please refer to:
https://scikit-learn.org/stable/model_persistence.html#security-maintainability-limitations
  warnings.warn(
/Users/nimishrauniyar/Documents/IPL Prediction/.venv/lib/python3.9/site-packages/sklearn/base.py:380: InconsistentVersionWarning: Trying to unpickle estimator Pipeline from version 1.7.2 when using version 1.6.1. This might lead to breaking code or invalid results. Use at your own risk. For more info please refer to:
https://scikit-learn.org/stable/model_persistence.html#security-maintainability-limitations
  warnings.warn(
/Users/nimishrauniyar/Documents/IPL Prediction/.venv/lib/python3.9/site-packages/sklearn/base.py:380: InconsistentVersionWarning: Trying to unpickle estimator DecisionTreeClassifier from version 1.7.2 when using version 1.6.1. This might lead to breaking code or invalid results. Use at your own risk. For more info please refer to:
https://scikit-learn.org/stable/model_persistence.html#security-maintainability-limitations
  warnings.warn(
/Users/nimishrauniyar/Documents/IPL Prediction/.venv/lib/python3.9/site-packages/sklearn/base.py:380: InconsistentVersionWarning: Trying to unpickle estimator RandomForestClassifier from version 1.7.2 when using version 1.6.1. This might lead to breaking code or invalid results. Use at your own risk. For more info please refer to:
https://scikit-learn.org/stable/model_persistence.html#security-maintainability-limitations
  warnings.warn(
/Users/nimishrauniyar/Documents/IPL Prediction/.venv/lib/python3.9/site-packages/sklearn/base.py:380: InconsistentVersionWarning: Trying to unpickle estimator _SigmoidCalibration from version 1.7.2 when using version 1.6.1. This might lead to breaking code or invalid results. Use at your own risk. For more info please refer to:
https://scikit-learn.org/stable/model_persistence.html#security-maintainability-limitations
  warnings.warn(
/Users/nimishrauniyar/Documents/IPL Prediction/.venv/lib/python3.9/site-packages/sklearn/base.py:380: InconsistentVersionWarning: Trying to unpickle estimator CalibratedClassifierCV from version 1.7.2 when using version 1.6.1. This might lead to breaking code or invalid results. Use at your own risk. For more info please refer to:
https://scikit-learn.org/stable/model_persistence.html#security-maintainability-limitations
  warnings.warn(
INFO:     127.0.0.1:60517 - "GET /api/insights?team_a=Gujarat%20Titans&team_b=Punjab%20Kings HTTP/1.1" 200 OK
INFO:     127.0.0.1:60519 - "GET /api/h2h?team_a=Gujarat%20Titans&team_b=Punjab%20Kings HTTP/1.1" 200 OK
/Users/nimishrauniyar/Documents/IPL Prediction/.venv/lib/python3.9/site-packages/sklearn/base.py:380: InconsistentVersionWarning: Trying to unpickle estimator StandardScaler from version 1.7.2 when using version 1.6.1. This might lead to breaking code or invalid results. Use at your own risk. For more info please refer to:
https://scikit-learn.org/stable/model_persistence.html#security-maintainability-limitations
  warnings.warn(
/Users/nimishrauniyar/Documents/IPL Prediction/.venv/lib/python3.9/site-packages/sklearn/base.py:380: InconsistentVersionWarning: Trying to unpickle estimator LogisticRegression from version 1.7.2 when using version 1.6.1. This might lead to breaking code or invalid results. Use at your own risk. For more info please refer to:
https://scikit-learn.org/stable/model_persistence.html#security-maintainability-limitations
  warnings.warn(
/Users/nimishrauniyar/Documents/IPL Prediction/.venv/lib/python3.9/site-packages/sklearn/base.py:380: InconsistentVersionWarning: Trying to unpickle estimator Pipeline from version 1.7.2 when using version 1.6.1. This might lead to breaking code or invalid results. Use at your own risk. For more info please refer to:
https://scikit-learn.org/stable/model_persistence.html#security-maintainability-limitations
  warnings.warn(
/Users/nimishrauniyar/Documents/IPL Prediction/.venv/lib/python3.9/site-packages/sklearn/base.py:380: InconsistentVersionWarning: Trying to unpickle estimator DecisionTreeClassifier from version 1.7.2 when using version 1.6.1. This might lead to breaking code or invalid results. Use at your own risk. For more info please refer to:
https://scikit-learn.org/stable/model_persistence.html#security-maintainability-limitations
  warnings.warn(
/Users/nimishrauniyar/Documents/IPL Prediction/.venv/lib/python3.9/site-packages/sklearn/base.py:380: InconsistentVersionWarning: Trying to unpickle estimator RandomForestClassifier from version 1.7.2 when using version 1.6.1. This might lead to breaking code or invalid results. Use at your own risk. For more info please refer to:
https://scikit-learn.org/stable/model_persistence.html#security-maintainability-limitations
  warnings.warn(
/Users/nimishrauniyar/Documents/IPL Prediction/.venv/lib/python3.9/site-packages/sklearn/base.py:380: InconsistentVersionWarning: Trying to unpickle estimator _SigmoidCalibration from version 1.7.2 when using version 1.6.1. This might lead to breaking code or invalid results. Use at your own risk. For more info please refer to:
https://scikit-learn.org/stable/model_persistence.html#security-maintainability-limitations
  warnings.warn(
/Users/nimishrauniyar/Documents/IPL Prediction/.venv/lib/python3.9/site-packages/sklearn/base.py:380: InconsistentVersionWarning: Trying to unpickle estimator CalibratedClassifierCV from version 1.7.2 when using version 1.6.1. This might lead to breaking code or invalid results. Use at your own risk. For more info please refer to:
https://scikit-learn.org/stable/model_persistence.html#security-maintainability-limitations
  warnings.warn(
/Users/nimishrauniyar/Documents/IPL Prediction/.venv/lib/python3.9/site-packages/sklearn/base.py:380: InconsistentVersionWarning: Trying to unpickle estimator StandardScaler from version 1.7.2 when using version 1.6.1. This might lead to breaking code or invalid results. Use at your own risk. For more info please refer to:
https://scikit-learn.org/stable/model_persistence.html#security-maintainability-limitations
  warnings.warn(
/Users/nimishrauniyar/Documents/IPL Prediction/.venv/lib/python3.9/site-packages/sklearn/base.py:380: InconsistentVersionWarning: Trying to unpickle estimator LogisticRegression from version 1.7.2 when using version 1.6.1. This might lead to breaking code or invalid results. Use at your own risk. For more info please refer to:
https://scikit-learn.org/stable/model_persistence.html#security-maintainability-limitations
  warnings.warn(
/Users/nimishrauniyar/Documents/IPL Prediction/.venv/lib/python3.9/site-packages/sklearn/base.py:380: InconsistentVersionWarning: Trying to unpickle estimator Pipeline from version 1.7.2 when using version 1.6.1. This might lead to breaking code or invalid results. Use at your own risk. For more info please refer to:
https://scikit-learn.org/stable/model_persistence.html#security-maintainability-limitations
  warnings.warn(
/Users/nimishrauniyar/Documents/IPL Prediction/.venv/lib/python3.9/site-packages/sklearn/base.py:380: InconsistentVersionWarning: Trying to unpickle estimator DecisionTreeClassifier from version 1.7.2 when using version 1.6.1. This might lead to breaking code or invalid results. Use at your own risk. For more info please refer to:
https://scikit-learn.org/stable/model_persistence.html#security-maintainability-limitations
  warnings.warn(
/Users/nimishrauniyar/Documents/IPL Prediction/.venv/lib/python3.9/site-packages/sklearn/base.py:380: InconsistentVersionWarning: Trying to unpickle estimator RandomForestClassifier from version 1.7.2 when using version 1.6.1. This might lead to breaking code or invalid results. Use at your own risk. For more info please refer to:
https://scikit-learn.org/stable/model_persistence.html#security-maintainability-limitations
  warnings.warn(
/Users/nimishrauniyar/Documents/IPL Prediction/.venv/lib/python3.9/site-packages/sklearn/base.py:380: InconsistentVersionWarning: Trying to unpickle estimator _SigmoidCalibration from version 1.7.2 when using version 1.6.1. This might lead to breaking code or invalid results. Use at your own risk. For more info please refer to:
https://scikit-learn.org/stable/model_persistence.html#security-maintainability-limitations
  warnings.warn(
/Users/nimishrauniyar/Documents/IPL Prediction/.venv/lib/python3.9/site-packages/sklearn/base.py:380: InconsistentVersionWarning: Trying to unpickle estimator CalibratedClassifierCV from version 1.7.2 when using version 1.6.1. This might lead to breaking code or invalid results. Use at your own risk. For more info please refer to:
https://scikit-learn.org/stable/model_persistence.html#security-maintainability-limitations
  warnings.warn(
INFO:     127.0.0.1:60522 - "GET /api/insights?team_a=Pune%20Warriors&team_b=Punjab%20Kings HTTP/1.1" 200 OK
INFO:     127.0.0.1:60524 - "GET /api/h2h?team_a=Pune%20Warriors&team_b=Punjab%20Kings HTTP/1.1" 200 OK
/Users/nimishrauniyar/Documents/IPL Prediction/.venv/lib/python3.9/site-packages/sklearn/base.py:380: InconsistentVersionWarning: Trying to unpickle estimator StandardScaler from version 1.7.2 when using version 1.6.1. This might lead to breaking code or invalid results. Use at your own risk. For more info please refer to:
https://scikit-learn.org/stable/model_persistence.html#security-maintainability-limitations
  warnings.warn(
/Users/nimishrauniyar/Documents/IPL Prediction/.venv/lib/python3.9/site-packages/sklearn/base.py:380: InconsistentVersionWarning: Trying to unpickle estimator LogisticRegression from version 1.7.2 when using version 1.6.1. This might lead to breaking code or invalid results. Use at your own risk. For more info please refer to:
https://scikit-learn.org/stable/model_persistence.html#security-maintainability-limitations
  warnings.warn(
/Users/nimishrauniyar/Documents/IPL Prediction/.venv/lib/python3.9/site-packages/sklearn/base.py:380: InconsistentVersionWarning: Trying to unpickle estimator Pipeline from version 1.7.2 when using version 1.6.1. This might lead to breaking code or invalid results. Use at your own risk. For more info please refer to:
https://scikit-learn.org/stable/model_persistence.html#security-maintainability-limitations
  warnings.warn(
/Users/nimishrauniyar/Documents/IPL Prediction/.venv/lib/python3.9/site-packages/sklearn/base.py:380: InconsistentVersionWarning: Trying to unpickle estimator DecisionTreeClassifier from version 1.7.2 when using version 1.6.1. This might lead to breaking code or invalid results. Use at your own risk. For more info please refer to:
https://scikit-learn.org/stable/model_persistence.html#security-maintainability-limitations
  warnings.warn(
/Users/nimishrauniyar/Documents/IPL Prediction/.venv/lib/python3.9/site-packages/sklearn/base.py:380: InconsistentVersionWarning: Trying to unpickle estimator RandomForestClassifier from version 1.7.2 when using version 1.6.1. This might lead to breaking code or invalid results. Use at your own risk. For more info please refer to:
https://scikit-learn.org/stable/model_persistence.html#security-maintainability-limitations
  warnings.warn(
/Users/nimishrauniyar/Documents/IPL Prediction/.venv/lib/python3.9/site-packages/sklearn/base.py:380: InconsistentVersionWarning: Trying to unpickle estimator _SigmoidCalibration from version 1.7.2 when using version 1.6.1. This might lead to breaking code or invalid results. Use at your own risk. For more info please refer to:
https://scikit-learn.org/stable/model_persistence.html#security-maintainability-limitations
  warnings.warn(
/Users/nimishrauniyar/Documents/IPL Prediction/.venv/lib/python3.9/site-packages/sklearn/base.py:380: InconsistentVersionWarning: Trying to unpickle estimator CalibratedClassifierCV from version 1.7.2 when using version 1.6.1. This might lead to breaking code or invalid results. Use at your own risk. For more info please refer to:
https://scikit-learn.org/stable/model_persistence.html#security-maintainability-limitations
  warnings.warn(
/Users/nimishrauniyar/Documents/IPL Prediction/.venv/lib/python3.9/site-packages/sklearn/base.py:380: InconsistentVersionWarning: Trying to unpickle estimator StandardScaler from version 1.7.2 when using version 1.6.1. This might lead to breaking code or invalid results. Use at your own risk. For more info please refer to:
https://scikit-learn.org/stable/model_persistence.html#security-maintainability-limitations
  warnings.warn(
/Users/nimishrauniyar/Documents/IPL Prediction/.venv/lib/python3.9/site-packages/sklearn/base.py:380: InconsistentVersionWarning: Trying to unpickle estimator LogisticRegression from version 1.7.2 when using version 1.6.1. This might lead to breaking code or invalid results. Use at your own risk. For more info please refer to:
https://scikit-learn.org/stable/model_persistence.html#security-maintainability-limitations
  warnings.warn(
/Users/nimishrauniyar/Documents/IPL Prediction/.venv/lib/python3.9/site-packages/sklearn/base.py:380: InconsistentVersionWarning: Trying to unpickle estimator Pipeline from version 1.7.2 when using version 1.6.1. This might lead to breaking code or invalid results. Use at your own risk. For more info please refer to:
https://scikit-learn.org/stable/model_persistence.html#security-maintainability-limitations
  warnings.warn(
/Users/nimishrauniyar/Documents/IPL Prediction/.venv/lib/python3.9/site-packages/sklearn/base.py:380: InconsistentVersionWarning: Trying to unpickle estimator DecisionTreeClassifier from version 1.7.2 when using version 1.6.1. This might lead to breaking code or invalid results. Use at your own risk. For more info please refer to:
https://scikit-learn.org/stable/model_persistence.html#security-maintainability-limitations
  warnings.warn(
/Users/nimishrauniyar/Documents/IPL Prediction/.venv/lib/python3.9/site-packages/sklearn/base.py:380: InconsistentVersionWarning: Trying to unpickle estimator RandomForestClassifier from version 1.7.2 when using version 1.6.1. This might lead to breaking code or invalid results. Use at your own risk. For more info please refer to:
https://scikit-learn.org/stable/model_persistence.html#security-maintainability-limitations
  warnings.warn(
/Users/nimishrauniyar/Documents/IPL Prediction/.venv/lib/python3.9/site-packages/sklearn/base.py:380: InconsistentVersionWarning: Trying to unpickle estimator _SigmoidCalibration from version 1.7.2 when using version 1.6.1. This might lead to breaking code or invalid results. Use at your own risk. For more info please refer to:
https://scikit-learn.org/stable/model_persistence.html#security-maintainability-limitations
  warnings.warn(
/Users/nimishrauniyar/Documents/IPL Prediction/.venv/lib/python3.9/site-packages/sklearn/base.py:380: InconsistentVersionWarning: Trying to unpickle estimator CalibratedClassifierCV from version 1.7.2 when using version 1.6.1. This might lead to breaking code or invalid results. Use at your own risk. For more info please refer to:
https://scikit-learn.org/stable/model_persistence.html#security-maintainability-limitations
  warnings.warn(
INFO:     127.0.0.1:60526 - "GET /api/insights?team_a=Pune%20Warriors&team_b=Kings%20XI%20Punjab HTTP/1.1" 200 OK
INFO:     127.0.0.1:60528 - "GET /api/h2h?team_a=Pune%20Warriors&team_b=Kings%20XI%20Punjab HTTP/1.1" 200 OK
/Users/nimishrauniyar/Documents/IPL Prediction/.venv/lib/python3.9/site-packages/sklearn/base.py:380: InconsistentVersionWarning: Trying to unpickle estimator StandardScaler from version 1.7.2 when using version 1.6.1. This might lead to breaking code or invalid results. Use at your own risk. For more info please refer to:
https://scikit-learn.org/stable/model_persistence.html#security-maintainability-limitations
  warnings.warn(
/Users/nimishrauniyar/Documents/IPL Prediction/.venv/lib/python3.9/site-packages/sklearn/base.py:380: InconsistentVersionWarning: Trying to unpickle estimator LogisticRegression from version 1.7.2 when using version 1.6.1. This might lead to breaking code or invalid results. Use at your own risk. For more info please refer to:
https://scikit-learn.org/stable/model_persistence.html#security-maintainability-limitations
  warnings.warn(
/Users/nimishrauniyar/Documents/IPL Prediction/.venv/lib/python3.9/site-packages/sklearn/base.py:380: InconsistentVersionWarning: Trying to unpickle estimator Pipeline from version 1.7.2 when using version 1.6.1. This might lead to breaking code or invalid results. Use at your own risk. For more info please refer to:
https://scikit-learn.org/stable/model_persistence.html#security-maintainability-limitations
  warnings.warn(
/Users/nimishrauniyar/Documents/IPL Prediction/.venv/lib/python3.9/site-packages/sklearn/base.py:380: InconsistentVersionWarning: Trying to unpickle estimator DecisionTreeClassifier from version 1.7.2 when using version 1.6.1. This might lead to breaking code or invalid results. Use at your own risk. For more info please refer to:
https://scikit-learn.org/stable/model_persistence.html#security-maintainability-limitations
  warnings.warn(
/Users/nimishrauniyar/Documents/IPL Prediction/.venv/lib/python3.9/site-packages/sklearn/base.py:380: InconsistentVersionWarning: Trying to unpickle estimator RandomForestClassifier from version 1.7.2 when using version 1.6.1. This might lead to breaking code or invalid results. Use at your own risk. For more info please refer to:
https://scikit-learn.org/stable/model_persistence.html#security-maintainability-limitations
  warnings.warn(
/Users/nimishrauniyar/Documents/IPL Prediction/.venv/lib/python3.9/site-packages/sklearn/base.py:380: InconsistentVersionWarning: Trying to unpickle estimator _SigmoidCalibration from version 1.7.2 when using version 1.6.1. This might lead to breaking code or invalid results. Use at your own risk. For more info please refer to:
https://scikit-learn.org/stable/model_persistence.html#security-maintainability-limitations
  warnings.warn(
/Users/nimishrauniyar/Documents/IPL Prediction/.venv/lib/python3.9/site-packages/sklearn/base.py:380: InconsistentVersionWarning: Trying to unpickle estimator CalibratedClassifierCV from version 1.7.2 when using version 1.6.1. This might lead to breaking code or invalid results. Use at your own risk. For more info please refer to:
https://scikit-learn.org/stable/model_persistence.html#security-maintainability-limitations
  warnings.warn(
/Users/nimishrauniyar/Documents/IPL Prediction/.venv/lib/python3.9/site-packages/sklearn/base.py:380: InconsistentVersionWarning: Trying to unpickle estimator StandardScaler from version 1.7.2 when using version 1.6.1. This might lead to breaking code or invalid results. Use at your own risk. For more info please refer to:
https://scikit-learn.org/stable/model_persistence.html#security-maintainability-limitations
  warnings.warn(
/Users/nimishrauniyar/Documents/IPL Prediction/.venv/lib/python3.9/site-packages/sklearn/base.py:380: InconsistentVersionWarning: Trying to unpickle estimator LogisticRegression from version 1.7.2 when using version 1.6.1. This might lead to breaking code or invalid results. Use at your own risk. For more info please refer to:
https://scikit-learn.org/stable/model_persistence.html#security-maintainability-limitations
  warnings.warn(
/Users/nimishrauniyar/Documents/IPL Prediction/.venv/lib/python3.9/site-packages/sklearn/base.py:380: InconsistentVersionWarning: Trying to unpickle estimator Pipeline from version 1.7.2 when using version 1.6.1. This might lead to breaking code or invalid results. Use at your own risk. For more info please refer to:
https://scikit-learn.org/stable/model_persistence.html#security-maintainability-limitations
  warnings.warn(
/Users/nimishrauniyar/Documents/IPL Prediction/.venv/lib/python3.9/site-packages/sklearn/base.py:380: InconsistentVersionWarning: Trying to unpickle estimator DecisionTreeClassifier from version 1.7.2 when using version 1.6.1. This might lead to breaking code or invalid results. Use at your own risk. For more info please refer to:
https://scikit-learn.org/stable/model_persistence.html#security-maintainability-limitations
  warnings.warn(
/Users/nimishrauniyar/Documents/IPL Prediction/.venv/lib/python3.9/site-packages/sklearn/base.py:380: InconsistentVersionWarning: Trying to unpickle estimator RandomForestClassifier from version 1.7.2 when using version 1.6.1. This might lead to breaking code or invalid results. Use at your own risk. For more info please refer to:
https://scikit-learn.org/stable/model_persistence.html#security-maintainability-limitations
  warnings.warn(
/Users/nimishrauniyar/Documents/IPL Prediction/.venv/lib/python3.9/site-packages/sklearn/base.py:380: InconsistentVersionWarning: Trying to unpickle estimator _SigmoidCalibration from version 1.7.2 when using version 1.6.1. This might lead to breaking code or invalid results. Use at your own risk. For more info please refer to:
https://scikit-learn.org/stable/model_persistence.html#security-maintainability-limitations
  warnings.warn(
/Users/nimishrauniyar/Documents/IPL Prediction/.venv/lib/python3.9/site-packages/sklearn/base.py:380: InconsistentVersionWarning: Trying to unpickle estimator CalibratedClassifierCV from version 1.7.2 when using version 1.6.1. This might lead to breaking code or invalid results. Use at your own risk. For more info please refer to:
https://scikit-learn.org/stable/model_persistence.html#security-maintainability-limitations
  warnings.warn(
INFO:     127.0.0.1:60534 - "GET /api/insights?team_a=Pune%20Warriors&team_b=Kings%20XI%20Punjab HTTP/1.1" 200 OK
INFO:     127.0.0.1:60536 - "GET /api/h2h?team_a=Pune%20Warriors&team_b=Kings%20XI%20Punjab HTTP/1.1" 200 OK
/Users/nimishrauniyar/Documents/IPL Prediction/.venv/lib/python3.9/site-packages/sklearn/base.py:380: InconsistentVersionWarning: Trying to unpickle estimator StandardScaler from version 1.7.2 when using version 1.6.1. This might lead to breaking code or invalid results. Use at your own risk. For more info please refer to:
https://scikit-learn.org/stable/model_persistence.html#security-maintainability-limitations
  warnings.warn(
/Users/nimishrauniyar/Documents/IPL Prediction/.venv/lib/python3.9/site-packages/sklearn/base.py:380: InconsistentVersionWarning: Trying to unpickle estimator LogisticRegression from version 1.7.2 when using version 1.6.1. This might lead to breaking code or invalid results. Use at your own risk. For more info please refer to:
https://scikit-learn.org/stable/model_persistence.html#security-maintainability-limitations
  warnings.warn(
/Users/nimishrauniyar/Documents/IPL Prediction/.venv/lib/python3.9/site-packages/sklearn/base.py:380: InconsistentVersionWarning: Trying to unpickle estimator Pipeline from version 1.7.2 when using version 1.6.1. This might lead to breaking code or invalid results. Use at your own risk. For more info please refer to:
https://scikit-learn.org/stable/model_persistence.html#security-maintainability-limitations
  warnings.warn(
/Users/nimishrauniyar/Documents/IPL Prediction/.venv/lib/python3.9/site-packages/sklearn/base.py:380: InconsistentVersionWarning: Trying to unpickle estimator DecisionTreeClassifier from version 1.7.2 when using version 1.6.1. This might lead to breaking code or invalid results. Use at your own risk. For more info please refer to:
https://scikit-learn.org/stable/model_persistence.html#security-maintainability-limitations
  warnings.warn(
/Users/nimishrauniyar/Documents/IPL Prediction/.venv/lib/python3.9/site-packages/sklearn/base.py:380: InconsistentVersionWarning: Trying to unpickle estimator RandomForestClassifier from version 1.7.2 when using version 1.6.1. This might lead to breaking code or invalid results. Use at your own risk. For more info please refer to:
https://scikit-learn.org/stable/model_persistence.html#security-maintainability-limitations
  warnings.warn(
/Users/nimishrauniyar/Documents/IPL Prediction/.venv/lib/python3.9/site-packages/sklearn/base.py:380: InconsistentVersionWarning: Trying to unpickle estimator _SigmoidCalibration from version 1.7.2 when using version 1.6.1. This might lead to breaking code or invalid results. Use at your own risk. For more info please refer to:
https://scikit-learn.org/stable/model_persistence.html#security-maintainability-limitations
  warnings.warn(
/Users/nimishrauniyar/Documents/IPL Prediction/.venv/lib/python3.9/site-packages/sklearn/base.py:380: InconsistentVersionWarning: Trying to unpickle estimator CalibratedClassifierCV from version 1.7.2 when using version 1.6.1. This might lead to breaking code or invalid results. Use at your own risk. For more info please refer to:
https://scikit-learn.org/stable/model_persistence.html#security-maintainability-limitations
  warnings.warn(
/Users/nimishrauniyar/Documents/IPL Prediction/.venv/lib/python3.9/site-packages/sklearn/base.py:380: InconsistentVersionWarning: Trying to unpickle estimator StandardScaler from version 1.7.2 when using version 1.6.1. This might lead to breaking code or invalid results. Use at your own risk. For more info please refer to:
https://scikit-learn.org/stable/model_persistence.html#security-maintainability-limitations
  warnings.warn(
/Users/nimishrauniyar/Documents/IPL Prediction/.venv/lib/python3.9/site-packages/sklearn/base.py:380: InconsistentVersionWarning: Trying to unpickle estimator LogisticRegression from version 1.7.2 when using version 1.6.1. This might lead to breaking code or invalid results. Use at your own risk. For more info please refer to:
https://scikit-learn.org/stable/model_persistence.html#security-maintainability-limitations
  warnings.warn(
/Users/nimishrauniyar/Documents/IPL Prediction/.venv/lib/python3.9/site-packages/sklearn/base.py:380: InconsistentVersionWarning: Trying to unpickle estimator Pipeline from version 1.7.2 when using version 1.6.1. This might lead to breaking code or invalid results. Use at your own risk. For more info please refer to:
https://scikit-learn.org/stable/model_persistence.html#security-maintainability-limitations
  warnings.warn(
/Users/nimishrauniyar/Documents/IPL Prediction/.venv/lib/python3.9/site-packages/sklearn/base.py:380: InconsistentVersionWarning: Trying to unpickle estimator DecisionTreeClassifier from version 1.7.2 when using version 1.6.1. This might lead to breaking code or invalid results. Use at your own risk. For more info please refer to:
https://scikit-learn.org/stable/model_persistence.html#security-maintainability-limitations
  warnings.warn(
/Users/nimishrauniyar/Documents/IPL Prediction/.venv/lib/python3.9/site-packages/sklearn/base.py:380: InconsistentVersionWarning: Trying to unpickle estimator RandomForestClassifier from version 1.7.2 when using version 1.6.1. This might lead to breaking code or invalid results. Use at your own risk. For more info please refer to:
https://scikit-learn.org/stable/model_persistence.html#security-maintainability-limitations
  warnings.warn(
/Users/nimishrauniyar/Documents/IPL Prediction/.venv/lib/python3.9/site-packages/sklearn/base.py:380: InconsistentVersionWarning: Trying to unpickle estimator _SigmoidCalibration from version 1.7.2 when using version 1.6.1. This might lead to breaking code or invalid results. Use at your own risk. For more info please refer to:
https://scikit-learn.org/stable/model_persistence.html#security-maintainability-limitations
  warnings.warn(
/Users/nimishrauniyar/Documents/IPL Prediction/.venv/lib/python3.9/site-packages/sklearn/base.py:380: InconsistentVersionWarning: Trying to unpickle estimator CalibratedClassifierCV from version 1.7.2 when using version 1.6.1. This might lead to breaking code or invalid results. Use at your own risk. For more info please refer to:
https://scikit-learn.org/stable/model_persistence.html#security-maintainability-limitations
  warnings.warn(
INFO:     127.0.0.1:60539 - "GET /api/insights?team_a=Pune%20Warriors&team_b=Rising%20Pune%20Supergiants HTTP/1.1" 200 OK
INFO:     127.0.0.1:60541 - "GET /api/h2h?team_a=Pune%20Warriors&team_b=Rising%20Pune%20Supergiants HTTP/1.1" 200 OK
/Users/nimishrauniyar/Documents/IPL Prediction/.venv/lib/python3.9/site-packages/sklearn/base.py:380: InconsistentVersionWarning: Trying to unpickle estimator StandardScaler from version 1.7.2 when using version 1.6.1. This might lead to breaking code or invalid results. Use at your own risk. For more info please refer to:
https://scikit-learn.org/stable/model_persistence.html#security-maintainability-limitations
  warnings.warn(
/Users/nimishrauniyar/Documents/IPL Prediction/.venv/lib/python3.9/site-packages/sklearn/base.py:380: InconsistentVersionWarning: Trying to unpickle estimator LogisticRegression from version 1.7.2 when using version 1.6.1. This might lead to breaking code or invalid results. Use at your own risk. For more info please refer to:
https://scikit-learn.org/stable/model_persistence.html#security-maintainability-limitations
  warnings.warn(
/Users/nimishrauniyar/Documents/IPL Prediction/.venv/lib/python3.9/site-packages/sklearn/base.py:380: InconsistentVersionWarning: Trying to unpickle estimator Pipeline from version 1.7.2 when using version 1.6.1. This might lead to breaking code or invalid results. Use at your own risk. For more info please refer to:
https://scikit-learn.org/stable/model_persistence.html#security-maintainability-limitations
  warnings.warn(
/Users/nimishrauniyar/Documents/IPL Prediction/.venv/lib/python3.9/site-packages/sklearn/base.py:380: InconsistentVersionWarning: Trying to unpickle estimator DecisionTreeClassifier from version 1.7.2 when using version 1.6.1. This might lead to breaking code or invalid results. Use at your own risk. For more info please refer to:
https://scikit-learn.org/stable/model_persistence.html#security-maintainability-limitations
  warnings.warn(
/Users/nimishrauniyar/Documents/IPL Prediction/.venv/lib/python3.9/site-packages/sklearn/base.py:380: InconsistentVersionWarning: Trying to unpickle estimator RandomForestClassifier from version 1.7.2 when using version 1.6.1. This might lead to breaking code or invalid results. Use at your own risk. For more info please refer to:
https://scikit-learn.org/stable/model_persistence.html#security-maintainability-limitations
  warnings.warn(
/Users/nimishrauniyar/Documents/IPL Prediction/.venv/lib/python3.9/site-packages/sklearn/base.py:380: InconsistentVersionWarning: Trying to unpickle estimator _SigmoidCalibration from version 1.7.2 when using version 1.6.1. This might lead to breaking code or invalid results. Use at your own risk. For more info please refer to:
https://scikit-learn.org/stable/model_persistence.html#security-maintainability-limitations
  warnings.warn(
/Users/nimishrauniyar/Documents/IPL Prediction/.venv/lib/python3.9/site-packages/sklearn/base.py:380: InconsistentVersionWarning: Trying to unpickle estimator CalibratedClassifierCV from version 1.7.2 when using version 1.6.1. This might lead to breaking code or invalid results. Use at your own risk. For more info please refer to:
https://scikit-learn.org/stable/model_persistence.html#security-maintainability-limitations
  warnings.warn(
/Users/nimishrauniyar/Documents/IPL Prediction/.venv/lib/python3.9/site-packages/sklearn/base.py:380: InconsistentVersionWarning: Trying to unpickle estimator StandardScaler from version 1.7.2 when using version 1.6.1. This might lead to breaking code or invalid results. Use at your own risk. For more info please refer to:
https://scikit-learn.org/stable/model_persistence.html#security-maintainability-limitations
  warnings.warn(
/Users/nimishrauniyar/Documents/IPL Prediction/.venv/lib/python3.9/site-packages/sklearn/base.py:380: InconsistentVersionWarning: Trying to unpickle estimator LogisticRegression from version 1.7.2 when using version 1.6.1. This might lead to breaking code or invalid results. Use at your own risk. For more info please refer to:
https://scikit-learn.org/stable/model_persistence.html#security-maintainability-limitations
  warnings.warn(
/Users/nimishrauniyar/Documents/IPL Prediction/.venv/lib/python3.9/site-packages/sklearn/base.py:380: InconsistentVersionWarning: Trying to unpickle estimator Pipeline from version 1.7.2 when using version 1.6.1. This might lead to breaking code or invalid results. Use at your own risk. For more info please refer to:
https://scikit-learn.org/stable/model_persistence.html#security-maintainability-limitations
  warnings.warn(
/Users/nimishrauniyar/Documents/IPL Prediction/.venv/lib/python3.9/site-packages/sklearn/base.py:380: InconsistentVersionWarning: Trying to unpickle estimator DecisionTreeClassifier from version 1.7.2 when using version 1.6.1. This might lead to breaking code or invalid results. Use at your own risk. For more info please refer to:
https://scikit-learn.org/stable/model_persistence.html#security-maintainability-limitations
  warnings.warn(
/Users/nimishrauniyar/Documents/IPL Prediction/.venv/lib/python3.9/site-packages/sklearn/base.py:380: InconsistentVersionWarning: Trying to unpickle estimator RandomForestClassifier from version 1.7.2 when using version 1.6.1. This might lead to breaking code or invalid results. Use at your own risk. For more info please refer to:
https://scikit-learn.org/stable/model_persistence.html#security-maintainability-limitations
  warnings.warn(
/Users/nimishrauniyar/Documents/IPL Prediction/.venv/lib/python3.9/site-packages/sklearn/base.py:380: InconsistentVersionWarning: Trying to unpickle estimator _SigmoidCalibration from version 1.7.2 when using version 1.6.1. This might lead to breaking code or invalid results. Use at your own risk. For more info please refer to:
https://scikit-learn.org/stable/model_persistence.html#security-maintainability-limitations
  warnings.warn(
/Users/nimishrauniyar/Documents/IPL Prediction/.venv/lib/python3.9/site-packages/sklearn/base.py:380: InconsistentVersionWarning: Trying to unpickle estimator CalibratedClassifierCV from version 1.7.2 when using version 1.6.1. This might lead to breaking code or invalid results. Use at your own risk. For more info please refer to:
https://scikit-learn.org/stable/model_persistence.html#security-maintainability-limitations
  warnings.warn(
INFO:     127.0.0.1:60543 - "GET /api/insights?team_a=Pune%20Warriors&team_b=Rising%20Pune%20Supergiants HTTP/1.1" 200 OK
INFO:     127.0.0.1:60545 - "GET /api/h2h?team_a=Pune%20Warriors&team_b=Rising%20Pune%20Supergiants HTTP/1.1" 200 OK
/Users/nimishrauniyar/Documents/IPL Prediction/.venv/lib/python3.9/site-packages/sklearn/base.py:380: InconsistentVersionWarning: Trying to unpickle estimator StandardScaler from version 1.7.2 when using version 1.6.1. This might lead to breaking code or invalid results. Use at your own risk. For more info please refer to:
https://scikit-learn.org/stable/model_persistence.html#security-maintainability-limitations
  warnings.warn(
/Users/nimishrauniyar/Documents/IPL Prediction/.venv/lib/python3.9/site-packages/sklearn/base.py:380: InconsistentVersionWarning: Trying to unpickle estimator LogisticRegression from version 1.7.2 when using version 1.6.1. This might lead to breaking code or invalid results. Use at your own risk. For more info please refer to:
https://scikit-learn.org/stable/model_persistence.html#security-maintainability-limitations
  warnings.warn(
/Users/nimishrauniyar/Documents/IPL Prediction/.venv/lib/python3.9/site-packages/sklearn/base.py:380: InconsistentVersionWarning: Trying to unpickle estimator Pipeline from version 1.7.2 when using version 1.6.1. This might lead to breaking code or invalid results. Use at your own risk. For more info please refer to:
https://scikit-learn.org/stable/model_persistence.html#security-maintainability-limitations
  warnings.warn(
/Users/nimishrauniyar/Documents/IPL Prediction/.venv/lib/python3.9/site-packages/sklearn/base.py:380: InconsistentVersionWarning: Trying to unpickle estimator DecisionTreeClassifier from version 1.7.2 when using version 1.6.1. This might lead to breaking code or invalid results. Use at your own risk. For more info please refer to:
https://scikit-learn.org/stable/model_persistence.html#security-maintainability-limitations
  warnings.warn(
/Users/nimishrauniyar/Documents/IPL Prediction/.venv/lib/python3.9/site-packages/sklearn/base.py:380: InconsistentVersionWarning: Trying to unpickle estimator RandomForestClassifier from version 1.7.2 when using version 1.6.1. This might lead to breaking code or invalid results. Use at your own risk. For more info please refer to:
https://scikit-learn.org/stable/model_persistence.html#security-maintainability-limitations
  warnings.warn(
/Users/nimishrauniyar/Documents/IPL Prediction/.venv/lib/python3.9/site-packages/sklearn/base.py:380: InconsistentVersionWarning: Trying to unpickle estimator _SigmoidCalibration from version 1.7.2 when using version 1.6.1. This might lead to breaking code or invalid results. Use at your own risk. For more info please refer to:
https://scikit-learn.org/stable/model_persistence.html#security-maintainability-limitations
  warnings.warn(
/Users/nimishrauniyar/Documents/IPL Prediction/.venv/lib/python3.9/site-packages/sklearn/base.py:380: InconsistentVersionWarning: Trying to unpickle estimator CalibratedClassifierCV from version 1.7.2 when using version 1.6.1. This might lead to breaking code or invalid results. Use at your own risk. For more info please refer to:
https://scikit-learn.org/stable/model_persistence.html#security-maintainability-limitations
  warnings.warn(
/Users/nimishrauniyar/Documents/IPL Prediction/.venv/lib/python3.9/site-packages/sklearn/base.py:380: InconsistentVersionWarning: Trying to unpickle estimator StandardScaler from version 1.7.2 when using version 1.6.1. This might lead to breaking code or invalid results. Use at your own risk. For more info please refer to:
https://scikit-learn.org/stable/model_persistence.html#security-maintainability-limitations
  warnings.warn(
/Users/nimishrauniyar/Documents/IPL Prediction/.venv/lib/python3.9/site-packages/sklearn/base.py:380: InconsistentVersionWarning: Trying to unpickle estimator LogisticRegression from version 1.7.2 when using version 1.6.1. This might lead to breaking code or invalid results. Use at your own risk. For more info please refer to:
https://scikit-learn.org/stable/model_persistence.html#security-maintainability-limitations
  warnings.warn(
/Users/nimishrauniyar/Documents/IPL Prediction/.venv/lib/python3.9/site-packages/sklearn/base.py:380: InconsistentVersionWarning: Trying to unpickle estimator Pipeline from version 1.7.2 when using version 1.6.1. This might lead to breaking code or invalid results. Use at your own risk. For more info please refer to:
https://scikit-learn.org/stable/model_persistence.html#security-maintainability-limitations
  warnings.warn(
/Users/nimishrauniyar/Documents/IPL Prediction/.venv/lib/python3.9/site-packages/sklearn/base.py:380: InconsistentVersionWarning: Trying to unpickle estimator DecisionTreeClassifier from version 1.7.2 when using version 1.6.1. This might lead to breaking code or invalid results. Use at your own risk. For more info please refer to:
https://scikit-learn.org/stable/model_persistence.html#security-maintainability-limitations
  warnings.warn(
/Users/nimishrauniyar/Documents/IPL Prediction/.venv/lib/python3.9/site-packages/sklearn/base.py:380: InconsistentVersionWarning: Trying to unpickle estimator RandomForestClassifier from version 1.7.2 when using version 1.6.1. This might lead to breaking code or invalid results. Use at your own risk. For more info please refer to:
https://scikit-learn.org/stable/model_persistence.html#security-maintainability-limitations
  warnings.warn(
/Users/nimishrauniyar/Documents/IPL Prediction/.venv/lib/python3.9/site-packages/sklearn/base.py:380: InconsistentVersionWarning: Trying to unpickle estimator _SigmoidCalibration from version 1.7.2 when using version 1.6.1. This might lead to breaking code or invalid results. Use at your own risk. For more info please refer to:
https://scikit-learn.org/stable/model_persistence.html#security-maintainability-limitations
  warnings.warn(
/Users/nimishrauniyar/Documents/IPL Prediction/.venv/lib/python3.9/site-packages/sklearn/base.py:380: InconsistentVersionWarning: Trying to unpickle estimator CalibratedClassifierCV from version 1.7.2 when using version 1.6.1. This might lead to breaking code or invalid results. Use at your own risk. For more info please refer to:
https://scikit-learn.org/stable/model_persistence.html#security-maintainability-limitations
  warnings.warn(
INFO:     127.0.0.1:60547 - "GET /api/insights?team_a=Pune%20Warriors&team_b=Rising%20Pune%20Supergiant HTTP/1.1" 200 OK
INFO:     127.0.0.1:60549 - "GET /api/h2h?team_a=Pune%20Warriors&team_b=Rising%20Pune%20Supergiant HTTP/1.1" 200 OK
/Users/nimishrauniyar/Documents/IPL Prediction/.venv/lib/python3.9/site-packages/sklearn/base.py:380: InconsistentVersionWarning: Trying to unpickle estimator StandardScaler from version 1.7.2 when using version 1.6.1. This might lead to breaking code or invalid results. Use at your own risk. For more info please refer to:
https://scikit-learn.org/stable/model_persistence.html#security-maintainability-limitations
  warnings.warn(
/Users/nimishrauniyar/Documents/IPL Prediction/.venv/lib/python3.9/site-packages/sklearn/base.py:380: InconsistentVersionWarning: Trying to unpickle estimator LogisticRegression from version 1.7.2 when using version 1.6.1. This might lead to breaking code or invalid results. Use at your own risk. For more info please refer to:
https://scikit-learn.org/stable/model_persistence.html#security-maintainability-limitations
  warnings.warn(
/Users/nimishrauniyar/Documents/IPL Prediction/.venv/lib/python3.9/site-packages/sklearn/base.py:380: InconsistentVersionWarning: Trying to unpickle estimator Pipeline from version 1.7.2 when using version 1.6.1. This might lead to breaking code or invalid results. Use at your own risk. For more info please refer to:
https://scikit-learn.org/stable/model_persistence.html#security-maintainability-limitations
  warnings.warn(
/Users/nimishrauniyar/Documents/IPL Prediction/.venv/lib/python3.9/site-packages/sklearn/base.py:380: InconsistentVersionWarning: Trying to unpickle estimator DecisionTreeClassifier from version 1.7.2 when using version 1.6.1. This might lead to breaking code or invalid results. Use at your own risk. For more info please refer to:
https://scikit-learn.org/stable/model_persistence.html#security-maintainability-limitations
  warnings.warn(
/Users/nimishrauniyar/Documents/IPL Prediction/.venv/lib/python3.9/site-packages/sklearn/base.py:380: InconsistentVersionWarning: Trying to unpickle estimator RandomForestClassifier from version 1.7.2 when using version 1.6.1. This might lead to breaking code or invalid results. Use at your own risk. For more info please refer to:
https://scikit-learn.org/stable/model_persistence.html#security-maintainability-limitations
  warnings.warn(
/Users/nimishrauniyar/Documents/IPL Prediction/.venv/lib/python3.9/site-packages/sklearn/base.py:380: InconsistentVersionWarning: Trying to unpickle estimator _SigmoidCalibration from version 1.7.2 when using version 1.6.1. This might lead to breaking code or invalid results. Use at your own risk. For more info please refer to:
https://scikit-learn.org/stable/model_persistence.html#security-maintainability-limitations
  warnings.warn(
/Users/nimishrauniyar/Documents/IPL Prediction/.venv/lib/python3.9/site-packages/sklearn/base.py:380: InconsistentVersionWarning: Trying to unpickle estimator CalibratedClassifierCV from version 1.7.2 when using version 1.6.1. This might lead to breaking code or invalid results. Use at your own risk. For more info please refer to:
https://scikit-learn.org/stable/model_persistence.html#security-maintainability-limitations
  warnings.warn(
/Users/nimishrauniyar/Documents/IPL Prediction/.venv/lib/python3.9/site-packages/sklearn/base.py:380: InconsistentVersionWarning: Trying to unpickle estimator StandardScaler from version 1.7.2 when using version 1.6.1. This might lead to breaking code or invalid results. Use at your own risk. For more info please refer to:
https://scikit-learn.org/stable/model_persistence.html#security-maintainability-limitations
  warnings.warn(
/Users/nimishrauniyar/Documents/IPL Prediction/.venv/lib/python3.9/site-packages/sklearn/base.py:380: InconsistentVersionWarning: Trying to unpickle estimator LogisticRegression from version 1.7.2 when using version 1.6.1. This might lead to breaking code or invalid results. Use at your own risk. For more info please refer to:
https://scikit-learn.org/stable/model_persistence.html#security-maintainability-limitations
  warnings.warn(
/Users/nimishrauniyar/Documents/IPL Prediction/.venv/lib/python3.9/site-packages/sklearn/base.py:380: InconsistentVersionWarning: Trying to unpickle estimator Pipeline from version 1.7.2 when using version 1.6.1. This might lead to breaking code or invalid results. Use at your own risk. For more info please refer to:
https://scikit-learn.org/stable/model_persistence.html#security-maintainability-limitations
  warnings.warn(
/Users/nimishrauniyar/Documents/IPL Prediction/.venv/lib/python3.9/site-packages/sklearn/base.py:380: InconsistentVersionWarning: Trying to unpickle estimator DecisionTreeClassifier from version 1.7.2 when using version 1.6.1. This might lead to breaking code or invalid results. Use at your own risk. For more info please refer to:
https://scikit-learn.org/stable/model_persistence.html#security-maintainability-limitations
  warnings.warn(
/Users/nimishrauniyar/Documents/IPL Prediction/.venv/lib/python3.9/site-packages/sklearn/base.py:380: InconsistentVersionWarning: Trying to unpickle estimator RandomForestClassifier from version 1.7.2 when using version 1.6.1. This might lead to breaking code or invalid results. Use at your own risk. For more info please refer to:
https://scikit-learn.org/stable/model_persistence.html#security-maintainability-limitations
  warnings.warn(
/Users/nimishrauniyar/Documents/IPL Prediction/.venv/lib/python3.9/site-packages/sklearn/base.py:380: InconsistentVersionWarning: Trying to unpickle estimator _SigmoidCalibration from version 1.7.2 when using version 1.6.1. This might lead to breaking code or invalid results. Use at your own risk. For more info please refer to:
https://scikit-learn.org/stable/model_persistence.html#security-maintainability-limitations
  warnings.warn(
/Users/nimishrauniyar/Documents/IPL Prediction/.venv/lib/python3.9/site-packages/sklearn/base.py:380: InconsistentVersionWarning: Trying to unpickle estimator CalibratedClassifierCV from version 1.7.2 when using version 1.6.1. This might lead to breaking code or invalid results. Use at your own risk. For more info please refer to:
https://scikit-learn.org/stable/model_persistence.html#security-maintainability-limitations
  warnings.warn(
INFO:     127.0.0.1:60555 - "GET /api/insights?team_a=Pune%20Warriors&team_b=Rising%20Pune%20Supergiant HTTP/1.1" 200 OK
INFO:     127.0.0.1:60557 - "GET /api/h2h?team_a=Pune%20Warriors&team_b=Rising%20Pune%20Supergiant HTTP/1.1" 200 OK
INFO:     127.0.0.1:60656 - "GET /api/teams HTTP/1.1" 200 OK
INFO:     127.0.0.1:60657 - "GET /api/seasons HTTP/1.1" 200 OK
INFO:     127.0.0.1:60659 - "GET /api/teams HTTP/1.1" 200 OK
INFO:     127.0.0.1:60660 - "GET /api/seasons HTTP/1.1" 200 OK
INFO:     127.0.0.1:60663 - "GET /api/teams HTTP/1.1" 200 OK
INFO:     127.0.0.1:60664 - "GET /api/seasons HTTP/1.1" 200 OK
INFO:     127.0.0.1:60667 - "GET /api/teams HTTP/1.1" 200 OK
INFO:     127.0.0.1:60668 - "GET /api/seasons HTTP/1.1" 200 OK
/Users/nimishrauniyar/Documents/IPL Prediction/.venv/lib/python3.9/site-packages/sklearn/base.py:380: InconsistentVersionWarning: Trying to unpickle estimator StandardScaler from version 1.7.2 when using version 1.6.1. This might lead to breaking code or invalid results. Use at your own risk. For more info please refer to:
https://scikit-learn.org/stable/model_persistence.html#security-maintainability-limitations
  warnings.warn(
/Users/nimishrauniyar/Documents/IPL Prediction/.venv/lib/python3.9/site-packages/sklearn/base.py:380: InconsistentVersionWarning: Trying to unpickle estimator LogisticRegression from version 1.7.2 when using version 1.6.1. This might lead to breaking code or invalid results. Use at your own risk. For more info please refer to:
https://scikit-learn.org/stable/model_persistence.html#security-maintainability-limitations
  warnings.warn(
/Users/nimishrauniyar/Documents/IPL Prediction/.venv/lib/python3.9/site-packages/sklearn/base.py:380: InconsistentVersionWarning: Trying to unpickle estimator Pipeline from version 1.7.2 when using version 1.6.1. This might lead to breaking code or invalid results. Use at your own risk. For more info please refer to:
https://scikit-learn.org/stable/model_persistence.html#security-maintainability-limitations
  warnings.warn(
/Users/nimishrauniyar/Documents/IPL Prediction/.venv/lib/python3.9/site-packages/sklearn/base.py:380: InconsistentVersionWarning: Trying to unpickle estimator DecisionTreeClassifier from version 1.7.2 when using version 1.6.1. This might lead to breaking code or invalid results. Use at your own risk. For more info please refer to:
https://scikit-learn.org/stable/model_persistence.html#security-maintainability-limitations
  warnings.warn(
/Users/nimishrauniyar/Documents/IPL Prediction/.venv/lib/python3.9/site-packages/sklearn/base.py:380: InconsistentVersionWarning: Trying to unpickle estimator RandomForestClassifier from version 1.7.2 when using version 1.6.1. This might lead to breaking code or invalid results. Use at your own risk. For more info please refer to:
https://scikit-learn.org/stable/model_persistence.html#security-maintainability-limitations
  warnings.warn(
[22:48:58] WARNING: /Users/runner/work/xgboost/xgboost/src/gbm/../common/error_msg.h:80: If you are loading a serialized model (like pickle in Python, RDS in R) or
configuration generated by an older version of XGBoost, please export the model by calling
`Booster.save_model` from that version first, then load it back in current version. See:

    https://xgboost.readthedocs.io/en/stable/tutorials/saving_model.html

for more details about differences between saving model and serializing.

/Users/nimishrauniyar/Documents/IPL Prediction/.venv/lib/python3.9/site-packages/sklearn/base.py:380: InconsistentVersionWarning: Trying to unpickle estimator _SigmoidCalibration from version 1.7.2 when using version 1.6.1. This might lead to breaking code or invalid results. Use at your own risk. For more info please refer to:
https://scikit-learn.org/stable/model_persistence.html#security-maintainability-limitations
  warnings.warn(
/Users/nimishrauniyar/Documents/IPL Prediction/.venv/lib/python3.9/site-packages/sklearn/base.py:380: InconsistentVersionWarning: Trying to unpickle estimator CalibratedClassifierCV from version 1.7.2 when using version 1.6.1. This might lead to breaking code or invalid results. Use at your own risk. For more info please refer to:
https://scikit-learn.org/stable/model_persistence.html#security-maintainability-limitations
  warnings.warn(
INFO:     127.0.0.1:60670 - "GET /api/fixtures?season=2026 HTTP/1.1" 200 OK
/Users/nimishrauniyar/Documents/IPL Prediction/.venv/lib/python3.9/site-packages/sklearn/base.py:380: InconsistentVersionWarning: Trying to unpickle estimator StandardScaler from version 1.7.2 when using version 1.6.1. This might lead to breaking code or invalid results. Use at your own risk. For more info please refer to:
https://scikit-learn.org/stable/model_persistence.html#security-maintainability-limitations
  warnings.warn(
/Users/nimishrauniyar/Documents/IPL Prediction/.venv/lib/python3.9/site-packages/sklearn/base.py:380: InconsistentVersionWarning: Trying to unpickle estimator LogisticRegression from version 1.7.2 when using version 1.6.1. This might lead to breaking code or invalid results. Use at your own risk. For more info please refer to:
https://scikit-learn.org/stable/model_persistence.html#security-maintainability-limitations
  warnings.warn(
/Users/nimishrauniyar/Documents/IPL Prediction/.venv/lib/python3.9/site-packages/sklearn/base.py:380: InconsistentVersionWarning: Trying to unpickle estimator Pipeline from version 1.7.2 when using version 1.6.1. This might lead to breaking code or invalid results. Use at your own risk. For more info please refer to:
https://scikit-learn.org/stable/model_persistence.html#security-maintainability-limitations
  warnings.warn(
/Users/nimishrauniyar/Documents/IPL Prediction/.venv/lib/python3.9/site-packages/sklearn/base.py:380: InconsistentVersionWarning: Trying to unpickle estimator DecisionTreeClassifier from version 1.7.2 when using version 1.6.1. This might lead to breaking code or invalid results. Use at your own risk. For more info please refer to:
https://scikit-learn.org/stable/model_persistence.html#security-maintainability-limitations
  warnings.warn(
/Users/nimishrauniyar/Documents/IPL Prediction/.venv/lib/python3.9/site-packages/sklearn/base.py:380: InconsistentVersionWarning: Trying to unpickle estimator RandomForestClassifier from version 1.7.2 when using version 1.6.1. This might lead to breaking code or invalid results. Use at your own risk. For more info please refer to:
https://scikit-learn.org/stable/model_persistence.html#security-maintainability-limitations
  warnings.warn(
/Users/nimishrauniyar/Documents/IPL Prediction/.venv/lib/python3.9/site-packages/sklearn/base.py:380: InconsistentVersionWarning: Trying to unpickle estimator _SigmoidCalibration from version 1.7.2 when using version 1.6.1. This might lead to breaking code or invalid results. Use at your own risk. For more info please refer to:
https://scikit-learn.org/stable/model_persistence.html#security-maintainability-limitations
  warnings.warn(
/Users/nimishrauniyar/Documents/IPL Prediction/.venv/lib/python3.9/site-packages/sklearn/base.py:380: InconsistentVersionWarning: Trying to unpickle estimator CalibratedClassifierCV from version 1.7.2 when using version 1.6.1. This might lead to breaking code or invalid results. Use at your own risk. For more info please refer to:
https://scikit-learn.org/stable/model_persistence.html#security-maintainability-limitations
  warnings.warn(
INFO:     127.0.0.1:60672 - "GET /api/fixtures?season=2026 HTTP/1.1" 200 OK
INFO:     127.0.0.1:60687 - "GET /api/teams HTTP/1.1" 200 OK
INFO:     127.0.0.1:60688 - "GET /api/seasons HTTP/1.1" 200 OK
INFO:     127.0.0.1:60689 - "GET /api/teams HTTP/1.1" 200 OK
INFO:     127.0.0.1:60691 - "GET /api/seasons HTTP/1.1" 200 OK
INFO:     127.0.0.1:60693 - "GET /api/teams HTTP/1.1" 200 OK
INFO:     127.0.0.1:60695 - "GET /api/seasons HTTP/1.1" 200 OK
INFO:     127.0.0.1:60697 - "GET /api/teams HTTP/1.1" 200 OK
INFO:     127.0.0.1:60699 - "GET /api/seasons HTTP/1.1" 200 OK
/Users/nimishrauniyar/Documents/IPL Prediction/.venv/lib/python3.9/site-packages/sklearn/base.py:380: InconsistentVersionWarning: Trying to unpickle estimator StandardScaler from version 1.7.2 when using version 1.6.1. This might lead to breaking code or invalid results. Use at your own risk. For more info please refer to:
https://scikit-learn.org/stable/model_persistence.html#security-maintainability-limitations
  warnings.warn(
/Users/nimishrauniyar/Documents/IPL Prediction/.venv/lib/python3.9/site-packages/sklearn/base.py:380: InconsistentVersionWarning: Trying to unpickle estimator LogisticRegression from version 1.7.2 when using version 1.6.1. This might lead to breaking code or invalid results. Use at your own risk. For more info please refer to:
https://scikit-learn.org/stable/model_persistence.html#security-maintainability-limitations
  warnings.warn(
/Users/nimishrauniyar/Documents/IPL Prediction/.venv/lib/python3.9/site-packages/sklearn/base.py:380: InconsistentVersionWarning: Trying to unpickle estimator Pipeline from version 1.7.2 when using version 1.6.1. This might lead to breaking code or invalid results. Use at your own risk. For more info please refer to:
https://scikit-learn.org/stable/model_persistence.html#security-maintainability-limitations
  warnings.warn(
/Users/nimishrauniyar/Documents/IPL Prediction/.venv/lib/python3.9/site-packages/sklearn/base.py:380: InconsistentVersionWarning: Trying to unpickle estimator DecisionTreeClassifier from version 1.7.2 when using version 1.6.1. This might lead to breaking code or invalid results. Use at your own risk. For more info please refer to:
https://scikit-learn.org/stable/model_persistence.html#security-maintainability-limitations
  warnings.warn(
/Users/nimishrauniyar/Documents/IPL Prediction/.venv/lib/python3.9/site-packages/sklearn/base.py:380: InconsistentVersionWarning: Trying to unpickle estimator RandomForestClassifier from version 1.7.2 when using version 1.6.1. This might lead to breaking code or invalid results. Use at your own risk. For more info please refer to:
https://scikit-learn.org/stable/model_persistence.html#security-maintainability-limitations
  warnings.warn(
[22:50:26] WARNING: /Users/runner/work/xgboost/xgboost/src/gbm/../common/error_msg.h:80: If you are loading a serialized model (like pickle in Python, RDS in R) or
configuration generated by an older version of XGBoost, please export the model by calling
`Booster.save_model` from that version first, then load it back in current version. See:

    https://xgboost.readthedocs.io/en/stable/tutorials/saving_model.html

for more details about differences between saving model and serializing.

/Users/nimishrauniyar/Documents/IPL Prediction/.venv/lib/python3.9/site-packages/sklearn/base.py:380: InconsistentVersionWarning: Trying to unpickle estimator _SigmoidCalibration from version 1.7.2 when using version 1.6.1. This might lead to breaking code or invalid results. Use at your own risk. For more info please refer to:
https://scikit-learn.org/stable/model_persistence.html#security-maintainability-limitations
  warnings.warn(
/Users/nimishrauniyar/Documents/IPL Prediction/.venv/lib/python3.9/site-packages/sklearn/base.py:380: InconsistentVersionWarning: Trying to unpickle estimator CalibratedClassifierCV from version 1.7.2 when using version 1.6.1. This might lead to breaking code or invalid results. Use at your own risk. For more info please refer to:
https://scikit-learn.org/stable/model_persistence.html#security-maintainability-limitations
  warnings.warn(
INFO:     127.0.0.1:60702 - "GET /api/fixtures?season=2026 HTTP/1.1" 200 OK
/Users/nimishrauniyar/Documents/IPL Prediction/.venv/lib/python3.9/site-packages/sklearn/base.py:380: InconsistentVersionWarning: Trying to unpickle estimator StandardScaler from version 1.7.2 when using version 1.6.1. This might lead to breaking code or invalid results. Use at your own risk. For more info please refer to:
https://scikit-learn.org/stable/model_persistence.html#security-maintainability-limitations
  warnings.warn(
/Users/nimishrauniyar/Documents/IPL Prediction/.venv/lib/python3.9/site-packages/sklearn/base.py:380: InconsistentVersionWarning: Trying to unpickle estimator LogisticRegression from version 1.7.2 when using version 1.6.1. This might lead to breaking code or invalid results. Use at your own risk. For more info please refer to:
https://scikit-learn.org/stable/model_persistence.html#security-maintainability-limitations
  warnings.warn(
/Users/nimishrauniyar/Documents/IPL Prediction/.venv/lib/python3.9/site-packages/sklearn/base.py:380: InconsistentVersionWarning: Trying to unpickle estimator Pipeline from version 1.7.2 when using version 1.6.1. This might lead to breaking code or invalid results. Use at your own risk. For more info please refer to:
https://scikit-learn.org/stable/model_persistence.html#security-maintainability-limitations
  warnings.warn(
/Users/nimishrauniyar/Documents/IPL Prediction/.venv/lib/python3.9/site-packages/sklearn/base.py:380: InconsistentVersionWarning: Trying to unpickle estimator DecisionTreeClassifier from version 1.7.2 when using version 1.6.1. This might lead to breaking code or invalid results. Use at your own risk. For more info please refer to:
https://scikit-learn.org/stable/model_persistence.html#security-maintainability-limitations
  warnings.warn(
/Users/nimishrauniyar/Documents/IPL Prediction/.venv/lib/python3.9/site-packages/sklearn/base.py:380: InconsistentVersionWarning: Trying to unpickle estimator RandomForestClassifier from version 1.7.2 when using version 1.6.1. This might lead to breaking code or invalid results. Use at your own risk. For more info please refer to:
https://scikit-learn.org/stable/model_persistence.html#security-maintainability-limitations
  warnings.warn(
/Users/nimishrauniyar/Documents/IPL Prediction/.venv/lib/python3.9/site-packages/sklearn/base.py:380: InconsistentVersionWarning: Trying to unpickle estimator _SigmoidCalibration from version 1.7.2 when using version 1.6.1. This might lead to breaking code or invalid results. Use at your own risk. For more info please refer to:
https://scikit-learn.org/stable/model_persistence.html#security-maintainability-limitations
  warnings.warn(
/Users/nimishrauniyar/Documents/IPL Prediction/.venv/lib/python3.9/site-packages/sklearn/base.py:380: InconsistentVersionWarning: Trying to unpickle estimator CalibratedClassifierCV from version 1.7.2 when using version 1.6.1. This might lead to breaking code or invalid results. Use at your own risk. For more info please refer to:
https://scikit-learn.org/stable/model_persistence.html#security-maintainability-limitations
  warnings.warn(
INFO:     127.0.0.1:60704 - "GET /api/fixtures?season=2026 HTTP/1.1" 200 OK
INFO:     127.0.0.1:60846 - "GET /api/seasons HTTP/1.1" 200 OK
INFO:     127.0.0.1:60845 - "GET /api/teams HTTP/1.1" 200 OK
INFO:     127.0.0.1:60850 - "GET /api/teams HTTP/1.1" 200 OK
INFO:     127.0.0.1:60848 - "GET /api/seasons HTTP/1.1" 200 OK
INFO:     127.0.0.1:60854 - "GET /api/teams HTTP/1.1" 200 OK
INFO:     127.0.0.1:60855 - "GET /api/seasons HTTP/1.1" 200 OK
INFO:     127.0.0.1:60858 - "GET /api/teams HTTP/1.1" 200 OK
INFO:     127.0.0.1:60859 - "GET /api/seasons HTTP/1.1" 200 OK
/Users/nimishrauniyar/Documents/IPL Prediction/.venv/lib/python3.9/site-packages/sklearn/base.py:380: InconsistentVersionWarning: Trying to unpickle estimator StandardScaler from version 1.7.2 when using version 1.6.1. This might lead to breaking code or invalid results. Use at your own risk. For more info please refer to:
https://scikit-learn.org/stable/model_persistence.html#security-maintainability-limitations
  warnings.warn(
/Users/nimishrauniyar/Documents/IPL Prediction/.venv/lib/python3.9/site-packages/sklearn/base.py:380: InconsistentVersionWarning: Trying to unpickle estimator LogisticRegression from version 1.7.2 when using version 1.6.1. This might lead to breaking code or invalid results. Use at your own risk. For more info please refer to:
https://scikit-learn.org/stable/model_persistence.html#security-maintainability-limitations
  warnings.warn(
/Users/nimishrauniyar/Documents/IPL Prediction/.venv/lib/python3.9/site-packages/sklearn/base.py:380: InconsistentVersionWarning: Trying to unpickle estimator Pipeline from version 1.7.2 when using version 1.6.1. This might lead to breaking code or invalid results. Use at your own risk. For more info please refer to:
https://scikit-learn.org/stable/model_persistence.html#security-maintainability-limitations
  warnings.warn(
/Users/nimishrauniyar/Documents/IPL Prediction/.venv/lib/python3.9/site-packages/sklearn/base.py:380: InconsistentVersionWarning: Trying to unpickle estimator DecisionTreeClassifier from version 1.7.2 when using version 1.6.1. This might lead to breaking code or invalid results. Use at your own risk. For more info please refer to:
https://scikit-learn.org/stable/model_persistence.html#security-maintainability-limitations
  warnings.warn(
/Users/nimishrauniyar/Documents/IPL Prediction/.venv/lib/python3.9/site-packages/sklearn/base.py:380: InconsistentVersionWarning: Trying to unpickle estimator RandomForestClassifier from version 1.7.2 when using version 1.6.1. This might lead to breaking code or invalid results. Use at your own risk. For more info please refer to:
https://scikit-learn.org/stable/model_persistence.html#security-maintainability-limitations
  warnings.warn(
[23:08:27] WARNING: /Users/runner/work/xgboost/xgboost/src/gbm/../common/error_msg.h:80: If you are loading a serialized model (like pickle in Python, RDS in R) or
configuration generated by an older version of XGBoost, please export the model by calling
`Booster.save_model` from that version first, then load it back in current version. See:

    https://xgboost.readthedocs.io/en/stable/tutorials/saving_model.html

for more details about differences between saving model and serializing.

/Users/nimishrauniyar/Documents/IPL Prediction/.venv/lib/python3.9/site-packages/sklearn/base.py:380: InconsistentVersionWarning: Trying to unpickle estimator _SigmoidCalibration from version 1.7.2 when using version 1.6.1. This might lead to breaking code or invalid results. Use at your own risk. For more info please refer to:
https://scikit-learn.org/stable/model_persistence.html#security-maintainability-limitations
  warnings.warn(
/Users/nimishrauniyar/Documents/IPL Prediction/.venv/lib/python3.9/site-packages/sklearn/base.py:380: InconsistentVersionWarning: Trying to unpickle estimator CalibratedClassifierCV from version 1.7.2 when using version 1.6.1. This might lead to breaking code or invalid results. Use at your own risk. For more info please refer to:
https://scikit-learn.org/stable/model_persistence.html#security-maintainability-limitations
  warnings.warn(
INFO:     127.0.0.1:60861 - "GET /api/fixtures?season=2026 HTTP/1.1" 200 OK
/Users/nimishrauniyar/Documents/IPL Prediction/.venv/lib/python3.9/site-packages/sklearn/base.py:380: InconsistentVersionWarning: Trying to unpickle estimator StandardScaler from version 1.7.2 when using version 1.6.1. This might lead to breaking code or invalid results. Use at your own risk. For more info please refer to:
https://scikit-learn.org/stable/model_persistence.html#security-maintainability-limitations
  warnings.warn(
/Users/nimishrauniyar/Documents/IPL Prediction/.venv/lib/python3.9/site-packages/sklearn/base.py:380: InconsistentVersionWarning: Trying to unpickle estimator LogisticRegression from version 1.7.2 when using version 1.6.1. This might lead to breaking code or invalid results. Use at your own risk. For more info please refer to:
https://scikit-learn.org/stable/model_persistence.html#security-maintainability-limitations
  warnings.warn(
/Users/nimishrauniyar/Documents/IPL Prediction/.venv/lib/python3.9/site-packages/sklearn/base.py:380: InconsistentVersionWarning: Trying to unpickle estimator Pipeline from version 1.7.2 when using version 1.6.1. This might lead to breaking code or invalid results. Use at your own risk. For more info please refer to:
https://scikit-learn.org/stable/model_persistence.html#security-maintainability-limitations
  warnings.warn(
/Users/nimishrauniyar/Documents/IPL Prediction/.venv/lib/python3.9/site-packages/sklearn/base.py:380: InconsistentVersionWarning: Trying to unpickle estimator DecisionTreeClassifier from version 1.7.2 when using version 1.6.1. This might lead to breaking code or invalid results. Use at your own risk. For more info please refer to:
https://scikit-learn.org/stable/model_persistence.html#security-maintainability-limitations
  warnings.warn(
/Users/nimishrauniyar/Documents/IPL Prediction/.venv/lib/python3.9/site-packages/sklearn/base.py:380: InconsistentVersionWarning: Trying to unpickle estimator RandomForestClassifier from version 1.7.2 when using version 1.6.1. This might lead to breaking code or invalid results. Use at your own risk. For more info please refer to:
https://scikit-learn.org/stable/model_persistence.html#security-maintainability-limitations
  warnings.warn(
/Users/nimishrauniyar/Documents/IPL Prediction/.venv/lib/python3.9/site-packages/sklearn/base.py:380: InconsistentVersionWarning: Trying to unpickle estimator _SigmoidCalibration from version 1.7.2 when using version 1.6.1. This might lead to breaking code or invalid results. Use at your own risk. For more info please refer to:
https://scikit-learn.org/stable/model_persistence.html#security-maintainability-limitations
  warnings.warn(
/Users/nimishrauniyar/Documents/IPL Prediction/.venv/lib/python3.9/site-packages/sklearn/base.py:380: InconsistentVersionWarning: Trying to unpickle estimator CalibratedClassifierCV from version 1.7.2 when using version 1.6.1. This might lead to breaking code or invalid results. Use at your own risk. For more info please refer to:
https://scikit-learn.org/stable/model_persistence.html#security-maintainability-limitations
  warnings.warn(
INFO:     127.0.0.1:60863 - "GET /api/fixtures?season=2026 HTTP/1.1" 200 OK
INFO:     127.0.0.1:60879 - "GET /api/teams HTTP/1.1" 200 OK
INFO:     127.0.0.1:60880 - "GET /api/seasons HTTP/1.1" 200 OK
INFO:     127.0.0.1:60882 - "GET /api/teams HTTP/1.1" 200 OK
INFO:     127.0.0.1:60883 - "GET /api/seasons HTTP/1.1" 200 OK
INFO:     127.0.0.1:60886 - "GET /api/teams HTTP/1.1" 200 OK
INFO:     127.0.0.1:60887 - "GET /api/seasons HTTP/1.1" 200 OK
INFO:     127.0.0.1:60889 - "GET /api/teams HTTP/1.1" 200 OK
INFO:     127.0.0.1:60891 - "GET /api/seasons HTTP/1.1" 200 OK
/Users/nimishrauniyar/Documents/IPL Prediction/.venv/lib/python3.9/site-packages/sklearn/base.py:380: InconsistentVersionWarning: Trying to unpickle estimator StandardScaler from version 1.7.2 when using version 1.6.1. This might lead to breaking code or invalid results. Use at your own risk. For more info please refer to:
https://scikit-learn.org/stable/model_persistence.html#security-maintainability-limitations
  warnings.warn(
/Users/nimishrauniyar/Documents/IPL Prediction/.venv/lib/python3.9/site-packages/sklearn/base.py:380: InconsistentVersionWarning: Trying to unpickle estimator LogisticRegression from version 1.7.2 when using version 1.6.1. This might lead to breaking code or invalid results. Use at your own risk. For more info please refer to:
https://scikit-learn.org/stable/model_persistence.html#security-maintainability-limitations
  warnings.warn(
/Users/nimishrauniyar/Documents/IPL Prediction/.venv/lib/python3.9/site-packages/sklearn/base.py:380: InconsistentVersionWarning: Trying to unpickle estimator Pipeline from version 1.7.2 when using version 1.6.1. This might lead to breaking code or invalid results. Use at your own risk. For more info please refer to:
https://scikit-learn.org/stable/model_persistence.html#security-maintainability-limitations
  warnings.warn(
/Users/nimishrauniyar/Documents/IPL Prediction/.venv/lib/python3.9/site-packages/sklearn/base.py:380: InconsistentVersionWarning: Trying to unpickle estimator DecisionTreeClassifier from version 1.7.2 when using version 1.6.1. This might lead to breaking code or invalid results. Use at your own risk. For more info please refer to:
https://scikit-learn.org/stable/model_persistence.html#security-maintainability-limitations
  warnings.warn(
/Users/nimishrauniyar/Documents/IPL Prediction/.venv/lib/python3.9/site-packages/sklearn/base.py:380: InconsistentVersionWarning: Trying to unpickle estimator RandomForestClassifier from version 1.7.2 when using version 1.6.1. This might lead to breaking code or invalid results. Use at your own risk. For more info please refer to:
https://scikit-learn.org/stable/model_persistence.html#security-maintainability-limitations
  warnings.warn(
/Users/nimishrauniyar/Documents/IPL Prediction/.venv/lib/python3.9/site-packages/sklearn/base.py:380: InconsistentVersionWarning: Trying to unpickle estimator _SigmoidCalibration from version 1.7.2 when using version 1.6.1. This might lead to breaking code or invalid results. Use at your own risk. For more info please refer to:
https://scikit-learn.org/stable/model_persistence.html#security-maintainability-limitations
  warnings.warn(
/Users/nimishrauniyar/Documents/IPL Prediction/.venv/lib/python3.9/site-packages/sklearn/base.py:380: InconsistentVersionWarning: Trying to unpickle estimator CalibratedClassifierCV from version 1.7.2 when using version 1.6.1. This might lead to breaking code or invalid results. Use at your own risk. For more info please refer to:
https://scikit-learn.org/stable/model_persistence.html#security-maintainability-limitations
  warnings.warn(
INFO:     127.0.0.1:60897 - "GET /api/fixtures?season=2026 HTTP/1.1" 200 OK
/Users/nimishrauniyar/Documents/IPL Prediction/.venv/lib/python3.9/site-packages/sklearn/base.py:380: InconsistentVersionWarning: Trying to unpickle estimator StandardScaler from version 1.7.2 when using version 1.6.1. This might lead to breaking code or invalid results. Use at your own risk. For more info please refer to:
https://scikit-learn.org/stable/model_persistence.html#security-maintainability-limitations
  warnings.warn(
/Users/nimishrauniyar/Documents/IPL Prediction/.venv/lib/python3.9/site-packages/sklearn/base.py:380: InconsistentVersionWarning: Trying to unpickle estimator LogisticRegression from version 1.7.2 when using version 1.6.1. This might lead to breaking code or invalid results. Use at your own risk. For more info please refer to:
https://scikit-learn.org/stable/model_persistence.html#security-maintainability-limitations
  warnings.warn(
/Users/nimishrauniyar/Documents/IPL Prediction/.venv/lib/python3.9/site-packages/sklearn/base.py:380: InconsistentVersionWarning: Trying to unpickle estimator Pipeline from version 1.7.2 when using version 1.6.1. This might lead to breaking code or invalid results. Use at your own risk. For more info please refer to:
https://scikit-learn.org/stable/model_persistence.html#security-maintainability-limitations
  warnings.warn(
/Users/nimishrauniyar/Documents/IPL Prediction/.venv/lib/python3.9/site-packages/sklearn/base.py:380: InconsistentVersionWarning: Trying to unpickle estimator DecisionTreeClassifier from version 1.7.2 when using version 1.6.1. This might lead to breaking code or invalid results. Use at your own risk. For more info please refer to:
https://scikit-learn.org/stable/model_persistence.html#security-maintainability-limitations
  warnings.warn(
/Users/nimishrauniyar/Documents/IPL Prediction/.venv/lib/python3.9/site-packages/sklearn/base.py:380: InconsistentVersionWarning: Trying to unpickle estimator RandomForestClassifier from version 1.7.2 when using version 1.6.1. This might lead to breaking code or invalid results. Use at your own risk. For more info please refer to:
https://scikit-learn.org/stable/model_persistence.html#security-maintainability-limitations
  warnings.warn(
/Users/nimishrauniyar/Documents/IPL Prediction/.venv/lib/python3.9/site-packages/sklearn/base.py:380: InconsistentVersionWarning: Trying to unpickle estimator _SigmoidCalibration from version 1.7.2 when using version 1.6.1. This might lead to breaking code or invalid results. Use at your own risk. For more info please refer to:
https://scikit-learn.org/stable/model_persistence.html#security-maintainability-limitations
  warnings.warn(
/Users/nimishrauniyar/Documents/IPL Prediction/.venv/lib/python3.9/site-packages/sklearn/base.py:380: InconsistentVersionWarning: Trying to unpickle estimator CalibratedClassifierCV from version 1.7.2 when using version 1.6.1. This might lead to breaking code or invalid results. Use at your own risk. For more info please refer to:
https://scikit-learn.org/stable/model_persistence.html#security-maintainability-limitations
  warnings.warn(
INFO:     127.0.0.1:60899 - "GET /api/fixtures?season=2026 HTTP/1.1" 200 OK
/Users/nimishrauniyar/Documents/IPL Prediction/.venv/lib/python3.9/site-packages/sklearn/base.py:380: InconsistentVersionWarning: Trying to unpickle estimator StandardScaler from version 1.7.2 when using version 1.6.1. This might lead to breaking code or invalid results. Use at your own risk. For more info please refer to:
https://scikit-learn.org/stable/model_persistence.html#security-maintainability-limitations
  warnings.warn(
/Users/nimishrauniyar/Documents/IPL Prediction/.venv/lib/python3.9/site-packages/sklearn/base.py:380: InconsistentVersionWarning: Trying to unpickle estimator LogisticRegression from version 1.7.2 when using version 1.6.1. This might lead to breaking code or invalid results. Use at your own risk. For more info please refer to:
https://scikit-learn.org/stable/model_persistence.html#security-maintainability-limitations
  warnings.warn(
/Users/nimishrauniyar/Documents/IPL Prediction/.venv/lib/python3.9/site-packages/sklearn/base.py:380: InconsistentVersionWarning: Trying to unpickle estimator Pipeline from version 1.7.2 when using version 1.6.1. This might lead to breaking code or invalid results. Use at your own risk. For more info please refer to:
https://scikit-learn.org/stable/model_persistence.html#security-maintainability-limitations
  warnings.warn(
/Users/nimishrauniyar/Documents/IPL Prediction/.venv/lib/python3.9/site-packages/sklearn/base.py:380: InconsistentVersionWarning: Trying to unpickle estimator DecisionTreeClassifier from version 1.7.2 when using version 1.6.1. This might lead to breaking code or invalid results. Use at your own risk. For more info please refer to:
https://scikit-learn.org/stable/model_persistence.html#security-maintainability-limitations
  warnings.warn(
/Users/nimishrauniyar/Documents/IPL Prediction/.venv/lib/python3.9/site-packages/sklearn/base.py:380: InconsistentVersionWarning: Trying to unpickle estimator RandomForestClassifier from version 1.7.2 when using version 1.6.1. This might lead to breaking code or invalid results. Use at your own risk. For more info please refer to:
https://scikit-learn.org/stable/model_persistence.html#security-maintainability-limitations
  warnings.warn(
/Users/nimishrauniyar/Documents/IPL Prediction/.venv/lib/python3.9/site-packages/sklearn/base.py:380: InconsistentVersionWarning: Trying to unpickle estimator _SigmoidCalibration from version 1.7.2 when using version 1.6.1. This might lead to breaking code or invalid results. Use at your own risk. For more info please refer to:
https://scikit-learn.org/stable/model_persistence.html#security-maintainability-limitations
  warnings.warn(
/Users/nimishrauniyar/Documents/IPL Prediction/.venv/lib/python3.9/site-packages/sklearn/base.py:380: InconsistentVersionWarning: Trying to unpickle estimator CalibratedClassifierCV from version 1.7.2 when using version 1.6.1. This might lead to breaking code or invalid results. Use at your own risk. For more info please refer to:
https://scikit-learn.org/stable/model_persistence.html#security-maintainability-limitations
  warnings.warn(
/Users/nimishrauniyar/Documents/IPL Prediction/.venv/lib/python3.9/site-packages/sklearn/base.py:380: InconsistentVersionWarning: Trying to unpickle estimator StandardScaler from version 1.7.2 when using version 1.6.1. This might lead to breaking code or invalid results. Use at your own risk. For more info please refer to:
https://scikit-learn.org/stable/model_persistence.html#security-maintainability-limitations
  warnings.warn(
/Users/nimishrauniyar/Documents/IPL Prediction/.venv/lib/python3.9/site-packages/sklearn/base.py:380: InconsistentVersionWarning: Trying to unpickle estimator LogisticRegression from version 1.7.2 when using version 1.6.1. This might lead to breaking code or invalid results. Use at your own risk. For more info please refer to:
https://scikit-learn.org/stable/model_persistence.html#security-maintainability-limitations
  warnings.warn(
/Users/nimishrauniyar/Documents/IPL Prediction/.venv/lib/python3.9/site-packages/sklearn/base.py:380: InconsistentVersionWarning: Trying to unpickle estimator Pipeline from version 1.7.2 when using version 1.6.1. This might lead to breaking code or invalid results. Use at your own risk. For more info please refer to:
https://scikit-learn.org/stable/model_persistence.html#security-maintainability-limitations
  warnings.warn(
/Users/nimishrauniyar/Documents/IPL Prediction/.venv/lib/python3.9/site-packages/sklearn/base.py:380: InconsistentVersionWarning: Trying to unpickle estimator DecisionTreeClassifier from version 1.7.2 when using version 1.6.1. This might lead to breaking code or invalid results. Use at your own risk. For more info please refer to:
https://scikit-learn.org/stable/model_persistence.html#security-maintainability-limitations
  warnings.warn(
/Users/nimishrauniyar/Documents/IPL Prediction/.venv/lib/python3.9/site-packages/sklearn/base.py:380: InconsistentVersionWarning: Trying to unpickle estimator RandomForestClassifier from version 1.7.2 when using version 1.6.1. This might lead to breaking code or invalid results. Use at your own risk. For more info please refer to:
https://scikit-learn.org/stable/model_persistence.html#security-maintainability-limitations
  warnings.warn(
/Users/nimishrauniyar/Documents/IPL Prediction/.venv/lib/python3.9/site-packages/sklearn/base.py:380: InconsistentVersionWarning: Trying to unpickle estimator _SigmoidCalibration from version 1.7.2 when using version 1.6.1. This might lead to breaking code or invalid results. Use at your own risk. For more info please refer to:
https://scikit-learn.org/stable/model_persistence.html#security-maintainability-limitations
  warnings.warn(
/Users/nimishrauniyar/Documents/IPL Prediction/.venv/lib/python3.9/site-packages/sklearn/base.py:380: InconsistentVersionWarning: Trying to unpickle estimator CalibratedClassifierCV from version 1.7.2 when using version 1.6.1. This might lead to breaking code or invalid results. Use at your own risk. For more info please refer to:
https://scikit-learn.org/stable/model_persistence.html#security-maintainability-limitations
  warnings.warn(
INFO:     127.0.0.1:61061 - "GET /api/insights?team_a=Chennai%20Super%20Kings&team_b=Mumbai%20Indians HTTP/1.1" 200 OK
INFO:     127.0.0.1:61063 - "GET /api/h2h?team_a=Chennai%20Super%20Kings&team_b=Mumbai%20Indians HTTP/1.1" 200 OK
INFO:     127.0.0.1:61139 - "GET /api/teams HTTP/1.1" 200 OK
INFO:     127.0.0.1:61140 - "GET /api/seasons HTTP/1.1" 200 OK
INFO:     127.0.0.1:61143 - "GET /api/seasons HTTP/1.1" 200 OK
INFO:     127.0.0.1:61142 - "GET /api/teams HTTP/1.1" 200 OK
/Users/nimishrauniyar/Documents/IPL Prediction/.venv/lib/python3.9/site-packages/sklearn/base.py:380: InconsistentVersionWarning: Trying to unpickle estimator StandardScaler from version 1.7.2 when using version 1.6.1. This might lead to breaking code or invalid results. Use at your own risk. For more info please refer to:
https://scikit-learn.org/stable/model_persistence.html#security-maintainability-limitations
  warnings.warn(
/Users/nimishrauniyar/Documents/IPL Prediction/.venv/lib/python3.9/site-packages/sklearn/base.py:380: InconsistentVersionWarning: Trying to unpickle estimator LogisticRegression from version 1.7.2 when using version 1.6.1. This might lead to breaking code or invalid results. Use at your own risk. For more info please refer to:
https://scikit-learn.org/stable/model_persistence.html#security-maintainability-limitations
  warnings.warn(
/Users/nimishrauniyar/Documents/IPL Prediction/.venv/lib/python3.9/site-packages/sklearn/base.py:380: InconsistentVersionWarning: Trying to unpickle estimator Pipeline from version 1.7.2 when using version 1.6.1. This might lead to breaking code or invalid results. Use at your own risk. For more info please refer to:
https://scikit-learn.org/stable/model_persistence.html#security-maintainability-limitations
  warnings.warn(
/Users/nimishrauniyar/Documents/IPL Prediction/.venv/lib/python3.9/site-packages/sklearn/base.py:380: InconsistentVersionWarning: Trying to unpickle estimator DecisionTreeClassifier from version 1.7.2 when using version 1.6.1. This might lead to breaking code or invalid results. Use at your own risk. For more info please refer to:
https://scikit-learn.org/stable/model_persistence.html#security-maintainability-limitations
  warnings.warn(
/Users/nimishrauniyar/Documents/IPL Prediction/.venv/lib/python3.9/site-packages/sklearn/base.py:380: InconsistentVersionWarning: Trying to unpickle estimator RandomForestClassifier from version 1.7.2 when using version 1.6.1. This might lead to breaking code or invalid results. Use at your own risk. For more info please refer to:
https://scikit-learn.org/stable/model_persistence.html#security-maintainability-limitations
  warnings.warn(
[23:53:34] WARNING: /Users/runner/work/xgboost/xgboost/src/gbm/../common/error_msg.h:80: If you are loading a serialized model (like pickle in Python, RDS in R) or
configuration generated by an older version of XGBoost, please export the model by calling
`Booster.save_model` from that version first, then load it back in current version. See:

    https://xgboost.readthedocs.io/en/stable/tutorials/saving_model.html

for more details about differences between saving model and serializing.

/Users/nimishrauniyar/Documents/IPL Prediction/.venv/lib/python3.9/site-packages/sklearn/base.py:380: InconsistentVersionWarning: Trying to unpickle estimator _SigmoidCalibration from version 1.7.2 when using version 1.6.1. This might lead to breaking code or invalid results. Use at your own risk. For more info please refer to:
https://scikit-learn.org/stable/model_persistence.html#security-maintainability-limitations
  warnings.warn(
/Users/nimishrauniyar/Documents/IPL Prediction/.venv/lib/python3.9/site-packages/sklearn/base.py:380: InconsistentVersionWarning: Trying to unpickle estimator CalibratedClassifierCV from version 1.7.2 when using version 1.6.1. This might lead to breaking code or invalid results. Use at your own risk. For more info please refer to:
https://scikit-learn.org/stable/model_persistence.html#security-maintainability-limitations
  warnings.warn(
INFO:     127.0.0.1:61145 - "GET /api/fixtures?season=2026 HTTP/1.1" 200 OK
/Users/nimishrauniyar/Documents/IPL Prediction/.venv/lib/python3.9/site-packages/sklearn/base.py:380: InconsistentVersionWarning: Trying to unpickle estimator StandardScaler from version 1.7.2 when using version 1.6.1. This might lead to breaking code or invalid results. Use at your own risk. For more info please refer to:
https://scikit-learn.org/stable/model_persistence.html#security-maintainability-limitations
  warnings.warn(
/Users/nimishrauniyar/Documents/IPL Prediction/.venv/lib/python3.9/site-packages/sklearn/base.py:380: InconsistentVersionWarning: Trying to unpickle estimator LogisticRegression from version 1.7.2 when using version 1.6.1. This might lead to breaking code or invalid results. Use at your own risk. For more info please refer to:
https://scikit-learn.org/stable/model_persistence.html#security-maintainability-limitations
  warnings.warn(
/Users/nimishrauniyar/Documents/IPL Prediction/.venv/lib/python3.9/site-packages/sklearn/base.py:380: InconsistentVersionWarning: Trying to unpickle estimator Pipeline from version 1.7.2 when using version 1.6.1. This might lead to breaking code or invalid results. Use at your own risk. For more info please refer to:
https://scikit-learn.org/stable/model_persistence.html#security-maintainability-limitations
  warnings.warn(
/Users/nimishrauniyar/Documents/IPL Prediction/.venv/lib/python3.9/site-packages/sklearn/base.py:380: InconsistentVersionWarning: Trying to unpickle estimator DecisionTreeClassifier from version 1.7.2 when using version 1.6.1. This might lead to breaking code or invalid results. Use at your own risk. For more info please refer to:
https://scikit-learn.org/stable/model_persistence.html#security-maintainability-limitations
  warnings.warn(
/Users/nimishrauniyar/Documents/IPL Prediction/.venv/lib/python3.9/site-packages/sklearn/base.py:380: InconsistentVersionWarning: Trying to unpickle estimator RandomForestClassifier from version 1.7.2 when using version 1.6.1. This might lead to breaking code or invalid results. Use at your own risk. For more info please refer to:
https://scikit-learn.org/stable/model_persistence.html#security-maintainability-limitations
  warnings.warn(
/Users/nimishrauniyar/Documents/IPL Prediction/.venv/lib/python3.9/site-packages/sklearn/base.py:380: InconsistentVersionWarning: Trying to unpickle estimator _SigmoidCalibration from version 1.7.2 when using version 1.6.1. This might lead to breaking code or invalid results. Use at your own risk. For more info please refer to:
https://scikit-learn.org/stable/model_persistence.html#security-maintainability-limitations
  warnings.warn(
/Users/nimishrauniyar/Documents/IPL Prediction/.venv/lib/python3.9/site-packages/sklearn/base.py:380: InconsistentVersionWarning: Trying to unpickle estimator CalibratedClassifierCV from version 1.7.2 when using version 1.6.1. This might lead to breaking code or invalid results. Use at your own risk. For more info please refer to:
https://scikit-learn.org/stable/model_persistence.html#security-maintainability-limitations
  warnings.warn(
/Users/nimishrauniyar/Documents/IPL Prediction/.venv/lib/python3.9/site-packages/sklearn/base.py:380: InconsistentVersionWarning: Trying to unpickle estimator StandardScaler from version 1.7.2 when using version 1.6.1. This might lead to breaking code or invalid results. Use at your own risk. For more info please refer to:
https://scikit-learn.org/stable/model_persistence.html#security-maintainability-limitations
  warnings.warn(
/Users/nimishrauniyar/Documents/IPL Prediction/.venv/lib/python3.9/site-packages/sklearn/base.py:380: InconsistentVersionWarning: Trying to unpickle estimator LogisticRegression from version 1.7.2 when using version 1.6.1. This might lead to breaking code or invalid results. Use at your own risk. For more info please refer to:
https://scikit-learn.org/stable/model_persistence.html#security-maintainability-limitations
  warnings.warn(
/Users/nimishrauniyar/Documents/IPL Prediction/.venv/lib/python3.9/site-packages/sklearn/base.py:380: InconsistentVersionWarning: Trying to unpickle estimator Pipeline from version 1.7.2 when using version 1.6.1. This might lead to breaking code or invalid results. Use at your own risk. For more info please refer to:
https://scikit-learn.org/stable/model_persistence.html#security-maintainability-limitations
  warnings.warn(
/Users/nimishrauniyar/Documents/IPL Prediction/.venv/lib/python3.9/site-packages/sklearn/base.py:380: InconsistentVersionWarning: Trying to unpickle estimator DecisionTreeClassifier from version 1.7.2 when using version 1.6.1. This might lead to breaking code or invalid results. Use at your own risk. For more info please refer to:
https://scikit-learn.org/stable/model_persistence.html#security-maintainability-limitations
  warnings.warn(
/Users/nimishrauniyar/Documents/IPL Prediction/.venv/lib/python3.9/site-packages/sklearn/base.py:380: InconsistentVersionWarning: Trying to unpickle estimator RandomForestClassifier from version 1.7.2 when using version 1.6.1. This might lead to breaking code or invalid results. Use at your own risk. For more info please refer to:
https://scikit-learn.org/stable/model_persistence.html#security-maintainability-limitations
  warnings.warn(
/Users/nimishrauniyar/Documents/IPL Prediction/.venv/lib/python3.9/site-packages/sklearn/base.py:380: InconsistentVersionWarning: Trying to unpickle estimator _SigmoidCalibration from version 1.7.2 when using version 1.6.1. This might lead to breaking code or invalid results. Use at your own risk. For more info please refer to:
https://scikit-learn.org/stable/model_persistence.html#security-maintainability-limitations
  warnings.warn(
/Users/nimishrauniyar/Documents/IPL Prediction/.venv/lib/python3.9/site-packages/sklearn/base.py:380: InconsistentVersionWarning: Trying to unpickle estimator CalibratedClassifierCV from version 1.7.2 when using version 1.6.1. This might lead to breaking code or invalid results. Use at your own risk. For more info please refer to:
https://scikit-learn.org/stable/model_persistence.html#security-maintainability-limitations
  warnings.warn(
INFO:     127.0.0.1:61457 - "GET /api/insights?team_a=Chennai%20Super%20Kings&team_b=Mumbai%20Indians HTTP/1.1" 200 OK
INFO:     127.0.0.1:61459 - "GET /api/h2h?team_a=Chennai%20Super%20Kings&team_b=Mumbai%20Indians HTTP/1.1" 200 OK
INFO:     127.0.0.1:61469 - "GET /api/teams HTTP/1.1" 200 OK
INFO:     127.0.0.1:61470 - "GET /api/seasons HTTP/1.1" 200 OK
INFO:     127.0.0.1:61472 - "GET /api/teams HTTP/1.1" 200 OK
INFO:     127.0.0.1:61473 - "GET /api/seasons HTTP/1.1" 200 OK
/Users/nimishrauniyar/Documents/IPL Prediction/.venv/lib/python3.9/site-packages/sklearn/base.py:380: InconsistentVersionWarning: Trying to unpickle estimator StandardScaler from version 1.7.2 when using version 1.6.1. This might lead to breaking code or invalid results. Use at your own risk. For more info please refer to:
https://scikit-learn.org/stable/model_persistence.html#security-maintainability-limitations
  warnings.warn(
/Users/nimishrauniyar/Documents/IPL Prediction/.venv/lib/python3.9/site-packages/sklearn/base.py:380: InconsistentVersionWarning: Trying to unpickle estimator LogisticRegression from version 1.7.2 when using version 1.6.1. This might lead to breaking code or invalid results. Use at your own risk. For more info please refer to:
https://scikit-learn.org/stable/model_persistence.html#security-maintainability-limitations
  warnings.warn(
/Users/nimishrauniyar/Documents/IPL Prediction/.venv/lib/python3.9/site-packages/sklearn/base.py:380: InconsistentVersionWarning: Trying to unpickle estimator Pipeline from version 1.7.2 when using version 1.6.1. This might lead to breaking code or invalid results. Use at your own risk. For more info please refer to:
https://scikit-learn.org/stable/model_persistence.html#security-maintainability-limitations
  warnings.warn(
/Users/nimishrauniyar/Documents/IPL Prediction/.venv/lib/python3.9/site-packages/sklearn/base.py:380: InconsistentVersionWarning: Trying to unpickle estimator DecisionTreeClassifier from version 1.7.2 when using version 1.6.1. This might lead to breaking code or invalid results. Use at your own risk. For more info please refer to:
https://scikit-learn.org/stable/model_persistence.html#security-maintainability-limitations
  warnings.warn(
/Users/nimishrauniyar/Documents/IPL Prediction/.venv/lib/python3.9/site-packages/sklearn/base.py:380: InconsistentVersionWarning: Trying to unpickle estimator RandomForestClassifier from version 1.7.2 when using version 1.6.1. This might lead to breaking code or invalid results. Use at your own risk. For more info please refer to:
https://scikit-learn.org/stable/model_persistence.html#security-maintainability-limitations
  warnings.warn(
[00:00:49] WARNING: /Users/runner/work/xgboost/xgboost/src/gbm/../common/error_msg.h:80: If you are loading a serialized model (like pickle in Python, RDS in R) or
configuration generated by an older version of XGBoost, please export the model by calling
`Booster.save_model` from that version first, then load it back in current version. See:

    https://xgboost.readthedocs.io/en/stable/tutorials/saving_model.html

for more details about differences between saving model and serializing.

/Users/nimishrauniyar/Documents/IPL Prediction/.venv/lib/python3.9/site-packages/sklearn/base.py:380: InconsistentVersionWarning: Trying to unpickle estimator _SigmoidCalibration from version 1.7.2 when using version 1.6.1. This might lead to breaking code or invalid results. Use at your own risk. For more info please refer to:
https://scikit-learn.org/stable/model_persistence.html#security-maintainability-limitations
  warnings.warn(
/Users/nimishrauniyar/Documents/IPL Prediction/.venv/lib/python3.9/site-packages/sklearn/base.py:380: InconsistentVersionWarning: Trying to unpickle estimator CalibratedClassifierCV from version 1.7.2 when using version 1.6.1. This might lead to breaking code or invalid results. Use at your own risk. For more info please refer to:
https://scikit-learn.org/stable/model_persistence.html#security-maintainability-limitations
  warnings.warn(
INFO:     127.0.0.1:61476 - "GET /api/fixtures?season=2026 HTTP/1.1" 200 OK
INFO:     127.0.0.1:61485 - "GET /api/teams HTTP/1.1" 200 OK
INFO:     127.0.0.1:61486 - "GET /api/seasons HTTP/1.1" 200 OK
INFO:     127.0.0.1:61487 - "GET /api/teams HTTP/1.1" 200 OK
INFO:     127.0.0.1:61488 - "GET /api/seasons HTTP/1.1" 200 OK
INFO:     127.0.0.1:61490 - "GET /api/teams HTTP/1.1" 200 OK
INFO:     127.0.0.1:61492 - "GET /api/seasons HTTP/1.1" 200 OK
INFO:     127.0.0.1:61494 - "GET /api/teams HTTP/1.1" 200 OK
INFO:     127.0.0.1:61496 - "GET /api/seasons HTTP/1.1" 200 OK
/Users/nimishrauniyar/Documents/IPL Prediction/.venv/lib/python3.9/site-packages/sklearn/base.py:380: InconsistentVersionWarning: Trying to unpickle estimator StandardScaler from version 1.7.2 when using version 1.6.1. This might lead to breaking code or invalid results. Use at your own risk. For more info please refer to:
https://scikit-learn.org/stable/model_persistence.html#security-maintainability-limitations
  warnings.warn(
/Users/nimishrauniyar/Documents/IPL Prediction/.venv/lib/python3.9/site-packages/sklearn/base.py:380: InconsistentVersionWarning: Trying to unpickle estimator LogisticRegression from version 1.7.2 when using version 1.6.1. This might lead to breaking code or invalid results. Use at your own risk. For more info please refer to:
https://scikit-learn.org/stable/model_persistence.html#security-maintainability-limitations
  warnings.warn(
/Users/nimishrauniyar/Documents/IPL Prediction/.venv/lib/python3.9/site-packages/sklearn/base.py:380: InconsistentVersionWarning: Trying to unpickle estimator Pipeline from version 1.7.2 when using version 1.6.1. This might lead to breaking code or invalid results. Use at your own risk. For more info please refer to:
https://scikit-learn.org/stable/model_persistence.html#security-maintainability-limitations
  warnings.warn(
/Users/nimishrauniyar/Documents/IPL Prediction/.venv/lib/python3.9/site-packages/sklearn/base.py:380: InconsistentVersionWarning: Trying to unpickle estimator DecisionTreeClassifier from version 1.7.2 when using version 1.6.1. This might lead to breaking code or invalid results. Use at your own risk. For more info please refer to:
https://scikit-learn.org/stable/model_persistence.html#security-maintainability-limitations
  warnings.warn(
/Users/nimishrauniyar/Documents/IPL Prediction/.venv/lib/python3.9/site-packages/sklearn/base.py:380: InconsistentVersionWarning: Trying to unpickle estimator RandomForestClassifier from version 1.7.2 when using version 1.6.1. This might lead to breaking code or invalid results. Use at your own risk. For more info please refer to:
https://scikit-learn.org/stable/model_persistence.html#security-maintainability-limitations
  warnings.warn(
/Users/nimishrauniyar/Documents/IPL Prediction/.venv/lib/python3.9/site-packages/sklearn/base.py:380: InconsistentVersionWarning: Trying to unpickle estimator _SigmoidCalibration from version 1.7.2 when using version 1.6.1. This might lead to breaking code or invalid results. Use at your own risk. For more info please refer to:
https://scikit-learn.org/stable/model_persistence.html#security-maintainability-limitations
  warnings.warn(
/Users/nimishrauniyar/Documents/IPL Prediction/.venv/lib/python3.9/site-packages/sklearn/base.py:380: InconsistentVersionWarning: Trying to unpickle estimator CalibratedClassifierCV from version 1.7.2 when using version 1.6.1. This might lead to breaking code or invalid results. Use at your own risk. For more info please refer to:
https://scikit-learn.org/stable/model_persistence.html#security-maintainability-limitations
  warnings.warn(
INFO:     127.0.0.1:61498 - "GET /api/fixtures?season=2026 HTTP/1.1" 200 OK
/Users/nimishrauniyar/Documents/IPL Prediction/.venv/lib/python3.9/site-packages/sklearn/base.py:380: InconsistentVersionWarning: Trying to unpickle estimator StandardScaler from version 1.7.2 when using version 1.6.1. This might lead to breaking code or invalid results. Use at your own risk. For more info please refer to:
https://scikit-learn.org/stable/model_persistence.html#security-maintainability-limitations
  warnings.warn(
/Users/nimishrauniyar/Documents/IPL Prediction/.venv/lib/python3.9/site-packages/sklearn/base.py:380: InconsistentVersionWarning: Trying to unpickle estimator LogisticRegression from version 1.7.2 when using version 1.6.1. This might lead to breaking code or invalid results. Use at your own risk. For more info please refer to:
https://scikit-learn.org/stable/model_persistence.html#security-maintainability-limitations
  warnings.warn(
/Users/nimishrauniyar/Documents/IPL Prediction/.venv/lib/python3.9/site-packages/sklearn/base.py:380: InconsistentVersionWarning: Trying to unpickle estimator Pipeline from version 1.7.2 when using version 1.6.1. This might lead to breaking code or invalid results. Use at your own risk. For more info please refer to:
https://scikit-learn.org/stable/model_persistence.html#security-maintainability-limitations
  warnings.warn(
/Users/nimishrauniyar/Documents/IPL Prediction/.venv/lib/python3.9/site-packages/sklearn/base.py:380: InconsistentVersionWarning: Trying to unpickle estimator DecisionTreeClassifier from version 1.7.2 when using version 1.6.1. This might lead to breaking code or invalid results. Use at your own risk. For more info please refer to:
https://scikit-learn.org/stable/model_persistence.html#security-maintainability-limitations
  warnings.warn(
/Users/nimishrauniyar/Documents/IPL Prediction/.venv/lib/python3.9/site-packages/sklearn/base.py:380: InconsistentVersionWarning: Trying to unpickle estimator RandomForestClassifier from version 1.7.2 when using version 1.6.1. This might lead to breaking code or invalid results. Use at your own risk. For more info please refer to:
https://scikit-learn.org/stable/model_persistence.html#security-maintainability-limitations
  warnings.warn(
/Users/nimishrauniyar/Documents/IPL Prediction/.venv/lib/python3.9/site-packages/sklearn/base.py:380: InconsistentVersionWarning: Trying to unpickle estimator _SigmoidCalibration from version 1.7.2 when using version 1.6.1. This might lead to breaking code or invalid results. Use at your own risk. For more info please refer to:
https://scikit-learn.org/stable/model_persistence.html#security-maintainability-limitations
  warnings.warn(
/Users/nimishrauniyar/Documents/IPL Prediction/.venv/lib/python3.9/site-packages/sklearn/base.py:380: InconsistentVersionWarning: Trying to unpickle estimator CalibratedClassifierCV from version 1.7.2 when using version 1.6.1. This might lead to breaking code or invalid results. Use at your own risk. For more info please refer to:
https://scikit-learn.org/stable/model_persistence.html#security-maintainability-limitations
  warnings.warn(
INFO:     127.0.0.1:61500 - "GET /api/fixtures?season=2026 HTTP/1.1" 200 OK
INFO:     127.0.0.1:61514 - "GET /api/seasons HTTP/1.1" 200 OK
INFO:     127.0.0.1:61513 - "GET /api/teams HTTP/1.1" 200 OK
INFO:     127.0.0.1:61516 - "GET /api/seasons HTTP/1.1" 200 OK
INFO:     127.0.0.1:61517 - "GET /api/teams HTTP/1.1" 200 OK
INFO:     127.0.0.1:61518 - "GET /api/teams HTTP/1.1" 200 OK
INFO:     127.0.0.1:61520 - "GET /api/teams HTTP/1.1" 200 OK
INFO:     127.0.0.1:61521 - "GET /api/seasons HTTP/1.1" 200 OK
INFO:     127.0.0.1:61524 - "GET /api/teams HTTP/1.1" 200 OK
INFO:     127.0.0.1:61525 - "GET /api/seasons HTTP/1.1" 200 OK
INFO:     127.0.0.1:61528 - "GET /api/teams HTTP/1.1" 200 OK
INFO:     127.0.0.1:61529 - "GET /api/seasons HTTP/1.1" 200 OK
INFO:     127.0.0.1:61531 - "GET /api/seasons HTTP/1.1" 200 OK
/Users/nimishrauniyar/Documents/IPL Prediction/.venv/lib/python3.9/site-packages/sklearn/base.py:380: InconsistentVersionWarning: Trying to unpickle estimator StandardScaler from version 1.7.2 when using version 1.6.1. This might lead to breaking code or invalid results. Use at your own risk. For more info please refer to:
https://scikit-learn.org/stable/model_persistence.html#security-maintainability-limitations
  warnings.warn(
/Users/nimishrauniyar/Documents/IPL Prediction/.venv/lib/python3.9/site-packages/sklearn/base.py:380: InconsistentVersionWarning: Trying to unpickle estimator LogisticRegression from version 1.7.2 when using version 1.6.1. This might lead to breaking code or invalid results. Use at your own risk. For more info please refer to:
https://scikit-learn.org/stable/model_persistence.html#security-maintainability-limitations
  warnings.warn(
/Users/nimishrauniyar/Documents/IPL Prediction/.venv/lib/python3.9/site-packages/sklearn/base.py:380: InconsistentVersionWarning: Trying to unpickle estimator Pipeline from version 1.7.2 when using version 1.6.1. This might lead to breaking code or invalid results. Use at your own risk. For more info please refer to:
https://scikit-learn.org/stable/model_persistence.html#security-maintainability-limitations
  warnings.warn(
/Users/nimishrauniyar/Documents/IPL Prediction/.venv/lib/python3.9/site-packages/sklearn/base.py:380: InconsistentVersionWarning: Trying to unpickle estimator DecisionTreeClassifier from version 1.7.2 when using version 1.6.1. This might lead to breaking code or invalid results. Use at your own risk. For more info please refer to:
https://scikit-learn.org/stable/model_persistence.html#security-maintainability-limitations
  warnings.warn(
/Users/nimishrauniyar/Documents/IPL Prediction/.venv/lib/python3.9/site-packages/sklearn/base.py:380: InconsistentVersionWarning: Trying to unpickle estimator RandomForestClassifier from version 1.7.2 when using version 1.6.1. This might lead to breaking code or invalid results. Use at your own risk. For more info please refer to:
https://scikit-learn.org/stable/model_persistence.html#security-maintainability-limitations
  warnings.warn(
/Users/nimishrauniyar/Documents/IPL Prediction/.venv/lib/python3.9/site-packages/sklearn/base.py:380: InconsistentVersionWarning: Trying to unpickle estimator _SigmoidCalibration from version 1.7.2 when using version 1.6.1. This might lead to breaking code or invalid results. Use at your own risk. For more info please refer to:
https://scikit-learn.org/stable/model_persistence.html#security-maintainability-limitations
  warnings.warn(
/Users/nimishrauniyar/Documents/IPL Prediction/.venv/lib/python3.9/site-packages/sklearn/base.py:380: InconsistentVersionWarning: Trying to unpickle estimator CalibratedClassifierCV from version 1.7.2 when using version 1.6.1. This might lead to breaking code or invalid results. Use at your own risk. For more info please refer to:
https://scikit-learn.org/stable/model_persistence.html#security-maintainability-limitations
  warnings.warn(
INFO:     127.0.0.1:61533 - "GET /api/fixtures?season=2026 HTTP/1.1" 200 OK
/Users/nimishrauniyar/Documents/IPL Prediction/.venv/lib/python3.9/site-packages/sklearn/base.py:380: InconsistentVersionWarning: Trying to unpickle estimator StandardScaler from version 1.7.2 when using version 1.6.1. This might lead to breaking code or invalid results. Use at your own risk. For more info please refer to:
https://scikit-learn.org/stable/model_persistence.html#security-maintainability-limitations
  warnings.warn(
/Users/nimishrauniyar/Documents/IPL Prediction/.venv/lib/python3.9/site-packages/sklearn/base.py:380: InconsistentVersionWarning: Trying to unpickle estimator LogisticRegression from version 1.7.2 when using version 1.6.1. This might lead to breaking code or invalid results. Use at your own risk. For more info please refer to:
https://scikit-learn.org/stable/model_persistence.html#security-maintainability-limitations
  warnings.warn(
/Users/nimishrauniyar/Documents/IPL Prediction/.venv/lib/python3.9/site-packages/sklearn/base.py:380: InconsistentVersionWarning: Trying to unpickle estimator Pipeline from version 1.7.2 when using version 1.6.1. This might lead to breaking code or invalid results. Use at your own risk. For more info please refer to:
https://scikit-learn.org/stable/model_persistence.html#security-maintainability-limitations
  warnings.warn(
/Users/nimishrauniyar/Documents/IPL Prediction/.venv/lib/python3.9/site-packages/sklearn/base.py:380: InconsistentVersionWarning: Trying to unpickle estimator DecisionTreeClassifier from version 1.7.2 when using version 1.6.1. This might lead to breaking code or invalid results. Use at your own risk. For more info please refer to:
https://scikit-learn.org/stable/model_persistence.html#security-maintainability-limitations
  warnings.warn(
/Users/nimishrauniyar/Documents/IPL Prediction/.venv/lib/python3.9/site-packages/sklearn/base.py:380: InconsistentVersionWarning: Trying to unpickle estimator RandomForestClassifier from version 1.7.2 when using version 1.6.1. This might lead to breaking code or invalid results. Use at your own risk. For more info please refer to:
https://scikit-learn.org/stable/model_persistence.html#security-maintainability-limitations
  warnings.warn(
/Users/nimishrauniyar/Documents/IPL Prediction/.venv/lib/python3.9/site-packages/sklearn/base.py:380: InconsistentVersionWarning: Trying to unpickle estimator _SigmoidCalibration from version 1.7.2 when using version 1.6.1. This might lead to breaking code or invalid results. Use at your own risk. For more info please refer to:
https://scikit-learn.org/stable/model_persistence.html#security-maintainability-limitations
  warnings.warn(
/Users/nimishrauniyar/Documents/IPL Prediction/.venv/lib/python3.9/site-packages/sklearn/base.py:380: InconsistentVersionWarning: Trying to unpickle estimator CalibratedClassifierCV from version 1.7.2 when using version 1.6.1. This might lead to breaking code or invalid results. Use at your own risk. For more info please refer to:
https://scikit-learn.org/stable/model_persistence.html#security-maintainability-limitations
  warnings.warn(
INFO:     127.0.0.1:61535 - "GET /api/fixtures?season=2026 HTTP/1.1" 200 OK
/Users/nimishrauniyar/Documents/IPL Prediction/.venv/lib/python3.9/site-packages/sklearn/base.py:380: InconsistentVersionWarning: Trying to unpickle estimator StandardScaler from version 1.7.2 when using version 1.6.1. This might lead to breaking code or invalid results. Use at your own risk. For more info please refer to:
https://scikit-learn.org/stable/model_persistence.html#security-maintainability-limitations
  warnings.warn(
/Users/nimishrauniyar/Documents/IPL Prediction/.venv/lib/python3.9/site-packages/sklearn/base.py:380: InconsistentVersionWarning: Trying to unpickle estimator LogisticRegression from version 1.7.2 when using version 1.6.1. This might lead to breaking code or invalid results. Use at your own risk. For more info please refer to:
https://scikit-learn.org/stable/model_persistence.html#security-maintainability-limitations
  warnings.warn(
/Users/nimishrauniyar/Documents/IPL Prediction/.venv/lib/python3.9/site-packages/sklearn/base.py:380: InconsistentVersionWarning: Trying to unpickle estimator Pipeline from version 1.7.2 when using version 1.6.1. This might lead to breaking code or invalid results. Use at your own risk. For more info please refer to:
https://scikit-learn.org/stable/model_persistence.html#security-maintainability-limitations
  warnings.warn(
/Users/nimishrauniyar/Documents/IPL Prediction/.venv/lib/python3.9/site-packages/sklearn/base.py:380: InconsistentVersionWarning: Trying to unpickle estimator DecisionTreeClassifier from version 1.7.2 when using version 1.6.1. This might lead to breaking code or invalid results. Use at your own risk. For more info please refer to:
https://scikit-learn.org/stable/model_persistence.html#security-maintainability-limitations
  warnings.warn(
/Users/nimishrauniyar/Documents/IPL Prediction/.venv/lib/python3.9/site-packages/sklearn/base.py:380: InconsistentVersionWarning: Trying to unpickle estimator RandomForestClassifier from version 1.7.2 when using version 1.6.1. This might lead to breaking code or invalid results. Use at your own risk. For more info please refer to:
https://scikit-learn.org/stable/model_persistence.html#security-maintainability-limitations
  warnings.warn(
/Users/nimishrauniyar/Documents/IPL Prediction/.venv/lib/python3.9/site-packages/sklearn/base.py:380: InconsistentVersionWarning: Trying to unpickle estimator _SigmoidCalibration from version 1.7.2 when using version 1.6.1. This might lead to breaking code or invalid results. Use at your own risk. For more info please refer to:
https://scikit-learn.org/stable/model_persistence.html#security-maintainability-limitations
  warnings.warn(
/Users/nimishrauniyar/Documents/IPL Prediction/.venv/lib/python3.9/site-packages/sklearn/base.py:380: InconsistentVersionWarning: Trying to unpickle estimator CalibratedClassifierCV from version 1.7.2 when using version 1.6.1. This might lead to breaking code or invalid results. Use at your own risk. For more info please refer to:
https://scikit-learn.org/stable/model_persistence.html#security-maintainability-limitations
  warnings.warn(
INFO:     127.0.0.1:61537 - "GET /api/fixtures?season=2026 HTTP/1.1" 200 OK
INFO:     127.0.0.1:61548 - "GET /api/teams HTTP/1.1" 200 OK
INFO:     127.0.0.1:61549 - "GET /api/seasons HTTP/1.1" 200 OK
INFO:     127.0.0.1:61550 - "GET /api/teams HTTP/1.1" 200 OK
INFO:     127.0.0.1:61552 - "GET /api/seasons HTTP/1.1" 200 OK
INFO:     127.0.0.1:61555 - "GET /api/teams HTTP/1.1" 200 OK
INFO:     127.0.0.1:61556 - "GET /api/seasons HTTP/1.1" 200 OK
INFO:     127.0.0.1:61559 - "GET /api/teams HTTP/1.1" 200 OK
INFO:     127.0.0.1:61560 - "GET /api/seasons HTTP/1.1" 200 OK
INFO:     127.0.0.1:61563 - "GET /api/teams HTTP/1.1" 200 OK
INFO:     127.0.0.1:61564 - "GET /api/seasons HTTP/1.1" 200 OK
INFO:     127.0.0.1:61567 - "GET /api/teams HTTP/1.1" 200 OK
INFO:     127.0.0.1:61568 - "GET /api/seasons HTTP/1.1" 200 OK
/Users/nimishrauniyar/Documents/IPL Prediction/.venv/lib/python3.9/site-packages/sklearn/base.py:380: InconsistentVersionWarning: Trying to unpickle estimator StandardScaler from version 1.7.2 when using version 1.6.1. This might lead to breaking code or invalid results. Use at your own risk. For more info please refer to:
https://scikit-learn.org/stable/model_persistence.html#security-maintainability-limitations
  warnings.warn(
/Users/nimishrauniyar/Documents/IPL Prediction/.venv/lib/python3.9/site-packages/sklearn/base.py:380: InconsistentVersionWarning: Trying to unpickle estimator LogisticRegression from version 1.7.2 when using version 1.6.1. This might lead to breaking code or invalid results. Use at your own risk. For more info please refer to:
https://scikit-learn.org/stable/model_persistence.html#security-maintainability-limitations
  warnings.warn(
/Users/nimishrauniyar/Documents/IPL Prediction/.venv/lib/python3.9/site-packages/sklearn/base.py:380: InconsistentVersionWarning: Trying to unpickle estimator Pipeline from version 1.7.2 when using version 1.6.1. This might lead to breaking code or invalid results. Use at your own risk. For more info please refer to:
https://scikit-learn.org/stable/model_persistence.html#security-maintainability-limitations
  warnings.warn(
/Users/nimishrauniyar/Documents/IPL Prediction/.venv/lib/python3.9/site-packages/sklearn/base.py:380: InconsistentVersionWarning: Trying to unpickle estimator DecisionTreeClassifier from version 1.7.2 when using version 1.6.1. This might lead to breaking code or invalid results. Use at your own risk. For more info please refer to:
https://scikit-learn.org/stable/model_persistence.html#security-maintainability-limitations
  warnings.warn(
/Users/nimishrauniyar/Documents/IPL Prediction/.venv/lib/python3.9/site-packages/sklearn/base.py:380: InconsistentVersionWarning: Trying to unpickle estimator RandomForestClassifier from version 1.7.2 when using version 1.6.1. This might lead to breaking code or invalid results. Use at your own risk. For more info please refer to:
https://scikit-learn.org/stable/model_persistence.html#security-maintainability-limitations
  warnings.warn(
/Users/nimishrauniyar/Documents/IPL Prediction/.venv/lib/python3.9/site-packages/sklearn/base.py:380: InconsistentVersionWarning: Trying to unpickle estimator _SigmoidCalibration from version 1.7.2 when using version 1.6.1. This might lead to breaking code or invalid results. Use at your own risk. For more info please refer to:
https://scikit-learn.org/stable/model_persistence.html#security-maintainability-limitations
  warnings.warn(
/Users/nimishrauniyar/Documents/IPL Prediction/.venv/lib/python3.9/site-packages/sklearn/base.py:380: InconsistentVersionWarning: Trying to unpickle estimator CalibratedClassifierCV from version 1.7.2 when using version 1.6.1. This might lead to breaking code or invalid results. Use at your own risk. For more info please refer to:
https://scikit-learn.org/stable/model_persistence.html#security-maintainability-limitations
  warnings.warn(
INFO:     127.0.0.1:61570 - "GET /api/fixtures?season=2026 HTTP/1.1" 200 OK
/Users/nimishrauniyar/Documents/IPL Prediction/.venv/lib/python3.9/site-packages/sklearn/base.py:380: InconsistentVersionWarning: Trying to unpickle estimator StandardScaler from version 1.7.2 when using version 1.6.1. This might lead to breaking code or invalid results. Use at your own risk. For more info please refer to:
https://scikit-learn.org/stable/model_persistence.html#security-maintainability-limitations
  warnings.warn(
/Users/nimishrauniyar/Documents/IPL Prediction/.venv/lib/python3.9/site-packages/sklearn/base.py:380: InconsistentVersionWarning: Trying to unpickle estimator LogisticRegression from version 1.7.2 when using version 1.6.1. This might lead to breaking code or invalid results. Use at your own risk. For more info please refer to:
https://scikit-learn.org/stable/model_persistence.html#security-maintainability-limitations
  warnings.warn(
/Users/nimishrauniyar/Documents/IPL Prediction/.venv/lib/python3.9/site-packages/sklearn/base.py:380: InconsistentVersionWarning: Trying to unpickle estimator Pipeline from version 1.7.2 when using version 1.6.1. This might lead to breaking code or invalid results. Use at your own risk. For more info please refer to:
https://scikit-learn.org/stable/model_persistence.html#security-maintainability-limitations
  warnings.warn(
/Users/nimishrauniyar/Documents/IPL Prediction/.venv/lib/python3.9/site-packages/sklearn/base.py:380: InconsistentVersionWarning: Trying to unpickle estimator DecisionTreeClassifier from version 1.7.2 when using version 1.6.1. This might lead to breaking code or invalid results. Use at your own risk. For more info please refer to:
https://scikit-learn.org/stable/model_persistence.html#security-maintainability-limitations
  warnings.warn(
/Users/nimishrauniyar/Documents/IPL Prediction/.venv/lib/python3.9/site-packages/sklearn/base.py:380: InconsistentVersionWarning: Trying to unpickle estimator RandomForestClassifier from version 1.7.2 when using version 1.6.1. This might lead to breaking code or invalid results. Use at your own risk. For more info please refer to:
https://scikit-learn.org/stable/model_persistence.html#security-maintainability-limitations
  warnings.warn(
/Users/nimishrauniyar/Documents/IPL Prediction/.venv/lib/python3.9/site-packages/sklearn/base.py:380: InconsistentVersionWarning: Trying to unpickle estimator _SigmoidCalibration from version 1.7.2 when using version 1.6.1. This might lead to breaking code or invalid results. Use at your own risk. For more info please refer to:
https://scikit-learn.org/stable/model_persistence.html#security-maintainability-limitations
  warnings.warn(
/Users/nimishrauniyar/Documents/IPL Prediction/.venv/lib/python3.9/site-packages/sklearn/base.py:380: InconsistentVersionWarning: Trying to unpickle estimator CalibratedClassifierCV from version 1.7.2 when using version 1.6.1. This might lead to breaking code or invalid results. Use at your own risk. For more info please refer to:
https://scikit-learn.org/stable/model_persistence.html#security-maintainability-limitations
  warnings.warn(
INFO:     127.0.0.1:61572 - "GET /api/fixtures?season=2026 HTTP/1.1" 200 OK
/Users/nimishrauniyar/Documents/IPL Prediction/.venv/lib/python3.9/site-packages/sklearn/base.py:380: InconsistentVersionWarning: Trying to unpickle estimator StandardScaler from version 1.7.2 when using version 1.6.1. This might lead to breaking code or invalid results. Use at your own risk. For more info please refer to:
https://scikit-learn.org/stable/model_persistence.html#security-maintainability-limitations
  warnings.warn(
/Users/nimishrauniyar/Documents/IPL Prediction/.venv/lib/python3.9/site-packages/sklearn/base.py:380: InconsistentVersionWarning: Trying to unpickle estimator LogisticRegression from version 1.7.2 when using version 1.6.1. This might lead to breaking code or invalid results. Use at your own risk. For more info please refer to:
https://scikit-learn.org/stable/model_persistence.html#security-maintainability-limitations
  warnings.warn(
/Users/nimishrauniyar/Documents/IPL Prediction/.venv/lib/python3.9/site-packages/sklearn/base.py:380: InconsistentVersionWarning: Trying to unpickle estimator Pipeline from version 1.7.2 when using version 1.6.1. This might lead to breaking code or invalid results. Use at your own risk. For more info please refer to:
https://scikit-learn.org/stable/model_persistence.html#security-maintainability-limitations
  warnings.warn(
/Users/nimishrauniyar/Documents/IPL Prediction/.venv/lib/python3.9/site-packages/sklearn/base.py:380: InconsistentVersionWarning: Trying to unpickle estimator DecisionTreeClassifier from version 1.7.2 when using version 1.6.1. This might lead to breaking code or invalid results. Use at your own risk. For more info please refer to:
https://scikit-learn.org/stable/model_persistence.html#security-maintainability-limitations
  warnings.warn(
/Users/nimishrauniyar/Documents/IPL Prediction/.venv/lib/python3.9/site-packages/sklearn/base.py:380: InconsistentVersionWarning: Trying to unpickle estimator RandomForestClassifier from version 1.7.2 when using version 1.6.1. This might lead to breaking code or invalid results. Use at your own risk. For more info please refer to:
https://scikit-learn.org/stable/model_persistence.html#security-maintainability-limitations
  warnings.warn(
/Users/nimishrauniyar/Documents/IPL Prediction/.venv/lib/python3.9/site-packages/sklearn/base.py:380: InconsistentVersionWarning: Trying to unpickle estimator _SigmoidCalibration from version 1.7.2 when using version 1.6.1. This might lead to breaking code or invalid results. Use at your own risk. For more info please refer to:
https://scikit-learn.org/stable/model_persistence.html#security-maintainability-limitations
  warnings.warn(
/Users/nimishrauniyar/Documents/IPL Prediction/.venv/lib/python3.9/site-packages/sklearn/base.py:380: InconsistentVersionWarning: Trying to unpickle estimator CalibratedClassifierCV from version 1.7.2 when using version 1.6.1. This might lead to breaking code or invalid results. Use at your own risk. For more info please refer to:
https://scikit-learn.org/stable/model_persistence.html#security-maintainability-limitations
  warnings.warn(
INFO:     127.0.0.1:61574 - "GET /api/fixtures?season=2026 HTTP/1.1" 200 OK
INFO:     127.0.0.1:62367 - "GET /api/teams HTTP/1.1" 200 OK
INFO:     127.0.0.1:62368 - "GET /api/seasons HTTP/1.1" 200 OK
INFO:     127.0.0.1:62370 - "GET /api/teams HTTP/1.1" 200 OK
INFO:     127.0.0.1:62371 - "GET /api/seasons HTTP/1.1" 200 OK
/Users/nimishrauniyar/Documents/IPL Prediction/.venv/lib/python3.9/site-packages/sklearn/base.py:380: InconsistentVersionWarning: Trying to unpickle estimator StandardScaler from version 1.7.2 when using version 1.6.1. This might lead to breaking code or invalid results. Use at your own risk. For more info please refer to:
https://scikit-learn.org/stable/model_persistence.html#security-maintainability-limitations
  warnings.warn(
/Users/nimishrauniyar/Documents/IPL Prediction/.venv/lib/python3.9/site-packages/sklearn/base.py:380: InconsistentVersionWarning: Trying to unpickle estimator LogisticRegression from version 1.7.2 when using version 1.6.1. This might lead to breaking code or invalid results. Use at your own risk. For more info please refer to:
https://scikit-learn.org/stable/model_persistence.html#security-maintainability-limitations
  warnings.warn(
/Users/nimishrauniyar/Documents/IPL Prediction/.venv/lib/python3.9/site-packages/sklearn/base.py:380: InconsistentVersionWarning: Trying to unpickle estimator Pipeline from version 1.7.2 when using version 1.6.1. This might lead to breaking code or invalid results. Use at your own risk. For more info please refer to:
https://scikit-learn.org/stable/model_persistence.html#security-maintainability-limitations
  warnings.warn(
/Users/nimishrauniyar/Documents/IPL Prediction/.venv/lib/python3.9/site-packages/sklearn/base.py:380: InconsistentVersionWarning: Trying to unpickle estimator DecisionTreeClassifier from version 1.7.2 when using version 1.6.1. This might lead to breaking code or invalid results. Use at your own risk. For more info please refer to:
https://scikit-learn.org/stable/model_persistence.html#security-maintainability-limitations
  warnings.warn(
/Users/nimishrauniyar/Documents/IPL Prediction/.venv/lib/python3.9/site-packages/sklearn/base.py:380: InconsistentVersionWarning: Trying to unpickle estimator RandomForestClassifier from version 1.7.2 when using version 1.6.1. This might lead to breaking code or invalid results. Use at your own risk. For more info please refer to:
https://scikit-learn.org/stable/model_persistence.html#security-maintainability-limitations
  warnings.warn(
/Users/nimishrauniyar/Documents/IPL Prediction/.venv/lib/python3.9/site-packages/sklearn/base.py:380: InconsistentVersionWarning: Trying to unpickle estimator _SigmoidCalibration from version 1.7.2 when using version 1.6.1. This might lead to breaking code or invalid results. Use at your own risk. For more info please refer to:
https://scikit-learn.org/stable/model_persistence.html#security-maintainability-limitations
  warnings.warn(
/Users/nimishrauniyar/Documents/IPL Prediction/.venv/lib/python3.9/site-packages/sklearn/base.py:380: InconsistentVersionWarning: Trying to unpickle estimator CalibratedClassifierCV from version 1.7.2 when using version 1.6.1. This might lead to breaking code or invalid results. Use at your own risk. For more info please refer to:
https://scikit-learn.org/stable/model_persistence.html#security-maintainability-limitations
  warnings.warn(
INFO:     127.0.0.1:62373 - "GET /api/fixtures?season=2026 HTTP/1.1" 200 OK
INFO:     127.0.0.1:62426 - "GET /api/teams HTTP/1.1" 200 OK
INFO:     127.0.0.1:62427 - "GET /api/seasons HTTP/1.1" 200 OK
INFO:     127.0.0.1:62429 - "GET /api/teams HTTP/1.1" 200 OK
INFO:     127.0.0.1:62430 - "GET /api/seasons HTTP/1.1" 200 OK
/Users/nimishrauniyar/Documents/IPL Prediction/.venv/lib/python3.9/site-packages/sklearn/base.py:380: InconsistentVersionWarning: Trying to unpickle estimator StandardScaler from version 1.7.2 when using version 1.6.1. This might lead to breaking code or invalid results. Use at your own risk. For more info please refer to:
https://scikit-learn.org/stable/model_persistence.html#security-maintainability-limitations
  warnings.warn(
/Users/nimishrauniyar/Documents/IPL Prediction/.venv/lib/python3.9/site-packages/sklearn/base.py:380: InconsistentVersionWarning: Trying to unpickle estimator LogisticRegression from version 1.7.2 when using version 1.6.1. This might lead to breaking code or invalid results. Use at your own risk. For more info please refer to:
https://scikit-learn.org/stable/model_persistence.html#security-maintainability-limitations
  warnings.warn(
/Users/nimishrauniyar/Documents/IPL Prediction/.venv/lib/python3.9/site-packages/sklearn/base.py:380: InconsistentVersionWarning: Trying to unpickle estimator Pipeline from version 1.7.2 when using version 1.6.1. This might lead to breaking code or invalid results. Use at your own risk. For more info please refer to:
https://scikit-learn.org/stable/model_persistence.html#security-maintainability-limitations
  warnings.warn(
/Users/nimishrauniyar/Documents/IPL Prediction/.venv/lib/python3.9/site-packages/sklearn/base.py:380: InconsistentVersionWarning: Trying to unpickle estimator DecisionTreeClassifier from version 1.7.2 when using version 1.6.1. This might lead to breaking code or invalid results. Use at your own risk. For more info please refer to:
https://scikit-learn.org/stable/model_persistence.html#security-maintainability-limitations
  warnings.warn(
/Users/nimishrauniyar/Documents/IPL Prediction/.venv/lib/python3.9/site-packages/sklearn/base.py:380: InconsistentVersionWarning: Trying to unpickle estimator RandomForestClassifier from version 1.7.2 when using version 1.6.1. This might lead to breaking code or invalid results. Use at your own risk. For more info please refer to:
https://scikit-learn.org/stable/model_persistence.html#security-maintainability-limitations
  warnings.warn(
/Users/nimishrauniyar/Documents/IPL Prediction/.venv/lib/python3.9/site-packages/sklearn/base.py:380: InconsistentVersionWarning: Trying to unpickle estimator _SigmoidCalibration from version 1.7.2 when using version 1.6.1. This might lead to breaking code or invalid results. Use at your own risk. For more info please refer to:
https://scikit-learn.org/stable/model_persistence.html#security-maintainability-limitations
  warnings.warn(
/Users/nimishrauniyar/Documents/IPL Prediction/.venv/lib/python3.9/site-packages/sklearn/base.py:380: InconsistentVersionWarning: Trying to unpickle estimator CalibratedClassifierCV from version 1.7.2 when using version 1.6.1. This might lead to breaking code or invalid results. Use at your own risk. For more info please refer to:
https://scikit-learn.org/stable/model_persistence.html#security-maintainability-limitations
  warnings.warn(
INFO:     127.0.0.1:62432 - "GET /api/fixtures?season=2026 HTTP/1.1" 200 OK
/Users/nimishrauniyar/Documents/IPL Prediction/.venv/lib/python3.9/site-packages/sklearn/base.py:380: InconsistentVersionWarning: Trying to unpickle estimator StandardScaler from version 1.7.2 when using version 1.6.1. This might lead to breaking code or invalid results. Use at your own risk. For more info please refer to:
https://scikit-learn.org/stable/model_persistence.html#security-maintainability-limitations
  warnings.warn(
/Users/nimishrauniyar/Documents/IPL Prediction/.venv/lib/python3.9/site-packages/sklearn/base.py:380: InconsistentVersionWarning: Trying to unpickle estimator LogisticRegression from version 1.7.2 when using version 1.6.1. This might lead to breaking code or invalid results. Use at your own risk. For more info please refer to:
https://scikit-learn.org/stable/model_persistence.html#security-maintainability-limitations
  warnings.warn(
/Users/nimishrauniyar/Documents/IPL Prediction/.venv/lib/python3.9/site-packages/sklearn/base.py:380: InconsistentVersionWarning: Trying to unpickle estimator Pipeline from version 1.7.2 when using version 1.6.1. This might lead to breaking code or invalid results. Use at your own risk. For more info please refer to:
https://scikit-learn.org/stable/model_persistence.html#security-maintainability-limitations
  warnings.warn(
/Users/nimishrauniyar/Documents/IPL Prediction/.venv/lib/python3.9/site-packages/sklearn/base.py:380: InconsistentVersionWarning: Trying to unpickle estimator DecisionTreeClassifier from version 1.7.2 when using version 1.6.1. This might lead to breaking code or invalid results. Use at your own risk. For more info please refer to:
https://scikit-learn.org/stable/model_persistence.html#security-maintainability-limitations
  warnings.warn(
/Users/nimishrauniyar/Documents/IPL Prediction/.venv/lib/python3.9/site-packages/sklearn/base.py:380: InconsistentVersionWarning: Trying to unpickle estimator RandomForestClassifier from version 1.7.2 when using version 1.6.1. This might lead to breaking code or invalid results. Use at your own risk. For more info please refer to:
https://scikit-learn.org/stable/model_persistence.html#security-maintainability-limitations
  warnings.warn(
/Users/nimishrauniyar/Documents/IPL Prediction/.venv/lib/python3.9/site-packages/sklearn/base.py:380: InconsistentVersionWarning: Trying to unpickle estimator _SigmoidCalibration from version 1.7.2 when using version 1.6.1. This might lead to breaking code or invalid results. Use at your own risk. For more info please refer to:
https://scikit-learn.org/stable/model_persistence.html#security-maintainability-limitations
  warnings.warn(
/Users/nimishrauniyar/Documents/IPL Prediction/.venv/lib/python3.9/site-packages/sklearn/base.py:380: InconsistentVersionWarning: Trying to unpickle estimator CalibratedClassifierCV from version 1.7.2 when using version 1.6.1. This might lead to breaking code or invalid results. Use at your own risk. For more info please refer to:
https://scikit-learn.org/stable/model_persistence.html#security-maintainability-limitations
  warnings.warn(
/Users/nimishrauniyar/Documents/IPL Prediction/.venv/lib/python3.9/site-packages/sklearn/base.py:380: InconsistentVersionWarning: Trying to unpickle estimator StandardScaler from version 1.7.2 when using version 1.6.1. This might lead to breaking code or invalid results. Use at your own risk. For more info please refer to:
https://scikit-learn.org/stable/model_persistence.html#security-maintainability-limitations
  warnings.warn(
/Users/nimishrauniyar/Documents/IPL Prediction/.venv/lib/python3.9/site-packages/sklearn/base.py:380: InconsistentVersionWarning: Trying to unpickle estimator LogisticRegression from version 1.7.2 when using version 1.6.1. This might lead to breaking code or invalid results. Use at your own risk. For more info please refer to:
https://scikit-learn.org/stable/model_persistence.html#security-maintainability-limitations
  warnings.warn(
/Users/nimishrauniyar/Documents/IPL Prediction/.venv/lib/python3.9/site-packages/sklearn/base.py:380: InconsistentVersionWarning: Trying to unpickle estimator Pipeline from version 1.7.2 when using version 1.6.1. This might lead to breaking code or invalid results. Use at your own risk. For more info please refer to:
https://scikit-learn.org/stable/model_persistence.html#security-maintainability-limitations
  warnings.warn(
/Users/nimishrauniyar/Documents/IPL Prediction/.venv/lib/python3.9/site-packages/sklearn/base.py:380: InconsistentVersionWarning: Trying to unpickle estimator DecisionTreeClassifier from version 1.7.2 when using version 1.6.1. This might lead to breaking code or invalid results. Use at your own risk. For more info please refer to:
https://scikit-learn.org/stable/model_persistence.html#security-maintainability-limitations
  warnings.warn(
/Users/nimishrauniyar/Documents/IPL Prediction/.venv/lib/python3.9/site-packages/sklearn/base.py:380: InconsistentVersionWarning: Trying to unpickle estimator RandomForestClassifier from version 1.7.2 when using version 1.6.1. This might lead to breaking code or invalid results. Use at your own risk. For more info please refer to:
https://scikit-learn.org/stable/model_persistence.html#security-maintainability-limitations
  warnings.warn(
/Users/nimishrauniyar/Documents/IPL Prediction/.venv/lib/python3.9/site-packages/sklearn/base.py:380: InconsistentVersionWarning: Trying to unpickle estimator _SigmoidCalibration from version 1.7.2 when using version 1.6.1. This might lead to breaking code or invalid results. Use at your own risk. For more info please refer to:
https://scikit-learn.org/stable/model_persistence.html#security-maintainability-limitations
  warnings.warn(
/Users/nimishrauniyar/Documents/IPL Prediction/.venv/lib/python3.9/site-packages/sklearn/base.py:380: InconsistentVersionWarning: Trying to unpickle estimator CalibratedClassifierCV from version 1.7.2 when using version 1.6.1. This might lead to breaking code or invalid results. Use at your own risk. For more info please refer to:
https://scikit-learn.org/stable/model_persistence.html#security-maintainability-limitations
  warnings.warn(
INFO:     127.0.0.1:62443 - "GET /api/insights?team_a=Chennai%20Super%20Kings&team_b=Lucknow%20Super%20Giants HTTP/1.1" 200 OK
INFO:     127.0.0.1:62445 - "GET /api/h2h?team_a=Chennai%20Super%20Kings&team_b=Lucknow%20Super%20Giants HTTP/1.1" 200 OK
/Users/nimishrauniyar/Documents/IPL Prediction/.venv/lib/python3.9/site-packages/sklearn/base.py:380: InconsistentVersionWarning: Trying to unpickle estimator StandardScaler from version 1.7.2 when using version 1.6.1. This might lead to breaking code or invalid results. Use at your own risk. For more info please refer to:
https://scikit-learn.org/stable/model_persistence.html#security-maintainability-limitations
  warnings.warn(
/Users/nimishrauniyar/Documents/IPL Prediction/.venv/lib/python3.9/site-packages/sklearn/base.py:380: InconsistentVersionWarning: Trying to unpickle estimator LogisticRegression from version 1.7.2 when using version 1.6.1. This might lead to breaking code or invalid results. Use at your own risk. For more info please refer to:
https://scikit-learn.org/stable/model_persistence.html#security-maintainability-limitations
  warnings.warn(
/Users/nimishrauniyar/Documents/IPL Prediction/.venv/lib/python3.9/site-packages/sklearn/base.py:380: InconsistentVersionWarning: Trying to unpickle estimator Pipeline from version 1.7.2 when using version 1.6.1. This might lead to breaking code or invalid results. Use at your own risk. For more info please refer to:
https://scikit-learn.org/stable/model_persistence.html#security-maintainability-limitations
  warnings.warn(
/Users/nimishrauniyar/Documents/IPL Prediction/.venv/lib/python3.9/site-packages/sklearn/base.py:380: InconsistentVersionWarning: Trying to unpickle estimator DecisionTreeClassifier from version 1.7.2 when using version 1.6.1. This might lead to breaking code or invalid results. Use at your own risk. For more info please refer to:
https://scikit-learn.org/stable/model_persistence.html#security-maintainability-limitations
  warnings.warn(
/Users/nimishrauniyar/Documents/IPL Prediction/.venv/lib/python3.9/site-packages/sklearn/base.py:380: InconsistentVersionWarning: Trying to unpickle estimator RandomForestClassifier from version 1.7.2 when using version 1.6.1. This might lead to breaking code or invalid results. Use at your own risk. For more info please refer to:
https://scikit-learn.org/stable/model_persistence.html#security-maintainability-limitations
  warnings.warn(
/Users/nimishrauniyar/Documents/IPL Prediction/.venv/lib/python3.9/site-packages/sklearn/base.py:380: InconsistentVersionWarning: Trying to unpickle estimator _SigmoidCalibration from version 1.7.2 when using version 1.6.1. This might lead to breaking code or invalid results. Use at your own risk. For more info please refer to:
https://scikit-learn.org/stable/model_persistence.html#security-maintainability-limitations
  warnings.warn(
/Users/nimishrauniyar/Documents/IPL Prediction/.venv/lib/python3.9/site-packages/sklearn/base.py:380: InconsistentVersionWarning: Trying to unpickle estimator CalibratedClassifierCV from version 1.7.2 when using version 1.6.1. This might lead to breaking code or invalid results. Use at your own risk. For more info please refer to:
https://scikit-learn.org/stable/model_persistence.html#security-maintainability-limitations
  warnings.warn(
INFO:     127.0.0.1:62449 - "GET /api/fixtures?season=2025 HTTP/1.1" 200 OK
/Users/nimishrauniyar/Documents/IPL Prediction/.venv/lib/python3.9/site-packages/sklearn/base.py:380: InconsistentVersionWarning: Trying to unpickle estimator StandardScaler from version 1.7.2 when using version 1.6.1. This might lead to breaking code or invalid results. Use at your own risk. For more info please refer to:
https://scikit-learn.org/stable/model_persistence.html#security-maintainability-limitations
  warnings.warn(
/Users/nimishrauniyar/Documents/IPL Prediction/.venv/lib/python3.9/site-packages/sklearn/base.py:380: InconsistentVersionWarning: Trying to unpickle estimator LogisticRegression from version 1.7.2 when using version 1.6.1. This might lead to breaking code or invalid results. Use at your own risk. For more info please refer to:
https://scikit-learn.org/stable/model_persistence.html#security-maintainability-limitations
  warnings.warn(
/Users/nimishrauniyar/Documents/IPL Prediction/.venv/lib/python3.9/site-packages/sklearn/base.py:380: InconsistentVersionWarning: Trying to unpickle estimator Pipeline from version 1.7.2 when using version 1.6.1. This might lead to breaking code or invalid results. Use at your own risk. For more info please refer to:
https://scikit-learn.org/stable/model_persistence.html#security-maintainability-limitations
  warnings.warn(
/Users/nimishrauniyar/Documents/IPL Prediction/.venv/lib/python3.9/site-packages/sklearn/base.py:380: InconsistentVersionWarning: Trying to unpickle estimator DecisionTreeClassifier from version 1.7.2 when using version 1.6.1. This might lead to breaking code or invalid results. Use at your own risk. For more info please refer to:
https://scikit-learn.org/stable/model_persistence.html#security-maintainability-limitations
  warnings.warn(
/Users/nimishrauniyar/Documents/IPL Prediction/.venv/lib/python3.9/site-packages/sklearn/base.py:380: InconsistentVersionWarning: Trying to unpickle estimator RandomForestClassifier from version 1.7.2 when using version 1.6.1. This might lead to breaking code or invalid results. Use at your own risk. For more info please refer to:
https://scikit-learn.org/stable/model_persistence.html#security-maintainability-limitations
  warnings.warn(
/Users/nimishrauniyar/Documents/IPL Prediction/.venv/lib/python3.9/site-packages/sklearn/base.py:380: InconsistentVersionWarning: Trying to unpickle estimator _SigmoidCalibration from version 1.7.2 when using version 1.6.1. This might lead to breaking code or invalid results. Use at your own risk. For more info please refer to:
https://scikit-learn.org/stable/model_persistence.html#security-maintainability-limitations
  warnings.warn(
/Users/nimishrauniyar/Documents/IPL Prediction/.venv/lib/python3.9/site-packages/sklearn/base.py:380: InconsistentVersionWarning: Trying to unpickle estimator CalibratedClassifierCV from version 1.7.2 when using version 1.6.1. This might lead to breaking code or invalid results. Use at your own risk. For more info please refer to:
https://scikit-learn.org/stable/model_persistence.html#security-maintainability-limitations
  warnings.warn(
INFO:     127.0.0.1:62451 - "GET /api/fixtures?season=2007%2F08 HTTP/1.1" 200 OK
/Users/nimishrauniyar/Documents/IPL Prediction/.venv/lib/python3.9/site-packages/sklearn/base.py:380: InconsistentVersionWarning: Trying to unpickle estimator StandardScaler from version 1.7.2 when using version 1.6.1. This might lead to breaking code or invalid results. Use at your own risk. For more info please refer to:
https://scikit-learn.org/stable/model_persistence.html#security-maintainability-limitations
  warnings.warn(
/Users/nimishrauniyar/Documents/IPL Prediction/.venv/lib/python3.9/site-packages/sklearn/base.py:380: InconsistentVersionWarning: Trying to unpickle estimator LogisticRegression from version 1.7.2 when using version 1.6.1. This might lead to breaking code or invalid results. Use at your own risk. For more info please refer to:
https://scikit-learn.org/stable/model_persistence.html#security-maintainability-limitations
  warnings.warn(
/Users/nimishrauniyar/Documents/IPL Prediction/.venv/lib/python3.9/site-packages/sklearn/base.py:380: InconsistentVersionWarning: Trying to unpickle estimator Pipeline from version 1.7.2 when using version 1.6.1. This might lead to breaking code or invalid results. Use at your own risk. For more info please refer to:
https://scikit-learn.org/stable/model_persistence.html#security-maintainability-limitations
  warnings.warn(
/Users/nimishrauniyar/Documents/IPL Prediction/.venv/lib/python3.9/site-packages/sklearn/base.py:380: InconsistentVersionWarning: Trying to unpickle estimator DecisionTreeClassifier from version 1.7.2 when using version 1.6.1. This might lead to breaking code or invalid results. Use at your own risk. For more info please refer to:
https://scikit-learn.org/stable/model_persistence.html#security-maintainability-limitations
  warnings.warn(
/Users/nimishrauniyar/Documents/IPL Prediction/.venv/lib/python3.9/site-packages/sklearn/base.py:380: InconsistentVersionWarning: Trying to unpickle estimator RandomForestClassifier from version 1.7.2 when using version 1.6.1. This might lead to breaking code or invalid results. Use at your own risk. For more info please refer to:
https://scikit-learn.org/stable/model_persistence.html#security-maintainability-limitations
  warnings.warn(
/Users/nimishrauniyar/Documents/IPL Prediction/.venv/lib/python3.9/site-packages/sklearn/base.py:380: InconsistentVersionWarning: Trying to unpickle estimator _SigmoidCalibration from version 1.7.2 when using version 1.6.1. This might lead to breaking code or invalid results. Use at your own risk. For more info please refer to:
https://scikit-learn.org/stable/model_persistence.html#security-maintainability-limitations
  warnings.warn(
/Users/nimishrauniyar/Documents/IPL Prediction/.venv/lib/python3.9/site-packages/sklearn/base.py:380: InconsistentVersionWarning: Trying to unpickle estimator CalibratedClassifierCV from version 1.7.2 when using version 1.6.1. This might lead to breaking code or invalid results. Use at your own risk. For more info please refer to:
https://scikit-learn.org/stable/model_persistence.html#security-maintainability-limitations
  warnings.warn(
INFO:     127.0.0.1:62453 - "GET /api/fixtures?season=2009 HTTP/1.1" 200 OK
/Users/nimishrauniyar/Documents/IPL Prediction/.venv/lib/python3.9/site-packages/sklearn/base.py:380: InconsistentVersionWarning: Trying to unpickle estimator StandardScaler from version 1.7.2 when using version 1.6.1. This might lead to breaking code or invalid results. Use at your own risk. For more info please refer to:
https://scikit-learn.org/stable/model_persistence.html#security-maintainability-limitations
  warnings.warn(
/Users/nimishrauniyar/Documents/IPL Prediction/.venv/lib/python3.9/site-packages/sklearn/base.py:380: InconsistentVersionWarning: Trying to unpickle estimator LogisticRegression from version 1.7.2 when using version 1.6.1. This might lead to breaking code or invalid results. Use at your own risk. For more info please refer to:
https://scikit-learn.org/stable/model_persistence.html#security-maintainability-limitations
  warnings.warn(
/Users/nimishrauniyar/Documents/IPL Prediction/.venv/lib/python3.9/site-packages/sklearn/base.py:380: InconsistentVersionWarning: Trying to unpickle estimator Pipeline from version 1.7.2 when using version 1.6.1. This might lead to breaking code or invalid results. Use at your own risk. For more info please refer to:
https://scikit-learn.org/stable/model_persistence.html#security-maintainability-limitations
  warnings.warn(
/Users/nimishrauniyar/Documents/IPL Prediction/.venv/lib/python3.9/site-packages/sklearn/base.py:380: InconsistentVersionWarning: Trying to unpickle estimator DecisionTreeClassifier from version 1.7.2 when using version 1.6.1. This might lead to breaking code or invalid results. Use at your own risk. For more info please refer to:
https://scikit-learn.org/stable/model_persistence.html#security-maintainability-limitations
  warnings.warn(
/Users/nimishrauniyar/Documents/IPL Prediction/.venv/lib/python3.9/site-packages/sklearn/base.py:380: InconsistentVersionWarning: Trying to unpickle estimator RandomForestClassifier from version 1.7.2 when using version 1.6.1. This might lead to breaking code or invalid results. Use at your own risk. For more info please refer to:
https://scikit-learn.org/stable/model_persistence.html#security-maintainability-limitations
  warnings.warn(
/Users/nimishrauniyar/Documents/IPL Prediction/.venv/lib/python3.9/site-packages/sklearn/base.py:380: InconsistentVersionWarning: Trying to unpickle estimator _SigmoidCalibration from version 1.7.2 when using version 1.6.1. This might lead to breaking code or invalid results. Use at your own risk. For more info please refer to:
https://scikit-learn.org/stable/model_persistence.html#security-maintainability-limitations
  warnings.warn(
/Users/nimishrauniyar/Documents/IPL Prediction/.venv/lib/python3.9/site-packages/sklearn/base.py:380: InconsistentVersionWarning: Trying to unpickle estimator CalibratedClassifierCV from version 1.7.2 when using version 1.6.1. This might lead to breaking code or invalid results. Use at your own risk. For more info please refer to:
https://scikit-learn.org/stable/model_persistence.html#security-maintainability-limitations
  warnings.warn(
INFO:     127.0.0.1:62455 - "GET /api/fixtures?season=2026 HTTP/1.1" 200 OK
WARNING:  StatReload detected changes in 'src/features/build_features.py'. Reloading...
INFO:     Shutting down
INFO:     Waiting for application shutdown.
INFO:     Application shutdown complete.
INFO:     Finished server process [1632]
INFO:     Started server process [5994]
INFO:     Waiting for application startup.
INFO:     Application startup complete.
WARNING:  StatReload detected changes in 'src/models/train.py'. Reloading...
INFO:     Shutting down
INFO:     Waiting for application shutdown.
INFO:     Application shutdown complete.
INFO:     Finished server process [5994]
INFO:     Started server process [6004]
INFO:     Waiting for application startup.
INFO:     Application startup complete.
WARNING:  StatReload detected changes in 'src/models/train.py'. Reloading...
INFO:     Shutting down
INFO:     Waiting for application shutdown.
INFO:     Application shutdown complete.
INFO:     Finished server process [6004]
INFO:     Started server process [6080]
INFO:     Waiting for application startup.
INFO:     Application startup complete.
WARNING:  StatReload detected changes in 'src/explainability/shap_explainer.py'. Reloading...
INFO:     Shutting down
INFO:     Waiting for application shutdown.
INFO:     Application shutdown complete.
INFO:     Finished server process [6080]
INFO:     Started server process [6178]
INFO:     Waiting for application startup.
INFO:     Application startup complete.
INFO:     127.0.0.1:62622 - "GET /api/seasons HTTP/1.1" 200 OK
INFO:     127.0.0.1:62621 - "GET /api/teams HTTP/1.1" 200 OK
INFO:     127.0.0.1:62625 - "GET /api/teams HTTP/1.1" 200 OK
INFO:     127.0.0.1:62624 - "GET /api/seasons HTTP/1.1" 200 OK
/Users/nimishrauniyar/Documents/IPL Prediction/.venv/lib/python3.9/site-packages/sklearn/base.py:380: InconsistentVersionWarning: Trying to unpickle estimator StandardScaler from version 1.7.2 when using version 1.6.1. This might lead to breaking code or invalid results. Use at your own risk. For more info please refer to:
https://scikit-learn.org/stable/model_persistence.html#security-maintainability-limitations
  warnings.warn(
/Users/nimishrauniyar/Documents/IPL Prediction/.venv/lib/python3.9/site-packages/sklearn/base.py:380: InconsistentVersionWarning: Trying to unpickle estimator LogisticRegression from version 1.7.2 when using version 1.6.1. This might lead to breaking code or invalid results. Use at your own risk. For more info please refer to:
https://scikit-learn.org/stable/model_persistence.html#security-maintainability-limitations
  warnings.warn(
/Users/nimishrauniyar/Documents/IPL Prediction/.venv/lib/python3.9/site-packages/sklearn/base.py:380: InconsistentVersionWarning: Trying to unpickle estimator Pipeline from version 1.7.2 when using version 1.6.1. This might lead to breaking code or invalid results. Use at your own risk. For more info please refer to:
https://scikit-learn.org/stable/model_persistence.html#security-maintainability-limitations
  warnings.warn(
/Users/nimishrauniyar/Documents/IPL Prediction/.venv/lib/python3.9/site-packages/sklearn/base.py:380: InconsistentVersionWarning: Trying to unpickle estimator DecisionTreeClassifier from version 1.7.2 when using version 1.6.1. This might lead to breaking code or invalid results. Use at your own risk. For more info please refer to:
https://scikit-learn.org/stable/model_persistence.html#security-maintainability-limitations
  warnings.warn(
/Users/nimishrauniyar/Documents/IPL Prediction/.venv/lib/python3.9/site-packages/sklearn/base.py:380: InconsistentVersionWarning: Trying to unpickle estimator RandomForestClassifier from version 1.7.2 when using version 1.6.1. This might lead to breaking code or invalid results. Use at your own risk. For more info please refer to:
https://scikit-learn.org/stable/model_persistence.html#security-maintainability-limitations
  warnings.warn(
[09:21:19] WARNING: /Users/runner/work/xgboost/xgboost/src/gbm/../common/error_msg.h:80: If you are loading a serialized model (like pickle in Python, RDS in R) or
configuration generated by an older version of XGBoost, please export the model by calling
`Booster.save_model` from that version first, then load it back in current version. See:

    https://xgboost.readthedocs.io/en/stable/tutorials/saving_model.html

for more details about differences between saving model and serializing.

/Users/nimishrauniyar/Documents/IPL Prediction/.venv/lib/python3.9/site-packages/sklearn/base.py:380: InconsistentVersionWarning: Trying to unpickle estimator _SigmoidCalibration from version 1.7.2 when using version 1.6.1. This might lead to breaking code or invalid results. Use at your own risk. For more info please refer to:
https://scikit-learn.org/stable/model_persistence.html#security-maintainability-limitations
  warnings.warn(
/Users/nimishrauniyar/Documents/IPL Prediction/.venv/lib/python3.9/site-packages/sklearn/base.py:380: InconsistentVersionWarning: Trying to unpickle estimator CalibratedClassifierCV from version 1.7.2 when using version 1.6.1. This might lead to breaking code or invalid results. Use at your own risk. For more info please refer to:
https://scikit-learn.org/stable/model_persistence.html#security-maintainability-limitations
  warnings.warn(
INFO:     127.0.0.1:62627 - "GET /api/fixtures?season=2026 HTTP/1.1" 200 OK
INFO:     127.0.0.1:62631 - "GET /api/teams HTTP/1.1" 200 OK
INFO:     127.0.0.1:62632 - "GET /api/seasons HTTP/1.1" 200 OK
INFO:     127.0.0.1:62634 - "GET /api/teams HTTP/1.1" 200 OK
INFO:     127.0.0.1:62636 - "GET /api/seasons HTTP/1.1" 200 OK
/Users/nimishrauniyar/Documents/IPL Prediction/.venv/lib/python3.9/site-packages/sklearn/base.py:380: InconsistentVersionWarning: Trying to unpickle estimator StandardScaler from version 1.7.2 when using version 1.6.1. This might lead to breaking code or invalid results. Use at your own risk. For more info please refer to:
https://scikit-learn.org/stable/model_persistence.html#security-maintainability-limitations
  warnings.warn(
/Users/nimishrauniyar/Documents/IPL Prediction/.venv/lib/python3.9/site-packages/sklearn/base.py:380: InconsistentVersionWarning: Trying to unpickle estimator LogisticRegression from version 1.7.2 when using version 1.6.1. This might lead to breaking code or invalid results. Use at your own risk. For more info please refer to:
https://scikit-learn.org/stable/model_persistence.html#security-maintainability-limitations
  warnings.warn(
/Users/nimishrauniyar/Documents/IPL Prediction/.venv/lib/python3.9/site-packages/sklearn/base.py:380: InconsistentVersionWarning: Trying to unpickle estimator Pipeline from version 1.7.2 when using version 1.6.1. This might lead to breaking code or invalid results. Use at your own risk. For more info please refer to:
https://scikit-learn.org/stable/model_persistence.html#security-maintainability-limitations
  warnings.warn(
/Users/nimishrauniyar/Documents/IPL Prediction/.venv/lib/python3.9/site-packages/sklearn/base.py:380: InconsistentVersionWarning: Trying to unpickle estimator DecisionTreeClassifier from version 1.7.2 when using version 1.6.1. This might lead to breaking code or invalid results. Use at your own risk. For more info please refer to:
https://scikit-learn.org/stable/model_persistence.html#security-maintainability-limitations
  warnings.warn(
/Users/nimishrauniyar/Documents/IPL Prediction/.venv/lib/python3.9/site-packages/sklearn/base.py:380: InconsistentVersionWarning: Trying to unpickle estimator RandomForestClassifier from version 1.7.2 when using version 1.6.1. This might lead to breaking code or invalid results. Use at your own risk. For more info please refer to:
https://scikit-learn.org/stable/model_persistence.html#security-maintainability-limitations
  warnings.warn(
[09:21:23] WARNING: /Users/runner/work/xgboost/xgboost/src/gbm/../common/error_msg.h:80: If you are loading a serialized model (like pickle in Python, RDS in R) or
configuration generated by an older version of XGBoost, please export the model by calling
`Booster.save_model` from that version first, then load it back in current version. See:

    https://xgboost.readthedocs.io/en/stable/tutorials/saving_model.html

for more details about differences between saving model and serializing.

/Users/nimishrauniyar/Documents/IPL Prediction/.venv/lib/python3.9/site-packages/sklearn/base.py:380: InconsistentVersionWarning: Trying to unpickle estimator _SigmoidCalibration from version 1.7.2 when using version 1.6.1. This might lead to breaking code or invalid results. Use at your own risk. For more info please refer to:
https://scikit-learn.org/stable/model_persistence.html#security-maintainability-limitations
  warnings.warn(
/Users/nimishrauniyar/Documents/IPL Prediction/.venv/lib/python3.9/site-packages/sklearn/base.py:380: InconsistentVersionWarning: Trying to unpickle estimator CalibratedClassifierCV from version 1.7.2 when using version 1.6.1. This might lead to breaking code or invalid results. Use at your own risk. For more info please refer to:
https://scikit-learn.org/stable/model_persistence.html#security-maintainability-limitations
  warnings.warn(
INFO:     127.0.0.1:62638 - "GET /api/fixtures?season=2026 HTTP/1.1" 200 OK
/Users/nimishrauniyar/Documents/IPL Prediction/.venv/lib/python3.9/site-packages/sklearn/base.py:380: InconsistentVersionWarning: Trying to unpickle estimator StandardScaler from version 1.7.2 when using version 1.6.1. This might lead to breaking code or invalid results. Use at your own risk. For more info please refer to:
https://scikit-learn.org/stable/model_persistence.html#security-maintainability-limitations
  warnings.warn(
/Users/nimishrauniyar/Documents/IPL Prediction/.venv/lib/python3.9/site-packages/sklearn/base.py:380: InconsistentVersionWarning: Trying to unpickle estimator LogisticRegression from version 1.7.2 when using version 1.6.1. This might lead to breaking code or invalid results. Use at your own risk. For more info please refer to:
https://scikit-learn.org/stable/model_persistence.html#security-maintainability-limitations
  warnings.warn(
/Users/nimishrauniyar/Documents/IPL Prediction/.venv/lib/python3.9/site-packages/sklearn/base.py:380: InconsistentVersionWarning: Trying to unpickle estimator Pipeline from version 1.7.2 when using version 1.6.1. This might lead to breaking code or invalid results. Use at your own risk. For more info please refer to:
https://scikit-learn.org/stable/model_persistence.html#security-maintainability-limitations
  warnings.warn(
/Users/nimishrauniyar/Documents/IPL Prediction/.venv/lib/python3.9/site-packages/sklearn/base.py:380: InconsistentVersionWarning: Trying to unpickle estimator DecisionTreeClassifier from version 1.7.2 when using version 1.6.1. This might lead to breaking code or invalid results. Use at your own risk. For more info please refer to:
https://scikit-learn.org/stable/model_persistence.html#security-maintainability-limitations
  warnings.warn(
/Users/nimishrauniyar/Documents/IPL Prediction/.venv/lib/python3.9/site-packages/sklearn/base.py:380: InconsistentVersionWarning: Trying to unpickle estimator RandomForestClassifier from version 1.7.2 when using version 1.6.1. This might lead to breaking code or invalid results. Use at your own risk. For more info please refer to:
https://scikit-learn.org/stable/model_persistence.html#security-maintainability-limitations
  warnings.warn(
/Users/nimishrauniyar/Documents/IPL Prediction/.venv/lib/python3.9/site-packages/sklearn/base.py:380: InconsistentVersionWarning: Trying to unpickle estimator _SigmoidCalibration from version 1.7.2 when using version 1.6.1. This might lead to breaking code or invalid results. Use at your own risk. For more info please refer to:
https://scikit-learn.org/stable/model_persistence.html#security-maintainability-limitations
  warnings.warn(
/Users/nimishrauniyar/Documents/IPL Prediction/.venv/lib/python3.9/site-packages/sklearn/base.py:380: InconsistentVersionWarning: Trying to unpickle estimator CalibratedClassifierCV from version 1.7.2 when using version 1.6.1. This might lead to breaking code or invalid results. Use at your own risk. For more info please refer to:
https://scikit-learn.org/stable/model_persistence.html#security-maintainability-limitations
  warnings.warn(
/Users/nimishrauniyar/Documents/IPL Prediction/.venv/lib/python3.9/site-packages/sklearn/base.py:380: InconsistentVersionWarning: Trying to unpickle estimator StandardScaler from version 1.7.2 when using version 1.6.1. This might lead to breaking code or invalid results. Use at your own risk. For more info please refer to:
https://scikit-learn.org/stable/model_persistence.html#security-maintainability-limitations
  warnings.warn(
/Users/nimishrauniyar/Documents/IPL Prediction/.venv/lib/python3.9/site-packages/sklearn/base.py:380: InconsistentVersionWarning: Trying to unpickle estimator LogisticRegression from version 1.7.2 when using version 1.6.1. This might lead to breaking code or invalid results. Use at your own risk. For more info please refer to:
https://scikit-learn.org/stable/model_persistence.html#security-maintainability-limitations
  warnings.warn(
/Users/nimishrauniyar/Documents/IPL Prediction/.venv/lib/python3.9/site-packages/sklearn/base.py:380: InconsistentVersionWarning: Trying to unpickle estimator Pipeline from version 1.7.2 when using version 1.6.1. This might lead to breaking code or invalid results. Use at your own risk. For more info please refer to:
https://scikit-learn.org/stable/model_persistence.html#security-maintainability-limitations
  warnings.warn(
/Users/nimishrauniyar/Documents/IPL Prediction/.venv/lib/python3.9/site-packages/sklearn/base.py:380: InconsistentVersionWarning: Trying to unpickle estimator DecisionTreeClassifier from version 1.7.2 when using version 1.6.1. This might lead to breaking code or invalid results. Use at your own risk. For more info please refer to:
https://scikit-learn.org/stable/model_persistence.html#security-maintainability-limitations
  warnings.warn(
/Users/nimishrauniyar/Documents/IPL Prediction/.venv/lib/python3.9/site-packages/sklearn/base.py:380: InconsistentVersionWarning: Trying to unpickle estimator RandomForestClassifier from version 1.7.2 when using version 1.6.1. This might lead to breaking code or invalid results. Use at your own risk. For more info please refer to:
https://scikit-learn.org/stable/model_persistence.html#security-maintainability-limitations
  warnings.warn(
/Users/nimishrauniyar/Documents/IPL Prediction/.venv/lib/python3.9/site-packages/sklearn/base.py:380: InconsistentVersionWarning: Trying to unpickle estimator _SigmoidCalibration from version 1.7.2 when using version 1.6.1. This might lead to breaking code or invalid results. Use at your own risk. For more info please refer to:
https://scikit-learn.org/stable/model_persistence.html#security-maintainability-limitations
  warnings.warn(
/Users/nimishrauniyar/Documents/IPL Prediction/.venv/lib/python3.9/site-packages/sklearn/base.py:380: InconsistentVersionWarning: Trying to unpickle estimator CalibratedClassifierCV from version 1.7.2 when using version 1.6.1. This might lead to breaking code or invalid results. Use at your own risk. For more info please refer to:
https://scikit-learn.org/stable/model_persistence.html#security-maintainability-limitations
  warnings.warn(
INFO:     127.0.0.1:62641 - "GET /api/insights?team_a=Chennai%20Super%20Kings&team_b=Mumbai%20Indians HTTP/1.1" 200 OK
INFO:     127.0.0.1:62643 - "GET /api/h2h?team_a=Chennai%20Super%20Kings&team_b=Mumbai%20Indians HTTP/1.1" 200 OK
/Users/nimishrauniyar/Documents/IPL Prediction/.venv/lib/python3.9/site-packages/sklearn/base.py:380: InconsistentVersionWarning: Trying to unpickle estimator StandardScaler from version 1.7.2 when using version 1.6.1. This might lead to breaking code or invalid results. Use at your own risk. For more info please refer to:
https://scikit-learn.org/stable/model_persistence.html#security-maintainability-limitations
  warnings.warn(
/Users/nimishrauniyar/Documents/IPL Prediction/.venv/lib/python3.9/site-packages/sklearn/base.py:380: InconsistentVersionWarning: Trying to unpickle estimator LogisticRegression from version 1.7.2 when using version 1.6.1. This might lead to breaking code or invalid results. Use at your own risk. For more info please refer to:
https://scikit-learn.org/stable/model_persistence.html#security-maintainability-limitations
  warnings.warn(
/Users/nimishrauniyar/Documents/IPL Prediction/.venv/lib/python3.9/site-packages/sklearn/base.py:380: InconsistentVersionWarning: Trying to unpickle estimator Pipeline from version 1.7.2 when using version 1.6.1. This might lead to breaking code or invalid results. Use at your own risk. For more info please refer to:
https://scikit-learn.org/stable/model_persistence.html#security-maintainability-limitations
  warnings.warn(
/Users/nimishrauniyar/Documents/IPL Prediction/.venv/lib/python3.9/site-packages/sklearn/base.py:380: InconsistentVersionWarning: Trying to unpickle estimator DecisionTreeClassifier from version 1.7.2 when using version 1.6.1. This might lead to breaking code or invalid results. Use at your own risk. For more info please refer to:
https://scikit-learn.org/stable/model_persistence.html#security-maintainability-limitations
  warnings.warn(
/Users/nimishrauniyar/Documents/IPL Prediction/.venv/lib/python3.9/site-packages/sklearn/base.py:380: InconsistentVersionWarning: Trying to unpickle estimator RandomForestClassifier from version 1.7.2 when using version 1.6.1. This might lead to breaking code or invalid results. Use at your own risk. For more info please refer to:
https://scikit-learn.org/stable/model_persistence.html#security-maintainability-limitations
  warnings.warn(
/Users/nimishrauniyar/Documents/IPL Prediction/.venv/lib/python3.9/site-packages/sklearn/base.py:380: InconsistentVersionWarning: Trying to unpickle estimator _SigmoidCalibration from version 1.7.2 when using version 1.6.1. This might lead to breaking code or invalid results. Use at your own risk. For more info please refer to:
https://scikit-learn.org/stable/model_persistence.html#security-maintainability-limitations
  warnings.warn(
/Users/nimishrauniyar/Documents/IPL Prediction/.venv/lib/python3.9/site-packages/sklearn/base.py:380: InconsistentVersionWarning: Trying to unpickle estimator CalibratedClassifierCV from version 1.7.2 when using version 1.6.1. This might lead to breaking code or invalid results. Use at your own risk. For more info please refer to:
https://scikit-learn.org/stable/model_persistence.html#security-maintainability-limitations
  warnings.warn(
/Users/nimishrauniyar/Documents/IPL Prediction/.venv/lib/python3.9/site-packages/sklearn/base.py:380: InconsistentVersionWarning: Trying to unpickle estimator StandardScaler from version 1.7.2 when using version 1.6.1. This might lead to breaking code or invalid results. Use at your own risk. For more info please refer to:
https://scikit-learn.org/stable/model_persistence.html#security-maintainability-limitations
  warnings.warn(
/Users/nimishrauniyar/Documents/IPL Prediction/.venv/lib/python3.9/site-packages/sklearn/base.py:380: InconsistentVersionWarning: Trying to unpickle estimator LogisticRegression from version 1.7.2 when using version 1.6.1. This might lead to breaking code or invalid results. Use at your own risk. For more info please refer to:
https://scikit-learn.org/stable/model_persistence.html#security-maintainability-limitations
  warnings.warn(
/Users/nimishrauniyar/Documents/IPL Prediction/.venv/lib/python3.9/site-packages/sklearn/base.py:380: InconsistentVersionWarning: Trying to unpickle estimator Pipeline from version 1.7.2 when using version 1.6.1. This might lead to breaking code or invalid results. Use at your own risk. For more info please refer to:
https://scikit-learn.org/stable/model_persistence.html#security-maintainability-limitations
  warnings.warn(
/Users/nimishrauniyar/Documents/IPL Prediction/.venv/lib/python3.9/site-packages/sklearn/base.py:380: InconsistentVersionWarning: Trying to unpickle estimator DecisionTreeClassifier from version 1.7.2 when using version 1.6.1. This might lead to breaking code or invalid results. Use at your own risk. For more info please refer to:
https://scikit-learn.org/stable/model_persistence.html#security-maintainability-limitations
  warnings.warn(
/Users/nimishrauniyar/Documents/IPL Prediction/.venv/lib/python3.9/site-packages/sklearn/base.py:380: InconsistentVersionWarning: Trying to unpickle estimator RandomForestClassifier from version 1.7.2 when using version 1.6.1. This might lead to breaking code or invalid results. Use at your own risk. For more info please refer to:
https://scikit-learn.org/stable/model_persistence.html#security-maintainability-limitations
  warnings.warn(
/Users/nimishrauniyar/Documents/IPL Prediction/.venv/lib/python3.9/site-packages/sklearn/base.py:380: InconsistentVersionWarning: Trying to unpickle estimator _SigmoidCalibration from version 1.7.2 when using version 1.6.1. This might lead to breaking code or invalid results. Use at your own risk. For more info please refer to:
https://scikit-learn.org/stable/model_persistence.html#security-maintainability-limitations
  warnings.warn(
/Users/nimishrauniyar/Documents/IPL Prediction/.venv/lib/python3.9/site-packages/sklearn/base.py:380: InconsistentVersionWarning: Trying to unpickle estimator CalibratedClassifierCV from version 1.7.2 when using version 1.6.1. This might lead to breaking code or invalid results. Use at your own risk. For more info please refer to:
https://scikit-learn.org/stable/model_persistence.html#security-maintainability-limitations
  warnings.warn(
INFO:     127.0.0.1:62645 - "GET /api/insights?team_a=Delhi%20Capitals&team_b=Mumbai%20Indians HTTP/1.1" 200 OK
INFO:     127.0.0.1:62647 - "GET /api/h2h?team_a=Delhi%20Capitals&team_b=Mumbai%20Indians HTTP/1.1" 200 OK
/Users/nimishrauniyar/Documents/IPL Prediction/.venv/lib/python3.9/site-packages/sklearn/base.py:380: InconsistentVersionWarning: Trying to unpickle estimator StandardScaler from version 1.7.2 when using version 1.6.1. This might lead to breaking code or invalid results. Use at your own risk. For more info please refer to:
https://scikit-learn.org/stable/model_persistence.html#security-maintainability-limitations
  warnings.warn(
/Users/nimishrauniyar/Documents/IPL Prediction/.venv/lib/python3.9/site-packages/sklearn/base.py:380: InconsistentVersionWarning: Trying to unpickle estimator LogisticRegression from version 1.7.2 when using version 1.6.1. This might lead to breaking code or invalid results. Use at your own risk. For more info please refer to:
https://scikit-learn.org/stable/model_persistence.html#security-maintainability-limitations
  warnings.warn(
/Users/nimishrauniyar/Documents/IPL Prediction/.venv/lib/python3.9/site-packages/sklearn/base.py:380: InconsistentVersionWarning: Trying to unpickle estimator Pipeline from version 1.7.2 when using version 1.6.1. This might lead to breaking code or invalid results. Use at your own risk. For more info please refer to:
https://scikit-learn.org/stable/model_persistence.html#security-maintainability-limitations
  warnings.warn(
/Users/nimishrauniyar/Documents/IPL Prediction/.venv/lib/python3.9/site-packages/sklearn/base.py:380: InconsistentVersionWarning: Trying to unpickle estimator DecisionTreeClassifier from version 1.7.2 when using version 1.6.1. This might lead to breaking code or invalid results. Use at your own risk. For more info please refer to:
https://scikit-learn.org/stable/model_persistence.html#security-maintainability-limitations
  warnings.warn(
/Users/nimishrauniyar/Documents/IPL Prediction/.venv/lib/python3.9/site-packages/sklearn/base.py:380: InconsistentVersionWarning: Trying to unpickle estimator RandomForestClassifier from version 1.7.2 when using version 1.6.1. This might lead to breaking code or invalid results. Use at your own risk. For more info please refer to:
https://scikit-learn.org/stable/model_persistence.html#security-maintainability-limitations
  warnings.warn(
/Users/nimishrauniyar/Documents/IPL Prediction/.venv/lib/python3.9/site-packages/sklearn/base.py:380: InconsistentVersionWarning: Trying to unpickle estimator _SigmoidCalibration from version 1.7.2 when using version 1.6.1. This might lead to breaking code or invalid results. Use at your own risk. For more info please refer to:
https://scikit-learn.org/stable/model_persistence.html#security-maintainability-limitations
  warnings.warn(
/Users/nimishrauniyar/Documents/IPL Prediction/.venv/lib/python3.9/site-packages/sklearn/base.py:380: InconsistentVersionWarning: Trying to unpickle estimator CalibratedClassifierCV from version 1.7.2 when using version 1.6.1. This might lead to breaking code or invalid results. Use at your own risk. For more info please refer to:
https://scikit-learn.org/stable/model_persistence.html#security-maintainability-limitations
  warnings.warn(
/Users/nimishrauniyar/Documents/IPL Prediction/.venv/lib/python3.9/site-packages/sklearn/base.py:380: InconsistentVersionWarning: Trying to unpickle estimator StandardScaler from version 1.7.2 when using version 1.6.1. This might lead to breaking code or invalid results. Use at your own risk. For more info please refer to:
https://scikit-learn.org/stable/model_persistence.html#security-maintainability-limitations
  warnings.warn(
/Users/nimishrauniyar/Documents/IPL Prediction/.venv/lib/python3.9/site-packages/sklearn/base.py:380: InconsistentVersionWarning: Trying to unpickle estimator LogisticRegression from version 1.7.2 when using version 1.6.1. This might lead to breaking code or invalid results. Use at your own risk. For more info please refer to:
https://scikit-learn.org/stable/model_persistence.html#security-maintainability-limitations
  warnings.warn(
/Users/nimishrauniyar/Documents/IPL Prediction/.venv/lib/python3.9/site-packages/sklearn/base.py:380: InconsistentVersionWarning: Trying to unpickle estimator Pipeline from version 1.7.2 when using version 1.6.1. This might lead to breaking code or invalid results. Use at your own risk. For more info please refer to:
https://scikit-learn.org/stable/model_persistence.html#security-maintainability-limitations
  warnings.warn(
/Users/nimishrauniyar/Documents/IPL Prediction/.venv/lib/python3.9/site-packages/sklearn/base.py:380: InconsistentVersionWarning: Trying to unpickle estimator DecisionTreeClassifier from version 1.7.2 when using version 1.6.1. This might lead to breaking code or invalid results. Use at your own risk. For more info please refer to:
https://scikit-learn.org/stable/model_persistence.html#security-maintainability-limitations
  warnings.warn(
/Users/nimishrauniyar/Documents/IPL Prediction/.venv/lib/python3.9/site-packages/sklearn/base.py:380: InconsistentVersionWarning: Trying to unpickle estimator RandomForestClassifier from version 1.7.2 when using version 1.6.1. This might lead to breaking code or invalid results. Use at your own risk. For more info please refer to:
https://scikit-learn.org/stable/model_persistence.html#security-maintainability-limitations
  warnings.warn(
/Users/nimishrauniyar/Documents/IPL Prediction/.venv/lib/python3.9/site-packages/sklearn/base.py:380: InconsistentVersionWarning: Trying to unpickle estimator _SigmoidCalibration from version 1.7.2 when using version 1.6.1. This might lead to breaking code or invalid results. Use at your own risk. For more info please refer to:
https://scikit-learn.org/stable/model_persistence.html#security-maintainability-limitations
  warnings.warn(
/Users/nimishrauniyar/Documents/IPL Prediction/.venv/lib/python3.9/site-packages/sklearn/base.py:380: InconsistentVersionWarning: Trying to unpickle estimator CalibratedClassifierCV from version 1.7.2 when using version 1.6.1. This might lead to breaking code or invalid results. Use at your own risk. For more info please refer to:
https://scikit-learn.org/stable/model_persistence.html#security-maintainability-limitations
  warnings.warn(
INFO:     127.0.0.1:62651 - "GET /api/insights?team_a=Delhi%20Capitals&team_b=Rajasthan%20Royals HTTP/1.1" 200 OK
INFO:     127.0.0.1:62653 - "GET /api/h2h?team_a=Delhi%20Capitals&team_b=Rajasthan%20Royals HTTP/1.1" 200 OK
/Users/nimishrauniyar/Documents/IPL Prediction/.venv/lib/python3.9/site-packages/sklearn/base.py:380: InconsistentVersionWarning: Trying to unpickle estimator StandardScaler from version 1.7.2 when using version 1.6.1. This might lead to breaking code or invalid results. Use at your own risk. For more info please refer to:
https://scikit-learn.org/stable/model_persistence.html#security-maintainability-limitations
  warnings.warn(
/Users/nimishrauniyar/Documents/IPL Prediction/.venv/lib/python3.9/site-packages/sklearn/base.py:380: InconsistentVersionWarning: Trying to unpickle estimator LogisticRegression from version 1.7.2 when using version 1.6.1. This might lead to breaking code or invalid results. Use at your own risk. For more info please refer to:
https://scikit-learn.org/stable/model_persistence.html#security-maintainability-limitations
  warnings.warn(
/Users/nimishrauniyar/Documents/IPL Prediction/.venv/lib/python3.9/site-packages/sklearn/base.py:380: InconsistentVersionWarning: Trying to unpickle estimator Pipeline from version 1.7.2 when using version 1.6.1. This might lead to breaking code or invalid results. Use at your own risk. For more info please refer to:
https://scikit-learn.org/stable/model_persistence.html#security-maintainability-limitations
  warnings.warn(
/Users/nimishrauniyar/Documents/IPL Prediction/.venv/lib/python3.9/site-packages/sklearn/base.py:380: InconsistentVersionWarning: Trying to unpickle estimator DecisionTreeClassifier from version 1.7.2 when using version 1.6.1. This might lead to breaking code or invalid results. Use at your own risk. For more info please refer to:
https://scikit-learn.org/stable/model_persistence.html#security-maintainability-limitations
  warnings.warn(
/Users/nimishrauniyar/Documents/IPL Prediction/.venv/lib/python3.9/site-packages/sklearn/base.py:380: InconsistentVersionWarning: Trying to unpickle estimator RandomForestClassifier from version 1.7.2 when using version 1.6.1. This might lead to breaking code or invalid results. Use at your own risk. For more info please refer to:
https://scikit-learn.org/stable/model_persistence.html#security-maintainability-limitations
  warnings.warn(
/Users/nimishrauniyar/Documents/IPL Prediction/.venv/lib/python3.9/site-packages/sklearn/base.py:380: InconsistentVersionWarning: Trying to unpickle estimator _SigmoidCalibration from version 1.7.2 when using version 1.6.1. This might lead to breaking code or invalid results. Use at your own risk. For more info please refer to:
https://scikit-learn.org/stable/model_persistence.html#security-maintainability-limitations
  warnings.warn(
/Users/nimishrauniyar/Documents/IPL Prediction/.venv/lib/python3.9/site-packages/sklearn/base.py:380: InconsistentVersionWarning: Trying to unpickle estimator CalibratedClassifierCV from version 1.7.2 when using version 1.6.1. This might lead to breaking code or invalid results. Use at your own risk. For more info please refer to:
https://scikit-learn.org/stable/model_persistence.html#security-maintainability-limitations
  warnings.warn(
/Users/nimishrauniyar/Documents/IPL Prediction/.venv/lib/python3.9/site-packages/sklearn/base.py:380: InconsistentVersionWarning: Trying to unpickle estimator StandardScaler from version 1.7.2 when using version 1.6.1. This might lead to breaking code or invalid results. Use at your own risk. For more info please refer to:
https://scikit-learn.org/stable/model_persistence.html#security-maintainability-limitations
  warnings.warn(
/Users/nimishrauniyar/Documents/IPL Prediction/.venv/lib/python3.9/site-packages/sklearn/base.py:380: InconsistentVersionWarning: Trying to unpickle estimator LogisticRegression from version 1.7.2 when using version 1.6.1. This might lead to breaking code or invalid results. Use at your own risk. For more info please refer to:
https://scikit-learn.org/stable/model_persistence.html#security-maintainability-limitations
  warnings.warn(
/Users/nimishrauniyar/Documents/IPL Prediction/.venv/lib/python3.9/site-packages/sklearn/base.py:380: InconsistentVersionWarning: Trying to unpickle estimator Pipeline from version 1.7.2 when using version 1.6.1. This might lead to breaking code or invalid results. Use at your own risk. For more info please refer to:
https://scikit-learn.org/stable/model_persistence.html#security-maintainability-limitations
  warnings.warn(
/Users/nimishrauniyar/Documents/IPL Prediction/.venv/lib/python3.9/site-packages/sklearn/base.py:380: InconsistentVersionWarning: Trying to unpickle estimator DecisionTreeClassifier from version 1.7.2 when using version 1.6.1. This might lead to breaking code or invalid results. Use at your own risk. For more info please refer to:
https://scikit-learn.org/stable/model_persistence.html#security-maintainability-limitations
  warnings.warn(
/Users/nimishrauniyar/Documents/IPL Prediction/.venv/lib/python3.9/site-packages/sklearn/base.py:380: InconsistentVersionWarning: Trying to unpickle estimator RandomForestClassifier from version 1.7.2 when using version 1.6.1. This might lead to breaking code or invalid results. Use at your own risk. For more info please refer to:
https://scikit-learn.org/stable/model_persistence.html#security-maintainability-limitations
  warnings.warn(
/Users/nimishrauniyar/Documents/IPL Prediction/.venv/lib/python3.9/site-packages/sklearn/base.py:380: InconsistentVersionWarning: Trying to unpickle estimator _SigmoidCalibration from version 1.7.2 when using version 1.6.1. This might lead to breaking code or invalid results. Use at your own risk. For more info please refer to:
https://scikit-learn.org/stable/model_persistence.html#security-maintainability-limitations
  warnings.warn(
/Users/nimishrauniyar/Documents/IPL Prediction/.venv/lib/python3.9/site-packages/sklearn/base.py:380: InconsistentVersionWarning: Trying to unpickle estimator CalibratedClassifierCV from version 1.7.2 when using version 1.6.1. This might lead to breaking code or invalid results. Use at your own risk. For more info please refer to:
https://scikit-learn.org/stable/model_persistence.html#security-maintainability-limitations
  warnings.warn(
INFO:     127.0.0.1:62655 - "GET /api/insights?team_a=Deccan%20Chargers&team_b=Mumbai%20Indians HTTP/1.1" 200 OK
INFO:     127.0.0.1:62657 - "GET /api/h2h?team_a=Deccan%20Chargers&team_b=Mumbai%20Indians HTTP/1.1" 200 OK
